id,brand,sku,code,normalizedCode,name,category,categories,sourceCategoryId,sourceCategoryLabel,url,image,images,shortDescription,description,attributes,price,stockStatus,source,crawledAt
"49949","SKF","LL/237-10266-1-SKF","LL/237-10266-1-SKF","LL237102661SKF","237-10266-1","HỆ THỐNG BÔI TRƠN","HỆ THỐNG BÔI TRƠN | Phụ kiện bơm mỡ SKF","13288","phu-kien-bom-mo-skf","https://vongbicongnghiep.vn/san-pham/237-10266-1-2/","","[]","","","[]","45725000","out_of_stock","vongbicongnghiep.vn-wc-store-api-category-search-skf","2026-04-29T13:49:37.193Z"
"49948","SKF","LL/234-13101-2-SKF","LL/234-13101-2-SKF","LL234131012SKF","234-13101-2","HỆ THỐNG BÔI TRƠN","HỆ THỐNG BÔI TRƠN | Phụ kiện bơm mỡ SKF","13288","phu-kien-bom-mo-skf","https://vongbicongnghiep.vn/san-pham/234-13101-2-2/","","[]","","","[]","7697000","out_of_stock","vongbicongnghiep.vn-wc-store-api-category-search-skf","2026-04-29T13:49:37.193Z"
"49946","SKF","LL/525-32080-1-SKF","LL/525-32080-1-SKF","LL525320801SKF","Van định hướng SKF 525-32080-1","HỆ THỐNG BÔI TRƠN","HỆ THỐNG BÔI TRƠN | Phụ kiện bơm mỡ SKF","13288","phu-kien-bom-mo-skf","https://vongbicongnghiep.vn/san-pham/van-dinh-huong-skf-525-32080-1-2/","","[]","","","[]","30125000","in_stock","vongbicongnghiep.vn-wc-store-api-category-search-skf","2026-04-29T13:49:37.193Z"
"47650","SKF","237-10266-1-SKF","237-10266-1-SKF","237102661SKF","237-10266-1","HỆ THỐNG BÔI TRƠN","HỆ THỐNG BÔI TRƠN | Phụ kiện bơm mỡ SKF","13288","phu-kien-bom-mo-skf","https://vongbicongnghiep.vn/san-pham/237-10266-1/","","[]","","Cảm biến sonar 237-10266-1","[]","0","in_stock","vongbicongnghiep.vn-wc-store-api-category-search-skf","2026-04-29T13:49:37.193Z"
"47649","SKF","234-13101-2-SKF","234-13101-2-SKF","234131012SKF","234-13101-2","HỆ THỐNG BÔI TRƠN","HỆ THỐNG BÔI TRƠN | Phụ kiện bơm mỡ SKF","13288","phu-kien-bom-mo-skf","https://vongbicongnghiep.vn/san-pham/234-13101-2/","","[]","","","[]","0","in_stock","vongbicongnghiep.vn-wc-store-api-category-search-skf","2026-04-29T13:49:37.193Z"
"47560","SKF","1077600-3-SKF","1077600-3-SKF","10776003SKF","Núm vú SKF 1077600-3","Phụ kiện bơm mỡ SKF","Phụ kiện bơm mỡ SKF | HỆ THỐNG BÔI TRƠN","13288","phu-kien-bom-mo-skf","https://vongbicongnghiep.vn/san-pham/num-vu-skf1077600-3/","https://vongbicongnghiep.vn/wp-content/uploads/2024/04/1077600-3.png","[""https://vongbicongnghiep.vn/wp-content/uploads/2024/04/1077600-3.png""]","","Núm vú SKF 1077600-3 nạp cho súng mỡ Phụ tùng SKF 1077600-3 là núm rót thích hợp cho súng bơm mỡ 1077600, TLGH 1 và LAGH 400","[]","260000","in_stock","vongbicongnghiep.vn-wc-store-api-category-search-skf","2026-04-29T13:49:37.193Z"
"47558","SKF","1077600-1 A-SKF","1077600-1 A-SKF","10776001ASKF","Đầu phun SKF 1077600-1 A","HỆ THỐNG BÔI TRƠN","HỆ THỐNG BÔI TRƠN | Phụ kiện bơm mỡ SKF","13288","phu-kien-bom-mo-skf","https://vongbicongnghiep.vn/san-pham/dau-phun-skf-1077600-1-a/","https://vongbicongnghiep.vn/wp-content/uploads/2024/04/1077600-1-A.png","[""https://vongbicongnghiep.vn/wp-content/uploads/2024/04/1077600-1-A.png""]","","Đầu phun SKF 1077600-1 A, dùng cho súng bơm mỡ SKF 1077600, TLGH 1 và LAGH 400","[]","326000","in_stock","vongbicongnghiep.vn-wc-store-api-category-search-skf","2026-04-29T13:49:37.193Z"
"47556","SKF","1018220 E-SKF","1018220 E-SKF","1018220ESKF","Đầu nối nhanh SKF 1018220 E","HỆ THỐNG BÔI TRƠN","HỆ THỐNG BÔI TRƠN | Phụ kiện bơm mỡ SKF","13288","phu-kien-bom-mo-skf","https://vongbicongnghiep.vn/san-pham/dau-noi-nhanh-skf-1018220-e/","https://vongbicongnghiep.vn/wp-content/uploads/2024/04/1018220-E.png","[""https://vongbicongnghiep.vn/wp-content/uploads/2024/04/1018220-E.png""]","","Đầu nối nhanh SKF 1018220 E","[]","2368000","out_of_stock","vongbicongnghiep.vn-wc-store-api-category-search-skf","2026-04-29T13:49:37.193Z"
"47554","SKF","LL/532-30739-1-SKF","LL/532-30739-1-SKF","LL532307391SKF","Đầu nối SKF 532-30739-1","HỆ THỐNG BÔI TRƠN","HỆ THỐNG BÔI TRƠN | Phụ kiện bơm mỡ SKF","13288","phu-kien-bom-mo-skf","https://vongbicongnghiep.vn/san-pham/dau-noi-skf-532-30739-1/","https://vongbicongnghiep.vn/wp-content/uploads/2024/04/532-30739-1.png","[""https://vongbicongnghiep.vn/wp-content/uploads/2024/04/532-30739-1.png""]","","Đầu nối SKF 532-30739-1 chịu áp lực cao, đường kính ống d = 6mm","[]","104000","out_of_stock","vongbicongnghiep.vn-wc-store-api-category-search-skf","2026-04-29T13:49:37.193Z"
"46365","SKF","TLSD 1-DS-SKF","TLSD 1-DS-SKF","TLSD1DSSKF","Phụ kiện bơm mỡ tự động TLSD 1-DS","HỆ THỐNG BÔI TRƠN","HỆ THỐNG BÔI TRƠN | Bơm dầu mỡ SKF | Phụ kiện bơm mỡ SKF","13288","phu-kien-bom-mo-skf","https://vongbicongnghiep.vn/san-pham/bo-bom-mo-tlsd-1-ds/","https://vongbicongnghiep.vn/wp-content/uploads/2023/12/0901d196807e9ce7.png","[""https://vongbicongnghiep.vn/wp-content/uploads/2023/12/0901d196807e9ce7.png""]","","Phụ kiện bơm mỡ tự động TLSD 1-DS Phụ tùng SKF TLSD 1-DS là bộ truyền động có tấm đỡ mỡ thích hợp cho máy bôi trơn tự động một điểm TLSD. Áp suất xả tối đa 5 bar trong toàn bộ thời gian phân phối Trạng thái của chất bôi trơn hiển thị bằng đèn LED màu đỏ/vàng/xanh lục Kích thước nhỏ gọn cho phép lắp đặt ở những khu vực hạn chế Được cung cấp với mặt bích hỗ trợ để tăng cường độ chắc chắn Thích hợp cho cả cài đặt trực tiếp và từ xa Thích hợp để sử dụng với tất cả các bộ nạp TLSD dầu mỡ khi được lắp đặt với mặt bích hỗ trợ chính xác","[]","1636000","in_stock","vongbicongnghiep.vn-wc-store-api-category-search-skf","2026-04-29T13:49:37.193Z"
"42154","SKF","LL/664-85313-8-SKF","LL/664-85313-8-SKF","LL664853138SKF","Cảm biến đầy cạn bình lincoln 664-85313-8","HỆ THỐNG BÔI TRƠN","HỆ THỐNG BÔI TRƠN | Phụ kiện bơm mỡ SKF","13288","phu-kien-bom-mo-skf","https://vongbicongnghiep.vn/san-pham/cam-bien-day-can-binh-lincoln-664-85313-8/","https://vongbicongnghiep.vn/wp-content/uploads/2023/05/lincoln-sensor-bu-ls-210-vs-65-vlo200.jpg","[""https://vongbicongnghiep.vn/wp-content/uploads/2023/05/lincoln-sensor-bu-ls-210-vs-65-vlo200.jpg""]","","Cảm biến đầy cạn bình lincoln 664-85313-8 664-85313-8 – Lincoln Sensor – BU LS= 210 – VS= 65 – VLO=200 Cảm biến lincoln đo mực mỡ trong bình: BU LS = 210; VS= 65; VLO = 200","[]","18403000","out_of_stock","vongbicongnghiep.vn-wc-store-api-category-search-skf","2026-04-29T13:49:37.193Z"
"42029","SKF","LL/MFE2-F150-2000 299-SKF","LL/MFE2-F150-2000 299-SKF","LLMFE2F1502000299SKF","Bơm bánh răng SKF MFE2-F150-2000 299","HỆ THỐNG BÔI TRƠN","HỆ THỐNG BÔI TRƠN | Phụ kiện bơm mỡ SKF","13288","phu-kien-bom-mo-skf","https://vongbicongnghiep.vn/san-pham/bom-banh-rang-skf-mfe2-f150-2000-299/","https://vongbicongnghiep.vn/wp-content/uploads/2023/04/MFE2-2000-299.png","[""https://vongbicongnghiep.vn/wp-content/uploads/2023/04/MFE2-2000-299.png"",""https://vongbicongnghiep.vn/wp-content/uploads/2023/04/MFE2-F150-2000-299.png""]","","Bơm bánh răng SKF MFE2-F150-2000 299 Trung bình: Dầu (20 đến 1000 mm²/s) Điện áp: 230/380 Vôn Tần số: 50/60Hz Tốc độ: 2700 vòng / phút tối đa. tốc độ giao hàng: 0,2 l / phút tối đa. áp suất vận hành: 28 bar Kết nối hút: M14x1,5 Kết nối áp lực: M14x1,5 Nâng hút (có đường xả mở): 500 mm Lớp bảo vệ: IP54 Với van giảm áp với mặt bích","[]","28276000","out_of_stock","vongbicongnghiep.vn-wc-store-api-category-search-skf","2026-04-29T13:49:37.193Z"
"42025","SKF","LL/DU56N2075 MX1-SKF","LL/DU56N2075 MX1-SKF","LLDU56N2075MX1SKF","Bánh răng SKF DU56N2075 MX1","HỆ THỐNG BÔI TRƠN","HỆ THỐNG BÔI TRƠN | Phụ kiện bơm mỡ SKF","13288","phu-kien-bom-mo-skf","https://vongbicongnghiep.vn/san-pham/banh-rang-skf-du56n2075-mx1/","https://vongbicongnghiep.vn/wp-content/uploads/2023/04/DU56N2075-MX1-2.png","[""https://vongbicongnghiep.vn/wp-content/uploads/2023/04/DU56N2075-MX1-2.png"",""https://vongbicongnghiep.vn/wp-content/uploads/2023/04/525-32080-1.png"",""https://vongbicongnghiep.vn/wp-content/uploads/2023/04/DU56N2075-MX1-3.png""]","","Bánh răng SKF DU56N2075 MX1 dùng cho bơm và động cơ","[]","5637000","in_stock","vongbicongnghiep.vn-wc-store-api-category-search-skf","2026-04-29T13:49:37.193Z"
"42022","SKF","LL/83753-SKF","LL/83753-SKF","LL83753SKF","Cuộn ống dẫn khí SKF 83753","HỆ THỐNG BÔI TRƠN","HỆ THỐNG BÔI TRƠN | Phụ kiện bơm mỡ SKF","13288","phu-kien-bom-mo-skf","https://vongbicongnghiep.vn/san-pham/cuon-ong-dan-khi-skf-83753/","https://vongbicongnghiep.vn/wp-content/uploads/2023/04/53753.png","[""https://vongbicongnghiep.vn/wp-content/uploads/2023/04/53753.png"",""https://vongbicongnghiep.vn/wp-content/uploads/2023/04/53753-1.png""]","","Cuộn ống dẫn khí SKF 83753 dẫn không khí và nước. Cuộn vòi có thể thu vào 50 foot x 3/8 inch Khớp nối NPT 1/4 inch Đế gắn có rãnh Cần đầu ra có thể điều chỉnh 5 vị trí","[]","24808000","out_of_stock","vongbicongnghiep.vn-wc-store-api-category-search-skf","2026-04-29T13:49:37.193Z"
"42010","SKF","LL/83167-SKF","LL/83167-SKF","LL83167SKF","Máy bơm SKF 83167","HỆ THỐNG BÔI TRƠN","HỆ THỐNG BÔI TRƠN | Phụ kiện bơm mỡ SKF","13288","phu-kien-bom-mo-skf","https://vongbicongnghiep.vn/san-pham/may-bom-skf-83167/","https://vongbicongnghiep.vn/wp-content/uploads/2023/04/83167.png","[""https://vongbicongnghiep.vn/wp-content/uploads/2023/04/83167.png""]","","Máy bơm SKF 83167 Để sử dụng trong các hệ thống bôi trơn một dòng. Model 83167 là máy bơm thể tích dương, vận hành bằng không khí, cung cấp thể tích tối đa bằng một hành trình duy nhất của máy bơm. Van khí điện từ và bộ điều khiển thời gian trạng thái rắn có thể điều chỉnh được tích hợp vào thân máy bơm. Bộ phận bơm này được thiết kế để cung cấp mỡ cho các thiết bị đo một dòng và bao gồm một phụ kiện nạp lại khối lượng lớn đặc biệt.Hồ chứa acrylic có sẵn trong một số kích cỡ. Model 83167 bao gồm một bình chứa trong suốt, bộ phận đi theo lò xo, cụm van thông hơi và khớp nối phụ để nạp lại bình chứa. Các tính năng và lợi ích Động cơ không khí 2 1/2 inch Cụm van thông hơi Vận hành bằng các hành trình tịnh tiến chạy bằng khí nén và giải phóng áp suất lên đường bôi trơn thông qua van kiểm tra/xả áp đi kèm (3 chiều) trên hành trình hồi khí dùng năng lượng khí Các thành phần hệ thống từ xa như van 3/2 chiều, điều chỉnh công suất không khí và giám sát máy bơm được cung cấp riêng theo yêu cầu Hai bộ ghép làm đầy khác nhau có sẵn Được ứng dụng trong nghành xi măng và ăn uống Thông số kỹ thuật: Nguyên tắc chức năng: vận hành bằng không khí, bơm pít-tông chuyển động qua lại Cửa hàng: 1 Định lượng định lượng: 197 cm³/phút 12 in³/phút Chất bôi trơn: mỡ NLGI 0, 1, 2 Nhiệt độ hoạt động: –35 đến +104 °C -30 đến +220 °F Áp suất vận hành: tối thiểu: 82 bar, tối đa: 240 bar Bình chứa 5 kg 11 lb Chất liệu: acrylic, nitrile, cao su tổng hợp, thép, nhôm, kẽm Đầu ra kết nối: 3/4 NPTF (F) Cửa hút gió: 1/8 NPTF (F) Tỷ số truyền: 40:1 Kích thước: 413 × 229 × 571,5 mm 16,25 × 9,0 × 22,5 inch Vị trí lắp đặt: thẳng đứng","[]","152888000","in_stock","vongbicongnghiep.vn-wc-store-api-category-search-skf","2026-04-29T13:49:37.193Z"
"42008","SKF","LL/649-29495-1-SKF","LL/649-29495-1-SKF","LL649294951SKF","Bộ chia mỡ SKF 649-29495-1","HỆ THỐNG BÔI TRƠN","HỆ THỐNG BÔI TRƠN | Phụ kiện bơm mỡ SKF","13288","phu-kien-bom-mo-skf","https://vongbicongnghiep.vn/san-pham/bo-chia-mo-skf-649-29495-1/","https://vongbicongnghiep.vn/wp-content/uploads/2023/04/649-29495-1.png","[""https://vongbicongnghiep.vn/wp-content/uploads/2023/04/649-29495-1.png""]","","Bộ chia mỡ SKF 649-29495-1, Bộ chia này có cảm biến giúp theo dõi việc cung cấp dầu mỡ. Cảm biến sẽ tiếp xúc mỗi khi bộ chia thực hiện một chu kỳ bôi trơn hoàn chỉnh. Chỉ sử dụng các đầu nối SSV có hình nón bằng đồng thau. Chất liệu: Mạ kẽm đen. Quan trọng! đầu ra 1 & 2 có thể không được đóng lại. Model: SSVD 6 N Chất liệu: Mạ kẽm đen Đầu ra: 6 Đầu ra kết nối: M10 x 1.0 Chỉ sử dụng đầu nối SSV có hình nón bằng đồng Đầu vào kết nối: 1/8 Gas Chiều dài A: 70 mm Số lượng đo trên mỗi chu kỳ: 0,2 cc mỗi chu kỳ Cảm biến: NO 10-36VDC + LED (234-13163-9) Phạm vi nhiệt độ: -25 điểm +75°C","[]","12833000","out_of_stock","vongbicongnghiep.vn-wc-store-api-category-search-skf","2026-04-29T13:49:37.193Z"
"42005","SKF","LL/649-29485-1-SKF","LL/649-29485-1-SKF","LL649294851SKF","Bộ chia mỡ SKF 649-29485-1","HỆ THỐNG BÔI TRƠN","HỆ THỐNG BÔI TRƠN | Phụ kiện bơm mỡ SKF","13288","phu-kien-bom-mo-skf","https://vongbicongnghiep.vn/san-pham/bo-chia-mo-skf-649-29485-1/","https://vongbicongnghiep.vn/wp-content/uploads/2023/04/649-29485-1-1.webp","[""https://vongbicongnghiep.vn/wp-content/uploads/2023/04/649-29485-1-1.webp"",""https://vongbicongnghiep.vn/wp-content/uploads/2023/04/649-29485-1-2.webp""]","","Bộ chia mỡ SKF 649-29485-1 model SSVD6 Chất liệu: Mạ kẽm đen Đầu ra: 6 Đầu vào kết nối: M10 x 1.0, Chỉ sử dụng đầu nối SSV có hình nón bằng đồng Đầu vào kết nối: 1/8 Gas Chiều dài A: 70 mm Số lượng đo trên mỗi đầu ra: 0,2 cc mỗi chu kỳ Phạm vi nhiệt độ: -25 đến +70°C","[]","4375000","out_of_stock","vongbicongnghiep.vn-wc-store-api-category-search-skf","2026-04-29T13:49:37.194Z"
"42003","SKF","LL/624-29078-1-SKF","LL/624-29078-1-SKF","LL624290781SKF","Van giảm áp SKF 624-29078-1","HỆ THỐNG BÔI TRƠN","HỆ THỐNG BÔI TRƠN | Phụ kiện bơm mỡ SKF","13288","phu-kien-bom-mo-skf","https://vongbicongnghiep.vn/san-pham/van-giam-ap-skf-624-29078-1/","","[]","","Van giảm áp SKF 624-29078-1 SVTS – 350 – R1/4 – D6 – 350 bar – có đường hồi, trái","[]","3016000","in_stock","vongbicongnghiep.vn-wc-store-api-category-search-skf","2026-04-29T13:49:37.194Z"
"42001","SKF","LL/624-28931-1-SKF","LL/624-28931-1-SKF","LL624289311SKF","Van giảm áp SKF 624-28931-1","HỆ THỐNG BÔI TRƠN","HỆ THỐNG BÔI TRƠN | Phụ kiện bơm mỡ SKF","13288","phu-kien-bom-mo-skf","https://vongbicongnghiep.vn/san-pham/van-giam-ap-skf-624-28931-1/","https://vongbicongnghiep.vn/wp-content/uploads/2023/04/624-28931-1.jpg","[""https://vongbicongnghiep.vn/wp-content/uploads/2023/04/624-28931-1.jpg""]","","Van giảm áp SKF 624-28931-1, có đường hồi mỡ về bể chứa","[]","3038000","in_stock","vongbicongnghiep.vn-wc-store-api-category-search-skf","2026-04-29T13:49:37.194Z"
"41999","SKF","LL/544-36963-1-SKF","LL/544-36963-1-SKF","LL544369631SKF","Nắp bọc SKF 544-36963-1","HỆ THỐNG BÔI TRƠN","HỆ THỐNG BÔI TRƠN | Phụ kiện bơm mỡ SKF","13288","phu-kien-bom-mo-skf","https://vongbicongnghiep.vn/san-pham/nap-boc-skf-544-36963-1/","https://vongbicongnghiep.vn/wp-content/uploads/2023/04/544-36963-1.png","[""https://vongbicongnghiep.vn/wp-content/uploads/2023/04/544-36963-1.png""]","","Nắp bọc SKF 544-36963-1 Dành cho bơm lũy tiến P203-4/8XNBA – có khóa","[]","8877000","in_stock","vongbicongnghiep.vn-wc-store-api-category-search-skf","2026-04-29T13:49:37.194Z"
"41998","SKF","LL/544-32850-1-SKF","LL/544-32850-1-SKF","LL544328501SKF","Ổ cắm/hộp đâu dây điện SKF 544-32850-1","HỆ THỐNG BÔI TRƠN","HỆ THỐNG BÔI TRƠN | Phụ kiện bơm mỡ SKF","13288","phu-kien-bom-mo-skf","https://vongbicongnghiep.vn/san-pham/o-cam-hop-dau-day-dien-skf-544-32850-1/","","[]","","Ổ cắm/hộp đâu dây điện SKF 544-32850-1 dùng cho bơm lũy tiến P203","[]","273000","in_stock","vongbicongnghiep.vn-wc-store-api-category-search-skf","2026-04-29T13:49:37.194Z"
"41996","SKF","LL/540-36753-5-SKF","LL/540-36753-5-SKF","LL540367535SKF","Khớp nối SKF 540-36753-5","HỆ THỐNG BÔI TRƠN","HỆ THỐNG BÔI TRƠN | Phụ kiện bơm mỡ SKF","13288","phu-kien-bom-mo-skf","https://vongbicongnghiep.vn/san-pham/khop-noi-skf-540-36753-5/","https://vongbicongnghiep.vn/wp-content/uploads/2023/04/540-36753-5.png","[""https://vongbicongnghiep.vn/wp-content/uploads/2023/04/540-36753-5.png""]","","Khớp nối SKF 540-36753-5 Bộ đấu nối nối với P203, P205, P603, P502, QLS","[]","11430000","in_stock","vongbicongnghiep.vn-wc-store-api-category-search-skf","2026-04-29T13:49:37.194Z"
"41994","SKF","LL/SKF 525-32080-1-SKF","LL/SKF 525-32080-1-SKF","LLSKF525320801SKF","Van định hướng SKF 525-32080-1","HỆ THỐNG BÔI TRƠN","HỆ THỐNG BÔI TRƠN | Phụ kiện bơm mỡ SKF","13288","phu-kien-bom-mo-skf","https://vongbicongnghiep.vn/san-pham/van-dinh-huong-skf-525-32080-1/","https://vongbicongnghiep.vn/wp-content/uploads/2023/04/525-32080-1.png","[""https://vongbicongnghiep.vn/wp-content/uploads/2023/04/525-32080-1.png""]","","Van định hướng SKF 525-32080-1 Thích hợp cho hoạt động dòng chảy hai chiều Thích hợp để phân chia chất bôi trơn trong các mạch bôi trơn khác nhau theo trình tự thời gian khác nhau Van điện từ hình nón với truyền động khô Có thể chuyển đổi và chống nén theo cả hai hướng dòng chảy","[]","0","out_of_stock","vongbicongnghiep.vn-wc-store-api-category-search-skf","2026-04-29T13:49:37.194Z"
"41992","SKF","LL/234-13163-9-SKF","LL/234-13163-9-SKF","LL234131639SKF","Cảm biến SKF 234-13163-9","HỆ THỐNG BÔI TRƠN","HỆ THỐNG BÔI TRƠN | Phụ kiện bơm mỡ SKF","13288","phu-kien-bom-mo-skf","https://vongbicongnghiep.vn/san-pham/cam-bien-skf-234-13163-9/","https://vongbicongnghiep.vn/wp-content/uploads/2023/04/234-13163-9.png","[""https://vongbicongnghiep.vn/wp-content/uploads/2023/04/234-13163-9.png""]","","Cảm biến SKF 234-13163-9, làm bằng thép","[]","6797000","out_of_stock","vongbicongnghiep.vn-wc-store-api-category-search-skf","2026-04-29T13:49:37.194Z"
"41990","SKF","LL/226-14091-2-SKF","LL/226-14091-2-SKF","LL226140912SKF","Van một chiều SKF 226-14091-2","HỆ THỐNG BÔI TRƠN","HỆ THỐNG BÔI TRƠN | Phụ kiện bơm mỡ SKF","13288","phu-kien-bom-mo-skf","https://vongbicongnghiep.vn/san-pham/van-mot-chieu-skf-226-14091-2/","https://vongbicongnghiep.vn/wp-content/uploads/2023/04/226-14091-2.png","[""https://vongbicongnghiep.vn/wp-content/uploads/2023/04/226-14091-2.png""]","","Van một chiều SKF 226-14091-2, làm bằng thép, đẩy vào để kết nối","[]","175000","out_of_stock","vongbicongnghiep.vn-wc-store-api-category-search-skf","2026-04-29T13:49:37.194Z"
"41988","SKF","LL/223-12484-2-SKF","LL/223-12484-2-SKF","LL223124842SKF","Khớp nối chữ T SKF 223-12484-2","HỆ THỐNG BÔI TRƠN","HỆ THỐNG BÔI TRƠN | Phụ kiện bơm mỡ SKF","13288","phu-kien-bom-mo-skf","https://vongbicongnghiep.vn/san-pham/khop-noi-chu-t-skf-223-12484-2/","https://vongbicongnghiep.vn/wp-content/uploads/2023/04/223-12484-2.png","[""https://vongbicongnghiep.vn/wp-content/uploads/2023/04/223-12484-2.png""]","","Khớp nối chữ T SKF 223-12484-2 Cho Ống Ø 6 mm Vật liệu: Thép Áp suất tối đa: 500 bar","[]","449000","in_stock","vongbicongnghiep.vn-wc-store-api-category-search-skf","2026-04-29T13:49:37.194Z"
"41986","SKF","LL/223-12295-3-SKF","LL/223-12295-3-SKF","LL223122953SKF","Khớp nối ống SKF 223-12295-3","HỆ THỐNG BÔI TRƠN","HỆ THỐNG BÔI TRƠN | Phụ kiện bơm mỡ SKF","13288","phu-kien-bom-mo-skf","https://vongbicongnghiep.vn/san-pham/khop-noi-ong-skf-223-12295-3/","https://vongbicongnghiep.vn/wp-content/uploads/2023/04/223-12295-3.png","[""https://vongbicongnghiep.vn/wp-content/uploads/2023/04/223-12295-3.png""]","","Khớp nối ống SKF 223-12295-3 Cho Ống Ø 6 mm Vật liệu: Thép Áp suất tối đa: 250 bar","[]","19000","in_stock","vongbicongnghiep.vn-wc-store-api-category-search-skf","2026-04-29T13:49:37.194Z"
"41984","SKF","LL/223-12295-2-SKF","LL/223-12295-2-SKF","LL223122952SKF","Khớp nối ống SKF 223-12295-2","HỆ THỐNG BÔI TRƠN","HỆ THỐNG BÔI TRƠN | Phụ kiện bơm mỡ SKF","13288","phu-kien-bom-mo-skf","https://vongbicongnghiep.vn/san-pham/khop-noi-ong-skf-223-12295-2/","https://vongbicongnghiep.vn/wp-content/uploads/2023/04/223-12295-2.png","[""https://vongbicongnghiep.vn/wp-content/uploads/2023/04/223-12295-2.png""]","","Khớp nối ống SKF 223-12295-2 Cho Ống Ø 6 mm Vật liệu: Thép Áp suất tối đa: 100 bar","[]","9000","in_stock","vongbicongnghiep.vn-wc-store-api-category-search-skf","2026-04-29T13:49:37.194Z"
"41982","SKF","LL/223-12270-9-SKF","LL/223-12270-9-SKF","LL223122709SKF","Khớp nối thẳng SKF 223-12270-9","HỆ THỐNG BÔI TRƠN","HỆ THỐNG BÔI TRƠN | Phụ kiện bơm mỡ SKF","13288","phu-kien-bom-mo-skf","https://vongbicongnghiep.vn/san-pham/khop-noi-thang-skf-223-12270-9/","https://vongbicongnghiep.vn/wp-content/uploads/2023/04/223-12270-9.png","[""https://vongbicongnghiep.vn/wp-content/uploads/2023/04/223-12270-9.png""]","","Khớp nối thẳng SKF 223-12270-9 Đường kính Ø 8 mm Chất liệu: Thép Áp suất tối đa: 100 bar","[]","68000","in_stock","vongbicongnghiep.vn-wc-store-api-category-search-skf","2026-04-29T13:49:37.194Z"
"41980","SKF","LL/223-12270-7-SKF","LL/223-12270-7-SKF","LL223122707SKF","Khớp nối thẳng SKF 223-12270-7","HỆ THỐNG BÔI TRƠN","HỆ THỐNG BÔI TRƠN | Phụ kiện bơm mỡ SKF","13288","phu-kien-bom-mo-skf","https://vongbicongnghiep.vn/san-pham/khop-noi-thang-skf-223-12270-7/","https://vongbicongnghiep.vn/wp-content/uploads/2023/04/223-12270-7.png","[""https://vongbicongnghiep.vn/wp-content/uploads/2023/04/223-12270-7.png""]","","Khớp nối thẳng SKF 223-12270-7 Đường kính Ø 6 mm Chất liệu thép Áp suất tối đa: 100 bar","[]","65000","in_stock","vongbicongnghiep.vn-wc-store-api-category-search-skf","2026-04-29T13:49:37.194Z"
"41958","SKF","LL/WS32-2 B37-SKF","LL/WS32-2 B37-SKF","LLWS322B37SKF","Công tắc báo mức WS32-2 B37","HỆ THỐNG BÔI TRƠN","HỆ THỐNG BÔI TRƠN | Phụ kiện bơm mỡ SKF","13288","phu-kien-bom-mo-skf","https://vongbicongnghiep.vn/san-pham/cong-tac-bao-muc-ws32-2-b37/","https://vongbicongnghiep.vn/wp-content/uploads/2023/04/WS.png","[""https://vongbicongnghiep.vn/wp-content/uploads/2023/04/WS.png"",""https://vongbicongnghiep.vn/wp-content/uploads/2023/04/WS-data.png"",""https://vongbicongnghiep.vn/wp-content/uploads/2023/04/WS.png""]","","Công tắc báo mức WS32-2 B37 Công tắc mức điền. Dòng sản phẩm WSx Dành cho bình chứa dầu và chất lỏng thủy lực Sử dụng trong các hệ thống bôi trơn tập trung của SKF Link tải tài liệu","[]","0","in_stock","vongbicongnghiep.vn-wc-store-api-category-search-skf","2026-04-29T13:49:37.194Z"
"41957","SKF","VGKD 406-302-SKF","VGKD 406-302-SKF","VGKD406302SKF","Phụ kiện bơm VGKD 406-302","HỆ THỐNG BÔI TRƠN","HỆ THỐNG BÔI TRƠN | Phụ kiện bơm mỡ SKF","13288","phu-kien-bom-mo-skf","https://vongbicongnghiep.vn/san-pham/phu-kien-bom-vgkd-406-302/","","[]","","Phụ kiện bơm VGKD 406-302","[]","11000","in_stock","vongbicongnghiep.vn-wc-store-api-category-search-skf","2026-04-29T13:49:37.194Z"
"41956","SKF","VGKE 406-301-SKF","VGKE 406-301-SKF","VGKE406301SKF","Phụ kiện bơm VGKE 406-301","HỆ THỐNG BÔI TRƠN","HỆ THỐNG BÔI TRƠN | Phụ kiện bơm mỡ SKF","13288","phu-kien-bom-mo-skf","https://vongbicongnghiep.vn/san-pham/phu-kien-bom-vgke-406-301/","","[]","","Phụ kiện bơm mỡ VGKE 406-301 Phụ kiện bơm VGKE 406-301","[]","10000","in_stock","vongbicongnghiep.vn-wc-store-api-category-search-skf","2026-04-29T13:49:37.194Z"
"41942","SKF","LL/661-40692-3-SKF","LL/661-40692-3-SKF","LL661406923SKF","Bơm lũy tiến SKF 661-40692-3","HỆ THỐNG BÔI TRƠN","HỆ THỐNG BÔI TRƠN | Phụ kiện bơm mỡ SKF","13288","phu-kien-bom-mo-skf","https://vongbicongnghiep.vn/san-pham/bom-luy-tien-skf-661-40692-3/","https://vongbicongnghiep.vn/wp-content/uploads/2023/04/661-40692-3.png","[""https://vongbicongnghiep.vn/wp-content/uploads/2023/04/661-40692-3.png""]","","Bơm lũy tiến SKF 661-40692-3 Lincoln Progressiv ZPU02-M100-10XYBU-F 380/420V AC – 440/480V AC – 1:100 Số PE: 2 – 1.600 cm³/h Áp suất tối đa: 400 bar Bình chứa: 10 Lít (để chứa dầu mỡ, có theo dõi mức) Có đồng hồ đo áp suất với van giới hạn áp suất","[]","275187000","out_of_stock","vongbicongnghiep.vn-wc-store-api-category-search-skf","2026-04-29T13:49:37.194Z"
"41926","SKF","LL/406-301-SKF","LL/406-301-SKF","LL406301SKF","Phụ kiện kết nối SKF 406-301","HỆ THỐNG BÔI TRƠN","HỆ THỐNG BÔI TRƠN | Phụ kiện bơm mỡ SKF","13288","phu-kien-bom-mo-skf","https://vongbicongnghiep.vn/san-pham/phu-kien-ket-noi-skf-406-301/","https://vongbicongnghiep.vn/wp-content/uploads/2023/04/406-301.png","[""https://vongbicongnghiep.vn/wp-content/uploads/2023/04/406-301.png""]","","Sử dụng trong hệ thống bôi trơn đa điểm, đầu kết nôi dạng vít thẳng","[]","14000","out_of_stock","vongbicongnghiep.vn-wc-store-api-category-search-skf","2026-04-29T13:49:37.194Z"
"41924","SKF","LL/406-302-SKF","LL/406-302-SKF","LL406302SKF","Đai ốc khóa SKF 406-302","HỆ THỐNG BÔI TRƠN","HỆ THỐNG BÔI TRƠN | Phụ kiện bơm mỡ SKF","13288","phu-kien-bom-mo-skf","https://vongbicongnghiep.vn/san-pham/dai-oc-khoa-skf-406-302/","https://vongbicongnghiep.vn/wp-content/uploads/2023/04/406-302.png","[""https://vongbicongnghiep.vn/wp-content/uploads/2023/04/406-302.png""]","","Đai ốc khóa Mẫu M DIN 2353 Chất liệu Mạ kẽm Kích thước lục giác 14 mm Đường kính ống Ø 6 mm","[]","16000","out_of_stock","vongbicongnghiep.vn-wc-store-api-category-search-skf","2026-04-29T13:49:37.194Z"
"41922","SKF","LL/84051-SKF","LL/84051-SKF","LL84051SKF","Cuộn dây lò xo SKF 84051","HỆ THỐNG BÔI TRƠN","HỆ THỐNG BÔI TRƠN | Phụ kiện bơm mỡ SKF","13288","phu-kien-bom-mo-skf","https://vongbicongnghiep.vn/san-pham/cuon-day-lo-xo-skf-84051/","https://vongbicongnghiep.vn/wp-content/uploads/2023/04/84051.png","[""https://vongbicongnghiep.vn/wp-content/uploads/2023/04/84051.png""]","","SKF Coil Springs đã được thiết kế với 3 ý tưởng cốt lõi: sự thoải mái, an toàn và độ bền. Một sản phẩm đáng tin cậy, với hiệu suất tương đương OE, đảm bảo trải nghiệm lái xe an toàn và thú vị. SKF đặc biệt khuyến nghị luôn thay lò xo cuộn theo cặp trục.","[]","53814000","in_stock","vongbicongnghiep.vn-wc-store-api-category-search-skf","2026-04-29T13:49:37.194Z"
"41920","SKF","LL/802175-SKF","LL/802175-SKF","LL802175SKF","Bộ cùm chia mỡ SKF 802175","HỆ THỐNG BÔI TRƠN","HỆ THỐNG BÔI TRƠN | Phụ kiện bơm mỡ SKF","13288","phu-kien-bom-mo-skf","https://vongbicongnghiep.vn/san-pham/bo-cum-chia-mo-skf-802175/","https://vongbicongnghiep.vn/wp-content/uploads/2023/04/8012075.png","[""https://vongbicongnghiep.vn/wp-content/uploads/2023/04/8012075.png""]","","Để tăng tuổi thọ của dây và giảm thời gian bôi trơn Được phát triển như một công cụ bảo dưỡng, Bộ bôi trơn dây Lincoln được gắn định kỳ vào thiết bị theo chu kỳ hàng tháng, hàng quý hoặc chu kỳ khác để bôi trơn dây dẫn. Khoảng thời gian bôi trơn phải được xác định theo thông số kỹ thuật của nhà sản xuất dây. Vòng đời của dây thép đã được bôi trơn định kỳ dài hơn khoảng sáu đến tám lần so với dây không được bôi trơn. Đặc biệt cho các ứng dụng Bôi trơn Dây Rope, một loại mỡ phân hủy sinh học LGTE 2 có sẵn. Dầu mỡ được chấp nhận với môi trường và được chứng nhận Ecolabel. Ngoài ra, bôi trơn dây dẫn khi đang sử dụng giúp ngăn chặn sự ăn mòn của dây. Ăn mòn có thể là bên trong và bên ngoài, và nó thường được gây ra bởi axit, nước kiềm, không khí muối, độ ẩm, khói, và môi trường công nghiệp và ăn mòn nói chung. Tính năng và lợi ích • Giảm ma sát • Bảo vệ chống ăn mòn • Cho phép chất bôi trơn bám vào từng dây và thấm vào lõi để bảo vệ lâu dài • Nhanh chóng và hiệu quả – giảm thời gian bôi trơn lên đến 90% so với bôi trơn bằng tay • Tăng độ an toàn cho người vận hành • Bảo vệ dây cáp • Giảm chất thải và ô nhiễm • Thiết kế mạnh mẽ cho môi trường khắc nghiệt Các ứng dụng • Lựa chọn hàng đầu cho các ứng dụng trong ngành hàng hải, dầu khí hoặc thép: • Cần trục du lịch, cần trục cầu cảng, cần trục tàu thủy, cần trục di động • Tời boong, tời tàu • Máy cuộn dây trong khai thác lộ thiên • Giàn khoan dầu khí • Dây thừng • Ghế và thang máy trượt tuyết • Thang máy • Kéo dây","[]","0","out_of_stock","vongbicongnghiep.vn-wc-store-api-category-search-skf","2026-04-29T13:49:37.194Z"
"41848","SKF","LL/P30142410114-SKF","LL/P30142410114-SKF","LLP30142410114SKF","Bơm chủ động SKF P30142410114","HỆ THỐNG BÔI TRƠN","HỆ THỐNG BÔI TRƠN | Phụ kiện bơm mỡ SKF","13288","phu-kien-bom-mo-skf","https://vongbicongnghiep.vn/san-pham/bom-chu-dong-skf-p30142410114/","https://vongbicongnghiep.vn/wp-content/uploads/2023/03/P30142410114.png","[""https://vongbicongnghiep.vn/wp-content/uploads/2023/03/P30142410114.png""]","","Bơm piston chạy bằng điện Quicklub QLS 301 Với tấm theo dõi Nhiệt độ hoạt động: -25°C đến + 70°C Chất bôi trơn: Mỡ đến NLGI loại 2 / mỡ lỏng NLGI 00, 000 Định lượng định lượng: 1,0 cm³ Nhà phân phối dầu nhớt: SSV 8 Gắn trên lưng Bộ chia dầu nhớt ngang H Gắn bên dưới Điện áp hoạt động: 24 volt DC Kích thước thùng chứa: 1 lít Với giám sát mức lấp đầy (tín hiệu trống) Kết nối bên trái: nguồn điện 1A, phích cắm hình khối Đối với các ứng dụng công nghiệp Thiết kế ổ cắm kết nối: thiết kế phích cắm hình khối A dùng trong công nghiệp Với ổ cắm kết nối, không có cáp Bảng điều khiển S4 Danh bạ NC và NO có thể lập trình","[]","38640000","out_of_stock","vongbicongnghiep.vn-wc-store-api-category-search-skf","2026-04-29T13:49:37.194Z"
"41847","SKF","LL/84993-SKF","LL/84993-SKF","LL84993SKF","Phụ tùng bộ bơm SKF 84993","HỆ THỐNG BÔI TRƠN","HỆ THỐNG BÔI TRƠN | Phụ kiện bơm mỡ SKF","13288","phu-kien-bom-mo-skf","https://vongbicongnghiep.vn/san-pham/phu-tung-bo-bom-skf-84993/","https://vongbicongnghiep.vn/wp-content/uploads/2023/03/82791.png","[""https://vongbicongnghiep.vn/wp-content/uploads/2023/03/82791.png""]","","Thiết kế chân xẻng ống bơm, pít tông và kiểu ống lót cho các vật liệu không lỏng, có độ nhớt trung bình đến cao. Thiết kế mô-đun, có thể kết hợp với một số động cơ không khí Ống bơm Lincoln PowerMaster Mẫu 84993 Kiểu ống pom Chân xẻng, pít tông và ống lót Pumptube thích hợp cho trống 200 kg Ổ cắm kết nối 3/4NPT Thể tích mỗi chu kỳ 61cc Chu kỳ mỗi lít ca. 16 Đầu ra tại: Xấp xỉ 30 Chu kỳ mỗi phút 1,8 L 50 Chu kỳ mỗi phút 3,0 L 75 Chu kỳ mỗi phút 4,5 L","[]","169795000","in_stock","vongbicongnghiep.vn-wc-store-api-category-search-skf","2026-04-29T13:49:37.194Z"
"41845","SKF","LL/82791-SKF","LL/82791-SKF","LL82791SKF","Phụ tùng bộ bơm SKF 82791","HỆ THỐNG BÔI TRƠN","HỆ THỐNG BÔI TRƠN | Phụ kiện bơm mỡ SKF","13288","phu-kien-bom-mo-skf","https://vongbicongnghiep.vn/san-pham/phu-tung-bo-bom-skf-82791/","https://vongbicongnghiep.vn/wp-content/uploads/2023/03/82791.png","[""https://vongbicongnghiep.vn/wp-content/uploads/2023/03/82791.png""]","","Thiết kế chân xẻng ống bơm, pít tông và kiểu ống lót cho các vật liệu không lỏng, có độ nhớt trung bình đến cao. Thiết kế mô-đun, có thể kết hợp với một số động cơ không khí sê-ri II Ống bơm Lincoln PowerMaster II Mẫu 82791 Kiểu ống bơm Chân xẻng, pít tông và ống lót Ống bơm thích hợp cho trống 200 kg Ổ cắm kết nối 3/4NPT Thể tích mỗi chu kỳ 82cc Chu kỳ mỗi lít ca. 12 Đầu ra tại: Xấp xỉ 30 Chu kỳ mỗi phút 2,4 L 50 Chu kỳ mỗi phút 4,1 L 75 Chu kỳ mỗi phút 6,1 L","[]","177960000","in_stock","vongbicongnghiep.vn-wc-store-api-category-search-skf","2026-04-29T13:49:37.194Z"
"41843","SKF","LL/649-29508-1-SKF","LL/649-29508-1-SKF","LL649295081SKF","Bộ chia mỡ SKF 649-29508-1","HỆ THỐNG BÔI TRƠN","HỆ THỐNG BÔI TRƠN | Phụ kiện bơm mỡ SKF","13288","phu-kien-bom-mo-skf","https://vongbicongnghiep.vn/san-pham/bo-chia-mo-skf-649-29508-1/","https://vongbicongnghiep.vn/wp-content/uploads/2023/03/649-29508-1.png","[""https://vongbicongnghiep.vn/wp-content/uploads/2023/03/649-29508-1.png""]","","Bộ chia mỡ lũy tiến SSVD 12 Lưu lượng tối đa mỗi hành trình/đầu ra 1,8 cm³ Áp suất làm việc 20 đến 350 bar Số đầu ra: 12 Đầu vào: G1/8 – Đầu ra: M10x1 Chất liệu: Thép mạ crôm đen – có Bút hiển thị","[]","8803000","in_stock","vongbicongnghiep.vn-wc-store-api-category-search-skf","2026-04-29T13:49:37.194Z"
"41842","SKF","LL/620-40921-8-SKF","LL/620-40921-8-SKF","LL620409218SKF","Bộ chia mỡ SKF 620-40921-8","HỆ THỐNG BÔI TRƠN","HỆ THỐNG BÔI TRƠN | Phụ kiện bơm mỡ SKF","13288","phu-kien-bom-mo-skf","https://vongbicongnghiep.vn/san-pham/bo-chia-mo-skf-620-40921-8/","https://vongbicongnghiep.vn/wp-content/uploads/2023/03/620-40564-3-2-1.png","[""https://vongbicongnghiep.vn/wp-content/uploads/2023/03/620-40564-3-2-1.png"",""https://vongbicongnghiep.vn/wp-content/uploads/2023/03/620-40564-3-1.png"",""https://vongbicongnghiep.vn/wp-content/uploads/2023/03/620-40564-3-3.png""]","","Bộ chia mỡ VSG 8-D1,50 Lưu lượng 1,50 cm³ mỗi đầu ra Nhiệt độ tối đa. + 80°C Áp suất tối đa 400 bar Số đầu ra: 8 – with định lượng D","[]","11167000","in_stock","vongbicongnghiep.vn-wc-store-api-category-search-skf","2026-04-29T13:49:37.194Z"
"41839","SKF","LL/620-40921-6-SKF","LL/620-40921-6-SKF","LL620409216SKF","Bộ chia mỡ SKF 620-40921-6","HỆ THỐNG BÔI TRƠN","HỆ THỐNG BÔI TRƠN | Bộ chia mỡ Lincoln | Phụ kiện bơm mỡ SKF","13288","phu-kien-bom-mo-skf","https://vongbicongnghiep.vn/san-pham/bo-chia-mo-skf-620-40921-6/","https://vongbicongnghiep.vn/wp-content/uploads/2023/03/620-40564-3-2.png","[""https://vongbicongnghiep.vn/wp-content/uploads/2023/03/620-40564-3-2.png"",""https://vongbicongnghiep.vn/wp-content/uploads/2023/03/620-40564-3-1.png"",""https://vongbicongnghiep.vn/wp-content/uploads/2023/03/620-40564-3-3.png""]","","Bộ chia mỡ SKF 620-40921-6 Bộ chia mỡ VSG 6-D1,50 Lưu lượng 1,50 cm³ mỗi đầu ra Nhiệt độ tối đa. + 80°C Áp suất tối đa 400 bar Số đầu ra: 6 – with định lượng D","[]","9154000","in_stock","vongbicongnghiep.vn-wc-store-api-category-search-skf","2026-04-29T13:49:37.195Z"
"41830","SKF","LL/664-36078-7-SKF","LL/664-36078-7-SKF","LL664360787SKF","Dây tín hiệu SKF 664-36078-7","HỆ THỐNG BÔI TRƠN","HỆ THỐNG BÔI TRƠN | Phụ kiện bơm mỡ SKF","13288","phu-kien-bom-mo-skf","https://vongbicongnghiep.vn/san-pham/day-tin-hieu-skf-664-36078-7/","https://vongbicongnghiep.vn/wp-content/uploads/2023/03/z4226544718760_a8559015fceb65f5b8af6a3f2d43dcd7.jpg","[""https://vongbicongnghiep.vn/wp-content/uploads/2023/03/z4226544718760_a8559015fceb65f5b8af6a3f2d43dcd7.jpg"",""https://vongbicongnghiep.vn/wp-content/uploads/2023/03/z4226544718072_a743a19965a5550384e4c03c1c5bec60.jpg"",""https://vongbicongnghiep.vn/wp-content/uploads/2023/03/z4226536468820_1a89b9d8bd47398de7c31e2ef494e392.jpg""]","","","[]","3982000","out_of_stock","vongbicongnghiep.vn-wc-store-api-category-search-skf","2026-04-29T13:49:37.195Z"
"41838","SKF","LL/620-40668-6-SKF","LL/620-40668-6-SKF","LL620406686SKF","Bộ chia mỡ SKF 620-40668-6","HỆ THỐNG BÔI TRƠN","HỆ THỐNG BÔI TRƠN | Phụ kiện bơm mỡ SKF","13288","phu-kien-bom-mo-skf","https://vongbicongnghiep.vn/san-pham/bo-chia-mo-skf-620-40668-6/","https://vongbicongnghiep.vn/wp-content/uploads/2023/03/620-40564-3-2-1.png","[""https://vongbicongnghiep.vn/wp-content/uploads/2023/03/620-40564-3-2-1.png"",""https://vongbicongnghiep.vn/wp-content/uploads/2023/03/620-40564-3.png"",""https://vongbicongnghiep.vn/wp-content/uploads/2023/03/620-40564-3-3.png""]","","Nhà phân phối VSG 8-D0,55 Lưu lượng 0,55 cm³ mỗi đầu ra Nhiệt độ tối đa. + 80°C Áp suất tối đa 400 bar Số đầu ra: 8 – với vít định lượng D","[]","10644000","out_of_stock","vongbicongnghiep.vn-wc-store-api-category-search-skf","2026-04-29T13:49:37.195Z"
"41834","SKF","LL/620-40668-1-SKF","LL/620-40668-1-SKF","LL620406681SKF","Bộ chia mỡ SKF 620-40668-1","HỆ THỐNG BÔI TRƠN","HỆ THỐNG BÔI TRƠN | Phụ kiện bơm mỡ SKF","13288","phu-kien-bom-mo-skf","https://vongbicongnghiep.vn/san-pham/bo-chia-mo-skf-620-40668-1/","https://vongbicongnghiep.vn/wp-content/uploads/2023/03/620-40564-3-2-1.png","[""https://vongbicongnghiep.vn/wp-content/uploads/2023/03/620-40564-3-2-1.png"",""https://vongbicongnghiep.vn/wp-content/uploads/2023/03/620-40564-3-1.png"",""https://vongbicongnghiep.vn/wp-content/uploads/2023/03/620-40564-3-3.png""]","","Bộ chia mỡ VSG 6 0,55 cm³ mỗi ổ cắm nhiệt độ tối đa + 80°C Áp suất tối đa 400 bar Đầu ra: 6 – với vít định lượng D","[]","8634000","in_stock","vongbicongnghiep.vn-wc-store-api-category-search-skf","2026-04-29T13:49:37.195Z"
"41829","SKF","LL/620-40564-3-SKF","LL/620-40564-3-SKF","LL620405643SKF","Bộ chia mỡ SKF 620-40564-3","HỆ THỐNG BÔI TRƠN","HỆ THỐNG BÔI TRƠN | Phụ kiện bơm mỡ SKF","13288","phu-kien-bom-mo-skf","https://vongbicongnghiep.vn/san-pham/bo-chia-mo-skf-620-40564-3/","https://vongbicongnghiep.vn/wp-content/uploads/2023/03/620-40564-3-2.png","[""https://vongbicongnghiep.vn/wp-content/uploads/2023/03/620-40564-3-2.png"",""https://vongbicongnghiep.vn/wp-content/uploads/2023/03/620-40564-3-3.png"",""https://vongbicongnghiep.vn/wp-content/uploads/2023/03/620-40564-3.png""]","","Bộ phân phối dầu nhớt VSG Chất bôi trơn: Mỡ lên đến NLGI 3 /- Dầu có độ nhớt tối thiểu 20 mm²/s Áp suất vận hành tối đa: 400 bar","[]","6778000","in_stock","vongbicongnghiep.vn-wc-store-api-category-search-skf","2026-04-29T13:49:37.195Z"
"41827","SKF","LL/619-26842-2-SKF","LL/619-26842-2-SKF","LL619268422SKF","Bộ chia mỡ nhanh SKF 619-26842-2","HỆ THỐNG BÔI TRƠN","HỆ THỐNG BÔI TRƠN | Phụ kiện bơm mỡ SKF","13288","phu-kien-bom-mo-skf","https://vongbicongnghiep.vn/san-pham/bo-chia-mo-nhanh-skf-619-26842-2/","https://vongbicongnghiep.vn/wp-content/uploads/2023/03/619-26842-2.png","[""https://vongbicongnghiep.vn/wp-content/uploads/2023/03/619-26842-2.png""]","","Van phân chia SSV là “trái tim” của hệ thống Quicklub thủ công hoặc tự động. Với từ 6 đến 22 đầu ra, van SSV có sẵn bằng thép carbon và thép không gỉ 303 cho môi trường ăn mòn. Các van có sẵn với các chốt chỉ báo chu kỳ để cung cấp chỉ báo trực quan về hoạt động của hệ thống. ĐẶC TRƯNG: Thép carbon Lớn nhất/nhỏ nhất. Áp suất vận hành – 5076 psig / 350 bar Đầu ra/Chu kỳ trên mỗi Ổ cắm cu. trong./cc – .012/.2 Lớn nhất/nhỏ nhất. Nhiệt độ hoạt động – 212° F / -22° F THÔNG SỐ KỸ THUẬT: Sản phẩm – 619-26845-2 Vật liệu xây dựng – Thép carbon Số lượng cửa hàng tối đa – 10 Chốt chỉ báo chu kỳ – Có Kích thước chiều cao tổng thể – 3,54″ Đầu vào chất bôi trơn – 1/8″ NPTF Female","[]","3697000","in_stock","vongbicongnghiep.vn-wc-store-api-category-search-skf","2026-04-29T13:49:37.195Z"
"41825","SKF","LL/619-25754-4-SKF","LL/619-25754-4-SKF","LL619257544SKF","Bộ chia mỡ SKF 619-25754-4","HỆ THỐNG BÔI TRƠN","HỆ THỐNG BÔI TRƠN | Phụ kiện bơm mỡ SKF","13288","phu-kien-bom-mo-skf","https://vongbicongnghiep.vn/san-pham/bo-chia-mo-skf-619-25754-4/","https://vongbicongnghiep.vn/wp-content/uploads/2023/03/619-25754-4.png","[""https://vongbicongnghiep.vn/wp-content/uploads/2023/03/619-25754-4.png""]","","Thiết bị đo sáng SSV bao gồm pin chỉ báo để theo dõi trực quan","[]","3268000","in_stock","vongbicongnghiep.vn-wc-store-api-category-search-skf","2026-04-29T13:49:37.195Z"
"41824","SKF","LL/549-34255-1-SKF","LL/549-34255-1-SKF","LL549342551SKF","Vít định lượng SKF 549-34255-1","HỆ THỐNG BÔI TRƠN","HỆ THỐNG BÔI TRƠN | Phụ kiện bơm mỡ SKF","13288","phu-kien-bom-mo-skf","https://vongbicongnghiep.vn/san-pham/vit-dinh-luong-skf-549-34255-1/","https://vongbicongnghiep.vn/wp-content/uploads/2023/03/303-16118-1.png","[""https://vongbicongnghiep.vn/wp-content/uploads/2023/03/303-16118-1.png""]","","Vít định lượng cho bộ chia SSVD Chất liệu Mạ kẽm đen Khổ ren M10 x 1.0 Kích thước lục giác 5 mm Công suất trên mỗi ổ cắm 1,80 cc Chiều dài 12,8 mm Mã đầu bên 180","[]","504000","in_stock","vongbicongnghiep.vn-wc-store-api-category-search-skf","2026-04-29T13:49:37.195Z"
"41823","SKF","LL/549-34254-9-SKF","LL/549-34254-9-SKF","LL549342549SKF","Vít định lượng SKF 549-34254-9","HỆ THỐNG BÔI TRƠN","HỆ THỐNG BÔI TRƠN | Phụ kiện bơm mỡ SKF","13288","phu-kien-bom-mo-skf","https://vongbicongnghiep.vn/san-pham/vit-dinh-luong-skf-549-34254-9/","https://vongbicongnghiep.vn/wp-content/uploads/2023/03/303-16118-1.png","[""https://vongbicongnghiep.vn/wp-content/uploads/2023/03/303-16118-1.png""]","","Vít định lượng cho bộ chia SSVD Chất liệu Mạ kẽm đen Khổ ren M10 x 1.0 Kích thước lục giác 5 mm Đầu ra trên mỗi ổ cắm 1,40 cc Chiều dài 20,8 mm Mã đầu bên 140","[]","604000","in_stock","vongbicongnghiep.vn-wc-store-api-category-search-skf","2026-04-29T13:49:37.195Z"
"41822","SKF","LL/549-34254-7-SKF","LL/549-34254-7-SKF","LL549342547SKF","Vít định lượng SKF 549-34254-7","HỆ THỐNG BÔI TRƠN","HỆ THỐNG BÔI TRƠN | Phụ kiện bơm mỡ SKF","13288","phu-kien-bom-mo-skf","https://vongbicongnghiep.vn/san-pham/vit-dinh-luong-skf-549-34254-7/","https://vongbicongnghiep.vn/wp-content/uploads/2023/03/303-16118-1.png","[""https://vongbicongnghiep.vn/wp-content/uploads/2023/03/303-16118-1.png""]","","Vít định lượng cho bộ chia SSVD Chất liệu Mạ kẽm đen Khổ ren M10 x 1.0 Kích thước lục giác 5 mm Đầu ra trên mỗi ổ cắm 0,80 cc Chiều dài 32,7 mm Mã đầu bên 80","[]","684000","in_stock","vongbicongnghiep.vn-wc-store-api-category-search-skf","2026-04-29T13:49:37.195Z"
"41821","SKF","LL/549-34254-6-SKF","LL/549-34254-6-SKF","LL549342546SKF","Vít định lượng SKF 549-34254-6","HỆ THỐNG BÔI TRƠN","HỆ THỐNG BÔI TRƠN | Phụ kiện bơm mỡ SKF","13288","phu-kien-bom-mo-skf","https://vongbicongnghiep.vn/san-pham/vit-dinh-luong-skf-549-34254-6/","https://vongbicongnghiep.vn/wp-content/uploads/2023/03/303-16118-1.png","[""https://vongbicongnghiep.vn/wp-content/uploads/2023/03/303-16118-1.png""]","","Vít định lượng cho bộ chia SSVD Chất liệu Mạ kẽm đen Khổ ren M10 x 1.0 Kích thước lục giác 5 mm Đầu ra trên mỗi ổ cắm 0,60 cc Chiều dài 46,7 mm Mã đầu bên 60","[]","745000","in_stock","vongbicongnghiep.vn-wc-store-api-category-search-skf","2026-04-29T13:49:37.195Z"
"41820","SKF","LL/549-34254-5-SKF","LL/549-34254-5-SKF","LL549342545SKF","Vít định lượng SKF 549-34254-5","HỆ THỐNG BÔI TRƠN","HỆ THỐNG BÔI TRƠN | Phụ kiện bơm mỡ SKF","13288","phu-kien-bom-mo-skf","https://vongbicongnghiep.vn/san-pham/vit-dinh-luong-skf-549-34254-5/","https://vongbicongnghiep.vn/wp-content/uploads/2023/03/303-16118-1.png","[""https://vongbicongnghiep.vn/wp-content/uploads/2023/03/303-16118-1.png""]","","Vít định lượng cho bộ chia SSVD Chất liệu Mạ kẽm đen Khổ ren M10 x 1.0 Kích thước lục giác 5 mm Đầu ra trên mỗi ổ cắm 0,40 cc Chiều dài 40,7 mm","[]","837000","in_stock","vongbicongnghiep.vn-wc-store-api-category-search-skf","2026-04-29T13:49:37.195Z"
"41819","SKF","LL/549-34254-4-SKF","LL/549-34254-4-SKF","LL549342544SKF","Vít định lượng SKF 549-34254-4","HỆ THỐNG BÔI TRƠN","HỆ THỐNG BÔI TRƠN | Phụ kiện bơm mỡ SKF","13288","phu-kien-bom-mo-skf","https://vongbicongnghiep.vn/san-pham/vit-dinh-luong-skf-549-34254-4/","https://vongbicongnghiep.vn/wp-content/uploads/2023/03/303-16119-1.png","[""https://vongbicongnghiep.vn/wp-content/uploads/2023/03/303-16119-1.png""]","","Vít định lượng cho bộ chia SSVD Chất liệu Mạ kẽm đen Khổ ren M10 x 1.0 Ổ cắm lục giác 5mm Đầu ra trên mỗi ổ cắm 0,30 cc Chiều dài 42,7 mm Mã đầu bên 30 Mã hiệu Lincoln 303-16121-1 / 549-34254-4","[]","793000","in_stock","vongbicongnghiep.vn-wc-store-api-category-search-skf","2026-04-29T13:49:37.195Z"
"41817","SKF","LL/528-31341-3-SKF","LL/528-31341-3-SKF","LL528313413SKF","Bộ lọc phun SKF 528-31341-3","HỆ THỐNG BÔI TRƠN","HỆ THỐNG BÔI TRƠN | Phụ kiện bơm mỡ SKF","13288","phu-kien-bom-mo-skf","https://vongbicongnghiep.vn/san-pham/bo-loc-phun-skf-528-31341-3/","https://vongbicongnghiep.vn/wp-content/uploads/2023/03/528-31341-3.png","[""https://vongbicongnghiep.vn/wp-content/uploads/2023/03/528-31341-3.png""]","","Hệ thống bôi trơn dầu mỡ cho máy khử khí chân không nhà máy thép 1/2-fpf Vật liệu: không amiang Micron/Yếu tố: 300.0 Số bộ phận của nhà cung cấp: 0.268331.X Tên mục: Lọc","[]","16219000","in_stock","vongbicongnghiep.vn-wc-store-api-category-search-skf","2026-04-29T13:49:37.195Z"
"41815","SKF","LL/528-30822-1-SKF","LL/528-30822-1-SKF","LL528308221SKF","Bộ lọc SKL 528-30822-1","Phụ kiện bơm mỡ SKF","Phụ kiện bơm mỡ SKF | HỆ THỐNG BÔI TRƠN","13288","phu-kien-bom-mo-skf","https://vongbicongnghiep.vn/san-pham/bo-loc-skl-528-30822-1/","https://vongbicongnghiep.vn/wp-content/uploads/2023/03/528-30822-1.png","[""https://vongbicongnghiep.vn/wp-content/uploads/2023/03/528-30822-1.png""]","","Lọc Lincoln + gioăng đồng cho máy bơm ZPU 8, 9,14 & 24","[]","1804000","in_stock","vongbicongnghiep.vn-wc-store-api-category-search-skf","2026-04-29T13:49:37.195Z"
"41813","SKF","LL/518-31019-1-SKF","LL/518-31019-1-SKF","LL518310191SKF","Bộ đệm SKF 518-31019-1","HỆ THỐNG BÔI TRƠN","HỆ THỐNG BÔI TRƠN | Phụ kiện bơm mỡ SKF","13288","phu-kien-bom-mo-skf","https://vongbicongnghiep.vn/san-pham/bo-dem-skf-518-31019-1/","https://vongbicongnghiep.vn/wp-content/uploads/2023/03/518-31019-1.png","[""https://vongbicongnghiep.vn/wp-content/uploads/2023/03/518-31019-1.png""]","","Dùng cho van đảo chiều MP2","[]","1797000","in_stock","vongbicongnghiep.vn-wc-store-api-category-search-skf","2026-04-29T13:49:37.195Z"
"41811","SKF","LL/471-006-192-SKF","LL/471-006-192-SKF","LL471006192SKF","Khớp nối nhanh SKF 471-006-192","HỆ THỐNG BÔI TRƠN","HỆ THỐNG BÔI TRƠN | Phụ kiện bơm mỡ SKF","13288","phu-kien-bom-mo-skf","https://vongbicongnghiep.vn/san-pham/khop-noi-nhanh-skf-471-006-192/","https://vongbicongnghiep.vn/wp-content/uploads/2023/03/471-006-192.png","[""https://vongbicongnghiep.vn/wp-content/uploads/2023/03/471-006-192.png""]","","Dùng cho bộ chia mỡ lũy tiến VPK Khớp nối vít thẳng với đai ốc liên kết Eolastic và EO2","[]","489000","out_of_stock","vongbicongnghiep.vn-wc-store-api-category-search-skf","2026-04-29T13:49:37.195Z"
"41809","SKF","LL/432-24313-1-SKF","LL/432-24313-1-SKF","LL432243131SKF","Nắp chặn SKF 432-24313-1","HỆ THỐNG BÔI TRƠN","HỆ THỐNG BÔI TRƠN | Phụ kiện bơm mỡ SKF","13288","phu-kien-bom-mo-skf","https://vongbicongnghiep.vn/san-pham/nap-chan-skf-432-24313-1/","https://vongbicongnghiep.vn/wp-content/uploads/2023/03/432-24313-1.png","[""https://vongbicongnghiep.vn/wp-content/uploads/2023/03/432-24313-1.png""]","","Dùng để bảo vệ phụ kiện","[]","8000","in_stock","vongbicongnghiep.vn-wc-store-api-category-search-skf","2026-04-29T13:49:37.195Z"
"41807","SKF","LL/432-23031-1-SKF","LL/432-23031-1-SKF","LL432230311SKF","Đầu nối ren SKF 432-23031-1","HỆ THỐNG BÔI TRƠN","HỆ THỐNG BÔI TRƠN | Phụ kiện bơm mỡ SKF","13288","phu-kien-bom-mo-skf","https://vongbicongnghiep.vn/san-pham/dau-noi-ren-skf-432-23031-1/","https://vongbicongnghiep.vn/wp-content/uploads/2023/03/432-23031-1.png","[""https://vongbicongnghiep.vn/wp-content/uploads/2023/03/432-23031-1.png""]","","Khớp nối ren nguyên bản, được sử dụng trong máy gặt đập liên hợp của thương hiệu Rostselmash","[]","36000","in_stock","vongbicongnghiep.vn-wc-store-api-category-search-skf","2026-04-29T13:49:37.195Z"
"41804","SKF","LL/406-611-SKF","LL/406-611-SKF","LL406611SKF","Ống liên kết SKF 406-611","HỆ THỐNG BÔI TRƠN","HỆ THỐNG BÔI TRƠN | Phụ kiện bơm mỡ SKF","13288","phu-kien-bom-mo-skf","https://vongbicongnghiep.vn/san-pham/vit-lien-ket-skf-406-611/","https://vongbicongnghiep.vn/wp-content/uploads/2023/03/406-611.png","[""https://vongbicongnghiep.vn/wp-content/uploads/2023/03/406-611.png"",""https://vongbicongnghiep.vn/wp-content/uploads/2023/03/406-611-1.png""]","","Dùng để liên kết thép và nhựa (sử dụng để gia công cho ống nhựa) Ống có kích thước 6×1.25, M10x1","[]","13000","out_of_stock","vongbicongnghiep.vn-wc-store-api-category-search-skf","2026-04-29T13:49:37.195Z"
"41801","SKF","LL/406-603-SKF","LL/406-603-SKF","LL406603SKF","Phụ kiện ống nối SKF 406-603","HỆ THỐNG BÔI TRƠN","HỆ THỐNG BÔI TRƠN | Phụ kiện bơm mỡ SKF","13288","phu-kien-bom-mo-skf","https://vongbicongnghiep.vn/san-pham/phu-kien-ong-noi-skf-406-603/","https://vongbicongnghiep.vn/wp-content/uploads/2023/03/406-603.png","[""https://vongbicongnghiep.vn/wp-content/uploads/2023/03/406-603.png"",""https://vongbicongnghiep.vn/wp-content/uploads/2023/03/406-603-1.png""]","","Kích thước ống: Ø 6x1mm Áp suất làm việc tối đa: 45 bar Chất liệu: Đồng thau","[]","0","out_of_stock","vongbicongnghiep.vn-wc-store-api-category-search-skf","2026-04-29T13:49:37.195Z"
"41799","SKF","LL/303-19346-2-SKF","LL/303-19346-2-SKF","LL303193462SKF","Nút chặn SKF 303-19346-2","HỆ THỐNG BÔI TRƠN","HỆ THỐNG BÔI TRƠN | Phụ kiện bơm mỡ SKF","13288","phu-kien-bom-mo-skf","https://vongbicongnghiep.vn/san-pham/nut-chan-skf-303-19346-2/","https://vongbicongnghiep.vn/wp-content/uploads/2023/03/303-19346-2-2.png","[""https://vongbicongnghiep.vn/wp-content/uploads/2023/03/303-19346-2-2.png""]","","M10x1x4,5 – Chất liệu: thép không gỉ","[]","219000","in_stock","vongbicongnghiep.vn-wc-store-api-category-search-skf","2026-04-29T13:49:37.195Z"
"41795","SKF","LL/303-16122-1-SKF","LL/303-16122-1-SKF","LL303161221SKF","Vít định lượng SKF 303-16122-1","HỆ THỐNG BÔI TRƠN","HỆ THỐNG BÔI TRƠN | Phụ kiện bơm mỡ SKF","13288","phu-kien-bom-mo-skf","https://vongbicongnghiep.vn/san-pham/vit-dinh-luong-skf-303-16122-1/","https://vongbicongnghiep.vn/wp-content/uploads/2023/03/303-16118-1.png","[""https://vongbicongnghiep.vn/wp-content/uploads/2023/03/303-16118-1.png""]","","Vít điều chỉnh định lượng được sử dụng với van phân chia định lượng của Lincoln. Vít điều chỉnh cho phép người dùng kiểm soát lượng đầu ra.","[]","63000","in_stock","vongbicongnghiep.vn-wc-store-api-category-search-skf","2026-04-29T13:49:37.195Z"
"41793","SKF","LL/303-16118-1-SKF","LL/303-16118-1-SKF","LL303161181SKF","Vít định lượng SKF 303-16118-1","HỆ THỐNG BÔI TRƠN","HỆ THỐNG BÔI TRƠN | Phụ kiện bơm mỡ SKF","13288","phu-kien-bom-mo-skf","https://vongbicongnghiep.vn/san-pham/vit-dinh-luong-skf-303-16118-1/","https://vongbicongnghiep.vn/wp-content/uploads/2023/03/303-16118-1.png","[""https://vongbicongnghiep.vn/wp-content/uploads/2023/03/303-16118-1.png""]","","Vít điều chỉnh định lượng được sử dụng với van phân chia định lượng của Lincoln. Vít điều chỉnh cho phép người dùng kiểm soát lượng đầu ra.","[]","202000","in_stock","vongbicongnghiep.vn-wc-store-api-category-search-skf","2026-04-29T13:49:37.195Z"
"41791","SKF","LL/226-14111-2-SKF","LL/226-14111-2-SKF","LL226141112SKF","Khớp nối SKF 226-14111-2","HỆ THỐNG BÔI TRƠN","HỆ THỐNG BÔI TRƠN | Phụ kiện bơm mỡ SKF","13288","phu-kien-bom-mo-skf","https://vongbicongnghiep.vn/san-pham/khop-noi-skf-226-14111-2/","https://vongbicongnghiep.vn/wp-content/uploads/2023/03/226-14111-2.png","[""https://vongbicongnghiep.vn/wp-content/uploads/2023/03/226-14111-2.png""]","","Đoạn kết nối có ren côn Đẩy vào để kết nối Ø 6 mm đến M8x1 Chất liệu Đồng thau Áp suất tối đa 350 bar","[]","110000","in_stock","vongbicongnghiep.vn-wc-store-api-category-search-skf","2026-04-29T13:49:37.195Z"
"41789","SKF","LL/226-14105-5-SKF","LL/226-14105-5-SKF","LL226141055SKF","Đầu nối nhanh SKF 226-14105-5","HỆ THỐNG BÔI TRƠN","HỆ THỐNG BÔI TRƠN | Phụ kiện bơm mỡ SKF","13288","phu-kien-bom-mo-skf","https://vongbicongnghiep.vn/san-pham/dau-noi-nhanh-skf-226-14105-5/","https://vongbicongnghiep.vn/wp-content/uploads/2023/03/226-14105-5.png","[""https://vongbicongnghiep.vn/wp-content/uploads/2023/03/226-14105-5.png""]","","Bộ chuyển đổi đầu ra của bơm chia mỡ bằng đồng thau Kích thước 1/4 inch x 1/4 inch x 25 NPT Cần thiết cho các kiểu máy bơm 4, 8 và 15 Lít Núm ti S 2520-1/4-1/4-25","[]","126000","in_stock","vongbicongnghiep.vn-wc-store-api-category-search-skf","2026-04-29T13:49:37.195Z"
"41787","SKF","LL/223-13658-9-SKF","LL/223-13658-9-SKF","LL223136589SKF","Khớp nối SKF 223-13658-9","HỆ THỐNG BÔI TRƠN","HỆ THỐNG BÔI TRƠN | Phụ kiện bơm mỡ SKF","13288","phu-kien-bom-mo-skf","https://vongbicongnghiep.vn/san-pham/khop-noi-skf-223-13658-9/","https://vongbicongnghiep.vn/wp-content/uploads/2023/03/223-13658-9.png","[""https://vongbicongnghiep.vn/wp-content/uploads/2023/03/223-13658-9.png""]","","Đầu nối kiểu vít Model GE Vít thẳng vào DIN 2353 Chất liệu SS 316 1.4571 Đường kính D Ø 6 mm Kích thước ren D1 1/4 Gas Kích thước lục giác SW1 19 mm Kích thước lục giác SW2 14 mm Tham khảo Lincoln 223-13658-9","[]","1360000","in_stock","vongbicongnghiep.vn-wc-store-api-category-search-skf","2026-04-29T13:49:37.195Z"
"41785","SKF","LL/223-13658-8-SKF","LL/223-13658-8-SKF","LL223136588SKF","Khớp nối nhanh SKF 223-13658-8","HỆ THỐNG BÔI TRƠN","HỆ THỐNG BÔI TRƠN | Phụ kiện bơm mỡ SKF","13288","phu-kien-bom-mo-skf","https://vongbicongnghiep.vn/san-pham/khop-noi-nhanh-skf-223-13658-8/","https://vongbicongnghiep.vn/wp-content/uploads/2023/03/223-13658-8.png","[""https://vongbicongnghiep.vn/wp-content/uploads/2023/03/223-13658-8.png""]","","Đầu nối kiểu vít Model GE Vít thẳng vào Tiêu chuẩn DIN 2353 Chất liệu RVS 316 1.4571 Đường kính D Ø 10 mm Cỡ ren D1 1/8 Gas Kích thước lục giác SW1 17 mm Kích thước lục giác SW2 19 mm Tham khảo Lincoln 223-13658-8","[]","1076000","in_stock","vongbicongnghiep.vn-wc-store-api-category-search-skf","2026-04-29T13:49:37.195Z"
"41783","SKF","LL/223-12477-8-SKF","LL/223-12477-8-SKF","LL223124778SKF","Khớp nối thẳng SKF 223-12477-8","HỆ THỐNG BÔI TRƠN","HỆ THỐNG BÔI TRƠN | Phụ kiện bơm mỡ SKF","13288","phu-kien-bom-mo-skf","https://vongbicongnghiep.vn/san-pham/khop-noi-thang-skf-223-12477-8/","https://vongbicongnghiep.vn/wp-content/uploads/2023/03/223-12477-8.png","[""https://vongbicongnghiep.vn/wp-content/uploads/2023/03/223-12477-8.png""]","","Ø 6 mm to G1/4 A CF – L, Vật liệu: Thép, Áp suất tối đa: 315 bar","[]","88000","in_stock","vongbicongnghiep.vn-wc-store-api-category-search-skf","2026-04-29T13:49:37.195Z"
"41781","SKF","LL/223-12452-1-SKF","LL/223-12452-1-SKF","LL223124521SKF","Khớp nối thẳng SKF 223-12452-1","HỆ THỐNG BÔI TRƠN","HỆ THỐNG BÔI TRƠN | Phụ kiện bơm mỡ SKF","13288","phu-kien-bom-mo-skf","https://vongbicongnghiep.vn/san-pham/khop-noi-thang-skf-223-12452-1/","https://vongbicongnghiep.vn/wp-content/uploads/2023/03/223-12452-1.png","[""https://vongbicongnghiep.vn/wp-content/uploads/2023/03/223-12452-1.png""]","","Ø 10 mm to G1/4 A – L Chất liệu: Thép không gỉ V2A","[]","1388000","in_stock","vongbicongnghiep.vn-wc-store-api-category-search-skf","2026-04-29T13:49:37.195Z"
"41779","SKF","LL/219-13798-3-SKF","LL/219-13798-3-SKF","LL219137983SKF","Nút đóng đầu ra SKF 219-13798-3","HỆ THỐNG BÔI TRƠN","HỆ THỐNG BÔI TRƠN | Phụ kiện bơm mỡ SKF","13288","phu-kien-bom-mo-skf","https://vongbicongnghiep.vn/san-pham/nut-dong-dau-ra-skf-219-13798-3/","https://vongbicongnghiep.vn/wp-content/uploads/2023/03/219-13798-3.png","[""https://vongbicongnghiep.vn/wp-content/uploads/2023/03/219-13798-3.png""]","","Là Nút đầu ra của bộ chia mỡ SSV Vòng chữ O cho nút đóng bằng thép không gỉ; nếu sau khi thắt chặt với 18 Nm không được niêm phong","[]","0","in_stock","vongbicongnghiep.vn-wc-store-api-category-search-skf","2026-04-29T13:49:37.195Z"
"41777","SKF","LL/179-990-700-SKF","LL/179-990-700-SKF","LL179990700SKF","Ổ cắm kép SKF 179-990-700","HỆ THỐNG BÔI TRƠN","HỆ THỐNG BÔI TRƠN | Phụ kiện bơm mỡ SKF","13288","phu-kien-bom-mo-skf","https://vongbicongnghiep.vn/san-pham/o-cam-kep-skf-179-990-700/","https://vongbicongnghiep.vn/wp-content/uploads/2023/03/179-990-700.png","[""https://vongbicongnghiep.vn/wp-content/uploads/2023/03/179-990-700.png""]","","Ổ cắm kép / bộ phân phối kép (T-plug) Thích hợp để kết nối với phích cắm M12x1 của máy bơm Ren: M12x1 (2 x Cho đầu dò piston và đèn báo riêng)","[]","2306000","in_stock","vongbicongnghiep.vn-wc-store-api-category-search-skf","2026-04-29T13:49:37.195Z"
"41774","SKF","LL/111-35114-1-SKF","LL/111-35114-1-SKF","LL111351141SKF","Ống chịu áp lực SKF 111-35114-1","HỆ THỐNG BÔI TRƠN","HỆ THỐNG BÔI TRƠN | Phụ kiện bơm mỡ SKF","13288","phu-kien-bom-mo-skf","https://vongbicongnghiep.vn/san-pham/ong-chiu-ap-luc-skf-111-35114-1/","https://vongbicongnghiep.vn/wp-content/uploads/2023/03/111-35114-1-1.png","[""https://vongbicongnghiep.vn/wp-content/uploads/2023/03/111-35114-1-1.png"",""https://vongbicongnghiep.vn/wp-content/uploads/2023/03/111-35114-1.png""]","","Là ống làm từ nhựa, chịu được áp lực cao dành cho hệ thống bôi trơn của SKF","[]","132000","in_stock","vongbicongnghiep.vn-wc-store-api-category-search-skf","2026-04-29T13:49:37.195Z"
"41767","SKF","LL/86231-SKF","LL/86231-SKF","LL86231SKF","Bộ phụ kiện bơm mỡ SKF 86231","HỆ THỐNG BÔI TRƠN","HỆ THỐNG BÔI TRƠN | Phụ kiện bơm mỡ SKF","13288","phu-kien-bom-mo-skf","https://vongbicongnghiep.vn/san-pham/bo-phu-kien-bom-mo-skf-86231/","https://vongbicongnghiep.vn/wp-content/uploads/2023/03/86231.png","[""https://vongbicongnghiep.vn/wp-content/uploads/2023/03/86231.png"",""https://vongbicongnghiep.vn/wp-content/uploads/2023/03/86231-1.png""]","","Bộ dụng cụ sửa chữa công nghiệp Lincoln 86231 dành cho máy bơm thùng phuy Power Master Van chân loại xẻng","[]","2005000","out_of_stock","vongbicongnghiep.vn-wc-store-api-category-search-skf","2026-04-29T13:49:37.195Z"
"41760","SKF","LL/802249-SKF","LL/802249-SKF","LL802249SKF","Con lăn SKF 802249","HỆ THỐNG BÔI TRƠN","HỆ THỐNG BÔI TRƠN | Phụ kiện bơm mỡ SKF","13288","phu-kien-bom-mo-skf","https://vongbicongnghiep.vn/san-pham/con-lan-skf-802249/","https://vongbicongnghiep.vn/wp-content/uploads/2023/03/802249.png","[""https://vongbicongnghiep.vn/wp-content/uploads/2023/03/802249.png"",""https://vongbicongnghiep.vn/wp-content/uploads/2023/03/802249-1.png""]","","Con lăn đẩy bôi trơn sử dụng cho bộ bôi trơn nhỏ 802175","[]","18146000","out_of_stock","vongbicongnghiep.vn-wc-store-api-category-search-skf","2026-04-29T13:49:37.195Z"
"41758","SKF","LL/802238-SKF","LL/802238-SKF","LL802238SKF","Bơm mỡ SKF 802238","HỆ THỐNG BÔI TRƠN","HỆ THỐNG BÔI TRƠN | Bơm dầu mỡ SKF | Phụ kiện bơm mỡ SKF","13288","phu-kien-bom-mo-skf","https://vongbicongnghiep.vn/san-pham/bom-mo-skf-802238/","https://vongbicongnghiep.vn/wp-content/uploads/2023/03/12.png","[""https://vongbicongnghiep.vn/wp-content/uploads/2023/03/12.png""]","","Bơm mỡ SKF 802238 Gói máy bơm và phụ kiện Lincoln đáng tin cậy bao gồm sê-ri 20 bơm mỡ 50:1, bộ lọc không khí, bộ điều chỉnh, đồng hồ đo, lưu lượng điều khiển, đai WRL với bánh cóc, ngắt kết nối nhanh bằng mỡ và phụ kiện bộ chuyển đổi.","[]","0","out_of_stock","vongbicongnghiep.vn-wc-store-api-category-search-skf","2026-04-29T13:49:37.195Z"
"41754","SKF","LL/620-40921-4-SKF","LL/620-40921-4-SKF","LL620409214SKF","Bộ chia mỡ SKF 620-40921-4","HỆ THỐNG BÔI TRƠN","HỆ THỐNG BÔI TRƠN | Phụ kiện bơm mỡ SKF","13288","phu-kien-bom-mo-skf","https://vongbicongnghiep.vn/san-pham/bo-chia-mo-skf-620-40921-4/","https://vongbicongnghiep.vn/wp-content/uploads/2023/03/620-40921-4.png","[""https://vongbicongnghiep.vn/wp-content/uploads/2023/03/620-40921-4.png""]","","Bộ chia mỡ VSG4-D1.5 Bộ dầu nhớt VSG Chất bôi trơn: Mỡ lên đến NLGI 3 /- Dầu có độ nhớt tối thiểu 20 mm²/s Áp suất vận hành tối đa: 400 bar 620-40921-4 – Lincoln Lubricant distributor VSG 4-D1,50 – 1,50 cm³ per outlet – max. + 80°C – 400 bar – Outlets: 4 – with dosage screw D","[]","7185000","in_stock","vongbicongnghiep.vn-wc-store-api-category-search-skf","2026-04-29T13:49:37.196Z"
"41751","SKF","LL/619-26474-3-SKF","LL/619-26474-3-SKF","LL619264743SKF","Bộ chia mỡ SKF 619-26474-3","HỆ THỐNG BÔI TRƠN","HỆ THỐNG BÔI TRƠN | Phụ kiện bơm mỡ SKF","13288","phu-kien-bom-mo-skf","https://vongbicongnghiep.vn/san-pham/bo-chia-mo-skf-619-26474-3/","https://vongbicongnghiep.vn/wp-content/uploads/2023/03/619-26474-3.png","[""https://vongbicongnghiep.vn/wp-content/uploads/2023/03/619-26474-3.png"",""https://vongbicongnghiep.vn/wp-content/uploads/2023/03/619-26474-3-1.png""]","","Thuộc bộ chia mỡ SSV, có thiết bị đo sáng","[]","2871000","out_of_stock","vongbicongnghiep.vn-wc-store-api-category-search-skf","2026-04-29T13:49:37.196Z"
"41747","SKF","LL/519-85224-1-SKF","LL/519-85224-1-SKF","LL519852241SKF","Máy dò piston SKF 519-85224-1","HỆ THỐNG BÔI TRƠN","HỆ THỐNG BÔI TRƠN | Phụ kiện bơm mỡ SKF","13288","phu-kien-bom-mo-skf","https://vongbicongnghiep.vn/san-pham/may-do-piston-skf-519-85224-1/","https://vongbicongnghiep.vn/wp-content/uploads/2023/03/519-85224-1.png","[""https://vongbicongnghiep.vn/wp-content/uploads/2023/03/519-85224-1.png"",""https://vongbicongnghiep.vn/wp-content/uploads/2023/03/519-85224-1-1.png""]","","Máy dò pít-tông để theo dõi các thiết bị đo sáng. Dùng cho bộ chia mỡ SSV & SSVD","[]","7372000","out_of_stock","vongbicongnghiep.vn-wc-store-api-category-search-skf","2026-04-29T13:49:37.196Z"
"41744","SKF","LL/505-36089-1-SKF","LL/505-36089-1-SKF","LL505360891SKF","Van một chiều với miếng đệm SKF 505-36089-1","HỆ THỐNG BÔI TRƠN","HỆ THỐNG BÔI TRƠN | Phụ kiện bơm mỡ SKF","13288","phu-kien-bom-mo-skf","https://vongbicongnghiep.vn/san-pham/van-mot-chieu-voi-mieng-dem-skf-505-36089-1/","https://vongbicongnghiep.vn/wp-content/uploads/2023/03/505-36089-1.png","[""https://vongbicongnghiep.vn/wp-content/uploads/2023/03/505-36089-1.png""]","","Dùng trong hệ thống bơm mỡ ZPU/08/14/24 Bộ phận thứ 21 trong hình","[]","4513000","in_stock","vongbicongnghiep.vn-wc-store-api-category-search-skf","2026-04-29T13:49:37.196Z"
"41742","SKF","LL/505-30405-3-SKF","LL/505-30405-3-SKF","LL505304053SKF","Bộ chia mỡ SKF 505-30405-3","HỆ THỐNG BÔI TRƠN","HỆ THỐNG BÔI TRƠN | Phụ kiện bơm mỡ SKF","13288","phu-kien-bom-mo-skf","https://vongbicongnghiep.vn/san-pham/bo-chia-mo-skf-505-30405-3/","https://vongbicongnghiep.vn/wp-content/uploads/2023/03/505-30405-3.png","[""https://vongbicongnghiep.vn/wp-content/uploads/2023/03/505-30405-3.png""]","","Thành phần máy bơm: Với Vòng chữ O; Đối với Bơm bôi trơn trung tâm áp suất cao Model ZPU08/14/24","[]","24420000","in_stock","vongbicongnghiep.vn-wc-store-api-category-search-skf","2026-04-29T13:49:37.196Z"
"41740","SKF","LL/432-24162-1-SKF","LL/432-24162-1-SKF","LL432241621SKF","Đầu nối SKF 432-24162-1","HỆ THỐNG BÔI TRƠN","HỆ THỐNG BÔI TRƠN | Phụ kiện bơm mỡ SKF","13288","phu-kien-bom-mo-skf","https://vongbicongnghiep.vn/san-pham/dau-noi-skf-432-24162-1/","https://vongbicongnghiep.vn/wp-content/uploads/2023/03/432-24162-1.png","[""https://vongbicongnghiep.vn/wp-content/uploads/2023/03/432-24162-1.png""]","","Đầu nối SKF 432-24162-1 chịu áp suất cao, đường kính d = 6mm","[]","61000","in_stock","vongbicongnghiep.vn-wc-store-api-category-search-skf","2026-04-29T13:49:37.196Z"
"41738","SKF","LL/303-16119-1-SKF","LL/303-16119-1-SKF","LL303161191SKF","Chốt định lượng mỡ SKF 303-16119-1","HỆ THỐNG BÔI TRƠN","HỆ THỐNG BÔI TRƠN | Phụ kiện bơm mỡ SKF","13288","phu-kien-bom-mo-skf","https://vongbicongnghiep.vn/san-pham/chot-dinh-luong-mo-skf-303-16119-1/","https://vongbicongnghiep.vn/wp-content/uploads/2023/03/303-16119-1.png","[""https://vongbicongnghiep.vn/wp-content/uploads/2023/03/303-16119-1.png""]","","Vít định lượng Lincoln 0.14cc cho bộ chia mỡ SSVD.","[]","202000","in_stock","vongbicongnghiep.vn-wc-store-api-category-search-skf","2026-04-29T13:49:37.196Z"
"41732","SKF","LL/VP-C-SKF","LL/VP-C-SKF","LLVPCSKF","Thanh chéo SKF VP-C","HỆ THỐNG BÔI TRƠN","HỆ THỐNG BÔI TRƠN | Phụ kiện bơm mỡ SKF","13288","phu-kien-bom-mo-skf","https://vongbicongnghiep.vn/san-pham/thanh-cheo-skf-llvp-c/","https://vongbicongnghiep.vn/wp-content/uploads/2023/03/VP-C.png","[""https://vongbicongnghiep.vn/wp-content/uploads/2023/03/VP-C.png""]","","","[]","799000","out_of_stock","vongbicongnghiep.vn-wc-store-api-category-search-skf","2026-04-29T13:49:37.196Z"
"41730","SKF","LL/VP2.09-SKF","LL/VP2.09-SKF","LLVP209SKF","Tấm đệm SKF VP2.09","HỆ THỐNG BÔI TRƠN","HỆ THỐNG BÔI TRƠN | Phụ kiện bơm mỡ SKF","13288","phu-kien-bom-mo-skf","https://vongbicongnghiep.vn/san-pham/tam-dem-skf-llvp2-09/","https://vongbicongnghiep.vn/wp-content/uploads/2023/03/VP2.09.png","[""https://vongbicongnghiep.vn/wp-content/uploads/2023/03/VP2.09.png""]","","Phù hợp với bộ chia mỡ VPG, VPM Khối lượng: 0.03 kg","[]","783000","out_of_stock","vongbicongnghiep.vn-wc-store-api-category-search-skf","2026-04-29T13:49:37.196Z"
"41728","SKF","LL/VP2.08-SKF","LL/VP2.08-SKF","LLVP208SKF","Tấm đệm SKF VP2.08","HỆ THỐNG BÔI TRƠN","HỆ THỐNG BÔI TRƠN | Phụ kiện bơm mỡ SKF","13288","phu-kien-bom-mo-skf","https://vongbicongnghiep.vn/san-pham/tam-dem-skf-llvp2-08/","https://vongbicongnghiep.vn/wp-content/uploads/2023/03/VP2.08.png","[""https://vongbicongnghiep.vn/wp-content/uploads/2023/03/VP2.08.png""]","","Phù hợp bộ chia mỡ VPG/VPM Khối lượng: 0.03 kg","[]","367000","out_of_stock","vongbicongnghiep.vn-wc-store-api-category-search-skf","2026-04-29T13:49:37.196Z"
"41724","SKF","LL/VPBM-10-SKF","LL/VPBM-10-SKF","LLVPBM10SKF","Bộ chia mỡ SKF VPBM-10","HỆ THỐNG BÔI TRƠN","HỆ THỐNG BÔI TRƠN | Bộ chia mỡ Lincoln | Phụ kiện bơm mỡ SKF","13288","phu-kien-bom-mo-skf","https://vongbicongnghiep.vn/san-pham/bo-chia-mo-skf-vpbm-10/","https://vongbicongnghiep.vn/wp-content/uploads/2023/03/VP10.png","[""https://vongbicongnghiep.vn/wp-content/uploads/2023/03/VP10.png"",""https://vongbicongnghiep.vn/wp-content/uploads/2023/03/VPBM-10.png""]","","","[]","9306000","out_of_stock","vongbicongnghiep.vn-wc-store-api-category-search-skf","2026-04-29T13:49:37.196Z"
"41723","SKF","LL/VPBM-9-SKF","LL/VPBM-9-SKF","LLVPBM9SKF","Bộ chia mỡ SKF VPBM-9","HỆ THỐNG BÔI TRƠN","HỆ THỐNG BÔI TRƠN | Bộ chia mỡ Lincoln | Phụ kiện bơm mỡ SKF","13288","phu-kien-bom-mo-skf","https://vongbicongnghiep.vn/san-pham/bo-chia-mo-skf-vpbm-9/","https://vongbicongnghiep.vn/wp-content/uploads/2023/03/VP99.png","[""https://vongbicongnghiep.vn/wp-content/uploads/2023/03/VP99.png"",""https://vongbicongnghiep.vn/wp-content/uploads/2023/03/VP9.png""]","","","[]","8215000","out_of_stock","vongbicongnghiep.vn-wc-store-api-category-search-skf","2026-04-29T13:49:37.196Z"
"41722","SKF","LL/VPBM-8-SKF","LL/VPBM-8-SKF","LLVPBM8SKF","Bộ chia mỡ SKF VPBM-8","HỆ THỐNG BÔI TRƠN","HỆ THỐNG BÔI TRƠN | Phụ kiện bơm mỡ SKF","13288","phu-kien-bom-mo-skf","https://vongbicongnghiep.vn/san-pham/bo-chia-mo-skf-vpbm-8/","https://vongbicongnghiep.vn/wp-content/uploads/2023/03/VP8.png","[""https://vongbicongnghiep.vn/wp-content/uploads/2023/03/VP8.png"",""https://vongbicongnghiep.vn/wp-content/uploads/2023/03/VPBM-8.png""]","","","[]","7271000","out_of_stock","vongbicongnghiep.vn-wc-store-api-category-search-skf","2026-04-29T13:49:37.196Z"
"41720","SKF","LL/VPBM-7-SKF","LL/VPBM-7-SKF","LLVPBM7SKF","Bộ chia mỡ SKF VPBM-7","HỆ THỐNG BÔI TRƠN","HỆ THỐNG BÔI TRƠN | Phụ kiện bơm mỡ SKF","13288","phu-kien-bom-mo-skf","https://vongbicongnghiep.vn/san-pham/bo-chia-mo-skf-vpbm-7/","https://vongbicongnghiep.vn/wp-content/uploads/2023/03/VPBM-7.png","[""https://vongbicongnghiep.vn/wp-content/uploads/2023/03/VPBM-7.png"",""https://vongbicongnghiep.vn/wp-content/uploads/2023/03/VPBM-7.png""]","","","[]","6542000","out_of_stock","vongbicongnghiep.vn-wc-store-api-category-search-skf","2026-04-29T13:49:37.196Z"
"41719","SKF","LL/VPBM-6-SKF","LL/VPBM-6-SKF","LLVPBM6SKF","Bộ chia mỡ SKF VPBM-6","HỆ THỐNG BÔI TRƠN","HỆ THỐNG BÔI TRƠN | Phụ kiện bơm mỡ SKF","13288","phu-kien-bom-mo-skf","https://vongbicongnghiep.vn/san-pham/bo-chia-mo-skf-vpbm-6/","https://vongbicongnghiep.vn/wp-content/uploads/2023/03/VP6.png","[""https://vongbicongnghiep.vn/wp-content/uploads/2023/03/VP6.png"",""https://vongbicongnghiep.vn/wp-content/uploads/2023/03/VPBM6.png""]","","","[]","5585000","out_of_stock","vongbicongnghiep.vn-wc-store-api-category-search-skf","2026-04-29T13:49:37.196Z"
"41717","SKF","LL/VPBM-5-SKF","LL/VPBM-5-SKF","LLVPBM5SKF","Bộ chia mỡ SKF VPBM-5","HỆ THỐNG BÔI TRƠN","HỆ THỐNG BÔI TRƠN | Bơm dầu mỡ SKF | Phụ kiện bơm mỡ SKF","13288","phu-kien-bom-mo-skf","https://vongbicongnghiep.vn/san-pham/bo-chia-mo-skf-vpbm-5/","https://vongbicongnghiep.vn/wp-content/uploads/2023/03/vpbm5cc.png","[""https://vongbicongnghiep.vn/wp-content/uploads/2023/03/vpbm5cc.png"",""https://vongbicongnghiep.vn/wp-content/uploads/2023/03/VPBM5.png"",""https://vongbicongnghiep.vn/wp-content/uploads/2023/03/Screenshot-2023-03-24-140236.png""]","","","[]","4933000","out_of_stock","vongbicongnghiep.vn-wc-store-api-category-search-skf","2026-04-29T13:49:37.196Z"
"41715","SKF","LL/VPBM-4-SKF","LL/VPBM-4-SKF","LLVPBM4SKF","Bộ chia mỡ SKF VPBM-4","Phụ kiện bơm mỡ SKF","Phụ kiện bơm mỡ SKF | HỆ THỐNG BÔI TRƠN","13288","phu-kien-bom-mo-skf","https://vongbicongnghiep.vn/san-pham/bo-chia-mo-skf-vpbm-4/","https://vongbicongnghiep.vn/wp-content/uploads/2023/03/Screenshot-2023-03-24-165232.png","[""https://vongbicongnghiep.vn/wp-content/uploads/2023/03/Screenshot-2023-03-24-165232.png""]","","","[]","4039000","out_of_stock","vongbicongnghiep.vn-wc-store-api-category-search-skf","2026-04-29T13:49:37.196Z"
"41647","SKF","LL/VPBM-3-SKF","LL/VPBM-3-SKF","LLVPBM3SKF","Bộ chia mỡ SKF VPBM-3","HỆ THỐNG BÔI TRƠN","HỆ THỐNG BÔI TRƠN | Phụ kiện bơm mỡ SKF","13288","phu-kien-bom-mo-skf","https://vongbicongnghiep.vn/san-pham/bo-chia-mo-skf-vpbm-3-2/","https://vongbicongnghiep.vn/wp-content/uploads/2023/03/Screenshot-2023-03-24-165232.png","[""https://vongbicongnghiep.vn/wp-content/uploads/2023/03/Screenshot-2023-03-24-165232.png"",""https://vongbicongnghiep.vn/wp-content/uploads/2023/03/Screenshot-2023-03-24-140236.png"",""https://vongbicongnghiep.vn/wp-content/uploads/2023/03/Screenshot-2023-03-24-165232.png""]","","","[]","3415000","out_of_stock","vongbicongnghiep.vn-wc-store-api-category-search-skf","2026-04-29T13:49:37.196Z"
"41675","SKF","LL/406-433-SKF","LL/406-433-SKF","LL406433SKF","Đầu nối nhanh SKF 406-433","HỆ THỐNG BÔI TRƠN","HỆ THỐNG BÔI TRƠN | Phụ kiện bơm mỡ SKF","13288","phu-kien-bom-mo-skf","https://vongbicongnghiep.vn/san-pham/dau-noi-nhanh-skf-406-433/","https://vongbicongnghiep.vn/wp-content/uploads/2023/03/406-433-1.png","[""https://vongbicongnghiep.vn/wp-content/uploads/2023/03/406-433-1.png""]","","Loại thẳng, đẩy để kết nối, ống 6mm, M8x1mm","[]","58000","out_of_stock","vongbicongnghiep.vn-wc-store-api-category-search-skf","2026-04-29T13:49:37.196Z"
"41649","SKF","LL/406-455W-SKF","LL/406-455W-SKF","LL406455WSKF","Đầu nối góc SKF 406-455W","HỆ THỐNG BÔI TRƠN","HỆ THỐNG BÔI TRƠN | Phụ kiện bơm mỡ SKF","13288","phu-kien-bom-mo-skf","https://vongbicongnghiep.vn/san-pham/dau-noi-goc-skf-406-455w/","https://vongbicongnghiep.vn/wp-content/uploads/2023/03/406-455W.png","[""https://vongbicongnghiep.vn/wp-content/uploads/2023/03/406-455W.png""]","","Loại vuông, vặn để kết nối, ống 6mm, R1/8″","[]","136000","out_of_stock","vongbicongnghiep.vn-wc-store-api-category-search-skf","2026-04-29T13:49:37.196Z"
"41638","SKF","LAGF 50-SKF","LAGF 50-SKF","LAGF50SKF","Bơm Mỡ SKF LAGF 50","HỆ THỐNG BÔI TRƠN","HỆ THỐNG BÔI TRƠN | Phụ kiện bơm mỡ SKF","13288","phu-kien-bom-mo-skf","https://vongbicongnghiep.vn/san-pham/bom-mo-skf-lagf-50/","https://vongbicongnghiep.vn/wp-content/uploads/2023/03/LAGF.png","[""https://vongbicongnghiep.vn/wp-content/uploads/2023/03/LAGF.png""]","","Bơm Mỡ SKF LAGF 50 Thông số Kỹ thuật Ký hiệu LAGF 18 LAGF 50 Áp suất lớn nhất 30 bar (430 psi) 30 bar (430 psi) Thể tích/Hành trình Xấp xỉ 45 cm³ (1.5 US fl. oz) Xấp xỉ 45 cm³ (1.5 US fl. oz) Kích thước phù hợp của thùng mỡ – Đường kính bên trong 265-285 mm (10.4-11.2 in.) 350-385 mm (13.8-15.2 in.) – Chiều cao lớn nhất bên trong 420 mm (16.5 in.) 675 mm (26.6 in.) Trọng lượng 5 kg (11 lb) 7 kg (15 lb)","[]","8515000","out_of_stock","vongbicongnghiep.vn-wc-store-api-category-search-skf","2026-04-29T13:49:37.196Z"
"41625","SKF","LL/443-710-061-SKF","LL/443-710-061-SKF","LL443710061SKF","Đầu nối giảm SKF 443-710-061","HỆ THỐNG BÔI TRƠN","HỆ THỐNG BÔI TRƠN | Phụ kiện bơm mỡ SKF","13288","phu-kien-bom-mo-skf","https://vongbicongnghiep.vn/san-pham/giac-noi-giam-skf-443-710-061/","https://vongbicongnghiep.vn/wp-content/uploads/2023/03/408-406.png","[""https://vongbicongnghiep.vn/wp-content/uploads/2023/03/408-406.png"",""https://vongbicongnghiep.vn/wp-content/uploads/2023/03/408-406-1.png""]","","Dùng nối ống D 10mm, D1 8mm","[]","3585000","out_of_stock","vongbicongnghiep.vn-wc-store-api-category-search-skf","2026-04-29T13:49:39.164Z"
"41624","SKF","LL/410-408-SKF","LL/410-408-SKF","LL410408SKF","Đầu nối giảm SKF 410-408","HỆ THỐNG BÔI TRƠN","HỆ THỐNG BÔI TRƠN | Phụ kiện bơm mỡ SKF","13288","phu-kien-bom-mo-skf","https://vongbicongnghiep.vn/san-pham/giac-noi-giam-skf-410-408/","https://vongbicongnghiep.vn/wp-content/uploads/2023/03/408-406.png","[""https://vongbicongnghiep.vn/wp-content/uploads/2023/03/408-406.png"",""https://vongbicongnghiep.vn/wp-content/uploads/2023/03/408-406-1.png""]","","Dùng cho ống: D 8mm, D1 10 mm","[]","362000","out_of_stock","vongbicongnghiep.vn-wc-store-api-category-search-skf","2026-04-29T13:49:39.164Z"
"41623","SKF","LL/410-406-SKF","LL/410-406-SKF","LL410406SKF","Đầu nối giảm SKF 410-406","HỆ THỐNG BÔI TRƠN","HỆ THỐNG BÔI TRƠN | Phụ kiện bơm mỡ SKF","13288","phu-kien-bom-mo-skf","https://vongbicongnghiep.vn/san-pham/giac-noi-giam-skf-410-406/","https://vongbicongnghiep.vn/wp-content/uploads/2023/03/408-406.png","[""https://vongbicongnghiep.vn/wp-content/uploads/2023/03/408-406.png"",""https://vongbicongnghiep.vn/wp-content/uploads/2023/03/408-406-1.png""]","","D 6mm, D1 10mm","[]","202000","out_of_stock","vongbicongnghiep.vn-wc-store-api-category-search-skf","2026-04-29T13:49:39.164Z"
"41619","SKF","LL/408-406-SKF","LL/408-406-SKF","LL408406SKF","Đầu nối giảm SKF 408-406","HỆ THỐNG BÔI TRƠN","HỆ THỐNG BÔI TRƠN | Phụ kiện bơm mỡ SKF","13288","phu-kien-bom-mo-skf","https://vongbicongnghiep.vn/san-pham/khop-noi-giam-skf-408-406/","https://vongbicongnghiep.vn/wp-content/uploads/2023/03/408-406.png","[""https://vongbicongnghiep.vn/wp-content/uploads/2023/03/408-406.png"",""https://vongbicongnghiep.vn/wp-content/uploads/2023/03/408-406-1.png""]","","Kết nối thẳng D 6mm, D1 8mm","[]","200000","out_of_stock","vongbicongnghiep.vn-wc-store-api-category-search-skf","2026-04-29T13:49:39.164Z"
"41617","SKF","LL/410-410-SKF","LL/410-410-SKF","LL410410SKF","Đầu nối thẳng SKF 410-410","HỆ THỐNG BÔI TRƠN","HỆ THỐNG BÔI TRƠN | Phụ kiện bơm mỡ SKF","13288","phu-kien-bom-mo-skf","https://vongbicongnghiep.vn/san-pham/dau-noi-thang-skf-410-410/","https://vongbicongnghiep.vn/wp-content/uploads/2023/03/406-406-1.png","[""https://vongbicongnghiep.vn/wp-content/uploads/2023/03/406-406-1.png"",""https://vongbicongnghiep.vn/wp-content/uploads/2023/03/406-406.png"",""https://vongbicongnghiep.vn/wp-content/uploads/2023/03/406-406-2.png""]","","Đùng để kết nối ống với ống Vật liệu thép mạ kẽm Thích hợp cho đường kính ống 10 mm (d) đến 10 mm (d1) L sê-ri Dùng cho đai ốc và vòng cắt","[]","170000","out_of_stock","vongbicongnghiep.vn-wc-store-api-category-search-skf","2026-04-29T13:49:39.164Z"
"41616","SKF","LL/408-408-SKF","LL/408-408-SKF","LL408408SKF","Đầu nối thẳng SKF 408-408","HỆ THỐNG BÔI TRƠN","HỆ THỐNG BÔI TRƠN | Phụ kiện bơm mỡ SKF","13288","phu-kien-bom-mo-skf","https://vongbicongnghiep.vn/san-pham/dau-noi-thang-skf-408-408/","https://vongbicongnghiep.vn/wp-content/uploads/2023/03/406-406-1.png","[""https://vongbicongnghiep.vn/wp-content/uploads/2023/03/406-406-1.png"",""https://vongbicongnghiep.vn/wp-content/uploads/2023/03/406-406.png"",""https://vongbicongnghiep.vn/wp-content/uploads/2023/03/406-406-2.png""]","","Đùng để kết nối ống với ống Vật liệu thép mạ kẽm Thích hợp cho đường kính ống 8 mm (d) đến 8 mm (d1) L sê-ri Dùng cho đai ốc và vòng cắt","[]","339000","out_of_stock","vongbicongnghiep.vn-wc-store-api-category-search-skf","2026-04-29T13:49:39.164Z"
"41612","SKF","LL/406-406-SKF","LL/406-406-SKF","LL406406SKF","Đầu nối thẳng SKF 406-406","HỆ THỐNG BÔI TRƠN","HỆ THỐNG BÔI TRƠN | Phụ kiện bơm mỡ SKF","13288","phu-kien-bom-mo-skf","https://vongbicongnghiep.vn/san-pham/dau-noi-thang-skf-406-406/","https://vongbicongnghiep.vn/wp-content/uploads/2023/03/406-406-1.png","[""https://vongbicongnghiep.vn/wp-content/uploads/2023/03/406-406-1.png"",""https://vongbicongnghiep.vn/wp-content/uploads/2023/03/406-406.png"",""https://vongbicongnghiep.vn/wp-content/uploads/2023/03/406-406-2.png""]","","Dùng để nối ống với ống, D 6mm Vật liệu: Thép mạ kẽm Thích hợp cho đường kính ống 6 mm (d) đến 6 mm (d1) L sê-ri Dùng cho đai ốc và vòng cắt","[]","136000","out_of_stock","vongbicongnghiep.vn-wc-store-api-category-search-skf","2026-04-29T13:49:39.164Z"
"41609","SKF","LL/406-426-VS-SKF","LL/406-426-VS-SKF","LL406426VSSKF","Đầu nối nhanh SKF 406-426-VS","HỆ THỐNG BÔI TRƠN","HỆ THỐNG BÔI TRƠN | Phụ kiện bơm mỡ SKF","13288","phu-kien-bom-mo-skf","https://vongbicongnghiep.vn/san-pham/dau-noi-nhanh-skf-406-426-vs/","https://vongbicongnghiep.vn/wp-content/uploads/2023/03/406-426-VS.png","[""https://vongbicongnghiep.vn/wp-content/uploads/2023/03/406-426-VS.png"",""https://vongbicongnghiep.vn/wp-content/uploads/2023/03/406-426-VS-1.png""]","","Đẩy vào để kết nối Vật liệu: Đồng thau/Thép mạ kẽm Áp suất tối đa: 300 bar Thích hợp cho đường kính ống 6 mm","[]","315000","out_of_stock","vongbicongnghiep.vn-wc-store-api-category-search-skf","2026-04-29T13:49:39.164Z"
"41606","SKF","LL/455-565-068-VS-SKF","LL/455-565-068-VS-SKF","LL455565068VSSKF","Đầu nối góc SKF 455-565-068-VS","HỆ THỐNG BÔI TRƠN","HỆ THỐNG BÔI TRƠN | Phụ kiện bơm mỡ SKF","13288","phu-kien-bom-mo-skf","https://vongbicongnghiep.vn/san-pham/khop-noi-skf-455-565-068-vs/","https://vongbicongnghiep.vn/wp-content/uploads/2023/03/455-546-068-VS-1.png","[""https://vongbicongnghiep.vn/wp-content/uploads/2023/03/455-546-068-VS-1.png"",""https://vongbicongnghiep.vn/wp-content/uploads/2023/03/455-565-068-VS.png""]","","Loại vuông, đẩy để kết nối, ống 6mm, R1/4","[]","317000","out_of_stock","vongbicongnghiep.vn-wc-store-api-category-search-skf","2026-04-29T13:49:39.164Z"
"41604","SKF","LL/455-546-068-VS-SKF","LL/455-546-068-VS-SKF","LL455546068VSSKF","Đầu nối góc SKF 455-546-068-VS","HỆ THỐNG BÔI TRƠN","HỆ THỐNG BÔI TRƠN | Phụ kiện bơm mỡ SKF","13288","phu-kien-bom-mo-skf","https://vongbicongnghiep.vn/san-pham/khop-noi-skf-455-546-068-vs/","https://vongbicongnghiep.vn/wp-content/uploads/2023/03/455-546-068-VS.png","[""https://vongbicongnghiep.vn/wp-content/uploads/2023/03/455-546-068-VS.png""]","","Loại vuông, đẩy để kết nối, ống 6mm, M6x1mm","[]","323000","out_of_stock","vongbicongnghiep.vn-wc-store-api-category-search-skf","2026-04-29T13:49:39.164Z"
"41602","SKF","LL/455-529-068-VS-SKF","LL/455-529-068-VS-SKF","LL455529068VSSKF","Đầu nối góc SKF 455-529-068-VS","HỆ THỐNG BÔI TRƠN","HỆ THỐNG BÔI TRƠN | Phụ kiện bơm mỡ SKF","13288","phu-kien-bom-mo-skf","https://vongbicongnghiep.vn/san-pham/khop-noi-skf-455-529-068-vs/","https://vongbicongnghiep.vn/wp-content/uploads/2023/03/455-529-068-VS.png","[""https://vongbicongnghiep.vn/wp-content/uploads/2023/03/455-529-068-VS.png""]","","Loại vuông, đẩy để kết nối, ống 6mm, M8x1mm","[]","266000","out_of_stock","vongbicongnghiep.vn-wc-store-api-category-search-skf","2026-04-29T13:49:39.164Z"
"41598","SKF","LL/451-006-498-VS-SKF","LL/451-006-498-VS-SKF","LL451006498VSSKF","Đầu nối nhanh SKF 451-006-498-VS","HỆ THỐNG BÔI TRƠN","HỆ THỐNG BÔI TRƠN | Phụ kiện bơm mỡ SKF","13288","phu-kien-bom-mo-skf","https://vongbicongnghiep.vn/san-pham/khop-noi-nhanh-skf-451-006-498-vs/","https://vongbicongnghiep.vn/wp-content/uploads/2023/03/451-006-498-VS.png","[""https://vongbicongnghiep.vn/wp-content/uploads/2023/03/451-006-498-VS.png""]","","Loại thẳng, đẩy để kết nối, ống 6 mm, M8x1mm","[]","158000","out_of_stock","vongbicongnghiep.vn-wc-store-api-category-search-skf","2026-04-29T13:49:39.164Z"
"41596","SKF","LL/451-006-468-VS-SKF","LL/451-006-468-VS-SKF","LL451006468VSSKF","Đầu nối nhanh SKF 451-006-468-VS","HỆ THỐNG BÔI TRƠN","HỆ THỐNG BÔI TRƠN | Phụ kiện bơm mỡ SKF","13288","phu-kien-bom-mo-skf","https://vongbicongnghiep.vn/san-pham/khop-noi-nhanh-skf-451-006-468-vs/","https://vongbicongnghiep.vn/wp-content/uploads/2023/03/451-006-468-VS-1.png","[""https://vongbicongnghiep.vn/wp-content/uploads/2023/03/451-006-468-VS-1.png""]","","Loại thẳng, đẩy để kết nối, ống 6mm, M6","[]","158000","out_of_stock","vongbicongnghiep.vn-wc-store-api-category-search-skf","2026-04-29T13:49:39.164Z"
"41594","SKF","LL/406-435-SKF","LL/406-435-SKF","LL406435SKF","Đầu nối góc SKF 406-435","HỆ THỐNG BÔI TRƠN","HỆ THỐNG BÔI TRƠN | Phụ kiện bơm mỡ SKF","13288","phu-kien-bom-mo-skf","https://vongbicongnghiep.vn/san-pham/khop-noi-skf-406-435/","https://vongbicongnghiep.vn/wp-content/uploads/2023/03/406-435.png","[""https://vongbicongnghiep.vn/wp-content/uploads/2023/03/406-435.png""]","","Loại vuông, vặn để kết nối, ống 6mm, M8x1","[]","123000","out_of_stock","vongbicongnghiep.vn-wc-store-api-category-search-skf","2026-04-29T13:49:39.164Z"
"41592","SKF","LL/406-445-SKF","LL/406-445-SKF","LL406445SKF","Đầu nối góc SKF 406-445","HỆ THỐNG BÔI TRƠN","HỆ THỐNG BÔI TRƠN | Phụ kiện bơm mỡ SKF","13288","phu-kien-bom-mo-skf","https://vongbicongnghiep.vn/san-pham/khop-noi-skf-406-445/","https://vongbicongnghiep.vn/wp-content/uploads/2023/03/406-445.png","[""https://vongbicongnghiep.vn/wp-content/uploads/2023/03/406-445.png""]","","Loại vuông góc, ống 6mm, M6","[]","113000","out_of_stock","vongbicongnghiep.vn-wc-store-api-category-search-skf","2026-04-29T13:49:39.164Z"
"41590","SKF","LL/406-425-SKF","LL/406-425-SKF","LL406425SKF","Đầu nối góc SKF 406-425","HỆ THỐNG BÔI TRƠN","HỆ THỐNG BÔI TRƠN | Phụ kiện bơm mỡ SKF","13288","phu-kien-bom-mo-skf","https://vongbicongnghiep.vn/san-pham/khop-noi-skf-406-425/","https://vongbicongnghiep.vn/wp-content/uploads/2023/03/406-425.png","[""https://vongbicongnghiep.vn/wp-content/uploads/2023/03/406-425.png""]","","Loại vuông góc, ống 6mm, M10x1mm","[]","110000","out_of_stock","vongbicongnghiep.vn-wc-store-api-category-search-skf","2026-04-29T13:49:39.164Z"
"41589","SKF","LL/406-403W-SKF","LL/406-403W-SKF","LL406403WSKF","Đầu nối SKF 406-403W","HỆ THỐNG BÔI TRƠN","HỆ THỐNG BÔI TRƠN | Phụ kiện bơm mỡ SKF","13288","phu-kien-bom-mo-skf","https://vongbicongnghiep.vn/san-pham/khop-noi-skf-406-403w/","https://vongbicongnghiep.vn/wp-content/uploads/2023/03/406-403-1.png","[""https://vongbicongnghiep.vn/wp-content/uploads/2023/03/406-403-1.png""]","","Loại thẳng, vặn để kết nối, ống 6mm, G1/8","[]","165000","out_of_stock","vongbicongnghiep.vn-wc-store-api-category-search-skf","2026-04-29T13:49:39.164Z"
"41588","SKF","LL/96-0204-0058-SKF","LL/96-0204-0058-SKF","LL9602040058SKF","Đầu nối SKF 96-0204-0058","HỆ THỐNG BÔI TRƠN","HỆ THỐNG BÔI TRƠN | Phụ kiện bơm mỡ SKF","13288","phu-kien-bom-mo-skf","https://vongbicongnghiep.vn/san-pham/khop-noi-skf-96-0204-0058/","https://vongbicongnghiep.vn/wp-content/uploads/2023/03/406-433.png","[""https://vongbicongnghiep.vn/wp-content/uploads/2023/03/406-433.png""]","","Loại thẳng, vặn để kết nối, ống 6mm, G1/4","[]","88000","out_of_stock","vongbicongnghiep.vn-wc-store-api-category-search-skf","2026-04-29T13:49:39.164Z"
"41586","SKF","LL/406-443-SKF","LL/406-443-SKF","LL406443SKF","Đầu nối SKF 406-443","HỆ THỐNG BÔI TRƠN","HỆ THỐNG BÔI TRƠN | Phụ kiện bơm mỡ SKF","13288","phu-kien-bom-mo-skf","https://vongbicongnghiep.vn/san-pham/khop-noi-skf-406-443/","https://vongbicongnghiep.vn/wp-content/uploads/2023/03/406-433.png","[""https://vongbicongnghiep.vn/wp-content/uploads/2023/03/406-433.png""]","","Loại thẳng, vặn để kết nối Ống 6mm, M6 Ống 6mm, M8x1mm","[]","58000","out_of_stock","vongbicongnghiep.vn-wc-store-api-category-search-skf","2026-04-29T13:49:39.164Z"
"41585","SKF","LL/113-35075-3-SKF","LL/113-35075-3-SKF","LL113350753SKF","Vòng xoắn nhựa SKF 113-35075-3","HỆ THỐNG BÔI TRƠN","HỆ THỐNG BÔI TRƠN | Phụ kiện bơm mỡ SKF","13288","phu-kien-bom-mo-skf","https://vongbicongnghiep.vn/san-pham/vong-xoan-nhua-skf-113-35075-3/","https://vongbicongnghiep.vn/wp-content/uploads/2023/03/113-35075-2-1.png","[""https://vongbicongnghiep.vn/wp-content/uploads/2023/03/113-35075-2-1.png""]","","Vòng xoắn nhựa 12 mm","[]","76000","out_of_stock","vongbicongnghiep.vn-wc-store-api-category-search-skf","2026-04-29T13:49:39.164Z"
"41583","SKF","LL/113-35075-2-SKF","LL/113-35075-2-SKF","LL113350752SKF","Ống xoắn nhựa SKF 113-35075-2","HỆ THỐNG BÔI TRƠN","HỆ THỐNG BÔI TRƠN | Phụ kiện bơm mỡ SKF","13288","phu-kien-bom-mo-skf","https://vongbicongnghiep.vn/san-pham/vong-xoan-nhua-skf-113-35075-2/","https://vongbicongnghiep.vn/wp-content/uploads/2023/03/113-35075-2.png","[""https://vongbicongnghiep.vn/wp-content/uploads/2023/03/113-35075-2.png""]","","Làm từ nhựa, d = 6mm","[]","58000","out_of_stock","vongbicongnghiep.vn-wc-store-api-category-search-skf","2026-04-29T13:49:39.164Z"
"41580","SKF","LL/982-760-061-SKF","LL/982-760-061-SKF","LL982760061SKF","Vòng xoắn bảo vệ SKF 982-760-061","HỆ THỐNG BÔI TRƠN","HỆ THỐNG BÔI TRƠN | Phụ kiện bơm mỡ SKF","13288","phu-kien-bom-mo-skf","https://vongbicongnghiep.vn/san-pham/vong-xoan-bao-ve-skf-982-760-061/","https://vongbicongnghiep.vn/wp-content/uploads/2023/03/982-760-001.png","[""https://vongbicongnghiep.vn/wp-content/uploads/2023/03/982-760-001.png""]","","Dùng bảo vệ dây","[]","93000","out_of_stock","vongbicongnghiep.vn-wc-store-api-category-search-skf","2026-04-29T13:49:39.164Z"
"41576","SKF","LL/SL-32HV-SKF","LL/SL-32HV-SKF","LLSL32HVSKF","Thiết bị chia mỡ SKF SL-32HV","HỆ THỐNG BÔI TRƠN","HỆ THỐNG BÔI TRƠN | Bộ chia mỡ Lincoln | Phụ kiện bơm mỡ SKF","13288","phu-kien-bom-mo-skf","https://vongbicongnghiep.vn/san-pham/thiet-bi-chia-mo-skf-sl-32hv/","https://vongbicongnghiep.vn/wp-content/uploads/2023/03/SL-32HV.png","[""https://vongbicongnghiep.vn/wp-content/uploads/2023/03/SL-32HV.png""]","","Sử dụng trong các hệ thống bôi trơn một điểm, thiết bị đo lường SL-32HV dành cho các hệ thống bôi trơn tập trung áp suất cao, một điểm phân phối dựa trên dầu mỏ, chất bôi trơn có độ nhớt lên đến NLGI 2. Đầu ra được điều chỉnh bên ngoài, các chỉ số gốc cho phép kiểm tra hoạt động của thiết bị đo đếm. Thiết bị đo lường riêng lẻ có thể tháo ra dễ dàng để kiểm tra hoặc thay thế. Các tính năng và lợi ích: Vận chuyển đa tạp từ 1 đến 10 cổng để phù hợp với số điểm bôi trơn • Đầu ra có thể điều chỉnh bên ngoài • Thân đèn báo cho phép kiểm tra trực quan hoạt động • Có thể tháo lắp dễ dàng để kiểm tra hoặc thay thế • Có sẵn bằng thép không gỉ SAE 304 Ứng dụng trong: • Tự động hóa trong công nghiệp • Đồ ăn và đồ uống • Thiết bị viễn thông • Bột giấy và giấy • Công nghiệp nặng • Công cụ máy móc, ngành thép • Thi công • Năng lượng gió • Dầu khí • Lâm nghiệp • Hàng hải","[]","0","out_of_stock","vongbicongnghiep.vn-wc-store-api-category-search-skf","2026-04-29T13:49:39.164Z"
"41572","SKF","SL-32H-SKF","SL-32H-SKF","SL32HSKF","Thiết bị chia mỡ SKF SL-32","HỆ THỐNG BÔI TRƠN","HỆ THỐNG BÔI TRƠN | Phụ kiện bơm mỡ SKF","13288","phu-kien-bom-mo-skf","https://vongbicongnghiep.vn/san-pham/thiet-bi-chia-mo-skf-sl-32/","https://vongbicongnghiep.vn/wp-content/uploads/2023/03/SL-32.png","[""https://vongbicongnghiep.vn/wp-content/uploads/2023/03/SL-32.png"",""https://vongbicongnghiep.vn/wp-content/uploads/2023/03/SL-32-1.png"",""https://vongbicongnghiep.vn/wp-content/uploads/2023/03/SL-32-2.png""]","","Sử dụng trong các hệ thống bôi trơn một điểm, Sê-ri thiết bị đo lường SL-32 dành cho các hệ thống bôi trơn tập trung áp suất cao, phân phối một điểm dựa trên dầu mỏ, chất bôi trơn có độ nhớt lên đến NLGI 2. Đầu ra được điều chỉnh bên ngoài, các chỉ số gốc cho phép kiểm tra hoạt động của thiết bị đo đếm. Thiết bị đo lường riêng lẻ có thể tháo ra dễ dàng để kiểm tra hoặc thay thế. Các tính năng và lợi ích: Vận chuyển đa tạp từ 1 đến 4 cổng để phù hợp với số điểm bôi trơn • Đầu ra có thể điều chỉnh bên ngoài • Thân đèn báo cho phép kiểm tra trực quan hoạt động • Có thể tháo lắp dễ dàng để kiểm tra hoặc thay thế • Có sẵn bằng thép không gỉ SAE 304 Ứng dụng trong: • Tự động hóa trong công nghiệp • Đồ ăn và đồ uống • Thiết bị viễn thông • Bột giấy và giấy • Công nghiệp nặng • Công cụ máy móc • Thi công • Năng lượng gió • Dầu khí • Lâm nghiệp • Hàng hải","[]","0","out_of_stock","vongbicongnghiep.vn-wc-store-api-category-search-skf","2026-04-29T13:49:39.164Z"
"41567","SKF","LL/VP.175-SKF","LL/VP.175-SKF","LLVP175SKF","Trục vít kết nối SKF VP.175","HỆ THỐNG BÔI TRƠN","HỆ THỐNG BÔI TRƠN | Phụ kiện bơm mỡ SKF","13288","phu-kien-bom-mo-skf","https://vongbicongnghiep.vn/san-pham/truc-vit-ket-noi-skf-vp-175/","https://vongbicongnghiep.vn/wp-content/uploads/2023/03/Screenshot-2023-03-21-111824.png","[""https://vongbicongnghiep.vn/wp-content/uploads/2023/03/Screenshot-2023-03-21-111824.png"",""https://vongbicongnghiep.vn/wp-content/uploads/2023/03/Screenshot-2023-03-21-111824.png"",""https://vongbicongnghiep.vn/wp-content/uploads/2023/03/Screenshot-2023-03-21-083545.png"",""https://vongbicongnghiep.vn/wp-content/uploads/2023/03/Screenshot-2023-03-21-111314.png""]","","","[]","159000","out_of_stock","vongbicongnghiep.vn-wc-store-api-category-search-skf","2026-04-29T13:49:39.164Z"
"41562","SKF","LL/VPM-K-1T-PS-SKF","LL/VPM-K-1T-PS-SKF","LLVPMK1TPSSKF","Bộ chia mỡ SKF VPM-K-1T-PS","HỆ THỐNG BÔI TRƠN","HỆ THỐNG BÔI TRƠN | Bộ chia mỡ Lincoln | Phụ kiện bơm mỡ SKF","13288","phu-kien-bom-mo-skf","https://vongbicongnghiep.vn/san-pham/bo-chia-mo-skf-vpm-k-1t-ps/","https://vongbicongnghiep.vn/wp-content/uploads/2023/03/Screenshot-2023-03-21-094222.png","[""https://vongbicongnghiep.vn/wp-content/uploads/2023/03/Screenshot-2023-03-21-094222.png"",""https://vongbicongnghiep.vn/wp-content/uploads/2023/03/Screenshot-2023-03-21-094613.png"",""https://vongbicongnghiep.vn/wp-content/uploads/2023/03/Screenshot-2023-03-21-094600.png"",""https://vongbicongnghiep.vn/wp-content/uploads/2023/03/Screenshot-2023-03-21-094646.png""]","","Các mã của bộ chia mỡ VPM-K-…T-PS Verteilerscheibe 1T VPM-K-1T-PS Verteilerscheibe 2T VPM-K-2T-PS Verteilerscheibe 3T VPM-K-3T-PS Verteilerscheibe 4T VPM-K-4T-PS Verteilerscheibe 5T VPM-K-5T-PS Verteilerscheibe 6T VPM-K-6T-PS Verteilerscheibe 1S VPM-K-1S-PS","[]","1926000","out_of_stock","vongbicongnghiep.vn-wc-store-api-category-search-skf","2026-04-29T13:49:39.164Z"
"41555","SKF","LL/VPM-K-1S-PS-SKF","LL/VPM-K-1S-PS-SKF","LLVPMK1SPSSKF","Bộ chia mỡ SKF VPM-K-1S-PS","HỆ THỐNG BÔI TRƠN","HỆ THỐNG BÔI TRƠN | Bộ chia mỡ Lincoln | Phụ kiện bơm mỡ SKF","13288","phu-kien-bom-mo-skf","https://vongbicongnghiep.vn/san-pham/bo-chia-mo-skf-vpm-k-1s-ps/","https://vongbicongnghiep.vn/wp-content/uploads/2023/03/Screenshot-2023-03-21-094222.png","[""https://vongbicongnghiep.vn/wp-content/uploads/2023/03/Screenshot-2023-03-21-094222.png"",""https://vongbicongnghiep.vn/wp-content/uploads/2023/03/Screenshot-2023-03-21-094600.png"",""https://vongbicongnghiep.vn/wp-content/uploads/2023/03/Screenshot-2023-03-21-094613.png"",""https://vongbicongnghiep.vn/wp-content/uploads/2023/03/Screenshot-2023-03-21-094646.png""]","","Các mã của bộ chia mỡ SKF VPM-K-…S-PS Feeder section 1S VPM-K-1S-PS Feeder section 2S VPM-K-2S-PS Feeder section 3S VPM-K-3S-PS Feeder section 4S VPM-K-4S-PS Feeder section 5S VPM-K-5S-PS Feeder section 6S VPM-K-6S-PS","[]","1946000","out_of_stock","vongbicongnghiep.vn-wc-store-api-category-search-skf","2026-04-29T13:49:39.164Z"
"41550","SKF","LL/VP2.07-SKF","LL/VP2.07-SKF","LLVP207SKF","Tấm đệm cho bộ cho bộ chia mỡ SKF VP2.07","HỆ THỐNG BÔI TRƠN","HỆ THỐNG BÔI TRƠN | Phụ kiện bơm mỡ SKF","13288","phu-kien-bom-mo-skf","https://vongbicongnghiep.vn/san-pham/tam-dem-cho-bo-cho-bo-chia-mo-skf-vp2-07/","https://vongbicongnghiep.vn/wp-content/uploads/2023/03/Screenshot-2023-03-21-093025.png","[""https://vongbicongnghiep.vn/wp-content/uploads/2023/03/Screenshot-2023-03-21-093025.png"",""https://vongbicongnghiep.vn/wp-content/uploads/2023/03/Screenshot-2023-03-21-093013.png""]","","Dùng cho bộ chia mỡ VP","[]","325000","out_of_stock","vongbicongnghiep.vn-wc-store-api-category-search-skf","2026-04-29T13:49:39.164Z"
"41548","SKF","LL/410-403-SKF","LL/410-403-SKF","LL410403SKF","Đầu nối SKF 410-403","HỆ THỐNG BÔI TRƠN","HỆ THỐNG BÔI TRƠN | Phụ kiện bơm mỡ SKF","13288","phu-kien-bom-mo-skf","https://vongbicongnghiep.vn/san-pham/dau-noi-skf-410-403/","https://vongbicongnghiep.vn/wp-content/uploads/2023/03/Screenshot-2023-03-20-144823.png","[""https://vongbicongnghiep.vn/wp-content/uploads/2023/03/Screenshot-2023-03-20-144823.png"",""https://vongbicongnghiep.vn/wp-content/uploads/2023/03/Screenshot-2023-03-21-091906.png""]","","Thông số kĩ thuật Ống 10mm/M14x1,5mm","[]","430000","out_of_stock","vongbicongnghiep.vn-wc-store-api-category-search-skf","2026-04-29T13:49:39.164Z"
"41546","SKF","LL/406-413-SKF","LL/406-413-SKF","LL406413SKF","Đầu nối SKF 406-413","HỆ THỐNG BÔI TRƠN","HỆ THỐNG BÔI TRƠN | Phụ kiện bơm mỡ SKF","13288","phu-kien-bom-mo-skf","https://vongbicongnghiep.vn/san-pham/dau-noi-skf-406-413/","https://vongbicongnghiep.vn/wp-content/uploads/2023/03/Screenshot-2023-03-20-144823.png","[""https://vongbicongnghiep.vn/wp-content/uploads/2023/03/Screenshot-2023-03-20-144823.png"",""https://vongbicongnghiep.vn/wp-content/uploads/2023/03/Screenshot-2023-03-21-091906.png""]","","Thông số kĩ thuật Ống 6mm/M14x1,5mm","[]","355000","out_of_stock","vongbicongnghiep.vn-wc-store-api-category-search-skf","2026-04-29T13:49:39.164Z"
"41540","SKF","LL/VPBM-C4-VS-SKF","LL/VPBM-C4-VS-SKF","LLVPBMC4VSSKF","Đầu kết nối SKF VPBM-C4-VS","HỆ THỐNG BÔI TRƠN","HỆ THỐNG BÔI TRƠN | Phụ kiện bơm mỡ SKF","13288","phu-kien-bom-mo-skf","https://vongbicongnghiep.vn/san-pham/dau-ket-noi-skf-vpbm-c4-vs/","https://vongbicongnghiep.vn/wp-content/uploads/2023/03/Screenshot-2023-03-21-085152.png","[""https://vongbicongnghiep.vn/wp-content/uploads/2023/03/Screenshot-2023-03-21-085152.png"",""https://vongbicongnghiep.vn/wp-content/uploads/2023/03/Screenshot-2023-03-20-150324-1.png""]","","","[]","9641000","out_of_stock","vongbicongnghiep.vn-wc-store-api-category-search-skf","2026-04-29T13:49:39.164Z"
"41536","SKF","LL/VPM-E-SKF","LL/VPM-E-SKF","LLVPMESKF","Tấm đầu vào SKF VPM-E","HỆ THỐNG BÔI TRƠN","HỆ THỐNG BÔI TRƠN | Phụ kiện bơm mỡ SKF","13288","phu-kien-bom-mo-skf","https://vongbicongnghiep.vn/san-pham/tam-dau-vao-vpm-e/","https://vongbicongnghiep.vn/wp-content/uploads/2023/03/VPM-E.png","[""https://vongbicongnghiep.vn/wp-content/uploads/2023/03/VPM-E.png""]","","Ren M10x1mm Phù hợp với bộ phân phối VPM","[]","619000","out_of_stock","vongbicongnghiep.vn-wc-store-api-category-search-skf","2026-04-29T13:49:39.164Z"
"41535","SKF","LL/179-990-371-SKF","LL/179-990-371-SKF","LL179990371SKF","Đầu nối dây tín hiệu SKF 179-990-371","HỆ THỐNG BÔI TRƠN","HỆ THỐNG BÔI TRƠN | Phụ kiện bơm mỡ SKF","13288","phu-kien-bom-mo-skf","https://vongbicongnghiep.vn/san-pham/dau-noi-day-tin-hieu-skf-179-990-371/","https://vongbicongnghiep.vn/wp-content/uploads/2023/03/Screenshot-2023-03-21-084400.png","[""https://vongbicongnghiep.vn/wp-content/uploads/2023/03/Screenshot-2023-03-21-084400.png"",""https://vongbicongnghiep.vn/wp-content/uploads/2023/03/Screenshot-2023-03-21-084335.png"",""https://vongbicongnghiep.vn/wp-content/uploads/2023/03/Screenshot-2023-03-21-084400.png""]","","Thông số kĩ thuật Thiết kế: thẳng Vật liệu vỏ: PBT-GF – đen Điện áp: 250 Vôn AC/DC Dòng định mức : 4 Ampe Tiết diện dây dẫn: 0,75 mm² Đường kính ống: 4–6 mm cực: 4 cực Nhiệt độ: -40 đến +85°C Chủ đề: M12x1 Loại thiết bị đầu cuối: Vít Đường kết nối: – Nhận dạng cốt lõi: – Sự chấp thuận: – Lớp bảo vệ: IP67 với vòng chữ O","[]","0","out_of_stock","vongbicongnghiep.vn-wc-store-api-category-search-skf","2026-04-29T13:49:39.165Z"
"41525","SKF","LL/DIN985-M6-8-SKF","LL/DIN985-M6-8-SKF","LLDIN985M68SKF","Đai ốc SKF DIN985-M6-8","HỆ THỐNG BÔI TRƠN","HỆ THỐNG BÔI TRƠN | Phụ kiện bơm mỡ SKF","13288","phu-kien-bom-mo-skf","https://vongbicongnghiep.vn/san-pham/dai-oc-din985-m6-8/","https://vongbicongnghiep.vn/wp-content/uploads/2023/03/DIN985-M6-8.png","[""https://vongbicongnghiep.vn/wp-content/uploads/2023/03/DIN985-M6-8.png"",""https://vongbicongnghiep.vn/wp-content/uploads/2023/03/DIN985-M6-8-1.png"",""https://vongbicongnghiep.vn/wp-content/uploads/2023/03/DIN985-M6-8-2.png""]","","– Đai ốc khóa có vòng nhựa hãm hay còn gọi là tán keo, tán khóa theo thiêu chuẩn DIN 985/DIN EN ISO 10511 – Vật liệu: Mạ kẽm Chrome – Cấp bền: 8.8","[]","0","out_of_stock","vongbicongnghiep.vn-wc-store-api-category-search-skf","2026-04-29T13:49:39.165Z"
"41526","SKF","LL/179-990-600-SKF","LL/179-990-600-SKF","LL179990600SKF","Dây tín hiệu SKF 179-990-600","Phụ kiện bơm mỡ SKF","Phụ kiện bơm mỡ SKF | HỆ THỐNG BÔI TRƠN","13288","phu-kien-bom-mo-skf","https://vongbicongnghiep.vn/san-pham/day-tin-hieu-skf-179-990-600/","https://vongbicongnghiep.vn/wp-content/uploads/2023/03/Screenshot-2023-03-21-082944.png","[""https://vongbicongnghiep.vn/wp-content/uploads/2023/03/Screenshot-2023-03-21-082944.png"",""https://vongbicongnghiep.vn/wp-content/uploads/2023/03/Screenshot-2023-03-21-082905.png"",""https://vongbicongnghiep.vn/wp-content/uploads/2023/03/Screenshot-2023-03-21-082954.png"",""https://vongbicongnghiep.vn/wp-content/uploads/2023/03/Screenshot-2023-03-21-083545.png""]","","Thông số kĩ thuật Thiết kế: thẳng Điện áp định mức: 250 Vol AC / 300 vol DC Dòng định mức: 4 A tối đa. Tiết diện dây dẫn: – Đường kính ống: 5 mm cực: 4 cực Nhiệt độ: -25 đến +90°C M12x1 Dây kết nối – Chiều dài: 5 Mét (4 x 0,34 mm²) Nhận dạng lõi: Xem sơ đồ nối dây Phê duyệt: UL/CSA (Mỹ/Canada) Lớp bảo vệ: IP68 Với Vòng chữ O (FPM)","[]","1061000","out_of_stock","vongbicongnghiep.vn-wc-store-api-category-search-skf","2026-04-29T13:49:39.165Z"
"41513","SKF","LL/VPKM-RV-VS-SKF","LL/VPKM-RV-VS-SKF","LLVPKMRVVSSKF","Van một chiều SKF VPKM-RV-VS","HỆ THỐNG BÔI TRƠN","HỆ THỐNG BÔI TRƠN | Phụ kiện bơm mỡ SKF","13288","phu-kien-bom-mo-skf","https://vongbicongnghiep.vn/san-pham/van-mot-chieu-dang-day-vpkm-rv-vs-m10x1mm-ong-6x1mm/","https://vongbicongnghiep.vn/wp-content/uploads/2023/03/VPKM-RV-VS.png","[""https://vongbicongnghiep.vn/wp-content/uploads/2023/03/VPKM-RV-VS.png"",""https://vongbicongnghiep.vn/wp-content/uploads/2023/03/VPKM-RV-VS-1.png""]","","Chỉ định: Đẩy vào để lắp Vật liệu: Đồng thau/Thép mạ kẽm Áp suất tối đa: 300 bar M10x1mm, ống 6x1mm","[]","173000","out_of_stock","vongbicongnghiep.vn-wc-store-api-category-search-skf","2026-04-29T13:49:39.165Z"
"41510","SKF","LL/VPKM-RV-S4-SKF","LL/VPKM-RV-S4-SKF","LLVPKMRVS4SKF","Van một chiều SKF VPKM-RV-S4","HỆ THỐNG BÔI TRƠN","HỆ THỐNG BÔI TRƠN | Phụ kiện bơm mỡ SKF","13288","phu-kien-bom-mo-skf","https://vongbicongnghiep.vn/san-pham/van-mot-chieu-vpkm-rv-s4-loai-ermeto-m10x1mm-ong-6x1mm/","https://vongbicongnghiep.vn/wp-content/uploads/2023/03/VPKM-RV-S4.png","[""https://vongbicongnghiep.vn/wp-content/uploads/2023/03/VPKM-RV-S4.png"",""https://vongbicongnghiep.vn/wp-content/uploads/2023/03/VPKM-RV-S4-1.png""]","","Vặn để kết nối Đầu nối với van một chiều cho bộ chia VPKM Model: Đầu nối kiểu vít GE Chất liệu: Mạ kẽm Đường kính D: Ø6 mm Kích thước ren d1: M10x1.0 Kích thước lục giác sw1: 11 mm Kích thước lục giác sw2: 12 mm","[]","134000","out_of_stock","vongbicongnghiep.vn-wc-store-api-category-search-skf","2026-04-29T13:49:39.165Z"
"41507","SKF","LL/466-431-001-SKF","LL/466-431-001-SKF","LL466431001SKF","Nút có ren 466-431-001","HỆ THỐNG BÔI TRƠN","HỆ THỐNG BÔI TRƠN | Phụ kiện bơm mỡ SKF","13288","phu-kien-bom-mo-skf","https://vongbicongnghiep.vn/san-pham/nut-co-ren-cho-dau-ra-khong-su-dung-466-431-001/","https://vongbicongnghiep.vn/wp-content/uploads/2023/03/466-431-001.png","[""https://vongbicongnghiep.vn/wp-content/uploads/2023/03/466-431-001.png"",""https://vongbicongnghiep.vn/wp-content/uploads/2023/03/466-431-001-1.png""]","","Dùng cho đầu ra không sử dụng tới Nút có ren 466-431-001 VÍT KHÓA SKF 466-431-001 M10 x 1","[]","52000","out_of_stock","vongbicongnghiep.vn-wc-store-api-category-search-skf","2026-04-29T13:49:39.165Z"
"41506","SKF","LL/VPKM.100-SKF","LL/VPKM.100-SKF","LLVPKM100SKF","Vít SKF VPKM.100","HỆ THỐNG BÔI TRƠN","HỆ THỐNG BÔI TRƠN | Phụ kiện bơm mỡ SKF","13288","phu-kien-bom-mo-skf","https://vongbicongnghiep.vn/san-pham/vit-vpkm-100/","https://vongbicongnghiep.vn/wp-content/uploads/2023/03/VPKM.93.png","[""https://vongbicongnghiep.vn/wp-content/uploads/2023/03/VPKM.93.png""]","","Thanh giằng cho 10 phần thiết bị đo lũy tiến, chiều dài 194+0,5mm","[]","106000","out_of_stock","vongbicongnghiep.vn-wc-store-api-category-search-skf","2026-04-29T13:49:39.165Z"
"41505","SKF","LL/VPKM.99-SKF","LL/VPKM.99-SKF","LLVPKM99SKF","Vít SKF VPKM.99","HỆ THỐNG BÔI TRƠN","HỆ THỐNG BÔI TRƠN | Phụ kiện bơm mỡ SKF","13288","phu-kien-bom-mo-skf","https://vongbicongnghiep.vn/san-pham/vit-vpkm-99/","https://vongbicongnghiep.vn/wp-content/uploads/2023/03/VPKM.93.png","[""https://vongbicongnghiep.vn/wp-content/uploads/2023/03/VPKM.93.png""]","","Thanh giằng cho 9 phần thiết bị đo lũy tiến, chiều dài 178+0,5mm","[]","95000","out_of_stock","vongbicongnghiep.vn-wc-store-api-category-search-skf","2026-04-29T13:49:39.165Z"
"41504","SKF","LL/VPKM.98-SKF","LL/VPKM.98-SKF","LLVPKM98SKF","Vít SKF VPKM.98","HỆ THỐNG BÔI TRƠN","HỆ THỐNG BÔI TRƠN | Phụ kiện bơm mỡ SKF","13288","phu-kien-bom-mo-skf","https://vongbicongnghiep.vn/san-pham/vit-vpkm-98/","https://vongbicongnghiep.vn/wp-content/uploads/2023/03/VPKM.93.png","[""https://vongbicongnghiep.vn/wp-content/uploads/2023/03/VPKM.93.png""]","","Thanh giằng cho 8 phần thiết bị đo lũy tiến, chiều dài 162+0,5mm","[]","145000","out_of_stock","vongbicongnghiep.vn-wc-store-api-category-search-skf","2026-04-29T13:49:39.165Z"
"41502","SKF","LL/VPKM.97-SKF","LL/VPKM.97-SKF","LLVPKM97SKF","Vít SKF VPKM.97","HỆ THỐNG BÔI TRƠN","HỆ THỐNG BÔI TRƠN | Phụ kiện bơm mỡ SKF","13288","phu-kien-bom-mo-skf","https://vongbicongnghiep.vn/san-pham/vit-vpkm-97/","https://vongbicongnghiep.vn/wp-content/uploads/2023/03/VPKM.93.png","[""https://vongbicongnghiep.vn/wp-content/uploads/2023/03/VPKM.93.png""]","","Thanh giằng cho 7 phần thiết bị đo lũy tiến, chiều dài 144+0,5mm","[]","143000","out_of_stock","vongbicongnghiep.vn-wc-store-api-category-search-skf","2026-04-29T13:49:39.165Z"
"41500","SKF","LL/VPKM.96-SKF","LL/VPKM.96-SKF","LLVPKM96SKF","Vít SKF VPKM.96","HỆ THỐNG BÔI TRƠN","HỆ THỐNG BÔI TRƠN | Phụ kiện bơm mỡ SKF","13288","phu-kien-bom-mo-skf","https://vongbicongnghiep.vn/san-pham/vit-vpkm-96/","https://vongbicongnghiep.vn/wp-content/uploads/2023/03/VPKM.93.png","[""https://vongbicongnghiep.vn/wp-content/uploads/2023/03/VPKM.93.png""]","","Thanh giằng cho 6 phần thiết bị đo lũy tiến, chiều dài 128+0,5mm","[]","136000","out_of_stock","vongbicongnghiep.vn-wc-store-api-category-search-skf","2026-04-29T13:49:39.165Z"
"41497","SKF","LL/VPKM.95-SKF","LL/VPKM.95-SKF","LLVPKM95SKF","Vít SKF VPKM.95","HỆ THỐNG BÔI TRƠN","HỆ THỐNG BÔI TRƠN | Phụ kiện bơm mỡ SKF","13288","phu-kien-bom-mo-skf","https://vongbicongnghiep.vn/san-pham/vit-vpkm-95/","https://vongbicongnghiep.vn/wp-content/uploads/2023/03/VPKM.93-1.png","[""https://vongbicongnghiep.vn/wp-content/uploads/2023/03/VPKM.93-1.png""]","","Thanh giằng cho 5 phần thiết bị đo lũy tiến, chiều dài 113,5+0,3mm","[]","134000","out_of_stock","vongbicongnghiep.vn-wc-store-api-category-search-skf","2026-04-29T13:49:39.165Z"
"41496","SKF","LL/VPBM-C3-SKF","LL/VPBM-C3-SKF","LLVPBMC3SKF","Đầu kết nối SKF VPBM-C3","HỆ THỐNG BÔI TRƠN","HỆ THỐNG BÔI TRƠN | Phụ kiện bơm mỡ SKF","13288","phu-kien-bom-mo-skf","https://vongbicongnghiep.vn/san-pham/dau-ket-noi-skf-vpbm-c3/","https://vongbicongnghiep.vn/wp-content/uploads/2023/03/Screenshot-2023-03-20-151524.png","[""https://vongbicongnghiep.vn/wp-content/uploads/2023/03/Screenshot-2023-03-20-151524.png"",""https://vongbicongnghiep.vn/wp-content/uploads/2023/03/Screenshot-2023-03-20-150324.png""]","","","[]","4989000","out_of_stock","vongbicongnghiep.vn-wc-store-api-category-search-skf","2026-04-29T13:49:39.165Z"
"41494","SKF","LL/VPKM.94-SKF","LL/VPKM.94-SKF","LLVPKM94SKF","Vít SKF VPKM.94","HỆ THỐNG BÔI TRƠN","HỆ THỐNG BÔI TRƠN | Phụ kiện bơm mỡ SKF","13288","phu-kien-bom-mo-skf","https://vongbicongnghiep.vn/san-pham/vit-vpkm-94/","https://vongbicongnghiep.vn/wp-content/uploads/2023/03/VPKM.93.png","[""https://vongbicongnghiep.vn/wp-content/uploads/2023/03/VPKM.93.png""]","","Thanh giằng cho 4 phần thiết bị đo lũy tiến, chiều dài 96,5+0,3mm","[]","129000","out_of_stock","vongbicongnghiep.vn-wc-store-api-category-search-skf","2026-04-29T13:49:39.165Z"
"41490","SKF","LL/VPBM-C2-SKF","LL/VPBM-C2-SKF","LLVPBMC2SKF","Đầu kết nối SKF VPBM-C2","HỆ THỐNG BÔI TRƠN","HỆ THỐNG BÔI TRƠN | Phụ kiện bơm mỡ SKF","13288","phu-kien-bom-mo-skf","https://vongbicongnghiep.vn/san-pham/dau-ket-noi-skf-vpbm-c2/","https://vongbicongnghiep.vn/wp-content/uploads/2023/03/Screenshot-2023-03-20-150812.png","[""https://vongbicongnghiep.vn/wp-content/uploads/2023/03/Screenshot-2023-03-20-150812.png"",""https://vongbicongnghiep.vn/wp-content/uploads/2023/03/Screenshot-2023-03-20-150324.png"",""https://vongbicongnghiep.vn/wp-content/uploads/2023/03/Screenshot-2023-03-20-150812.png""]","","","[]","1885000","out_of_stock","vongbicongnghiep.vn-wc-store-api-category-search-skf","2026-04-29T13:49:39.165Z"
"41488","SKF","LL/898-110-082-SKF","LL/898-110-082-SKF","LL898110082SKF","NẮP BẢO VỆ SKF 898-110-082","HỆ THỐNG BÔI TRƠN","HỆ THỐNG BÔI TRƠN | Phụ kiện bơm mỡ SKF","13288","phu-kien-bom-mo-skf","https://vongbicongnghiep.vn/san-pham/nap-bao-ve-dau-noi-cao-su-skf-vgne-898-110-082/","https://vongbicongnghiep.vn/wp-content/uploads/2023/03/NAP-BAO-VE.png","[""https://vongbicongnghiep.vn/wp-content/uploads/2023/03/NAP-BAO-VE.png""]","","","[]","17000","out_of_stock","vongbicongnghiep.vn-wc-store-api-category-search-skf","2026-04-29T13:49:39.165Z"
"41483","SKF","LL/VPKM-RV-VS-V-SKF","LL/VPKM-RV-VS-V-SKF","LLVPKMRVVSVSKF","Van một chiều SKF VPKM-RV-VS-V","HỆ THỐNG BÔI TRƠN","HỆ THỐNG BÔI TRƠN | Phụ kiện bơm mỡ SKF","13288","phu-kien-bom-mo-skf","https://vongbicongnghiep.vn/san-pham/van-mot-chieu-skf-vpkm-rv-vs-v/","https://vongbicongnghiep.vn/wp-content/uploads/2023/03/Screenshot-2023-03-20-145341.png","[""https://vongbicongnghiep.vn/wp-content/uploads/2023/03/Screenshot-2023-03-20-145341.png"",""https://vongbicongnghiep.vn/wp-content/uploads/2023/03/Screenshot-2023-03-20-145419.png"",""https://vongbicongnghiep.vn/wp-content/uploads/2023/03/Screenshot-2023-03-20-145406.png""]","","","[]","0","out_of_stock","vongbicongnghiep.vn-wc-store-api-category-search-skf","2026-04-29T13:49:39.165Z"
"41478","SKF","LL/VPKM-A-SKF","LL/VPKM-A-SKF","LLVPKMASKF","Phụ tùng tấm chặn cuối SKF VPKM-A","HỆ THỐNG BÔI TRƠN","HỆ THỐNG BÔI TRƠN | Phụ kiện bơm mỡ SKF","13288","phu-kien-bom-mo-skf","https://vongbicongnghiep.vn/san-pham/phu-tung-tam-cuoi-vpkm-a/","https://vongbicongnghiep.vn/wp-content/uploads/2023/03/VPKM-A.png","[""https://vongbicongnghiep.vn/wp-content/uploads/2023/03/VPKM-A.png""]","","Phù hợp với bộ chia VPKG, VPKM","[]","563000","out_of_stock","vongbicongnghiep.vn-wc-store-api-category-search-skf","2026-04-29T13:49:39.165Z"
"41476","SKF","VPKM-RV-S4-SKF","VPKM-RV-S4-SKF","VPKMRVS4SKF","Van một chiều SKF VPKM-RV-S4","HỆ THỐNG BÔI TRƠN","HỆ THỐNG BÔI TRƠN | Phụ kiện bơm mỡ SKF","13288","phu-kien-bom-mo-skf","https://vongbicongnghiep.vn/san-pham/van-mot-chieu-skf-vpkm-rv-s4/","https://vongbicongnghiep.vn/wp-content/uploads/2023/03/Rueckschlag_b.png","[""https://vongbicongnghiep.vn/wp-content/uploads/2023/03/Rueckschlag_b.png"",""https://vongbicongnghiep.vn/wp-content/uploads/2023/03/Screenshot-2023-03-20-144644.png"",""https://vongbicongnghiep.vn/wp-content/uploads/2023/03/Screenshot-2023-03-20-144823.png""]","","Van một chiều ren hệ mét cho Ø6 Đặt hàng-Nr. Ø(Ống) g áp suất mở Áp suất tối đa Loạt VPKM-RV-S4 6 thùng M10x1 2 100 LL","[]","0","out_of_stock","vongbicongnghiep.vn-wc-store-api-category-search-skf","2026-04-29T13:49:39.165Z"
"41475","SKF","LL/VPKM.09-SKF","LL/VPKM.09-SKF","LLVPKM09SKF","Tấm đệm cuối SKF VPKM.09","HỆ THỐNG BÔI TRƠN","HỆ THỐNG BÔI TRƠN | Phụ kiện bơm mỡ SKF","13288","phu-kien-bom-mo-skf","https://vongbicongnghiep.vn/san-pham/phu-kien-tam-cuoi-mieng-dem-vpkm-09/","https://vongbicongnghiep.vn/wp-content/uploads/2023/03/VPKM.09.png","[""https://vongbicongnghiep.vn/wp-content/uploads/2023/03/VPKM.09.png""]","","Sử dụng cho bộ phân phối VPKG, VPKM Ngăn cách phụ tùng chia mỡ trung gian và phụ tùng chia mỡ cuối cùng","[]","304000","out_of_stock","vongbicongnghiep.vn-wc-store-api-category-search-skf","2026-04-29T13:49:39.165Z"
"41467","SKF","LL/VPKM.08-SKF","LL/VPKM.08-SKF","LLVPKM08SKF","Tấm đệm trung gian SKF VPKM.08 (gioăng ngăn cách)","HỆ THỐNG BÔI TRƠN","HỆ THỐNG BÔI TRƠN | Phụ kiện bơm mỡ SKF","13288","phu-kien-bom-mo-skf","https://vongbicongnghiep.vn/san-pham/phu-tung-tam-trung-gian-vpkm-08-gioang-ngan-cach/","https://vongbicongnghiep.vn/wp-content/uploads/2023/03/VPKM.08.png","[""https://vongbicongnghiep.vn/wp-content/uploads/2023/03/VPKM.08.png""]","","Dùng với các bộ phân phối: VPG, VPKG, VPM và VPKM Ngăn cách phụ tùng bôi trơn đầu, phụ tùng trung gian, phụ tùng cuối","[]","292000","out_of_stock","vongbicongnghiep.vn-wc-store-api-category-search-skf","2026-04-29T13:49:39.165Z"
"41469","SKF","LL/VPBM-4-ZY-SKF","LL/VPBM-4-ZY-SKF","LLVPBM4ZYSKF","Bộ chia mỡ SKF VPBM-4-ZY","HỆ THỐNG BÔI TRƠN","HỆ THỐNG BÔI TRƠN | Bộ chia mỡ Lincoln | Phụ kiện bơm mỡ SKF","13288","phu-kien-bom-mo-skf","https://vongbicongnghiep.vn/san-pham/bo-chia-dau-skf-vpbm-4-zy/","https://vongbicongnghiep.vn/wp-content/uploads/2023/03/Screenshot-2023-03-27-084326.png","[""https://vongbicongnghiep.vn/wp-content/uploads/2023/03/Screenshot-2023-03-27-084326.png""]","","Bộ chia mỡ SKF VPBM-4-ZY Thông số kĩ thuật Trung bình: dầu khoáng, mỡ gốc dầu khoáng, dầu mỡ tổng hợp và thân thiện với môi trường (lớp NLGI: 2) Chất liệu: Thép, mạ kẽm tối đa. tốc độ phân phối (mỗi đầu ra): 0,20 cm³/chu kỳ tối đa. áp suất hoạt động: 200 bar (dầu), 300 bar (mỡ) Nhiệt độ: -25 đến +110°C Số lượng piston phân phối: 4 Kết nối đầu vào và đầu ra: M10x1 Vị trí lắp đặt: Bất kỳ Với chỉ báo chu kỳ","[]","5662000","out_of_stock","vongbicongnghiep.vn-wc-store-api-category-search-skf","2026-04-29T13:49:39.165Z"
"41468","SKF","LL/VPBM-3-ZY-SKF","LL/VPBM-3-ZY-SKF","LLVPBM3ZYSKF","Bộ chia mỡ SKF VPBM-3-ZY","HỆ THỐNG BÔI TRƠN","HỆ THỐNG BÔI TRƠN | Bộ chia mỡ Lincoln | Phụ kiện bơm mỡ SKF","13288","phu-kien-bom-mo-skf","https://vongbicongnghiep.vn/san-pham/bo-chia-dau-skf-vpbm-3-zy/","https://vongbicongnghiep.vn/wp-content/uploads/2023/03/VP993ZY.png","[""https://vongbicongnghiep.vn/wp-content/uploads/2023/03/VP993ZY.png"",""https://vongbicongnghiep.vn/wp-content/uploads/2023/03/3ZY.png""]","","Bộ chia mỡ SKF VPBM-3-ZY Thông số kĩ thuật Trung bình: dầu khoáng, mỡ gốc dầu khoáng, dầu mỡ tổng hợp và thân thiện với môi trường (lớp NLGI: 2) Chất liệu: Thép, mạ kẽm tối đa. tốc độ phân phối (mỗi đầu ra): 0,20 cm³/chu kỳ tối đa. áp suất hoạt động: 200 bar (dầu), 300 bar (mỡ) Nhiệt độ: -25 đến +110°C Số lượng pít-tông phân phối: 3 Kết nối đầu vào và đầu ra: M10x1 Vị trí lắp đặt: Bất kỳ Với chỉ báo chu kỳ","[]","5041000","out_of_stock","vongbicongnghiep.vn-wc-store-api-category-search-skf","2026-04-29T13:49:39.165Z"
"41465","SKF","LL/VPKM-K-3T-PS-SKF","LL/VPKM-K-3T-PS-SKF","LLVPKMK3TPSSKF","Phụ tùng chia mỡ SKF VPKM-K-3T-PS","HỆ THỐNG BÔI TRƠN","HỆ THỐNG BÔI TRƠN | Phụ kiện bơm mỡ SKF","13288","phu-kien-bom-mo-skf","https://vongbicongnghiep.vn/san-pham/phu-tung-trung-gian-vpkm-k-3t-ps/","https://vongbicongnghiep.vn/wp-content/uploads/2023/03/VPKM-K-05S-PS-6.png","[""https://vongbicongnghiep.vn/wp-content/uploads/2023/03/VPKM-K-05S-PS-6.png""]","","Phù hợp với bộ phân phối VPKM Lưu lượng tối đa trên mỗi đầu ra: 0,30 cm³/chu kỳ Loại: 3T Số đầu ra: 2","[]","1179000","out_of_stock","vongbicongnghiep.vn-wc-store-api-category-search-skf","2026-04-29T13:49:39.165Z"
"41463","SKF","LL/VPKM-K-2T-PS-SKF","LL/VPKM-K-2T-PS-SKF","LLVPKMK2TPSSKF","Phụ tùng chia mỡ SKF VPKM-K-2T-PS","HỆ THỐNG BÔI TRƠN","HỆ THỐNG BÔI TRƠN | Phụ kiện bơm mỡ SKF","13288","phu-kien-bom-mo-skf","https://vongbicongnghiep.vn/san-pham/phu-tung-trung-gian-vpkm-k-2t-ps/","https://vongbicongnghiep.vn/wp-content/uploads/2023/03/VPKM-K-05S-PS-5.png","[""https://vongbicongnghiep.vn/wp-content/uploads/2023/03/VPKM-K-05S-PS-5.png""]","","Phù hợp với bộ phân phối VPKM Lưu lượng tối đa trên mỗi đầu ra: 0,20 cm³/chu kỳ Loại: 2T Số đầu ra: 2","[]","1172000","out_of_stock","vongbicongnghiep.vn-wc-store-api-category-search-skf","2026-04-29T13:49:39.166Z"
"41461","SKF","LL/VPKM-K-1T-PS-SKF","LL/VPKM-K-1T-PS-SKF","LLVPKMK1TPSSKF","Phụ tùng chia mỡ SKF VPKM-K-1T-PS","HỆ THỐNG BÔI TRƠN","HỆ THỐNG BÔI TRƠN | Phụ kiện bơm mỡ SKF","13288","phu-kien-bom-mo-skf","https://vongbicongnghiep.vn/san-pham/phu-tung-trung-gian-vpkm-k-1t-ps/","https://vongbicongnghiep.vn/wp-content/uploads/2023/03/VPKM-K-05S-PS-4.png","[""https://vongbicongnghiep.vn/wp-content/uploads/2023/03/VPKM-K-05S-PS-4.png""]","","Phù hợp với bộ phân phối VPKM Lưu lượng tối đa trên mỗi đầu ra: 0,1 cm³/chu kỳ Loại: 1T Số đầu ra: 2","[]","1152000","out_of_stock","vongbicongnghiep.vn-wc-store-api-category-search-skf","2026-04-29T13:49:39.166Z"
"41459","SKF","LL/VPKM-K-05T-PS-SKF","LL/VPKM-K-05T-PS-SKF","LLVPKMK05TPSSKF","Phụ tùng chia mỡ SKF VPKM-K-05T-PS","HỆ THỐNG BÔI TRƠN","HỆ THỐNG BÔI TRƠN | Phụ kiện bơm mỡ SKF","13288","phu-kien-bom-mo-skf","https://vongbicongnghiep.vn/san-pham/phu-tung-trung-gian-vpkm-k-05t-ps/","https://vongbicongnghiep.vn/wp-content/uploads/2023/03/VPKM-K-05S-PS-3.png","[""https://vongbicongnghiep.vn/wp-content/uploads/2023/03/VPKM-K-05S-PS-3.png""]","","Phù hợp với bộ phân phối VPKM Lưu lượng tối đa trên mỗi đầu ra: 0,05 cm³/chu kỳ Loại: 05T Số đầu ra: 2","[]","1152000","out_of_stock","vongbicongnghiep.vn-wc-store-api-category-search-skf","2026-04-29T13:49:39.166Z"
"41457","SKF","LL/VPKM-K-3S-PS-SKF","LL/VPKM-K-3S-PS-SKF","LLVPKMK3SPSSKF","Phụ tùng chia mỡ SKF VPKM-K-3S-PS","HỆ THỐNG BÔI TRƠN","HỆ THỐNG BÔI TRƠN | Phụ kiện bơm mỡ SKF","13288","phu-kien-bom-mo-skf","https://vongbicongnghiep.vn/san-pham/phu-tung-trung-gian-vpkm-k-3s-ps/","https://vongbicongnghiep.vn/wp-content/uploads/2023/03/VPKM-K-05S-PS-2.png","[""https://vongbicongnghiep.vn/wp-content/uploads/2023/03/VPKM-K-05S-PS-2.png""]","","Phù hợp với bộ phân phối VPKM Lưu lượng tối đa trên mỗi đầu ra: 0,60 cm³/chu kỳ Loại: 3S Số đầu ra: 1","[]","1157000","out_of_stock","vongbicongnghiep.vn-wc-store-api-category-search-skf","2026-04-29T13:49:39.166Z"
"41454","SKF","LL/VPKM-K-2S-PS-SKF","LL/VPKM-K-2S-PS-SKF","LLVPKMK2SPSSKF","Phụ tùng chia mỡ SKF VPKM-K-2S-PS","HỆ THỐNG BÔI TRƠN","HỆ THỐNG BÔI TRƠN | Phụ kiện bơm mỡ SKF","13288","phu-kien-bom-mo-skf","https://vongbicongnghiep.vn/san-pham/phu-tung-trung-gian-vpkm-k-2s-ps/","https://vongbicongnghiep.vn/wp-content/uploads/2023/03/VPKM-K-05S-PS-1.png","[""https://vongbicongnghiep.vn/wp-content/uploads/2023/03/VPKM-K-05S-PS-1.png""]","","Phù hợp với bộ phân phối VPKM Lưu lượng tối đa trên mỗi đầu ra: 0,40 cm³/chu kỳ Loại: 2S Số đầu ra: 1","[]","1157000","out_of_stock","vongbicongnghiep.vn-wc-store-api-category-search-skf","2026-04-29T13:49:39.166Z"
"41438","SKF","LL/VPKM-K-1S-PS-SKF","LL/VPKM-K-1S-PS-SKF","LLVPKMK1SPSSKF","Phụ tùng chia mỡ SKF VPKM-K-1S-PS","HỆ THỐNG BÔI TRƠN","HỆ THỐNG BÔI TRƠN | Phụ kiện bơm mỡ SKF","13288","phu-kien-bom-mo-skf","https://vongbicongnghiep.vn/san-pham/phu-tung-trung-gian-vpkm-k-1s-ps/","https://vongbicongnghiep.vn/wp-content/uploads/2023/03/VPKM-K-05S-PS.png","[""https://vongbicongnghiep.vn/wp-content/uploads/2023/03/VPKM-K-05S-PS.png""]","","Phù hợp với bộ phân phối VPKM Lưu lượng tối đa trên mỗi đầu ra: 0,20 cm³/chu kỳ Loại: 1S Số đầu ra: 1","[]","1136000","out_of_stock","vongbicongnghiep.vn-wc-store-api-category-search-skf","2026-04-29T13:49:39.166Z"
"41436","SKF","LL/VPKM-K-05S-PS-SKF","LL/VPKM-K-05S-PS-SKF","LLVPKMK05SPSSKF","Phụ tùng chia mỡ SKF VPKM-K-05S-PS","HỆ THỐNG BÔI TRƠN","HỆ THỐNG BÔI TRƠN | Phụ kiện bơm mỡ SKF","13288","phu-kien-bom-mo-skf","https://vongbicongnghiep.vn/san-pham/phu-tung-trung-gian-vpkm-k-05s-ps/","https://vongbicongnghiep.vn/wp-content/uploads/2023/03/VPKM-K-05S-PS.png","[""https://vongbicongnghiep.vn/wp-content/uploads/2023/03/VPKM-K-05S-PS.png""]","","Phù hợp với bộ phân phối VPKM Lưu lượng tối đa trên mỗi đầu ra: 0,10 cm³/chu kỳ Loại: 05S Số đầu ra: 1","[]","1136000","out_of_stock","vongbicongnghiep.vn-wc-store-api-category-search-skf","2026-04-29T13:49:39.166Z"
"41433","SKF","LL/VPKM.07-SKF","LL/VPKM.07-SKF","LLVPKM07SKF","Tấm đệm đầu vào SKF VPKM.07","HỆ THỐNG BÔI TRƠN","HỆ THỐNG BÔI TRƠN | Phụ kiện bơm mỡ SKF","13288","phu-kien-bom-mo-skf","https://vongbicongnghiep.vn/san-pham/tam-dau-vao-mieng-dem-vpkm-07/","https://vongbicongnghiep.vn/wp-content/uploads/2023/03/VPKM0.7.png","[""https://vongbicongnghiep.vn/wp-content/uploads/2023/03/VPKM0.7.png"",""https://vongbicongnghiep.vn/wp-content/uploads/2023/03/vpkm-e-tongquan.png""]","","Ngăn cách phần đầu (inlet section) và phần giữa (feeder section) của bộ phân phối VPK","[]","304000","out_of_stock","vongbicongnghiep.vn-wc-store-api-category-search-skf","2026-04-29T13:49:39.166Z"
"41423","SKF","LL/VPKM-E-SKF","LL/VPKM-E-SKF","LLVPKMESKF","Tấm đệm đầu vào SKF VPKM-E","HỆ THỐNG BÔI TRƠN","HỆ THỐNG BÔI TRƠN | Phụ kiện bơm mỡ SKF","13288","phu-kien-bom-mo-skf","https://vongbicongnghiep.vn/san-pham/thiet-bi-dau-vao-vpkm-e-ren-m10x1mm/","https://vongbicongnghiep.vn/wp-content/uploads/2023/03/vpkm.png","[""https://vongbicongnghiep.vn/wp-content/uploads/2023/03/vpkm.png"",""https://vongbicongnghiep.vn/wp-content/uploads/2023/03/vpkm-e.png"",""https://vongbicongnghiep.vn/wp-content/uploads/2023/03/vpkm-e-tongquan.png""]","","Các ống góp sê-ri VPK của SKF dành cho các hệ thống bôi trơn Bộ phân phối loại VPK là một bộ phân phối mặt cắt ngang. Các phần phân phối của nó bao gồm thể tích phân phối trên mỗi cổng, một chu kỳ từ 0,05 cc (phần T = 2 đầu ra) đến 0,6 cc (phần S = 1 đầu ra). Tất cả các phần (đầu vào, trung gian, cuối) được siết chặt bằng thanh giằng. Các kênh cung cấp được ngăn cách bằng các tấm có lỗ hở giữa các phân đoạn. Ít nhất ba phần trung gian là cần thiết. Nhiệt độ làm việc: -25°C / +90°C Áp suất làm việc tối đa: dầu 200 bar, mỡ 300 bar VPKM-E có M10x1mm, ký hiệu số 8 (hình 3)","[]","465000","out_of_stock","vongbicongnghiep.vn-wc-store-api-category-search-skf","2026-04-29T13:49:39.166Z"
"41411","SKF","LL/408-004-VS-SKF","LL/408-004-VS-SKF","LL408004VSSKF","Đầu nối đầu vào SKF 408-004-VS","HỆ THỐNG BÔI TRƠN","HỆ THỐNG BÔI TRƠN | Phụ kiện bơm mỡ SKF","13288","phu-kien-bom-mo-skf","https://vongbicongnghiep.vn/san-pham/dau-noi-dau-vao-408-004-vs-loai-thang-day-ong-8mm-m10x1mm/","https://vongbicongnghiep.vn/wp-content/uploads/2023/03/408-004-VS.png","[""https://vongbicongnghiep.vn/wp-content/uploads/2023/03/408-004-VS.png""]","","Đẩy vào để kết nối Đầu nối ren trụ - M10x1(G) Cho ống Ø 8 mm Thép mạ kẽm (crom vàng) Gioăng: NBR","[]","219000","out_of_stock","vongbicongnghiep.vn-wc-store-api-category-search-skf","2026-04-29T13:49:39.166Z"
"41407","SKF","LL/408-433-SKF","LL/408-433-SKF","LL408433SKF","Đầu nối đầu vào SKF 408-433","HỆ THỐNG BÔI TRƠN","HỆ THỐNG BÔI TRƠN | Phụ kiện bơm mỡ SKF","13288","phu-kien-bom-mo-skf","https://vongbicongnghiep.vn/san-pham/dau-noi-dau-vao-408-433-loai-thang-ran-ong-8-mm-m10x1mm/","https://vongbicongnghiep.vn/wp-content/uploads/2023/03/408-403.png","[""https://vongbicongnghiep.vn/wp-content/uploads/2023/03/408-403.png""]","","Đầu nối hình trụ, được chế tạo từ thép mạ, ống 8 mm/M10x1mm Loại thẳng, vặn để kết nối","[]","221000","out_of_stock","vongbicongnghiep.vn-wc-store-api-category-search-skf","2026-04-29T13:49:39.166Z"
"41404","SKF","LL/455-531-068-VS-SKF","LL/455-531-068-VS-SKF","LL455531068VSSKF","Đầu nối đầu vào SKF 455-531-068-VS","HỆ THỐNG BÔI TRƠN","HỆ THỐNG BÔI TRƠN | Phụ kiện bơm mỡ SKF","13288","phu-kien-bom-mo-skf","https://vongbicongnghiep.vn/san-pham/dau-noi-dau-vao-90-455-531-068-vs-loai-day-ong-6mm-m10x1mm-banjo/","https://vongbicongnghiep.vn/wp-content/uploads/2023/03/455-531-068-VS.jpg","[""https://vongbicongnghiep.vn/wp-content/uploads/2023/03/455-531-068-VS.jpg"",""https://vongbicongnghiep.vn/wp-content/uploads/2023/03/455-531-068-VS-1.png""]","","Đầu nối đầu vào SKF 455-531-068-VS Góc -90°, đẩy vào để kết nối Đầu nối ren côn vặn xoay (VS) dùng cho dầu mỡ Ống 6mm/ M10x1mm Loại vuông, đẩy để kết nối, ống 6mm, M10x1mm","[]","257000","out_of_stock","vongbicongnghiep.vn-wc-store-api-category-search-skf","2026-04-29T13:49:39.166Z"
"41402","SKF","LL/451-006-518-VS-SKF","LL/451-006-518-VS-SKF","LL451006518VSSKF","Đầu nối đầu vào SKF 451-006-518-VS","HỆ THỐNG BÔI TRƠN","HỆ THỐNG BÔI TRƠN | Phụ kiện bơm mỡ SKF","13288","phu-kien-bom-mo-skf","https://vongbicongnghiep.vn/san-pham/dau-noi-dau-vao-451-006-518-vs-loai-thang-day-vao-ong-6mm-m10x1mm/","https://vongbicongnghiep.vn/wp-content/uploads/2023/03/451-006-518-VS.png","[""https://vongbicongnghiep.vn/wp-content/uploads/2023/03/451-006-518-VS.png""]","","Đẩy vào để kết nối Đầu nối nhanh loại thẳng thân côn Ống 6mm/M10x1mm","[]","150000","out_of_stock","vongbicongnghiep.vn-wc-store-api-category-search-skf","2026-04-29T13:49:39.166Z"
"41400","SKF","LL/406-405-SKF","LL/406-405-SKF","LL406405SKF","Đầu nối đầu vào SKF 406-405","HỆ THỐNG BÔI TRƠN","HỆ THỐNG BÔI TRƠN | Phụ kiện bơm mỡ SKF","13288","phu-kien-bom-mo-skf","https://vongbicongnghiep.vn/san-pham/dau-noi-dau-vao-90-406-405-loai-ermeto-ong-6mm-m10x1mm/","https://vongbicongnghiep.vn/wp-content/uploads/2023/03/406-405.png","[""https://vongbicongnghiep.vn/wp-content/uploads/2023/03/406-405.png""]","","Thiết bị dạng vặn, ống 6mm, D M10x1mm, góc 90° Vật liệu: Thép mạ kẽm Đai ốc dạng vòng cắt","[]","581000","out_of_stock","vongbicongnghiep.vn-wc-store-api-category-search-skf","2026-04-29T13:49:39.166Z"
"41398","SKF","LL/406-403-SKF","LL/406-403-SKF","LL406403SKF","Đầu nối đầu vào SKF 406-403","HỆ THỐNG BÔI TRƠN","HỆ THỐNG BÔI TRƠN | Phụ kiện bơm mỡ SKF","13288","phu-kien-bom-mo-skf","https://vongbicongnghiep.vn/san-pham/dau-noi-dau-vao-406-403-loai-thang-dang-van-ong-6mm-m10x1mm/","https://vongbicongnghiep.vn/wp-content/uploads/2023/03/406-403.png","[""https://vongbicongnghiep.vn/wp-content/uploads/2023/03/406-403.png""]","","Loại thẳng/dạng vặn – ống 6mm/M10x1mm Vật liệu: Thép mạ kẽm Đai ốc dạng vòng cắt","[]","178000","out_of_stock","vongbicongnghiep.vn-wc-store-api-category-search-skf","2026-04-29T13:49:39.166Z"
"41396","SKF","LL/519-31826-1-SKF","LL/519-31826-1-SKF","LL519318261SKF","Ống hình T SKF 519-31826-1","HỆ THỐNG BÔI TRƠN","HỆ THỐNG BÔI TRƠN | Phụ kiện bơm mỡ SKF","13288","phu-kien-bom-mo-skf","https://vongbicongnghiep.vn/san-pham/ong-hinh-t-ket-noi-hai-dau-ra-cua-bo-chia-mo-skf-519-31826-1/","https://vongbicongnghiep.vn/wp-content/uploads/2023/03/519-31826-1.png","[""https://vongbicongnghiep.vn/wp-content/uploads/2023/03/519-31826-1.png""]","","Ống hình T kết nối hai đầu ra của bộ chia mỡ Phần tử kết hợp đầu ra của bộ chia mỡ bôi trơn SSV. Bằng cách kết hợp đầu ra 1 và 2, sẽ tạo ra thiết bị chia mỡ với số đầu ra không đều. Bởi vì hai đầu ra kết hợp với nhau nên có đầu ra gấp đôi so với 1 một ra duy nhất.","[]","982000","out_of_stock","vongbicongnghiep.vn-wc-store-api-category-search-skf","2026-04-29T13:49:39.166Z"
"41390","SKF","LL/303-17499-3-SKF","LL/303-17499-3-SKF","LL303174993SKF","Nút bịt SKF 303-17499-3","HỆ THỐNG BÔI TRƠN","HỆ THỐNG BÔI TRƠN | Phụ kiện bơm mỡ SKF","13288","phu-kien-bom-mo-skf","https://vongbicongnghiep.vn/san-pham/nut-bit-dau-ra-cua-van-303-17499-3/","https://vongbicongnghiep.vn/wp-content/uploads/2023/03/303-17499-3.png","[""https://vongbicongnghiep.vn/wp-content/uploads/2023/03/303-17499-3.png""]","","Nút bịt đầu ra của van, dùng cho bộ chia mỡ đa điểm SSV Metering devices, M10x1mm","[]","17000","in_stock","vongbicongnghiep.vn-wc-store-api-category-search-skf","2026-04-29T13:49:39.166Z"
"41387","SKF","LL/410-443-SKF","LL/410-443-SKF","LL410443SKF","Đầu nối SKF 410-443","HỆ THỐNG BÔI TRƠN","HỆ THỐNG BÔI TRƠN | Phụ kiện bơm mỡ SKF","13288","phu-kien-bom-mo-skf","https://vongbicongnghiep.vn/san-pham/dau-noi-skf-410-443/","https://vongbicongnghiep.vn/wp-content/uploads/2023/03/Screenshot-2023-03-18-103505-1.png","[""https://vongbicongnghiep.vn/wp-content/uploads/2023/03/Screenshot-2023-03-18-103505-1.png"",""https://vongbicongnghiep.vn/wp-content/uploads/2023/03/ge.Einschraubv..png""]","","Phụ kiện bắt vít thẳng có ren hệ mét cho Ø10 Đầu nối bắt vít thẳng theo tiêu chuẩn DIN 2353 với ren kim loại Thép, bề mặt mạ kẽm Đặt hàng-Nr. Ø(Ống) D1 Loạt 410-443 10 M10x1tap. L","[]","333000","out_of_stock","vongbicongnghiep.vn-wc-store-api-category-search-skf","2026-04-29T13:49:39.166Z"
"41379","SKF","LL/226-14091-4-SKF","LL/226-14091-4-SKF","LL226140914SKF","Van một chiều SKF 226-14091-4","HỆ THỐNG BÔI TRƠN","HỆ THỐNG BÔI TRƠN | Phụ kiện bơm mỡ SKF","13288","phu-kien-bom-mo-skf","https://vongbicongnghiep.vn/san-pham/dau-noi-dang-day-voi-van-mot-chieu-226-14091-4-m10x1mm-ong-6x1mm/","https://vongbicongnghiep.vn/wp-content/uploads/2023/03/226-14091-4.png","[""https://vongbicongnghiep.vn/wp-content/uploads/2023/03/226-14091-4.png"",""https://vongbicongnghiep.vn/wp-content/uploads/2023/03/226-14091-4-kt.png""]","","Van một chiều 226-14091-4 dùng để đấu nối với thiết bị đo SSV Model GEKV: đẩy vào để đấu nối Làm bằng đồng thau Đường kính D Ø 6 mm Kích thước ren D1 M10x1.0 Côn bằng đồng thau Kích thước lục giác S1 12 mm","[]","175000","in_stock","vongbicongnghiep.vn-wc-store-api-category-search-skf","2026-04-29T13:49:39.166Z"
"41372","SKF","LL/504-30344-4-SKF","LL/504-30344-4-SKF","LL504303444SKF","Van một chiều SKF 504-30344-4","HỆ THỐNG BÔI TRƠN","HỆ THỐNG BÔI TRƠN | Phụ kiện bơm mỡ SKF","13288","phu-kien-bom-mo-skf","https://vongbicongnghiep.vn/san-pham/van-mot-chieu-504-30344-4-loai-ermeto-m10x1mm-ong-6x1mm/","https://vongbicongnghiep.vn/wp-content/uploads/2023/03/504-30344-4.png","[""https://vongbicongnghiep.vn/wp-content/uploads/2023/03/504-30344-4.png""]","","Loại ermeto, M10x1mm/ống, G6x1mm Thiết bị đóng hoàn toàn đường đi của chất lỏng theo một hướng và để lại một lối đi tự do theo hướng khác. Van khí nén là thiết bị cơ khí để điều chỉnh và kiểm soát không khí. Trong số các chức năng chính của nó là bắt đầu, dừng hoặc điều chỉnh luồng khí. Khí nén là công nghệ sử dụng khí nén để vận hành các cơ chế khác nhau. Trong lĩnh vực công nghiệp, nó được sử dụng trong nhiều quy trình và ứng dụng.","[]","104000","in_stock","vongbicongnghiep.vn-wc-store-api-category-search-skf","2026-04-29T13:49:39.166Z"
"41367","SKF","LL/619-28866-1-SKF","LL/619-28866-1-SKF","LL619288661SKF","Bộ chia mỡ SKF 619-28866-1","HỆ THỐNG BÔI TRƠN","HỆ THỐNG BÔI TRƠN | Phụ kiện bơm mỡ SKF","13288","phu-kien-bom-mo-skf","https://vongbicongnghiep.vn/san-pham/bo-chia-mo-ssv22-619-28866-1/","https://vongbicongnghiep.vn/wp-content/uploads/2023/03/619-28866-1.png","[""https://vongbicongnghiep.vn/wp-content/uploads/2023/03/619-28866-1.png""]","","Bộ chia mỡ SSV22 619-28866-1 có 22 đầu ra Chất bôi trơn NLGI/2, dầu có độ nhớt lên tới 40 mm²/s Lưu lượng cho mỗi chu trình trên mỗi đầu ra: 0,2 cm³ Nhiệt độ hoạt động: -40°C đến +200°C Áp suất vận hành tối đa: 350 bar Chất liệu: Thép, mạ crom đen Kết nối đầu vào: G1/8, kết nối đầu ra: M10x1","[]","6334000","out_of_stock","vongbicongnghiep.vn-wc-store-api-category-search-skf","2026-04-29T13:49:39.166Z"
"41365","SKF","LL/619-28865-1-SKF","LL/619-28865-1-SKF","LL619288651SKF","Bộ chia mỡ SKF 619-28865-1","HỆ THỐNG BÔI TRƠN","HỆ THỐNG BÔI TRƠN | Phụ kiện bơm mỡ SKF","13288","phu-kien-bom-mo-skf","https://vongbicongnghiep.vn/san-pham/bo-chia-mo-ssv20-619-28865-1/","https://vongbicongnghiep.vn/wp-content/uploads/2023/03/619-28865-1.png","[""https://vongbicongnghiep.vn/wp-content/uploads/2023/03/619-28865-1.png""]","","Bộ chia mỡ SSV20 619-28865-1 có 20 đầu ra Chất bôi trơn NLGI/2, dầu có độ nhớt lên tới 40 mm²/s Lưu lượng cho mỗi chu trình trên mỗi đầu ra: 0,2 cm³ Nhiệt độ hoạt động: -40°C đến +200°C Áp suất vận hành tối đa: 350 bar Chất liệu: Thép, mạ crom đen Kết nối đầu vào: G1/8, kết nối đầu ra: M10x1","[]","5763000","out_of_stock","vongbicongnghiep.vn-wc-store-api-category-search-skf","2026-04-29T13:49:39.166Z"
"41357","SKF","LL/619-28863-1-SKF","LL/619-28863-1-SKF","LL619288631SKF","Bộ chia mỡ SKF 619-28863-1","HỆ THỐNG BÔI TRƠN","HỆ THỐNG BÔI TRƠN | Phụ kiện bơm mỡ SKF","13288","phu-kien-bom-mo-skf","https://vongbicongnghiep.vn/san-pham/bo-chia-mo-skf-ssv16-619-28863-1/","https://vongbicongnghiep.vn/wp-content/uploads/2023/03/619-28863-1.png","[""https://vongbicongnghiep.vn/wp-content/uploads/2023/03/619-28863-1.png""]","","Bộ chia mỡ SSV16 619-28863-1 có 16 đầu ra Chất bôi trơn NLGI/2 dầu có độ nhớt lên tới 40 mm²/s Lưu lượng cho mỗi chu trình trên mỗi đầu ra: 0,2 cm³ Nhiệt độ hoạt động: -40°C đến +200°C Áp suất vận hành tối đa: 350 bar Chất liệu: Thép, mạ crom đen Kết nối đầu vào: G1/8, kết nối đầu ra: M10x1","[]","4911000","out_of_stock","vongbicongnghiep.vn-wc-store-api-category-search-skf","2026-04-29T13:49:39.166Z"
"41355","SKF","LL/619-28862-1-SKF","LL/619-28862-1-SKF","LL619288621SKF","Bộ chia mỡ SKF 619-28862-1","HỆ THỐNG BÔI TRƠN","HỆ THỐNG BÔI TRƠN | Phụ kiện bơm mỡ SKF","13288","phu-kien-bom-mo-skf","https://vongbicongnghiep.vn/san-pham/bo-chia-mo-skf-ssv14-619-28862-1/","https://vongbicongnghiep.vn/wp-content/uploads/2023/03/619-28862-1.png","[""https://vongbicongnghiep.vn/wp-content/uploads/2023/03/619-28862-1.png""]","","Bộ chia mỡ SSV14 Có chất bôi trơn NLGI/2 dầu có độ nhớt lên tới 40 mm²/s Lưu lượng cho mỗi chu trình trên mỗi đầu ra: 0,2 cm³ Nhiệt độ hoạt động: -40°C đến +200°C Áp suất vận hành tối đa: 350 bar Chất liệu: Thép, mạ crom đen Kết nối đầu ra: M10x1","[]","4294000","out_of_stock","vongbicongnghiep.vn-wc-store-api-category-search-skf","2026-04-29T13:49:39.166Z"
"41352","SKF","LL/619-25731-2-SKF","LL/619-25731-2-SKF","LL619257312SKF","Bộ chia mỡ SKF 619-25731-2","HỆ THỐNG BÔI TRƠN","HỆ THỐNG BÔI TRƠN | Phụ kiện bơm mỡ SKF","13288","phu-kien-bom-mo-skf","https://vongbicongnghiep.vn/san-pham/bo-chia-mo-skf-ssv12-619-25731-2/","https://vongbicongnghiep.vn/wp-content/uploads/2023/03/619-25731-2.png","[""https://vongbicongnghiep.vn/wp-content/uploads/2023/03/619-25731-2.png""]","","Bơm chia mỡ với 12 đầu ra và thể tích danh nghĩa là 0,20 cm³/đầu ra. Ren đầu vào G1/8 và ren đầu ra M10x1. Bơm chia mỡ chia số lượng được cung cấp thành các phần bằng nhau hoặc không bằng nhau bằng cách đóng các đầu ra không sử dụng tới bằng nút vặn đặc biệt, tốc độ dòng chảy đến đầu ra mở tiếp theo bên dưới ở cùng một phía được tăng lên nhờ lượng chất bôi trơn của các đầu ra đã đóng ở trên.","[]","3464000","out_of_stock","vongbicongnghiep.vn-wc-store-api-category-search-skf","2026-04-29T13:49:39.166Z"
"41350","SKF","LL/619-26841-1-SKF","LL/619-26841-1-SKF","LL619268411SKF","Bộ chia mỡ SKF 619-26841-1","HỆ THỐNG BÔI TRƠN","HỆ THỐNG BÔI TRƠN | Phụ kiện bơm mỡ SKF","13288","phu-kien-bom-mo-skf","https://vongbicongnghiep.vn/san-pham/bom-chia-mo-skf-619-26841-1/","https://vongbicongnghiep.vn/wp-content/uploads/2023/03/619-26841-1.png","[""https://vongbicongnghiep.vn/wp-content/uploads/2023/03/619-26841-1.png""]","","Bơm chia mỡ với 10 đầu ra và thể tích danh nghĩa là 0,20 cm³/ổ cắm. Ren đầu vào G1/8 và ren đầu ra M10x1. Bơm chia mỡ chia số lượng được cung cấp thành các phần bằng nhau hoặc không bằng nhau bằng cách đóng các đầu ra không sử dụng tới bằng nút vặn đặc biệt, tốc độ dòng chảy đến đầu ra mở tiếp theo bên dưới ở cùng một phía được tăng lên nhờ lượng chất bôi trơn của các đầu ra đã đóng ở trên.","[]","3054000","out_of_stock","vongbicongnghiep.vn-wc-store-api-category-search-skf","2026-04-29T13:49:39.167Z"
"41348","SKF","LL/619-25730-2-SKF","LL/619-25730-2-SKF","LL619257302SKF","Bơm chia mỡ SKF 619-25730-2","HỆ THỐNG BÔI TRƠN","HỆ THỐNG BÔI TRƠN | Phụ kiện bơm mỡ SKF","13288","phu-kien-bom-mo-skf","https://vongbicongnghiep.vn/san-pham/bom-chia-mo-skf-619-25730-2/","https://vongbicongnghiep.vn/wp-content/uploads/2023/03/619-25730-2.png","[""https://vongbicongnghiep.vn/wp-content/uploads/2023/03/619-25730-2.png""]","","Bơm chia mỡ với 8 đầu ra và thể tích danh nghĩa là 0,20 cm³/ổ cắm. Nhiệt độ hoạt động từ –40 đến+200 °C Áp lực vận hành lớn nhất 350 bar Kết nối đầu vào G 1/8 hoặc 1/8 NPTF Kết nối đầu ra M 10×1","[]","2624000","out_of_stock","vongbicongnghiep.vn-wc-store-api-category-search-skf","2026-04-29T13:49:39.167Z"
"41346","SKF","LL/619-26473-1-SKF","LL/619-26473-1-SKF","LL619264731SKF","Bộ chia mỡ SKF 619-26473-1","HỆ THỐNG BÔI TRƠN","HỆ THỐNG BÔI TRƠN | Phụ kiện bơm mỡ SKF","13288","phu-kien-bom-mo-skf","https://vongbicongnghiep.vn/san-pham/bo-chia-mo-skf-619-26473-1/","https://vongbicongnghiep.vn/wp-content/uploads/2023/03/619-26473-1.png","[""https://vongbicongnghiep.vn/wp-content/uploads/2023/03/619-26473-1.png""]","","Bơm chia mỡ với 6 đầu ra và thể tích danh nghĩa là 0,20 cm³/ổ cắm. Ren đầu vào G1/8 và ren đầu ra M10x1. Bơm chia mỡ chia số lượng được cung cấp thành các phần bằng nhau hoặc không bằng nhau bằng cách đóng các đầu ra không sử dụng tới bằng nút vặn đặc biệt, tốc độ dòng chảy đến đầu ra mở tiếp theo bên dưới ở cùng một phía được tăng lên nhờ lượng chất bôi trơn của các đầu ra đã đóng ở trên","[]","2228000","in_stock","vongbicongnghiep.vn-wc-store-api-category-search-skf","2026-04-29T13:49:39.167Z"
"41342","SKF","LL/112-35127-2-SKF","LL/112-35127-2-SKF","LL112351272SKF","Ống dẫn dầu SKF 112-35127-2","HỆ THỐNG BÔI TRƠN","HỆ THỐNG BÔI TRƠN | Phụ kiện bơm mỡ SKF","13288","phu-kien-bom-mo-skf","https://vongbicongnghiep.vn/san-pham/ong-dan-dau-skf-112-35127-2/","https://vongbicongnghiep.vn/wp-content/uploads/2023/03/ONG.png","[""https://vongbicongnghiep.vn/wp-content/uploads/2023/03/ONG.png""]","","Kích thước: 6×1,5mm Áp suất nổ :210bar Ống dẫn dầu SKF 112-35127-2","[]","91000","out_of_stock","vongbicongnghiep.vn-wc-store-api-category-search-skf","2026-04-29T13:49:39.167Z"
"41335","SKF","LL/408-425W-SKF","LL/408-425W-SKF","LL408425WSKF","Đầu nối đầu vào 408-425W","HỆ THỐNG BÔI TRƠN","HỆ THỐNG BÔI TRƠN | Phụ kiện bơm mỡ SKF","13288","phu-kien-bom-mo-skf","https://vongbicongnghiep.vn/san-pham/dau-noi-dau-vao-skf-408-425w-goc-90-loai-ermeto-ong-8mm-g1-8-ren-r1-8-thuon-nhon-2/","https://vongbicongnghiep.vn/wp-content/uploads/2023/03/408-425W-1.png","[""https://vongbicongnghiep.vn/wp-content/uploads/2023/03/408-425W-1.png""]","","Đầu nối đầu vào 408-425W Góc 90°/loại ermeto Đầu nối bắt vít ren ống Whitworth với Ø8mm G1/8 Đầu nối bắt vít theo DIN 2353 với ren ống Whitworth. Đầu nối đầu vào SKF 408-425W góc 90°/loại ermeto - ống 8mm/G1/8 - ren R1/8 thuôn nhọn","[]","217000","out_of_stock","vongbicongnghiep.vn-wc-store-api-category-search-skf","2026-04-29T13:49:39.167Z"
"41336","SKF","LL/406-710-002-SKF","LL/406-710-002-SKF","LL406710002SKF","Đầu nối nhanh SKF 406-710-002","HỆ THỐNG BÔI TRƠN","HỆ THỐNG BÔI TRƠN | Phụ kiện bơm mỡ SKF","13288","phu-kien-bom-mo-skf","https://vongbicongnghiep.vn/san-pham/dau-noi-nhanh-skf-406-710-002/","https://vongbicongnghiep.vn/wp-content/uploads/2023/03/Screenshot-2023-03-17-151102.png","[""https://vongbicongnghiep.vn/wp-content/uploads/2023/03/Screenshot-2023-03-17-151102.png"",""https://vongbicongnghiep.vn/wp-content/uploads/2023/03/Screenshot-2023-03-17-151035.png""]","","","[]","154000","in_stock","vongbicongnghiep.vn-wc-store-api-category-search-skf","2026-04-29T13:49:39.167Z"
"41331","SKF","LL/406-810-002-SKF","LL/406-810-002-SKF","LL406810002SKF","Ống bọc vít 406-810-002","HỆ THỐNG BÔI TRƠN","HỆ THỐNG BÔI TRƠN | Phụ kiện bơm mỡ SKF","13288","phu-kien-bom-mo-skf","https://vongbicongnghiep.vn/san-pham/tay-ao-vit-skf-406-810-002/","https://vongbicongnghiep.vn/wp-content/uploads/2023/03/Screenshot-2023-03-17-150626.png","[""https://vongbicongnghiep.vn/wp-content/uploads/2023/03/Screenshot-2023-03-17-150626.png"",""https://vongbicongnghiep.vn/wp-content/uploads/2023/03/Screenshot-2023-03-17-150642.png""]","","Ống bọc vít 406-810-002","[]","408000","in_stock","vongbicongnghiep.vn-wc-store-api-category-search-skf","2026-04-29T13:49:39.167Z"
"41327","SKF","LL/WVN 711-10-SKF","LL/WVN 711-10-SKF","LLWVN71110SKF","Ống cao áp mềm SKF WVN 711-10 &#8211; đầu 10x1mm","HỆ THỐNG BÔI TRƠN","HỆ THỐNG BÔI TRƠN | Phụ kiện bơm mỡ SKF","13288","phu-kien-bom-mo-skf","https://vongbicongnghiep.vn/san-pham/ong-cao-ap-mem-skf-wvn-711-10-dau-10x1mm/","https://vongbicongnghiep.vn/wp-content/uploads/2023/03/982-750-091-o.webp","[""https://vongbicongnghiep.vn/wp-content/uploads/2023/03/982-750-091-o.webp""]","","Ống cao áp mềm SKF WVN 711-10 – đầu 10x1mm","[]","0","out_of_stock","vongbicongnghiep.vn-wc-store-api-category-search-skf","2026-04-29T13:49:39.167Z"
"41323","SKF","LL/96-0203-0058-SKF","LL/96-0203-0058-SKF","LL9602030058SKF","Đầu nối đầu vào SKF 96-0203-0058","HỆ THỐNG BÔI TRƠN","HỆ THỐNG BÔI TRƠN | Phụ kiện bơm mỡ SKF","13288","phu-kien-bom-mo-skf","https://vongbicongnghiep.vn/san-pham/dau-noi-dau-vao-96-0203-0058-loai-thang-ermeto-ong-8mm-g1-8-ren-hinh-tru/","https://vongbicongnghiep.vn/wp-content/uploads/2023/03/96-0203-0058.png","[""https://vongbicongnghiep.vn/wp-content/uploads/2023/03/96-0203-0058.png"",""https://vongbicongnghiep.vn/wp-content/uploads/2023/03/kt-96-0203-0058.png""]","","Loại thẳng/ermeto Phụ kiện thẳng đứng có ren ống hình trụ Whitworth Ø8, G1/8 Phụ kiện bắt vít thẳng theo DIN 2353 với ren ống Whitworth.","[]","257000","out_of_stock","vongbicongnghiep.vn-wc-store-api-category-search-skf","2026-04-29T13:49:39.167Z"
"41315","SKF","LL/506-108-VS-SKF","LL/506-108-VS-SKF","LL506108VSSKF","Đầu nối góc SKF 506-108-VS","HỆ THỐNG BÔI TRƠN","HỆ THỐNG BÔI TRƠN | Phụ kiện bơm mỡ SKF","13288","phu-kien-bom-mo-skf","https://vongbicongnghiep.vn/san-pham/dau-noi-dau-vao-506-108-vs-goc-90-loai-day-ong-6mm-g1-8-banjo/","https://vongbicongnghiep.vn/wp-content/uploads/2023/03/506-108-VS.png","[""https://vongbicongnghiep.vn/wp-content/uploads/2023/03/506-108-VS.png"",""https://vongbicongnghiep.vn/wp-content/uploads/2023/03/kich-thuoc-506-108-VS.png"",""https://vongbicongnghiep.vn/wp-content/uploads/2023/03/506-108-VS.png""]","","Góc 90° đẩy để kết nối, có ren trụ (VS) với Ø6 - G1/8 cho dầu mỡ","[]","274000","out_of_stock","vongbicongnghiep.vn-wc-store-api-category-search-skf","2026-04-29T13:49:39.167Z"
"41319","SKF","LL/853-380-003-VS-SKF","LL/853-380-003-VS-SKF","LL853380003VSSKF","Đầu nối nhanh góc 90 độ SKF 853-380-003-VS","HỆ THỐNG BÔI TRƠN","HỆ THỐNG BÔI TRƠN | Phụ kiện bơm mỡ SKF","13288","phu-kien-bom-mo-skf","https://vongbicongnghiep.vn/san-pham/dau-noi-nhanh-goc-90-do-skf-853-380-003-vs/","https://vongbicongnghiep.vn/wp-content/uploads/2023/03/Screenshot-2023-03-17-141547.png","[""https://vongbicongnghiep.vn/wp-content/uploads/2023/03/Screenshot-2023-03-17-141547.png""]","","Nối góc 90 độ Chiều dài 19MM Đường kính 6mm Chiều cao 35mm Vật liệu xử lý bề mặt kẽm-niken","[]","132000","out_of_stock","vongbicongnghiep.vn-wc-store-api-category-search-skf","2026-04-29T13:49:39.167Z"
"41316","SKF","LL/853-380-002-SKF","LL/853-380-002-SKF","LL853380002SKF","Đầu nối nhanh SKF 853-380-002","HỆ THỐNG BÔI TRƠN","HỆ THỐNG BÔI TRƠN | Phụ kiện bơm mỡ SKF","13288","phu-kien-bom-mo-skf","https://vongbicongnghiep.vn/san-pham/dau-noi-nhanh-skf-853-380-002/","https://vongbicongnghiep.vn/wp-content/uploads/2023/03/SKF_853-VS-515Wx515H.jpg","[""https://vongbicongnghiep.vn/wp-content/uploads/2023/03/SKF_853-VS-515Wx515H.jpg"",""https://vongbicongnghiep.vn/wp-content/uploads/2023/03/ban-ve-tay-ao-.png""]","","","[]","58000","out_of_stock","vongbicongnghiep.vn-wc-store-api-category-search-skf","2026-04-29T13:49:39.167Z"
"41310","SKF","LL/406-423W-VS-SKF","LL/406-423W-VS-SKF","LL406423WVSSKF","Đầu nối đầu vào SKF 406-423W-VS","HỆ THỐNG BÔI TRƠN","HỆ THỐNG BÔI TRƠN | Phụ kiện bơm mỡ SKF","13288","phu-kien-bom-mo-skf","https://vongbicongnghiep.vn/san-pham/dau-noi-dau-vao-loai-thang-day-406-423w-vs-ong-6mm-g1-8/","https://vongbicongnghiep.vn/wp-content/uploads/2023/03/406-423W-VS.png","[""https://vongbicongnghiep.vn/wp-content/uploads/2023/03/406-423W-VS.png""]","","Đẩy để kết nối phụ kiện; Đường kính ngoài ống 6mm; Kết nối R1/8; Gioăng cao su Nitrile; Chất liệu đồng thau; Áp suất tối đa 300Bar.","[]","147000","out_of_stock","vongbicongnghiep.vn-wc-store-api-category-search-skf","2026-04-29T13:49:39.167Z"
"41312","SKF","LL/853-380-002-VS-SKF","LL/853-380-002-VS-SKF","LL853380002VSSKF","Đầu nối nhanh SKF 853-380-002-VS","HỆ THỐNG BÔI TRƠN","HỆ THỐNG BÔI TRƠN | Phụ kiện bơm mỡ SKF","13288","phu-kien-bom-mo-skf","https://vongbicongnghiep.vn/san-pham/dau-noi-nhanh-skf-853-380-002-vs/","https://vongbicongnghiep.vn/wp-content/uploads/2023/03/Screenshot-2023-03-17-134819.png","[""https://vongbicongnghiep.vn/wp-content/uploads/2023/03/Screenshot-2023-03-17-134819.png"",""https://vongbicongnghiep.vn/wp-content/uploads/2023/03/ban-ve-tay-ao-.png""]","","Kích thước ống:Ø6mm Kiểu thiết kế:thẳng Vật liệu:thép mạ kẽm Nhiệt độ hoạt động:-40 … +70°C","[]","84000","out_of_stock","vongbicongnghiep.vn-wc-store-api-category-search-skf","2026-04-29T13:49:39.167Z"
"41308","SKF","LL/223-12485-9-SKF","LL/223-12485-9-SKF","LL223124859SKF","Đầu nối đầu vào SKF 223-12485-9","HỆ THỐNG BÔI TRƠN","HỆ THỐNG BÔI TRƠN | Phụ kiện bơm mỡ SKF","13288","phu-kien-bom-mo-skf","https://vongbicongnghiep.vn/san-pham/dau-noi-goc-skf-223-12485-9-goc-90-loai-ermeto-ong-6mm-g1-8/","https://vongbicongnghiep.vn/wp-content/uploads/2023/03/223-12485-9.png","[""https://vongbicongnghiep.vn/wp-content/uploads/2023/03/223-12485-9.png""]","","Góc 90°/loại ermeto – ống 6mm- G1/8","[]","177000","out_of_stock","vongbicongnghiep.vn-wc-store-api-category-search-skf","2026-04-29T13:49:39.167Z"
"41304","SKF","LL/853-540-010-SKF","LL/853-540-010-SKF","LL853540010SKF","Tay áo vít SKF 853-540-010","HỆ THỐNG BÔI TRƠN","HỆ THỐNG BÔI TRƠN | Phụ kiện bơm mỡ SKF","13288","phu-kien-bom-mo-skf","https://vongbicongnghiep.vn/san-pham/tay-ao-vit-skf-853-540-010/","https://vongbicongnghiep.vn/wp-content/uploads/2023/03/tay-ao-vit.png","[""https://vongbicongnghiep.vn/wp-content/uploads/2023/03/tay-ao-vit.png"",""https://vongbicongnghiep.vn/wp-content/uploads/2023/03/tay-ao-sck.png"",""https://vongbicongnghiep.vn/wp-content/uploads/2023/03/ban-ve-tay-ao-.png""]","","Tay áo vít Chất liệu: Thép, mạ kẽm/inox 1.4571 cho các kết nối kín chất lỏng với ổ cắm ống và ống cao áp cho đường kính cáp (bên ngoài): 8,75 mm, 11,3 mm và 16,9 mm","[]","38000","out_of_stock","vongbicongnghiep.vn-wc-store-api-category-search-skf","2026-04-29T13:49:39.167Z"
"41300","SKF","LL/982-750-091-SKF","LL/982-750-091-SKF","LL982750091SKF","Ống cao áp mềm SKF 982-750-091","HỆ THỐNG BÔI TRƠN","HỆ THỐNG BÔI TRƠN | Phụ kiện bơm mỡ SKF","13288","phu-kien-bom-mo-skf","https://vongbicongnghiep.vn/san-pham/ong-cao-ap-mem-skf-982-750-091/","https://vongbicongnghiep.vn/wp-content/uploads/2023/03/982-750-091-o.webp","[""https://vongbicongnghiep.vn/wp-content/uploads/2023/03/982-750-091-o.webp"",""https://vongbicongnghiep.vn/wp-content/uploads/2023/03/Screenshot-2023-03-17-114134.png""]","","","[]","132000","out_of_stock","vongbicongnghiep.vn-wc-store-api-category-search-skf","2026-04-29T13:49:39.167Z"
"41299","SKF","LL/410-407-SKF","LL/410-407-SKF","LL410407SKF","Đầu nối chữ T SKF 410-407 &#8211; ống D=10mm","HỆ THỐNG BÔI TRƠN","HỆ THỐNG BÔI TRƠN | Phụ kiện bơm mỡ SKF","13288","phu-kien-bom-mo-skf","https://vongbicongnghiep.vn/san-pham/dau-noi-chu-t-skf-410-407-ong-d10mm/","https://vongbicongnghiep.vn/wp-content/uploads/2023/03/406-407-SKF-1.jpg","[""https://vongbicongnghiep.vn/wp-content/uploads/2023/03/406-407-SKF-1.jpg"",""https://vongbicongnghiep.vn/wp-content/uploads/2023/03/406-407.png""]","","","[]","591000","out_of_stock","vongbicongnghiep.vn-wc-store-api-category-search-skf","2026-04-29T13:49:39.167Z"
"41296","SKF","LL/471-110-163-SKF","LL/471-110-163-SKF","LL471110163SKF","Đầu nối SKF 471-110-163","HỆ THỐNG BÔI TRƠN","HỆ THỐNG BÔI TRƠN | Phụ kiện bơm mỡ SKF","13288","phu-kien-bom-mo-skf","https://vongbicongnghiep.vn/san-pham/dau-noi-skf-471-110-163/","https://vongbicongnghiep.vn/wp-content/uploads/2023/03/471.jpg","[""https://vongbicongnghiep.vn/wp-content/uploads/2023/03/471.jpg"",""https://vongbicongnghiep.vn/wp-content/uploads/2023/03/471.jpg"",""https://vongbicongnghiep.vn/wp-content/uploads/2023/03/471-110-163.png""]","","kích thước ống: Ø10mm chủ đề bên trong: G1/4 kiểu kết nối: lắp ống không hàn Kiểu thiết kế: thẳng Loạt mô hình: L","[]","829000","out_of_stock","vongbicongnghiep.vn-wc-store-api-category-search-skf","2026-04-29T13:49:39.167Z"
"41292","SKF","LL/406-407-SKF","LL/406-407-SKF","LL406407SKF","Đầu nối chữ T SKF 406-407 &#8211; ống 6mm","HỆ THỐNG BÔI TRƠN","HỆ THỐNG BÔI TRƠN | Phụ kiện bơm mỡ SKF","13288","phu-kien-bom-mo-skf","https://vongbicongnghiep.vn/san-pham/dau-noi-chu-t-skf-406-407-ong-6mm/","https://vongbicongnghiep.vn/wp-content/uploads/2023/03/406-407-SKF-1.jpg","[""https://vongbicongnghiep.vn/wp-content/uploads/2023/03/406-407-SKF-1.jpg"",""https://vongbicongnghiep.vn/wp-content/uploads/2023/03/406-407.png""]","","","[]","449000","out_of_stock","vongbicongnghiep.vn-wc-store-api-category-search-skf","2026-04-29T13:49:40.367Z"
"41289","SKF","LL/248-610.02-SKF","LL/248-610.02-SKF","LL24861002SKF","Đồng hồ áp suất SKF 248-610.02","HỆ THỐNG BÔI TRƠN","HỆ THỐNG BÔI TRƠN | Phụ kiện bơm mỡ SKF","13288","phu-kien-bom-mo-skf","https://vongbicongnghiep.vn/san-pham/dong-ho-ap-suat-skf-248-610-02/","https://vongbicongnghiep.vn/wp-content/uploads/2023/03/169-140-001.png","[""https://vongbicongnghiep.vn/wp-content/uploads/2023/03/169-140-001.png"",""https://vongbicongnghiep.vn/wp-content/uploads/2023/03/Screenshot-2023-03-17-104139-1.png""]","","Đồng hồ áp suất SKF 248-610.02","[]","132000","out_of_stock","vongbicongnghiep.vn-wc-store-api-category-search-skf","2026-04-29T13:49:40.367Z"
"41287","SKF","LL/248-610.01-SKF","LL/248-610.01-SKF","LL24861001SKF","Đầu nối SKF 248-610.01","HỆ THỐNG BÔI TRƠN","HỆ THỐNG BÔI TRƠN | Phụ kiện bơm mỡ SKF","13288","phu-kien-bom-mo-skf","https://vongbicongnghiep.vn/san-pham/dau-noi-skf-248-610-01/","https://vongbicongnghiep.vn/wp-content/uploads/2023/02/LAPN.png","[""https://vongbicongnghiep.vn/wp-content/uploads/2023/02/LAPN.png"",""https://vongbicongnghiep.vn/wp-content/uploads/2023/03/Screenshot-2023-03-17-102847.png""]","","","[]","484000","out_of_stock","vongbicongnghiep.vn-wc-store-api-category-search-skf","2026-04-29T13:49:40.367Z"
"41284","SKF","LL/169-140-001-SKF","LL/169-140-001-SKF","LL169140001SKF","Đồng hồ áp suất SKF 169-140-001 0-400 bar","HỆ THỐNG BÔI TRƠN","HỆ THỐNG BÔI TRƠN | Phụ kiện bơm mỡ SKF | SẢN PHẨM NỔI BẬT","13288","phu-kien-bom-mo-skf","https://vongbicongnghiep.vn/san-pham/dong-ho-ap-suat-skf-169-140-001-0-400-bar/","https://vongbicongnghiep.vn/wp-content/uploads/2023/03/169-140-001.png","[""https://vongbicongnghiep.vn/wp-content/uploads/2023/03/169-140-001.png"",""https://vongbicongnghiep.vn/wp-content/uploads/2023/03/thong-so-169-140-001.png""]","","Đồng hồ áp suất SKF 169-140-001 0-400 bar","[]","2324000","out_of_stock","vongbicongnghiep.vn-wc-store-api-category-search-skf","2026-04-29T13:49:40.367Z"
"41280","SKF","LL/24-1755-2003-SKF","LL/24-1755-2003-SKF","LL2417552003SKF","Đầu chuyển đổi SKF 24-1755-2003 M20X1,5-G1/4","HỆ THỐNG BÔI TRƠN","HỆ THỐNG BÔI TRƠN | Phụ kiện bơm mỡ SKF","13288","phu-kien-bom-mo-skf","https://vongbicongnghiep.vn/san-pham/dau-chuyen-doi-skf-24-1755-2003-m20x15-g1-4/","https://vongbicongnghiep.vn/wp-content/uploads/2023/03/Screenshot-2023-03-17-100556.png","[""https://vongbicongnghiep.vn/wp-content/uploads/2023/03/Screenshot-2023-03-17-100556.png"",""https://vongbicongnghiep.vn/wp-content/uploads/2023/03/Screenshot-2023-03-17-100822.png""]","","Đầu chuyển đổi SKF 24-1755-2003 M20X1,5-G1/4","[]","1426000","out_of_stock","vongbicongnghiep.vn-wc-store-api-category-search-skf","2026-04-29T13:49:40.367Z"
"41278","SKF","LL/11650650-SKF","LL/11650650-SKF","LL11650650SKF","Khớp Nối SKF TEMA FEMALE 2510 11650650","HỆ THỐNG BÔI TRƠN","HỆ THỐNG BÔI TRƠN | Phụ kiện bơm mỡ SKF","13288","phu-kien-bom-mo-skf","https://vongbicongnghiep.vn/san-pham/khop-noi-skf-tema-female-2510-11650650/","https://vongbicongnghiep.vn/wp-content/uploads/2023/03/11650650.png","[""https://vongbicongnghiep.vn/wp-content/uploads/2023/03/11650650.png""]","","","[]","2181000","out_of_stock","vongbicongnghiep.vn-wc-store-api-category-search-skf","2026-04-29T13:49:40.367Z"
"41276","SKF","LL/11770460-SKF","LL/11770460-SKF","LL11770460SKF","Đầu Lọc Dầu SKF 11770460","HỆ THỐNG BÔI TRƠN","HỆ THỐNG BÔI TRƠN | Phụ kiện bơm mỡ SKF","13288","phu-kien-bom-mo-skf","https://vongbicongnghiep.vn/san-pham/dau-loc-dau-skf-11770460/","https://vongbicongnghiep.vn/wp-content/uploads/2023/03/11770460.png","[""https://vongbicongnghiep.vn/wp-content/uploads/2023/03/11770460.png""]","","Link tải tài liệu Order label Order code SEALING KIT 40PGAS PUMP 11390330 SEALING KIT 40HGAS PUMP 11390310 REPAIR KIT 40PGAS PUMP 11390510 PRESSURE REDUCTION VALVE 11600700 COIL ATOS 12V 11601100 COIL ATOS 24V 11601150 DHI-631/WITHOUT COIL 11600600 LOW LEVEL SWITCH PGAS 11770470 LOW LEVEL SWITCH INDUCTIVE 10543528 INLET VALVE 11770480 6014 3/2NC-24VDC-R1/8 11601420 PLUG MPM-712 11601450 40PGAS PRESSURE BOX 11400023 RESET VALVE 11390730 SUPPORT RING 11682200 PRESSURE PISTON SEAL 11681850 PRESSURE CASE DIAPHRAGM 11770260 RESERVOIR PISTON SEAL 11682400 RESERVOIR STUD BOLT 11400650 RESERVOIR 2 KG 11770350 FILLING FILTER 11770460 FILTER 250MIC 11770415 FILLING FILTER PLUG 11400770 M12 HARNESS CABLE 11500195","[]","3261000","out_of_stock","vongbicongnghiep.vn-wc-store-api-category-search-skf","2026-04-29T13:49:40.367Z"
"41274","SKF","LAGF1-H-SKF","LAGF1-H-SKF","LAGF1HSKF","Đầu chuyển đổi SKF LAGF 1-H","HỆ THỐNG BÔI TRƠN","HỆ THỐNG BÔI TRƠN | Bơm dầu mỡ SKF | Phụ kiện bơm mỡ SKF","13288","phu-kien-bom-mo-skf","https://vongbicongnghiep.vn/san-pham/dau-chuyen-doi-skf-lagf-1-h/","https://vongbicongnghiep.vn/wp-content/uploads/2023/03/LAGF-1-H.png","[""https://vongbicongnghiep.vn/wp-content/uploads/2023/03/LAGF-1-H.png""]","","Phụ kiện SKF LAGF 1-H là núm vú phụ phù hợp với chất bôi trơn đa điểm TLMP 1008 và TLMP 1018 và cho máy bơm mỡ LAGF 18 và LAGF 50.","[]","0","out_of_stock","vongbicongnghiep.vn-wc-store-api-category-search-skf","2026-04-29T13:49:40.367Z"
"41271","SKF","LAGF1-F-SKF","LAGF1-F-SKF","LAGF1FSKF","Ống dẫn dầu mỡ SKF LAGF1-F","HỆ THỐNG BÔI TRƠN","HỆ THỐNG BÔI TRƠN | Bơm dầu mỡ SKF | Phụ kiện bơm mỡ SKF","13288","phu-kien-bom-mo-skf","https://vongbicongnghiep.vn/san-pham/ong-dan-dau-mo-skf-lagf1-f/","https://vongbicongnghiep.vn/wp-content/uploads/2023/03/LAGF-1-F.png","[""https://vongbicongnghiep.vn/wp-content/uploads/2023/03/LAGF-1-F.png""]","","LAGF 1-F Ống linh hoạt với núm vú phụ Phụ kiện SKF LAGF 1-F là một ống mềm có núm phụ phù hợp với TLMP Chất bôi trơn đa điểm 1008 và TLMP 1018 và cho LAGF 18 và LAGF 50 máy bơm mỡ bôi trơn.","[]","0","out_of_stock","vongbicongnghiep.vn-wc-store-api-category-search-skf","2026-04-29T13:49:40.367Z"
"41265","SKF","LL/169-000-171-SKF","LL/169-000-171-SKF","LL169000171SKF","Súng nạp mỡ SKF 169-000-171 420ml","HỆ THỐNG BÔI TRƠN","HỆ THỐNG BÔI TRƠN | Phụ kiện bơm mỡ SKF","13288","phu-kien-bom-mo-skf","https://vongbicongnghiep.vn/san-pham/sung-nap-mo-skf-169-000-171-420ml/","https://vongbicongnghiep.vn/wp-content/uploads/2023/03/Screenshot-2023-03-17-082645.png","[""https://vongbicongnghiep.vn/wp-content/uploads/2023/03/Screenshot-2023-03-17-082645.png"",""https://vongbicongnghiep.vn/wp-content/uploads/2023/03/Screenshot-2023-03-17-082746.png""]","","Súng nạp mỡ SKF 169-000-171 420ml","[]","2865000","out_of_stock","vongbicongnghiep.vn-wc-store-api-category-search-skf","2026-04-29T13:49:40.368Z"
"41259","SKF","LL/169-000-174-SKF","LL/169-000-174-SKF","LL169000174SKF","SKF Đầu kết 169-000-174","Phụ kiện bơm mỡ SKF","Phụ kiện bơm mỡ SKF","13288","phu-kien-bom-mo-skf","https://vongbicongnghiep.vn/san-pham/skf-dau-ket-169-000-174/","https://vongbicongnghiep.vn/wp-content/uploads/2023/03/169-000-174.png","[""https://vongbicongnghiep.vn/wp-content/uploads/2023/03/169-000-174.png""]","","SKF Đầu kết 169-000-174 Sự miêu tả Ký hiệu đặt hàng thích hợp để đổ đầy bộ phận bơm Piston SKF-KFG M20x1,5 169-000-174","[]","1152000","out_of_stock","vongbicongnghiep.vn-wc-store-api-category-search-skf","2026-04-29T13:49:40.368Z"
"41255","SKF","LL/161-210-046-SKF","LL/161-210-046-SKF","LL161210046SKF","SKF Van giảm áp 161-210-046","Phụ kiện bơm mỡ SKF","Phụ kiện bơm mỡ SKF","13288","phu-kien-bom-mo-skf","https://vongbicongnghiep.vn/san-pham/skf-van-giam-ap-161-210-046/","https://vongbicongnghiep.vn/wp-content/uploads/2023/03/161-210-046.png","[""https://vongbicongnghiep.vn/wp-content/uploads/2023/03/161-210-046.png""]","","SKF Van giảm áp 161-210-046 Safety valve/6mm/300 bar/Manometer","[]","6709000","out_of_stock","vongbicongnghiep.vn-wc-store-api-category-search-skf","2026-04-29T13:49:40.368Z"
"41254","SKF","LL/161-210-014-SKF","LL/161-210-014-SKF","LL161210014SKF","SKF Van giảm áp 161-210-014","Phụ kiện bơm mỡ SKF","Phụ kiện bơm mỡ SKF","13288","phu-kien-bom-mo-skf","https://vongbicongnghiep.vn/san-pham/skf-van-giam-ap-161-210-014/","https://vongbicongnghiep.vn/wp-content/uploads/2023/03/161-210-012.png","[""https://vongbicongnghiep.vn/wp-content/uploads/2023/03/161-210-012.png"",""https://vongbicongnghiep.vn/wp-content/uploads/2023/03/161-210-012-1.png"",""https://vongbicongnghiep.vn/wp-content/uploads/2023/03/161-210-012-3.png"",""https://vongbicongnghiep.vn/wp-content/uploads/2023/03/161-210-012-PL-1.png""]","","SKF Van giảm áp 161-210-014 – cho ống-Ø: 6 mm – Áp suất mở: 300 bar – Thép, mạ kẽm – Có núm tra mỡ","[]","2679000","out_of_stock","vongbicongnghiep.vn-wc-store-api-category-search-skf","2026-04-29T13:49:40.368Z"
"41253","SKF","LL/161-210-016-SKF","LL/161-210-016-SKF","LL161210016SKF","SKF Van giảm áp 161-210-016","Phụ kiện bơm mỡ SKF","Phụ kiện bơm mỡ SKF","13288","phu-kien-bom-mo-skf","https://vongbicongnghiep.vn/san-pham/skf-van-giam-ap-161-210-016/","https://vongbicongnghiep.vn/wp-content/uploads/2023/03/161-210-012.png","[""https://vongbicongnghiep.vn/wp-content/uploads/2023/03/161-210-012.png"",""https://vongbicongnghiep.vn/wp-content/uploads/2023/03/161-210-012-PL-1.png"",""https://vongbicongnghiep.vn/wp-content/uploads/2023/03/161-210-012-1.png"",""https://vongbicongnghiep.vn/wp-content/uploads/2023/03/161-210-012-3.png""]","","SKF Van giảm áp 161-210-016 – for pipe-Ø: 10 mm – Opening pressure: 300 bar – Steel, galvanized – Without greasing nipple 161-210-016 – cho ống-Ø: 10 mm – Áp suất mở: 300 bar – Thép, mạ kẽm – Không có núm vặn mỡ","[]","2258000","out_of_stock","vongbicongnghiep.vn-wc-store-api-category-search-skf","2026-04-29T13:49:40.368Z"
"41247","SKF","LL/161-210-012-SKF","LL/161-210-012-SKF","LL161210012SKF","SKF Van giảm áp 161-210-012","Phụ kiện bơm mỡ SKF","Phụ kiện bơm mỡ SKF","13288","phu-kien-bom-mo-skf","https://vongbicongnghiep.vn/san-pham/skf-van-giam-ap-161-210-012/","https://vongbicongnghiep.vn/wp-content/uploads/2023/03/161-210-012.png","[""https://vongbicongnghiep.vn/wp-content/uploads/2023/03/161-210-012.png"",""https://vongbicongnghiep.vn/wp-content/uploads/2023/03/161-210-012-PL-1.png"",""https://vongbicongnghiep.vn/wp-content/uploads/2023/03/161-210-012-3.png"",""https://vongbicongnghiep.vn/wp-content/uploads/2023/03/161-210-012-1.png""]","","SKF Van giảm áp 161-210-012 – Dùng cho ống-Ø: 6 mm – Áp suất crackinh: 300 bar – Thép mạ kẽm – Không có núm vặn Mỡ","[]","2529000","out_of_stock","vongbicongnghiep.vn-wc-store-api-category-search-skf","2026-04-29T13:49:40.368Z"
"41246","SKF","LL/KFG1.U4-SKF","LL/KFG1.U4-SKF","LLKFG1U4SKF","Pít-tông cho bơm KFG: KFG1.U4","Phụ kiện bơm mỡ SKF","Phụ kiện bơm mỡ SKF","13288","phu-kien-bom-mo-skf","https://vongbicongnghiep.vn/san-pham/pit-tong-cho-bom-kfg-kfg1-u4/","https://vongbicongnghiep.vn/wp-content/uploads/2023/03/KFG1-1.png","[""https://vongbicongnghiep.vn/wp-content/uploads/2023/03/KFG1-1.png""]","","Pít-tông cho bơm KFG: KFG1.U4 Pump element/0,8ccm/min Max. Pressure 200 bars","[]","4485000","out_of_stock","vongbicongnghiep.vn-wc-store-api-category-search-skf","2026-04-29T13:49:40.368Z"
"41245","SKF","LL/KFG1.U3-SKF","LL/KFG1.U3-SKF","LLKFG1U3SKF","Pít-tông cho bơm KFG: KFG1.U3","Phụ kiện bơm mỡ SKF","Phụ kiện bơm mỡ SKF","13288","phu-kien-bom-mo-skf","https://vongbicongnghiep.vn/san-pham/pit-tong-cho-bom-kfg-kfg1-u3/","https://vongbicongnghiep.vn/wp-content/uploads/2023/03/KFG1-1-1.png","[""https://vongbicongnghiep.vn/wp-content/uploads/2023/03/KFG1-1-1.png""]","","Pít-tông cho bơm KFG: KFG1.U3 Pump element/1,3ccm/min Max. Pressure 200 bars","[]","4280000","out_of_stock","vongbicongnghiep.vn-wc-store-api-category-search-skf","2026-04-29T13:49:40.368Z"
"41244","SKF","LL/KFG1.U2-SKF","LL/KFG1.U2-SKF","LLKFG1U2SKF","Pít-tông cho bơm KFG: KFG1.U2","Phụ kiện bơm mỡ SKF","Phụ kiện bơm mỡ SKF","13288","phu-kien-bom-mo-skf","https://vongbicongnghiep.vn/san-pham/pit-tong-cho-bom-kfg-kfg1-u2/","https://vongbicongnghiep.vn/wp-content/uploads/2023/03/KFG1-1-1.png","[""https://vongbicongnghiep.vn/wp-content/uploads/2023/03/KFG1-1-1.png""]","","Pít-tông cho bơm KFG: KFG1.U2 Pump element/1,8ccm/min Max. Pressure 200 bars","[]","3998000","out_of_stock","vongbicongnghiep.vn-wc-store-api-category-search-skf","2026-04-29T13:49:40.368Z"
"41242","SKF","LL/KFG1.U1-SKF","LL/KFG1.U1-SKF","LLKFG1U1SKF","Pít-tông cho bơm KFG: KFG1.U1","Phụ kiện bơm mỡ SKF","Phụ kiện bơm mỡ SKF","13288","phu-kien-bom-mo-skf","https://vongbicongnghiep.vn/san-pham/pit-tong-cho-bom-kfg-kfg1-u1/","https://vongbicongnghiep.vn/wp-content/uploads/2023/03/KFG1-1-1.png","[""https://vongbicongnghiep.vn/wp-content/uploads/2023/03/KFG1-1-1.png""]","","Pít-tông cho bơm KFG: KFG1.U1 Pump element/2,5ccm/min Max. Pressure 200 bars","[]","5508000","out_of_stock","vongbicongnghiep.vn-wc-store-api-category-search-skf","2026-04-29T13:49:40.368Z"
"41238","SKF","LL/KFG1.U0-SKF","LL/KFG1.U0-SKF","LLKFG1U0SKF","Pít-tông cho bơm KFG: KFG1.U0","Phụ kiện bơm mỡ SKF","Phụ kiện bơm mỡ SKF","13288","phu-kien-bom-mo-skf","https://vongbicongnghiep.vn/san-pham/pit-tong-cho-bom-kfg-kfg1-u0/","https://vongbicongnghiep.vn/wp-content/uploads/2023/03/KFG1-1.png","[""https://vongbicongnghiep.vn/wp-content/uploads/2023/03/KFG1-1.png""]","","Pít-tông cho bơm KFG: KFG1.U0 Pump element/5ccm/min Max. Pressure 200 bars","[]","4797000","out_of_stock","vongbicongnghiep.vn-wc-store-api-category-search-skf","2026-04-29T13:49:40.368Z"
"41236","SKF","LL/997-000-630-SKF","LL/997-000-630-SKF","LL997000630SKF","Đầu nối-cáp 7pin-12m: 997-000-630","Phụ kiện bơm mỡ SKF","Phụ kiện bơm mỡ SKF","13288","phu-kien-bom-mo-skf","https://vongbicongnghiep.vn/san-pham/dau-noi-cap-7pin-12m-997-000-630/","https://vongbicongnghiep.vn/wp-content/uploads/2023/03/997-000-630.png","[""https://vongbicongnghiep.vn/wp-content/uploads/2023/03/997-000-630.png""]","","Đầu nối-cáp 7pin-12m: 997-000-630","[]","8018000","out_of_stock","vongbicongnghiep.vn-wc-store-api-category-search-skf","2026-04-29T13:49:40.368Z"
"41234","SKF","LL/179-990-663-SKF","LL/179-990-663-SKF","LL179990663SKF","Đầu nối &#8211; kết nối với máy bơm 179-990-663","Phụ kiện bơm mỡ SKF","Phụ kiện bơm mỡ SKF","13288","phu-kien-bom-mo-skf","https://vongbicongnghiep.vn/san-pham/dau-noi-ket-noi-voi-may-bom-179-990-663/","https://vongbicongnghiep.vn/wp-content/uploads/2023/03/179-990-663.png","[""https://vongbicongnghiep.vn/wp-content/uploads/2023/03/179-990-663.png""]","","Đầu nối – kết nối với máy bơm: 179-990-663","[]","949000","out_of_stock","vongbicongnghiep.vn-wc-store-api-category-search-skf","2026-04-29T13:49:40.368Z"
"41232","SKF","LL/997-000-185-SKF","LL/997-000-185-SKF","LL997000185SKF","Bộ cáp kết nối máy bơm KFG và bộ điều khiển IG502: 997-000-185","Phụ kiện bơm mỡ SKF","Phụ kiện bơm mỡ SKF","13288","phu-kien-bom-mo-skf","https://vongbicongnghiep.vn/san-pham/bo-cap-ket-noi-may-bom-kfg-va-bo-dieu-khien-ig502-997-000-185/","https://vongbicongnghiep.vn/wp-content/uploads/2023/03/997-000-185.png","[""https://vongbicongnghiep.vn/wp-content/uploads/2023/03/997-000-185.png""]","","Bộ cáp kết nối máy bơm KFG và bộ điều khiển IG502: 997-000-185","[]","6926000","out_of_stock","vongbicongnghiep.vn-wc-store-api-category-search-skf","2026-04-29T13:49:40.368Z"
"41227","SKF","LL/IG 502-2-E+924-SKF","LL/IG 502-2-E+924-SKF","LLIG5022E924SKF","Bộ điều khiển bơm mỡ SKF IG502-2-E+924","Phụ kiện bơm mỡ SKF","Phụ kiện bơm mỡ SKF","13288","phu-kien-bom-mo-skf","https://vongbicongnghiep.vn/san-pham/bo-dieu-khien-bom-mo-skf-ig502-2-e924/","https://vongbicongnghiep.vn/wp-content/uploads/2023/03/IG502-2-E924.png","[""https://vongbicongnghiep.vn/wp-content/uploads/2023/03/IG502-2-E924.png""]","","Bộ điều khiển bơm mỡ SKF IG502-2-E+924 Bộ điều khiển bên ngoài, 24VDC IG502-2-E Thiết bị giám sát và điều khiển đa năng cho xe Để sử dụng trong các hệ thống bôi trơn một dòng và lũy tiến IG 502-2-E là một thiết bị giám sát và điều khiển phổ quát cho các phương tiện và phù hợp để bôi trơn tập trung trong các hệ thống một dòng và lũy tiến. Thiết bị nhỏ gọn được trang bị bảng hiển thị để cài đặt tham số và theo dõi chức năng. Các chế độ vận hành khác nhau, chẳng hạn như chức năng hẹn giờ, bộ đếm và giám sát cho công tắc áp suất và chu kỳ, có thể lập trình được. Thiết bị có bộ nhớ dữ liệu riêng độc lập với điện áp cung cấp. Để tránh ảnh hưởng từ môi trường, nên lắp đặt thiết bị bên trong tủ. Bộ điều khiển bên ngoài được kết nối với máy bơm KFB qua cáp 997-000-185 Tải tài liệu IG502-2-E TECHNICAL DATA Function principle control and monitoring device Operating temperature –25 to +75 °C -13 to +167 °F Storage temperature –10 to +70 °C +14 to 158 °F Max control voltage 12 or 24 V DC Contact load connector M 5 A at 12 or 24 V DC SL-output 4 W Fuse protection max. 5 A Pause time adjustable, 0,1-99,9 h Pump running time adjustable, 0,1-99,9 min Impulses adjustable, 1-999 Operation hours storage 0-99999,9 h Operation-failed hours storage 0-99999,9 h Protection class IP 20 DIN 40050, plug IP 00 Dimensions 138 × 65 × 40 mm 5.43 × 2.56 × 1.57 in Mounting position any ORDER INFORMATION Part number Description IG 502-2-E+912 Controller 12 V DC IG 502-2-E+924 Controller 24 V DC 997-000-185 Wire set","[]","0","out_of_stock","vongbicongnghiep.vn-wc-store-api-category-search-skf","2026-04-29T13:49:40.369Z"