id,brand,sku,code,normalizedCode,name,category,categories,sourceCategoryId,sourceCategoryLabel,url,image,images,shortDescription,description,attributes,price,stockStatus,source,crawledAt
"80473","SKF","TLGB 21/230V-SKF","TLGB 21/230V-SKF","TLGB21230VSKF","Súng bơm mỡ TLGB 21/230V","Dụng cụ bôi trơn","Dụng cụ bôi trơn","93","he-thong-boi-tron","https://vongbicongnghiep.vn/san-pham/sung-bom-mo-tlgb-21-230v/","https://vongbicongnghiep.vn/wp-content/uploads/2023/02/TLGB.png","[""https://vongbicongnghiep.vn/wp-content/uploads/2023/02/TLGB.png""]","","Súng Bơm Mỡ Dùng Pin SKF TLGB 21/230V: Tối Ưu Hóa Công Tác Bôi Trơn Công Nghiệp Trong môi trường công nghiệp hiện đại, việc bảo trì máy móc và thiết bị đóng vai trò vô cùng quan trọng để đảm bảo dây chuyền sản xuất hoạt động liên tục và hiệu quả. Bôi trơn đúng cách là một trong những yếu tố cốt lõi của bảo trì, giúp giảm ma sát, ngăn ngừa mài mòn và kéo dài tuổi thọ của linh kiện. Tuy nhiên, các phương pháp bôi trơn thủ công truyền thống thường tốn nhiều thời gian, công sức và khó đảm bảo độ chính xác. Súng bơm mỡ dùng pin SKF TLGB 21/230V ra đời như một giải pháp đột phá, giải quyết triệt để những nhược điểm này. Tại Sao SKF TLGB 21/230V Là Lựa Chọn Hàng Đầu Cho Kỹ Thuật Viên? Được phát triển bởi SKF, một trong những thương hiệu hàng đầu thế giới về vòng bi và giải pháp bôi trơn, TLGB 21/230V được thiết kế để tối đa hóa hiệu quả công việc cho người vận hành. Công cụ độc đáo này kết hợp thiết kế công thái học, bền bỉ với các tính năng công nghệ tiên tiến, mang lại trải nghiệm sử dụng vượt trội. Đồng hồ đo mỡ tích hợp: Đây là tính năng nổi bật nhất, giúp ngăn ngừa tình trạng bơm thừa hoặc thiếu mỡ. Màn hình hiển thị rõ ràng lượng mỡ đã bơm ra, cho phép kiểm soát chính xác, tối ưu hóa lượng mỡ sử dụng và bảo vệ thiết bị khỏi các sự cố do bôi trơn sai cách. Pin Lithium-ion 20V hiệu suất cao: Cung cấp năng lượng ổn định và bền bỉ, cho phép bơm tới 24 ống mỡ cho mỗi lần sạc đầy, đảm bảo công việc không bị gián đoạn. Áp suất làm việc cực cao: Với áp suất cực đại lên tới 700 bar (10.000 psi), SKF TLGB 21 dễ dàng bơm mỡ vào các điểm bôi trơn bị tắc nghẽn, đảm bảo mỡ đến được những vị trí cần thiết nhất. Hai tốc độ dòng chảy: Người dùng có thể dễ dàng chuyển đổi giữa tốc độ bơm thấp (110 g/phút) và cao (170 g/phút) để phù hợp với từng ứng dụng cụ thể. Thiết kế thông minh và tiện dụng: Máy có trọng lượng nhẹ, thiết kế cân bằng, chân đế 4 điểm ổn định và đèn LED tích hợp để chiếu sáng khu vực làm việc trong điều kiện thiếu sáng. Thông Số Kỹ Thuật Chi Tiết Của SKF TLGB 21/230V Để hiểu rõ hơn về sức mạnh và hiệu quả của sản phẩm, hãy cùng xem qua bảng thông số kỹ thuật chi tiết dưới đây. Những con số này chứng minh tại sao SKF TLGB 21 là một công cụ mạnh mẽ và đáng tin cậy cho mọi nhu cầu bảo trì. Thông số Chi tiết Tên sản phẩm TLGB 21/230V Áp suất cực đại tối đa 700 bar (10.000 psi) Áp suất hoạt động tối đa 400 bar (6.000 psi) Lưu lượng mỡ (Tốc độ thấp) 110 ml/phút (tại 70 bar) Lưu lượng mỡ (Tốc độ cao) 170 ml/phút (tại 70 bar) Pin 20V Li-ion, 2.5 Ah Số lượng ống mỡ mỗi lần sạc Lên đến 24 ống Chiều dài ống mềm 1200 mm Màn hình hiển thị Có (Đo lường mỡ, dung lượng pin, cảnh báo tắc nghẽn) Đèn LED tích hợp Có Ứng Dụng Rộng Rãi Trong Nhiều Ngành Nhờ tính linh hoạt, hiệu suất cao và độ bền bỉ, súng bơm mỡ SKF TLGB 21 phù hợp với rất nhiều ứng dụng bôi trơn thủ công khác nhau. Nó là công cụ không thể thiếu cho các đội ngũ bảo trì trong các ngành: Công nghiệp và sản xuất: Bôi trơn vòng bi, băng tải, động cơ, hộp số và các máy móc hạng nặng. Nông nghiệp: Bảo dưỡng máy kéo, máy gặt và các thiết bị nông nghiệp khác. Xây dựng: Bôi trơn các khớp nối, điểm trục của xe xúc, xe ủi và các máy móc công trình. Ô tô: Sử dụng trong các xưởng dịch vụ để bảo trì xe tải, xe buýt và các phương tiện hạng nặng. Đầu Tư Thông Minh Cho Hiệu Quả Dài Lâu Việc trang bị Súng bơm mỡ dùng pin SKF TLGB 21/230V không chỉ là mua một công cụ, mà là một sự đầu tư vào hiệu quả, độ chính xác và sự an toàn trong công tác bảo trì. Giảm thiểu thời gian dừng máy, tiết kiệm chi phí mỡ bôi trơn và kéo dài tuổi thọ thiết bị là những lợi ích thiết thực mà sản phẩm này mang lại. Đừng để công việc bôi trơn thủ công làm chậm tiến độ của bạn. Hãy nâng cấp ngay hôm nay để trải nghiệm sự khác biệt. Tìm Hiểu Thêm và Đặt Hàng Ngay!","[{""name"":""brand"",""terms"":[""SKF""]}]","17495000","out_of_stock","vongbicongnghiep.vn-wc-store-api-category-search-skf","2026-04-29T13:49:27.573Z"
"79916","SKF","LGLT 2/0.4-SKF","LGLT 2/0.4-SKF","LGLT204SKF","Mỡ bôi trơn SKF LGLT 2/0.4","Mỡ bôi trơn SKF","Mỡ bôi trơn SKF","93","he-thong-boi-tron","https://vongbicongnghiep.vn/san-pham/mo-boi-tron-skf-lglt-2-0-4/","https://vongbicongnghiep.vn/wp-content/uploads/2025/08/LGLT2-04.png","[""https://vongbicongnghiep.vn/wp-content/uploads/2025/08/LGLT2-04.png""]","Mỡ bôi trơn SKF LGLT 2/0.2","Mỡ bôi trơn SKF LGLT 2/0.4 SKF LGLT 2 là mỡ gốc dầu tổng hợp hoàn toàn sử dụng xà phòng lithium. Công nghệ làm đặc độc đáo và dầu có độ nhớt thấp (PAO) mang lại hiệu suất bôi trơn tuyệt vời ở nhiệt độ thấp -50 °C (-60 °F) và tốc độ cực cao (có thể đạt tới giá trị ndm là 1,6 * 106). Các ứng dụng tiêu biểu: • Cọc kéo sợi dệt • Cọc máy công cụ • Dụng cụ và thiết bị điều khiển • Trục chính máy công cụ • Thiết bị kiểm tra • Động cơ điện nhỏ được sử dụng trong thiết bị y tế và nha khoa – Giày trượt trong dây chuyền – Xi lanh in – Rô-bốt Mô-men xoắn ma sát thấp chạy êm Ổn định oxy hóa cực tốt và khả năng chống nước Mỡ SKF LGLT 2 Mỡ dùng cho vòng bi có tốc độ rất cao, tiếng ồn thấp hoặc trong môi trường nhiệt độ thấp Tài liệu kỹ thuật LGLT 2: LGLT_2.pdf Tài liệu tham khảo về mỡ SKF (E): Tài liệu kỹ thuật mỡ LGHP 2: LGHP_2.pdf Tài liệu kỹ thuật mỡ LDTS 1:LDTS_1.pdf Tài liệu kỹ thuật mỡ LESA 2: LESA_2.pdf Tài liệu kỹ thuật mỡ LGBB 2: LGBB_2.pdf Tài liệu kỹ thuật mỡ LGEM 2: LGEM_2.pdf Tài liệu kỹ thuật mỡ LGEP 2: LGEP_2.pdf Tài liệu kỹ thuật mỡ LGET 2: LGET_2.pdf Tài liệu kỹ thuật mỡ LGEV 2: LGEV_2.pdf Tài liệu kỹ thuật mỡ LGFP 2:LGFP_2.pdf Tài liệu kỹ thuật mỡ LGGB 2:LGGB_2.pdf Tài liệu kỹ thuật mỡ LGHB 2:LGHB_2.pdf Tài liệu kỹ thuật mỡ LGMT 2:LGMT_2.pdf Tài liệu kỹ thuật mỡ LGLT 2:LGLT_2.pdf Tài liệu kỹ thuật mỡ LGMT 2:LGMT_2.pdf Tài liệu kỹ thuật mỡ LGMT 2:LGMT_3.pdf Tài liệu kỹ thuật mỡ LGWA 2:LGWA_2.pdf Tài liệu kỹ thuật mỡ LGWM 1:LGWM_1.pdf Tài liệu kỹ thuật mỡ LGWM 2:LGWM_2.pdf Tài liệu kỹ thuật mỡ LGCG 1:LMCG_1.pdf Tài liệu kỹ thuật mỡ SKF:Thong_so_mo_SKF.pdf","[]","768000","out_of_stock","vongbicongnghiep.vn-wc-store-api-category-search-skf","2026-04-29T13:49:27.573Z"
"79915","SKF","LGLT 2/18-SKF","LGLT 2/18-SKF","LGLT218SKF","Mỡ bôi trơn SKF LGLT 2/18","Mỡ bôi trơn SKF","Mỡ bôi trơn SKF","93","he-thong-boi-tron","https://vongbicongnghiep.vn/san-pham/mo-boi-tron-skf-lglt-2-18/","https://vongbicongnghiep.vn/wp-content/uploads/2025/08/LGLT2-18.png","[""https://vongbicongnghiep.vn/wp-content/uploads/2025/08/LGLT2-18.png""]","Mỡ bôi trơn SKF LGLT 2/0.2","Mỡ bôi trơn SKF LGLT 2/18 SKF LGLT 2 là mỡ gốc dầu tổng hợp hoàn toàn sử dụng xà phòng lithium. Công nghệ làm đặc độc đáo và dầu có độ nhớt thấp (PAO) mang lại hiệu suất bôi trơn tuyệt vời ở nhiệt độ thấp -50 °C (-60 °F) và tốc độ cực cao (có thể đạt tới giá trị ndm là 1,6 * 106). Các ứng dụng tiêu biểu: • Cọc kéo sợi dệt • Cọc máy công cụ • Dụng cụ và thiết bị điều khiển • Trục chính máy công cụ • Thiết bị kiểm tra • Động cơ điện nhỏ được sử dụng trong thiết bị y tế và nha khoa – Giày trượt trong dây chuyền – Xi lanh in – Rô-bốt Mô-men xoắn ma sát thấp chạy êm Ổn định oxy hóa cực tốt và khả năng chống nước Mỡ SKF LGLT 2 Mỡ dùng cho vòng bi có tốc độ rất cao, tiếng ồn thấp hoặc trong môi trường nhiệt độ thấp Tài liệu kỹ thuật LGLT 2: LGLT_2.pdf Tài liệu tham khảo về mỡ SKF (E): Tài liệu kỹ thuật mỡ LGHP 2: LGHP_2.pdf Tài liệu kỹ thuật mỡ LDTS 1:LDTS_1.pdf Tài liệu kỹ thuật mỡ LESA 2: LESA_2.pdf Tài liệu kỹ thuật mỡ LGBB 2: LGBB_2.pdf Tài liệu kỹ thuật mỡ LGEM 2: LGEM_2.pdf Tài liệu kỹ thuật mỡ LGEP 2: LGEP_2.pdf Tài liệu kỹ thuật mỡ LGET 2: LGET_2.pdf Tài liệu kỹ thuật mỡ LGEV 2: LGEV_2.pdf Tài liệu kỹ thuật mỡ LGFP 2:LGFP_2.pdf Tài liệu kỹ thuật mỡ LGGB 2:LGGB_2.pdf Tài liệu kỹ thuật mỡ LGHB 2:LGHB_2.pdf Tài liệu kỹ thuật mỡ LGMT 2:LGMT_2.pdf Tài liệu kỹ thuật mỡ LGLT 2:LGLT_2.pdf Tài liệu kỹ thuật mỡ LGMT 2:LGMT_2.pdf Tài liệu kỹ thuật mỡ LGMT 2:LGMT_3.pdf Tài liệu kỹ thuật mỡ LGWA 2:LGWA_2.pdf Tài liệu kỹ thuật mỡ LGWM 1:LGWM_1.pdf Tài liệu kỹ thuật mỡ LGWM 2:LGWM_2.pdf Tài liệu kỹ thuật mỡ LGCG 1:LMCG_1.pdf Tài liệu kỹ thuật mỡ SKF:Thong_so_mo_SKF.pdf","[]","25745000","out_of_stock","vongbicongnghiep.vn-wc-store-api-category-search-skf","2026-04-29T13:49:27.574Z"
"49949","SKF","LL/237-10266-1-SKF","LL/237-10266-1-SKF","LL237102661SKF","237-10266-1","HỆ THỐNG BÔI TRƠN","HỆ THỐNG BÔI TRƠN | Phụ kiện bơm mỡ SKF","93","he-thong-boi-tron","https://vongbicongnghiep.vn/san-pham/237-10266-1-2/","","[]","","","[]","45725000","out_of_stock","vongbicongnghiep.vn-wc-store-api-category-search-skf","2026-04-29T13:49:27.574Z"
"49948","SKF","LL/234-13101-2-SKF","LL/234-13101-2-SKF","LL234131012SKF","234-13101-2","HỆ THỐNG BÔI TRƠN","HỆ THỐNG BÔI TRƠN | Phụ kiện bơm mỡ SKF","93","he-thong-boi-tron","https://vongbicongnghiep.vn/san-pham/234-13101-2-2/","","[]","","","[]","7697000","out_of_stock","vongbicongnghiep.vn-wc-store-api-category-search-skf","2026-04-29T13:49:27.574Z"
"49946","SKF","LL/525-32080-1-SKF","LL/525-32080-1-SKF","LL525320801SKF","Van định hướng SKF 525-32080-1","HỆ THỐNG BÔI TRƠN","HỆ THỐNG BÔI TRƠN | Phụ kiện bơm mỡ SKF","93","he-thong-boi-tron","https://vongbicongnghiep.vn/san-pham/van-dinh-huong-skf-525-32080-1-2/","","[]","","","[]","30125000","in_stock","vongbicongnghiep.vn-wc-store-api-category-search-skf","2026-04-29T13:49:27.574Z"
"49945","SKF","LL/24-0159-6028-SKF","LL/24-0159-6028-SKF","LL2401596028SKF","Thiết Bị Cảm Biến Cho Bộ Chia Piston Lincoln SKF 24-0159-6028","HỆ THỐNG BÔI TRƠN","HỆ THỐNG BÔI TRƠN | Bộ chia mỡ Lincoln","93","he-thong-boi-tron","https://vongbicongnghiep.vn/san-pham/thiet-bi-cam-bien-cho-bo-chia-piston-lincoln-skf-24-0159-6028-2/","","[]","","","[]","8972000","out_of_stock","vongbicongnghiep.vn-wc-store-api-category-search-skf","2026-04-29T13:49:27.574Z"
"49915","SKF","","y b","YB","Máy bơm mỡ SKF khí nén MPB","Bơm mỡ Lincoln","Bơm mỡ Lincoln","93","he-thong-boi-tron","https://vongbicongnghiep.vn/san-pham/may-bom-mo-skf-khi-nen-mpb-2/","","[]","","","[]","0","in_stock","vongbicongnghiep.vn-wc-store-api-category-search-skf","2026-04-29T13:49:27.574Z"
"49907","SKF","","m m","MM","Bơm mỡ Lincoln &#8211; SKF P 205","Bơm mỡ Lincoln","Bơm mỡ Lincoln","93","he-thong-boi-tron","https://vongbicongnghiep.vn/san-pham/bom-mo-lincoln-skf-p-205-2/","","[]","","","[]","0","in_stock","vongbicongnghiep.vn-wc-store-api-category-search-skf","2026-04-29T13:49:27.574Z"
"47650","SKF","237-10266-1-SKF","237-10266-1-SKF","237102661SKF","237-10266-1","HỆ THỐNG BÔI TRƠN","HỆ THỐNG BÔI TRƠN | Phụ kiện bơm mỡ SKF","93","he-thong-boi-tron","https://vongbicongnghiep.vn/san-pham/237-10266-1/","","[]","","Cảm biến sonar 237-10266-1","[]","0","in_stock","vongbicongnghiep.vn-wc-store-api-category-search-skf","2026-04-29T13:49:27.574Z"
"47649","SKF","234-13101-2-SKF","234-13101-2-SKF","234131012SKF","234-13101-2","HỆ THỐNG BÔI TRƠN","HỆ THỐNG BÔI TRƠN | Phụ kiện bơm mỡ SKF","93","he-thong-boi-tron","https://vongbicongnghiep.vn/san-pham/234-13101-2/","","[]","","","[]","0","in_stock","vongbicongnghiep.vn-wc-store-api-category-search-skf","2026-04-29T13:49:27.574Z"
"47560","SKF","1077600-3-SKF","1077600-3-SKF","10776003SKF","Núm vú SKF 1077600-3","Phụ kiện bơm mỡ SKF","Phụ kiện bơm mỡ SKF | HỆ THỐNG BÔI TRƠN","93","he-thong-boi-tron","https://vongbicongnghiep.vn/san-pham/num-vu-skf1077600-3/","https://vongbicongnghiep.vn/wp-content/uploads/2024/04/1077600-3.png","[""https://vongbicongnghiep.vn/wp-content/uploads/2024/04/1077600-3.png""]","","Núm vú SKF 1077600-3 nạp cho súng mỡ Phụ tùng SKF 1077600-3 là núm rót thích hợp cho súng bơm mỡ 1077600, TLGH 1 và LAGH 400","[]","260000","in_stock","vongbicongnghiep.vn-wc-store-api-category-search-skf","2026-04-29T13:49:27.574Z"
"47558","SKF","1077600-1 A-SKF","1077600-1 A-SKF","10776001ASKF","Đầu phun SKF 1077600-1 A","HỆ THỐNG BÔI TRƠN","HỆ THỐNG BÔI TRƠN | Phụ kiện bơm mỡ SKF","93","he-thong-boi-tron","https://vongbicongnghiep.vn/san-pham/dau-phun-skf-1077600-1-a/","https://vongbicongnghiep.vn/wp-content/uploads/2024/04/1077600-1-A.png","[""https://vongbicongnghiep.vn/wp-content/uploads/2024/04/1077600-1-A.png""]","","Đầu phun SKF 1077600-1 A, dùng cho súng bơm mỡ SKF 1077600, TLGH 1 và LAGH 400","[]","326000","in_stock","vongbicongnghiep.vn-wc-store-api-category-search-skf","2026-04-29T13:49:27.574Z"
"47556","SKF","1018220 E-SKF","1018220 E-SKF","1018220ESKF","Đầu nối nhanh SKF 1018220 E","HỆ THỐNG BÔI TRƠN","HỆ THỐNG BÔI TRƠN | Phụ kiện bơm mỡ SKF","93","he-thong-boi-tron","https://vongbicongnghiep.vn/san-pham/dau-noi-nhanh-skf-1018220-e/","https://vongbicongnghiep.vn/wp-content/uploads/2024/04/1018220-E.png","[""https://vongbicongnghiep.vn/wp-content/uploads/2024/04/1018220-E.png""]","","Đầu nối nhanh SKF 1018220 E","[]","2368000","out_of_stock","vongbicongnghiep.vn-wc-store-api-category-search-skf","2026-04-29T13:49:27.574Z"
"47554","SKF","LL/532-30739-1-SKF","LL/532-30739-1-SKF","LL532307391SKF","Đầu nối SKF 532-30739-1","HỆ THỐNG BÔI TRƠN","HỆ THỐNG BÔI TRƠN | Phụ kiện bơm mỡ SKF","93","he-thong-boi-tron","https://vongbicongnghiep.vn/san-pham/dau-noi-skf-532-30739-1/","https://vongbicongnghiep.vn/wp-content/uploads/2024/04/532-30739-1.png","[""https://vongbicongnghiep.vn/wp-content/uploads/2024/04/532-30739-1.png""]","","Đầu nối SKF 532-30739-1 chịu áp lực cao, đường kính ống d = 6mm","[]","104000","out_of_stock","vongbicongnghiep.vn-wc-store-api-category-search-skf","2026-04-29T13:49:27.574Z"
"46365","SKF","TLSD 1-DS-SKF","TLSD 1-DS-SKF","TLSD1DSSKF","Phụ kiện bơm mỡ tự động TLSD 1-DS","HỆ THỐNG BÔI TRƠN","HỆ THỐNG BÔI TRƠN | Bơm dầu mỡ SKF | Phụ kiện bơm mỡ SKF","93","he-thong-boi-tron","https://vongbicongnghiep.vn/san-pham/bo-bom-mo-tlsd-1-ds/","https://vongbicongnghiep.vn/wp-content/uploads/2023/12/0901d196807e9ce7.png","[""https://vongbicongnghiep.vn/wp-content/uploads/2023/12/0901d196807e9ce7.png""]","","Phụ kiện bơm mỡ tự động TLSD 1-DS Phụ tùng SKF TLSD 1-DS là bộ truyền động có tấm đỡ mỡ thích hợp cho máy bôi trơn tự động một điểm TLSD. Áp suất xả tối đa 5 bar trong toàn bộ thời gian phân phối Trạng thái của chất bôi trơn hiển thị bằng đèn LED màu đỏ/vàng/xanh lục Kích thước nhỏ gọn cho phép lắp đặt ở những khu vực hạn chế Được cung cấp với mặt bích hỗ trợ để tăng cường độ chắc chắn Thích hợp cho cả cài đặt trực tiếp và từ xa Thích hợp để sử dụng với tất cả các bộ nạp TLSD dầu mỡ khi được lắp đặt với mặt bích hỗ trợ chính xác","[]","1636000","in_stock","vongbicongnghiep.vn-wc-store-api-category-search-skf","2026-04-29T13:49:27.574Z"
"46309","SKF","90010-00*-SKF","90010-00*-SKF","9001000SKF","Hệ Thống Bôi Trơn AECP","HỆ THỐNG BÔI TRƠN","HỆ THỐNG BÔI TRƠN | Bơm dầu mỡ SKF | Dụng cụ bôi trơn","93","he-thong-boi-tron","https://vongbicongnghiep.vn/san-pham/he-thong-boi-tron-aecp/","https://vongbicongnghiep.vn/wp-content/uploads/2023/11/z4882614182881_bf90ee8e502e88cbf6a8cd8b93de9502.jpg","[""https://vongbicongnghiep.vn/wp-content/uploads/2023/11/z4882614182881_bf90ee8e502e88cbf6a8cd8b93de9502.jpg"",""https://vongbicongnghiep.vn/wp-content/uploads/2023/11/z4882614182881_bf90ee8e502e88cbf6a8cd8b93de9502.jpg"",""https://vongbicongnghiep.vn/wp-content/uploads/2023/11/z4882614762317_0bdcc6ec55baa45c9010433bb8681204.jpg"",""https://vongbicongnghiep.vn/wp-content/uploads/2023/11/z4882615297225_978ddeb0e8dad6985e132c35e6c56dd0.jpg""]","","AECP là hệ thống bôi trơn tự động nhỏ gọn. AECP sử dụng các ống mỡ tiêu chuẩn, giúp việc đổ đầy hệ thống tự động bôi trơn dễ dàng như đổ đầy súng mỡ. Nó không yêu cầu bất kỳ công cụ hoặc thiết bị nạp lại đặc biệt nào. Ngoài ra, việc sử dụng hộp mực cho phép tạora nhiều loại chất bôi trơn THÔNG SỐ KỸ THUẬT Nguyên lý chức năng Bơm bôi trơn vận hành bằng điện Mỡ bôi trơn: NLGI 1 đến NLGI 2 Thể tích ống mỡ tiêu chuẩn 14,1 oz 400 ml Áp suất làm việc 3600 psi (248 bar) Áp suất ngược 800-1000 psi (55-69 bar) Nhiệt độ hoạt động -40 đến +150°F -40 đến +65°C Số phần tử bơm 1 Lượng dầu bôi trơn 0,366 in3/phút 6 cm3/phút Lớp bảo vệ IP IP 6K9K Điện áp: 12V DC Dòng điện hoạt động: 10 hoặc 20 A Kết nối ổ cắm G1/4 Vị trí lắp đặt bất kỳ Kích thước (tối đa H×D×W) 16×7,5×3,5 inch 406×190×89 mm Trọng lượng (trống) 4,6 lb 2,08 kg THÔNG TIN ĐẶT HÀNG Số bộ phận Mô tả 90010-00* Bơm AECP, 12 V DC 280521 Ống mỡ Máy bơm phù hợp với không gian chật hẹp nhờ kích thước nhỏ gọn và các tùy chọn lắp đặt linh hoạt. AECP rất chắc chắn và chịu được môi trường làm việc và điều kiện làm việc khắc nghiệt. Được kết hợp với các thiết bị đo lường lũy tiến SSV, AECP là trái tim của hệ thống bôi trơn tự động vận hành đơn giản. Tất cả các điểm bôi trơn đều được cung cấp đáng tin cậy khi máy đang chạy. Dung tích ống đủ cho ít nhất một ngày làm việc của máy. Cảm biến mức thấp tích hợp cung cấp cảnh báo sớm để thay thế hộp mực. Nếu cần các tùy chọn giám sát nâng cao hơn, AECP có thể được vận hành bằng bộ điều khiển. Hệ Thống Bôi Trơn AECP thường được ứng dụng lên các máy thi công nhỏ như máy xúc máy ủi , xe thu gom rác thải đô thị, và các máy nông nghiệp","[]","0","out_of_stock","vongbicongnghiep.vn-wc-store-api-category-search-skf","2026-04-29T13:49:27.574Z"
"42154","SKF","LL/664-85313-8-SKF","LL/664-85313-8-SKF","LL664853138SKF","Cảm biến đầy cạn bình lincoln 664-85313-8","HỆ THỐNG BÔI TRƠN","HỆ THỐNG BÔI TRƠN | Phụ kiện bơm mỡ SKF","93","he-thong-boi-tron","https://vongbicongnghiep.vn/san-pham/cam-bien-day-can-binh-lincoln-664-85313-8/","https://vongbicongnghiep.vn/wp-content/uploads/2023/05/lincoln-sensor-bu-ls-210-vs-65-vlo200.jpg","[""https://vongbicongnghiep.vn/wp-content/uploads/2023/05/lincoln-sensor-bu-ls-210-vs-65-vlo200.jpg""]","","Cảm biến đầy cạn bình lincoln 664-85313-8 664-85313-8 – Lincoln Sensor – BU LS= 210 – VS= 65 – VLO=200 Cảm biến lincoln đo mực mỡ trong bình: BU LS = 210; VS= 65; VLO = 200","[]","18403000","out_of_stock","vongbicongnghiep.vn-wc-store-api-category-search-skf","2026-04-29T13:49:27.574Z"
"42029","SKF","LL/MFE2-F150-2000 299-SKF","LL/MFE2-F150-2000 299-SKF","LLMFE2F1502000299SKF","Bơm bánh răng SKF MFE2-F150-2000 299","HỆ THỐNG BÔI TRƠN","HỆ THỐNG BÔI TRƠN | Phụ kiện bơm mỡ SKF","93","he-thong-boi-tron","https://vongbicongnghiep.vn/san-pham/bom-banh-rang-skf-mfe2-f150-2000-299/","https://vongbicongnghiep.vn/wp-content/uploads/2023/04/MFE2-2000-299.png","[""https://vongbicongnghiep.vn/wp-content/uploads/2023/04/MFE2-2000-299.png"",""https://vongbicongnghiep.vn/wp-content/uploads/2023/04/MFE2-F150-2000-299.png""]","","Bơm bánh răng SKF MFE2-F150-2000 299 Trung bình: Dầu (20 đến 1000 mm²/s) Điện áp: 230/380 Vôn Tần số: 50/60Hz Tốc độ: 2700 vòng / phút tối đa. tốc độ giao hàng: 0,2 l / phút tối đa. áp suất vận hành: 28 bar Kết nối hút: M14x1,5 Kết nối áp lực: M14x1,5 Nâng hút (có đường xả mở): 500 mm Lớp bảo vệ: IP54 Với van giảm áp với mặt bích","[]","28276000","out_of_stock","vongbicongnghiep.vn-wc-store-api-category-search-skf","2026-04-29T13:49:27.574Z"
"42025","SKF","LL/DU56N2075 MX1-SKF","LL/DU56N2075 MX1-SKF","LLDU56N2075MX1SKF","Bánh răng SKF DU56N2075 MX1","HỆ THỐNG BÔI TRƠN","HỆ THỐNG BÔI TRƠN | Phụ kiện bơm mỡ SKF","93","he-thong-boi-tron","https://vongbicongnghiep.vn/san-pham/banh-rang-skf-du56n2075-mx1/","https://vongbicongnghiep.vn/wp-content/uploads/2023/04/DU56N2075-MX1-2.png","[""https://vongbicongnghiep.vn/wp-content/uploads/2023/04/DU56N2075-MX1-2.png"",""https://vongbicongnghiep.vn/wp-content/uploads/2023/04/525-32080-1.png"",""https://vongbicongnghiep.vn/wp-content/uploads/2023/04/DU56N2075-MX1-3.png""]","","Bánh răng SKF DU56N2075 MX1 dùng cho bơm và động cơ","[]","5637000","in_stock","vongbicongnghiep.vn-wc-store-api-category-search-skf","2026-04-29T13:49:27.574Z"
"42022","SKF","LL/83753-SKF","LL/83753-SKF","LL83753SKF","Cuộn ống dẫn khí SKF 83753","HỆ THỐNG BÔI TRƠN","HỆ THỐNG BÔI TRƠN | Phụ kiện bơm mỡ SKF","93","he-thong-boi-tron","https://vongbicongnghiep.vn/san-pham/cuon-ong-dan-khi-skf-83753/","https://vongbicongnghiep.vn/wp-content/uploads/2023/04/53753.png","[""https://vongbicongnghiep.vn/wp-content/uploads/2023/04/53753.png"",""https://vongbicongnghiep.vn/wp-content/uploads/2023/04/53753-1.png""]","","Cuộn ống dẫn khí SKF 83753 dẫn không khí và nước. Cuộn vòi có thể thu vào 50 foot x 3/8 inch Khớp nối NPT 1/4 inch Đế gắn có rãnh Cần đầu ra có thể điều chỉnh 5 vị trí","[]","24808000","out_of_stock","vongbicongnghiep.vn-wc-store-api-category-search-skf","2026-04-29T13:49:27.574Z"
"42010","SKF","LL/83167-SKF","LL/83167-SKF","LL83167SKF","Máy bơm SKF 83167","HỆ THỐNG BÔI TRƠN","HỆ THỐNG BÔI TRƠN | Phụ kiện bơm mỡ SKF","93","he-thong-boi-tron","https://vongbicongnghiep.vn/san-pham/may-bom-skf-83167/","https://vongbicongnghiep.vn/wp-content/uploads/2023/04/83167.png","[""https://vongbicongnghiep.vn/wp-content/uploads/2023/04/83167.png""]","","Máy bơm SKF 83167 Để sử dụng trong các hệ thống bôi trơn một dòng. Model 83167 là máy bơm thể tích dương, vận hành bằng không khí, cung cấp thể tích tối đa bằng một hành trình duy nhất của máy bơm. Van khí điện từ và bộ điều khiển thời gian trạng thái rắn có thể điều chỉnh được tích hợp vào thân máy bơm. Bộ phận bơm này được thiết kế để cung cấp mỡ cho các thiết bị đo một dòng và bao gồm một phụ kiện nạp lại khối lượng lớn đặc biệt.Hồ chứa acrylic có sẵn trong một số kích cỡ. Model 83167 bao gồm một bình chứa trong suốt, bộ phận đi theo lò xo, cụm van thông hơi và khớp nối phụ để nạp lại bình chứa. Các tính năng và lợi ích Động cơ không khí 2 1/2 inch Cụm van thông hơi Vận hành bằng các hành trình tịnh tiến chạy bằng khí nén và giải phóng áp suất lên đường bôi trơn thông qua van kiểm tra/xả áp đi kèm (3 chiều) trên hành trình hồi khí dùng năng lượng khí Các thành phần hệ thống từ xa như van 3/2 chiều, điều chỉnh công suất không khí và giám sát máy bơm được cung cấp riêng theo yêu cầu Hai bộ ghép làm đầy khác nhau có sẵn Được ứng dụng trong nghành xi măng và ăn uống Thông số kỹ thuật: Nguyên tắc chức năng: vận hành bằng không khí, bơm pít-tông chuyển động qua lại Cửa hàng: 1 Định lượng định lượng: 197 cm³/phút 12 in³/phút Chất bôi trơn: mỡ NLGI 0, 1, 2 Nhiệt độ hoạt động: –35 đến +104 °C -30 đến +220 °F Áp suất vận hành: tối thiểu: 82 bar, tối đa: 240 bar Bình chứa 5 kg 11 lb Chất liệu: acrylic, nitrile, cao su tổng hợp, thép, nhôm, kẽm Đầu ra kết nối: 3/4 NPTF (F) Cửa hút gió: 1/8 NPTF (F) Tỷ số truyền: 40:1 Kích thước: 413 × 229 × 571,5 mm 16,25 × 9,0 × 22,5 inch Vị trí lắp đặt: thẳng đứng","[]","152888000","in_stock","vongbicongnghiep.vn-wc-store-api-category-search-skf","2026-04-29T13:49:27.574Z"
"42008","SKF","LL/649-29495-1-SKF","LL/649-29495-1-SKF","LL649294951SKF","Bộ chia mỡ SKF 649-29495-1","HỆ THỐNG BÔI TRƠN","HỆ THỐNG BÔI TRƠN | Phụ kiện bơm mỡ SKF","93","he-thong-boi-tron","https://vongbicongnghiep.vn/san-pham/bo-chia-mo-skf-649-29495-1/","https://vongbicongnghiep.vn/wp-content/uploads/2023/04/649-29495-1.png","[""https://vongbicongnghiep.vn/wp-content/uploads/2023/04/649-29495-1.png""]","","Bộ chia mỡ SKF 649-29495-1, Bộ chia này có cảm biến giúp theo dõi việc cung cấp dầu mỡ. Cảm biến sẽ tiếp xúc mỗi khi bộ chia thực hiện một chu kỳ bôi trơn hoàn chỉnh. Chỉ sử dụng các đầu nối SSV có hình nón bằng đồng thau. Chất liệu: Mạ kẽm đen. Quan trọng! đầu ra 1 & 2 có thể không được đóng lại. Model: SSVD 6 N Chất liệu: Mạ kẽm đen Đầu ra: 6 Đầu ra kết nối: M10 x 1.0 Chỉ sử dụng đầu nối SSV có hình nón bằng đồng Đầu vào kết nối: 1/8 Gas Chiều dài A: 70 mm Số lượng đo trên mỗi chu kỳ: 0,2 cc mỗi chu kỳ Cảm biến: NO 10-36VDC + LED (234-13163-9) Phạm vi nhiệt độ: -25 điểm +75°C","[]","12833000","out_of_stock","vongbicongnghiep.vn-wc-store-api-category-search-skf","2026-04-29T13:49:27.574Z"
"42005","SKF","LL/649-29485-1-SKF","LL/649-29485-1-SKF","LL649294851SKF","Bộ chia mỡ SKF 649-29485-1","HỆ THỐNG BÔI TRƠN","HỆ THỐNG BÔI TRƠN | Phụ kiện bơm mỡ SKF","93","he-thong-boi-tron","https://vongbicongnghiep.vn/san-pham/bo-chia-mo-skf-649-29485-1/","https://vongbicongnghiep.vn/wp-content/uploads/2023/04/649-29485-1-1.webp","[""https://vongbicongnghiep.vn/wp-content/uploads/2023/04/649-29485-1-1.webp"",""https://vongbicongnghiep.vn/wp-content/uploads/2023/04/649-29485-1-2.webp""]","","Bộ chia mỡ SKF 649-29485-1 model SSVD6 Chất liệu: Mạ kẽm đen Đầu ra: 6 Đầu vào kết nối: M10 x 1.0, Chỉ sử dụng đầu nối SSV có hình nón bằng đồng Đầu vào kết nối: 1/8 Gas Chiều dài A: 70 mm Số lượng đo trên mỗi đầu ra: 0,2 cc mỗi chu kỳ Phạm vi nhiệt độ: -25 đến +70°C","[]","4375000","out_of_stock","vongbicongnghiep.vn-wc-store-api-category-search-skf","2026-04-29T13:49:27.574Z"
"42003","SKF","LL/624-29078-1-SKF","LL/624-29078-1-SKF","LL624290781SKF","Van giảm áp SKF 624-29078-1","HỆ THỐNG BÔI TRƠN","HỆ THỐNG BÔI TRƠN | Phụ kiện bơm mỡ SKF","93","he-thong-boi-tron","https://vongbicongnghiep.vn/san-pham/van-giam-ap-skf-624-29078-1/","","[]","","Van giảm áp SKF 624-29078-1 SVTS – 350 – R1/4 – D6 – 350 bar – có đường hồi, trái","[]","3016000","in_stock","vongbicongnghiep.vn-wc-store-api-category-search-skf","2026-04-29T13:49:27.574Z"
"42001","SKF","LL/624-28931-1-SKF","LL/624-28931-1-SKF","LL624289311SKF","Van giảm áp SKF 624-28931-1","HỆ THỐNG BÔI TRƠN","HỆ THỐNG BÔI TRƠN | Phụ kiện bơm mỡ SKF","93","he-thong-boi-tron","https://vongbicongnghiep.vn/san-pham/van-giam-ap-skf-624-28931-1/","https://vongbicongnghiep.vn/wp-content/uploads/2023/04/624-28931-1.jpg","[""https://vongbicongnghiep.vn/wp-content/uploads/2023/04/624-28931-1.jpg""]","","Van giảm áp SKF 624-28931-1, có đường hồi mỡ về bể chứa","[]","3038000","in_stock","vongbicongnghiep.vn-wc-store-api-category-search-skf","2026-04-29T13:49:27.574Z"
"41999","SKF","LL/544-36963-1-SKF","LL/544-36963-1-SKF","LL544369631SKF","Nắp bọc SKF 544-36963-1","HỆ THỐNG BÔI TRƠN","HỆ THỐNG BÔI TRƠN | Phụ kiện bơm mỡ SKF","93","he-thong-boi-tron","https://vongbicongnghiep.vn/san-pham/nap-boc-skf-544-36963-1/","https://vongbicongnghiep.vn/wp-content/uploads/2023/04/544-36963-1.png","[""https://vongbicongnghiep.vn/wp-content/uploads/2023/04/544-36963-1.png""]","","Nắp bọc SKF 544-36963-1 Dành cho bơm lũy tiến P203-4/8XNBA – có khóa","[]","8877000","in_stock","vongbicongnghiep.vn-wc-store-api-category-search-skf","2026-04-29T13:49:27.574Z"
"41998","SKF","LL/544-32850-1-SKF","LL/544-32850-1-SKF","LL544328501SKF","Ổ cắm/hộp đâu dây điện SKF 544-32850-1","HỆ THỐNG BÔI TRƠN","HỆ THỐNG BÔI TRƠN | Phụ kiện bơm mỡ SKF","93","he-thong-boi-tron","https://vongbicongnghiep.vn/san-pham/o-cam-hop-dau-day-dien-skf-544-32850-1/","","[]","","Ổ cắm/hộp đâu dây điện SKF 544-32850-1 dùng cho bơm lũy tiến P203","[]","273000","in_stock","vongbicongnghiep.vn-wc-store-api-category-search-skf","2026-04-29T13:49:27.574Z"
"41996","SKF","LL/540-36753-5-SKF","LL/540-36753-5-SKF","LL540367535SKF","Khớp nối SKF 540-36753-5","HỆ THỐNG BÔI TRƠN","HỆ THỐNG BÔI TRƠN | Phụ kiện bơm mỡ SKF","93","he-thong-boi-tron","https://vongbicongnghiep.vn/san-pham/khop-noi-skf-540-36753-5/","https://vongbicongnghiep.vn/wp-content/uploads/2023/04/540-36753-5.png","[""https://vongbicongnghiep.vn/wp-content/uploads/2023/04/540-36753-5.png""]","","Khớp nối SKF 540-36753-5 Bộ đấu nối nối với P203, P205, P603, P502, QLS","[]","11430000","in_stock","vongbicongnghiep.vn-wc-store-api-category-search-skf","2026-04-29T13:49:27.574Z"
"41994","SKF","LL/SKF 525-32080-1-SKF","LL/SKF 525-32080-1-SKF","LLSKF525320801SKF","Van định hướng SKF 525-32080-1","HỆ THỐNG BÔI TRƠN","HỆ THỐNG BÔI TRƠN | Phụ kiện bơm mỡ SKF","93","he-thong-boi-tron","https://vongbicongnghiep.vn/san-pham/van-dinh-huong-skf-525-32080-1/","https://vongbicongnghiep.vn/wp-content/uploads/2023/04/525-32080-1.png","[""https://vongbicongnghiep.vn/wp-content/uploads/2023/04/525-32080-1.png""]","","Van định hướng SKF 525-32080-1 Thích hợp cho hoạt động dòng chảy hai chiều Thích hợp để phân chia chất bôi trơn trong các mạch bôi trơn khác nhau theo trình tự thời gian khác nhau Van điện từ hình nón với truyền động khô Có thể chuyển đổi và chống nén theo cả hai hướng dòng chảy","[]","0","out_of_stock","vongbicongnghiep.vn-wc-store-api-category-search-skf","2026-04-29T13:49:27.574Z"
"41992","SKF","LL/234-13163-9-SKF","LL/234-13163-9-SKF","LL234131639SKF","Cảm biến SKF 234-13163-9","HỆ THỐNG BÔI TRƠN","HỆ THỐNG BÔI TRƠN | Phụ kiện bơm mỡ SKF","93","he-thong-boi-tron","https://vongbicongnghiep.vn/san-pham/cam-bien-skf-234-13163-9/","https://vongbicongnghiep.vn/wp-content/uploads/2023/04/234-13163-9.png","[""https://vongbicongnghiep.vn/wp-content/uploads/2023/04/234-13163-9.png""]","","Cảm biến SKF 234-13163-9, làm bằng thép","[]","6797000","out_of_stock","vongbicongnghiep.vn-wc-store-api-category-search-skf","2026-04-29T13:49:27.574Z"
"41990","SKF","LL/226-14091-2-SKF","LL/226-14091-2-SKF","LL226140912SKF","Van một chiều SKF 226-14091-2","HỆ THỐNG BÔI TRƠN","HỆ THỐNG BÔI TRƠN | Phụ kiện bơm mỡ SKF","93","he-thong-boi-tron","https://vongbicongnghiep.vn/san-pham/van-mot-chieu-skf-226-14091-2/","https://vongbicongnghiep.vn/wp-content/uploads/2023/04/226-14091-2.png","[""https://vongbicongnghiep.vn/wp-content/uploads/2023/04/226-14091-2.png""]","","Van một chiều SKF 226-14091-2, làm bằng thép, đẩy vào để kết nối","[]","175000","out_of_stock","vongbicongnghiep.vn-wc-store-api-category-search-skf","2026-04-29T13:49:27.574Z"
"41988","SKF","LL/223-12484-2-SKF","LL/223-12484-2-SKF","LL223124842SKF","Khớp nối chữ T SKF 223-12484-2","HỆ THỐNG BÔI TRƠN","HỆ THỐNG BÔI TRƠN | Phụ kiện bơm mỡ SKF","93","he-thong-boi-tron","https://vongbicongnghiep.vn/san-pham/khop-noi-chu-t-skf-223-12484-2/","https://vongbicongnghiep.vn/wp-content/uploads/2023/04/223-12484-2.png","[""https://vongbicongnghiep.vn/wp-content/uploads/2023/04/223-12484-2.png""]","","Khớp nối chữ T SKF 223-12484-2 Cho Ống Ø 6 mm Vật liệu: Thép Áp suất tối đa: 500 bar","[]","449000","in_stock","vongbicongnghiep.vn-wc-store-api-category-search-skf","2026-04-29T13:49:27.574Z"
"41986","SKF","LL/223-12295-3-SKF","LL/223-12295-3-SKF","LL223122953SKF","Khớp nối ống SKF 223-12295-3","HỆ THỐNG BÔI TRƠN","HỆ THỐNG BÔI TRƠN | Phụ kiện bơm mỡ SKF","93","he-thong-boi-tron","https://vongbicongnghiep.vn/san-pham/khop-noi-ong-skf-223-12295-3/","https://vongbicongnghiep.vn/wp-content/uploads/2023/04/223-12295-3.png","[""https://vongbicongnghiep.vn/wp-content/uploads/2023/04/223-12295-3.png""]","","Khớp nối ống SKF 223-12295-3 Cho Ống Ø 6 mm Vật liệu: Thép Áp suất tối đa: 250 bar","[]","19000","in_stock","vongbicongnghiep.vn-wc-store-api-category-search-skf","2026-04-29T13:49:27.574Z"
"41984","SKF","LL/223-12295-2-SKF","LL/223-12295-2-SKF","LL223122952SKF","Khớp nối ống SKF 223-12295-2","HỆ THỐNG BÔI TRƠN","HỆ THỐNG BÔI TRƠN | Phụ kiện bơm mỡ SKF","93","he-thong-boi-tron","https://vongbicongnghiep.vn/san-pham/khop-noi-ong-skf-223-12295-2/","https://vongbicongnghiep.vn/wp-content/uploads/2023/04/223-12295-2.png","[""https://vongbicongnghiep.vn/wp-content/uploads/2023/04/223-12295-2.png""]","","Khớp nối ống SKF 223-12295-2 Cho Ống Ø 6 mm Vật liệu: Thép Áp suất tối đa: 100 bar","[]","9000","in_stock","vongbicongnghiep.vn-wc-store-api-category-search-skf","2026-04-29T13:49:27.575Z"
"41982","SKF","LL/223-12270-9-SKF","LL/223-12270-9-SKF","LL223122709SKF","Khớp nối thẳng SKF 223-12270-9","HỆ THỐNG BÔI TRƠN","HỆ THỐNG BÔI TRƠN | Phụ kiện bơm mỡ SKF","93","he-thong-boi-tron","https://vongbicongnghiep.vn/san-pham/khop-noi-thang-skf-223-12270-9/","https://vongbicongnghiep.vn/wp-content/uploads/2023/04/223-12270-9.png","[""https://vongbicongnghiep.vn/wp-content/uploads/2023/04/223-12270-9.png""]","","Khớp nối thẳng SKF 223-12270-9 Đường kính Ø 8 mm Chất liệu: Thép Áp suất tối đa: 100 bar","[]","68000","in_stock","vongbicongnghiep.vn-wc-store-api-category-search-skf","2026-04-29T13:49:27.575Z"
"41980","SKF","LL/223-12270-7-SKF","LL/223-12270-7-SKF","LL223122707SKF","Khớp nối thẳng SKF 223-12270-7","HỆ THỐNG BÔI TRƠN","HỆ THỐNG BÔI TRƠN | Phụ kiện bơm mỡ SKF","93","he-thong-boi-tron","https://vongbicongnghiep.vn/san-pham/khop-noi-thang-skf-223-12270-7/","https://vongbicongnghiep.vn/wp-content/uploads/2023/04/223-12270-7.png","[""https://vongbicongnghiep.vn/wp-content/uploads/2023/04/223-12270-7.png""]","","Khớp nối thẳng SKF 223-12270-7 Đường kính Ø 6 mm Chất liệu thép Áp suất tối đa: 100 bar","[]","65000","in_stock","vongbicongnghiep.vn-wc-store-api-category-search-skf","2026-04-29T13:49:27.575Z"
"41958","SKF","LL/WS32-2 B37-SKF","LL/WS32-2 B37-SKF","LLWS322B37SKF","Công tắc báo mức WS32-2 B37","HỆ THỐNG BÔI TRƠN","HỆ THỐNG BÔI TRƠN | Phụ kiện bơm mỡ SKF","93","he-thong-boi-tron","https://vongbicongnghiep.vn/san-pham/cong-tac-bao-muc-ws32-2-b37/","https://vongbicongnghiep.vn/wp-content/uploads/2023/04/WS.png","[""https://vongbicongnghiep.vn/wp-content/uploads/2023/04/WS.png"",""https://vongbicongnghiep.vn/wp-content/uploads/2023/04/WS-data.png"",""https://vongbicongnghiep.vn/wp-content/uploads/2023/04/WS.png""]","","Công tắc báo mức WS32-2 B37 Công tắc mức điền. Dòng sản phẩm WSx Dành cho bình chứa dầu và chất lỏng thủy lực Sử dụng trong các hệ thống bôi trơn tập trung của SKF Link tải tài liệu","[]","0","in_stock","vongbicongnghiep.vn-wc-store-api-category-search-skf","2026-04-29T13:49:27.575Z"
"41957","SKF","VGKD 406-302-SKF","VGKD 406-302-SKF","VGKD406302SKF","Phụ kiện bơm VGKD 406-302","HỆ THỐNG BÔI TRƠN","HỆ THỐNG BÔI TRƠN | Phụ kiện bơm mỡ SKF","93","he-thong-boi-tron","https://vongbicongnghiep.vn/san-pham/phu-kien-bom-vgkd-406-302/","","[]","","Phụ kiện bơm VGKD 406-302","[]","11000","in_stock","vongbicongnghiep.vn-wc-store-api-category-search-skf","2026-04-29T13:49:27.575Z"
"41956","SKF","VGKE 406-301-SKF","VGKE 406-301-SKF","VGKE406301SKF","Phụ kiện bơm VGKE 406-301","HỆ THỐNG BÔI TRƠN","HỆ THỐNG BÔI TRƠN | Phụ kiện bơm mỡ SKF","93","he-thong-boi-tron","https://vongbicongnghiep.vn/san-pham/phu-kien-bom-vgke-406-301/","","[]","","Phụ kiện bơm mỡ VGKE 406-301 Phụ kiện bơm VGKE 406-301","[]","10000","in_stock","vongbicongnghiep.vn-wc-store-api-category-search-skf","2026-04-29T13:49:27.575Z"
"41942","SKF","LL/661-40692-3-SKF","LL/661-40692-3-SKF","LL661406923SKF","Bơm lũy tiến SKF 661-40692-3","HỆ THỐNG BÔI TRƠN","HỆ THỐNG BÔI TRƠN | Phụ kiện bơm mỡ SKF","93","he-thong-boi-tron","https://vongbicongnghiep.vn/san-pham/bom-luy-tien-skf-661-40692-3/","https://vongbicongnghiep.vn/wp-content/uploads/2023/04/661-40692-3.png","[""https://vongbicongnghiep.vn/wp-content/uploads/2023/04/661-40692-3.png""]","","Bơm lũy tiến SKF 661-40692-3 Lincoln Progressiv ZPU02-M100-10XYBU-F 380/420V AC – 440/480V AC – 1:100 Số PE: 2 – 1.600 cm³/h Áp suất tối đa: 400 bar Bình chứa: 10 Lít (để chứa dầu mỡ, có theo dõi mức) Có đồng hồ đo áp suất với van giới hạn áp suất","[]","275187000","out_of_stock","vongbicongnghiep.vn-wc-store-api-category-search-skf","2026-04-29T13:49:27.575Z"
"41939","SKF","TLSD 250/FG2-SKF","TLSD 250/FG2-SKF","TLSD250FG2SKF","Bôi trơn tự động SKF TLSD 250/FG2","Mỡ bôi trơn SKF","Mỡ bôi trơn SKF","93","he-thong-boi-tron","https://vongbicongnghiep.vn/san-pham/boi-tron-tu-dong-skf-tlsd-250-fg2/","https://vongbicongnghiep.vn/wp-content/uploads/2023/04/TLSD-250-FG2.png","[""https://vongbicongnghiep.vn/wp-content/uploads/2023/04/TLSD-250-FG2.png""]","Bôi trơn tự động SKF LGHQ 2/SD250","Bôi trơn tự động SKF TLSD 250/FG2 Bộ nạp lại SKF SYSTEM 24 TLSD Bộ này chứa đầy mỡ SKF LGFG 2 dành cho nhiệt độ cao và tốc độ cao được khuyên dùng cho động cơ điện, quạt và máy bơm. Bộ nạp lại của chúng tôi dành cho chất bôi trơn SKF SYSTEM 24 chứa đầy mỡ/dầu và có thể được sử dụng với mọi chất bôi trơn TLSD. Để sử dụng bộ nạp dầu, bạn cần có một tấm đỡ có van hồi lưu tích hợp phải được đặt hàng riêng. Lãi suất trả góp linh hoạt từ 1 đến 12 tháng Bộ nạp lại sẵn sàng để sử dụng Có thể được sử dụng với tất cả các chất bôi trơn TLSD Đổ đầy mỡ hoặc dầu SKF Cài đặt nhanh chóng và dễ dàng","[]","3474000","out_of_stock","vongbicongnghiep.vn-wc-store-api-category-search-skf","2026-04-29T13:49:27.575Z"
"41936","SKF","LGHQ 2/SD125-SKF","LGHQ 2/SD125-SKF","LGHQ2SD125SKF","Bôi trơn tự động SKF LGHQ 2/SD125","Mỡ bôi trơn SKF","Mỡ bôi trơn SKF","93","he-thong-boi-tron","https://vongbicongnghiep.vn/san-pham/boi-tron-tu-dong-skf-lghq-2-sd125/","https://vongbicongnghiep.vn/wp-content/uploads/2023/04/LGHQ-2-SD125.png","[""https://vongbicongnghiep.vn/wp-content/uploads/2023/04/LGHQ-2-SD125.png""]","Bôi trơn tự động SKF LGHQ 2/SD250","Bôi trơn tự động SKF LGHQ 2/SD125 Bộ nạp lại SKF SYSTEM 24 TLSD Bộ này chứa đầy mỡ SKF LGHQ 2 dành cho nhiệt độ cao và tốc độ cao được khuyên dùng cho động cơ điện, quạt và máy bơm. Bộ nạp lại của chúng tôi dành cho chất bôi trơn SKF SYSTEM 24 chứa đầy mỡ/dầu và có thể được sử dụng với mọi chất bôi trơn TLSD. Để sử dụng bộ nạp dầu, bạn cần có một tấm đỡ có van hồi lưu tích hợp phải được đặt hàng riêng. Lãi suất trả góp linh hoạt từ 1 đến 12 tháng Bộ nạp lại sẵn sàng để sử dụng Có thể được sử dụng với tất cả các chất bôi trơn TLSD Đổ đầy mỡ hoặc dầu SKF Cài đặt nhanh chóng và dễ dàng","[]","797000","in_stock","vongbicongnghiep.vn-wc-store-api-category-search-skf","2026-04-29T13:49:27.575Z"
"41933","SKF","LGFP 2/SD250-SKF","LGFP 2/SD250-SKF","LGFP2SD250SKF","Mỡ bôi trơn SKF LGFP 2/SD250","Mỡ bôi trơn SKF","Mỡ bôi trơn SKF","93","he-thong-boi-tron","https://vongbicongnghiep.vn/san-pham/mo-boi-tron-skf-lgfp-2-sd250/","https://vongbicongnghiep.vn/wp-content/uploads/2023/04/LGFP-2-SD250.png","[""https://vongbicongnghiep.vn/wp-content/uploads/2023/04/LGFP-2-SD250.png""]","Mỡ bôi trơn SKF LGFP 2/1","Mỡ bôi trơn SKF:LGFP 2/SD250 dùng cho ngành thực phẩm Mỡ thực phẩm đa năng SKF LGFP 2 là loại mỡ chịu lực sạch, không độc hại, được sản xuất dựa trên tiêu chuẩn ngành y tế. • Khả năng chống nước cao • Tuổi thọ dầu mỡ tuyệt vời • Chống ăn mòn tuyệt vời • Giá trị pH trung tính về cơ bản • NSF H1 đã đăng ký và được chứng nhận Halal và Kosher Các ứng dụng tiêu biểu • Vòng bi cassette nhiều gói • Máy đóng gói • Vòng bi băng tải • Máy đóng chai Quy cách đóng gói mỡ LGFP 2 Quy cách đóng gói Ký hiệu Đóng gói hộp 250 ml LGFP 2/SD250 Đóng gói hộp 1 Kg LGFP 2/1 Đối gói thùng 18 Kg LGFP 2/18 Đóng gói thùng 180 Kg LGFP 2/180 Thông số kỹ thuật của mỡ LGFP 2 Các chứng chỉ về an toàn thực phẩm của mỡ LGFP 2 được các tổ chức độc lập xác thực – Datasheet của mỡ LGFP 2 – Chứng chỉ NSF cấp cho mỡ LGFP 2 – Chứng chỉ Halal certificate LGFP 2 – Safety data sheet LGFP2 (MSDS LGFP 2 ) – Kosher certificate LGFP 2 – Chứng chỉ HALAL cấp co mỡ LGFP 2 – Chứng chỉ Kosher cấp co mỡ LGFP 2","[]","1325000","out_of_stock","vongbicongnghiep.vn-wc-store-api-category-search-skf","2026-04-29T13:49:27.575Z"
"41926","SKF","LL/406-301-SKF","LL/406-301-SKF","LL406301SKF","Phụ kiện kết nối SKF 406-301","HỆ THỐNG BÔI TRƠN","HỆ THỐNG BÔI TRƠN | Phụ kiện bơm mỡ SKF","93","he-thong-boi-tron","https://vongbicongnghiep.vn/san-pham/phu-kien-ket-noi-skf-406-301/","https://vongbicongnghiep.vn/wp-content/uploads/2023/04/406-301.png","[""https://vongbicongnghiep.vn/wp-content/uploads/2023/04/406-301.png""]","","Sử dụng trong hệ thống bôi trơn đa điểm, đầu kết nôi dạng vít thẳng","[]","14000","out_of_stock","vongbicongnghiep.vn-wc-store-api-category-search-skf","2026-04-29T13:49:27.575Z"
"41924","SKF","LL/406-302-SKF","LL/406-302-SKF","LL406302SKF","Đai ốc khóa SKF 406-302","HỆ THỐNG BÔI TRƠN","HỆ THỐNG BÔI TRƠN | Phụ kiện bơm mỡ SKF","93","he-thong-boi-tron","https://vongbicongnghiep.vn/san-pham/dai-oc-khoa-skf-406-302/","https://vongbicongnghiep.vn/wp-content/uploads/2023/04/406-302.png","[""https://vongbicongnghiep.vn/wp-content/uploads/2023/04/406-302.png""]","","Đai ốc khóa Mẫu M DIN 2353 Chất liệu Mạ kẽm Kích thước lục giác 14 mm Đường kính ống Ø 6 mm","[]","16000","out_of_stock","vongbicongnghiep.vn-wc-store-api-category-search-skf","2026-04-29T13:49:27.575Z"
"41922","SKF","LL/84051-SKF","LL/84051-SKF","LL84051SKF","Cuộn dây lò xo SKF 84051","HỆ THỐNG BÔI TRƠN","HỆ THỐNG BÔI TRƠN | Phụ kiện bơm mỡ SKF","93","he-thong-boi-tron","https://vongbicongnghiep.vn/san-pham/cuon-day-lo-xo-skf-84051/","https://vongbicongnghiep.vn/wp-content/uploads/2023/04/84051.png","[""https://vongbicongnghiep.vn/wp-content/uploads/2023/04/84051.png""]","","SKF Coil Springs đã được thiết kế với 3 ý tưởng cốt lõi: sự thoải mái, an toàn và độ bền. Một sản phẩm đáng tin cậy, với hiệu suất tương đương OE, đảm bảo trải nghiệm lái xe an toàn và thú vị. SKF đặc biệt khuyến nghị luôn thay lò xo cuộn theo cặp trục.","[]","53814000","in_stock","vongbicongnghiep.vn-wc-store-api-category-search-skf","2026-04-29T13:49:27.575Z"
"41920","SKF","LL/802175-SKF","LL/802175-SKF","LL802175SKF","Bộ cùm chia mỡ SKF 802175","HỆ THỐNG BÔI TRƠN","HỆ THỐNG BÔI TRƠN | Phụ kiện bơm mỡ SKF","93","he-thong-boi-tron","https://vongbicongnghiep.vn/san-pham/bo-cum-chia-mo-skf-802175/","https://vongbicongnghiep.vn/wp-content/uploads/2023/04/8012075.png","[""https://vongbicongnghiep.vn/wp-content/uploads/2023/04/8012075.png""]","","Để tăng tuổi thọ của dây và giảm thời gian bôi trơn Được phát triển như một công cụ bảo dưỡng, Bộ bôi trơn dây Lincoln được gắn định kỳ vào thiết bị theo chu kỳ hàng tháng, hàng quý hoặc chu kỳ khác để bôi trơn dây dẫn. Khoảng thời gian bôi trơn phải được xác định theo thông số kỹ thuật của nhà sản xuất dây. Vòng đời của dây thép đã được bôi trơn định kỳ dài hơn khoảng sáu đến tám lần so với dây không được bôi trơn. Đặc biệt cho các ứng dụng Bôi trơn Dây Rope, một loại mỡ phân hủy sinh học LGTE 2 có sẵn. Dầu mỡ được chấp nhận với môi trường và được chứng nhận Ecolabel. Ngoài ra, bôi trơn dây dẫn khi đang sử dụng giúp ngăn chặn sự ăn mòn của dây. Ăn mòn có thể là bên trong và bên ngoài, và nó thường được gây ra bởi axit, nước kiềm, không khí muối, độ ẩm, khói, và môi trường công nghiệp và ăn mòn nói chung. Tính năng và lợi ích • Giảm ma sát • Bảo vệ chống ăn mòn • Cho phép chất bôi trơn bám vào từng dây và thấm vào lõi để bảo vệ lâu dài • Nhanh chóng và hiệu quả – giảm thời gian bôi trơn lên đến 90% so với bôi trơn bằng tay • Tăng độ an toàn cho người vận hành • Bảo vệ dây cáp • Giảm chất thải và ô nhiễm • Thiết kế mạnh mẽ cho môi trường khắc nghiệt Các ứng dụng • Lựa chọn hàng đầu cho các ứng dụng trong ngành hàng hải, dầu khí hoặc thép: • Cần trục du lịch, cần trục cầu cảng, cần trục tàu thủy, cần trục di động • Tời boong, tời tàu • Máy cuộn dây trong khai thác lộ thiên • Giàn khoan dầu khí • Dây thừng • Ghế và thang máy trượt tuyết • Thang máy • Kéo dây","[]","0","out_of_stock","vongbicongnghiep.vn-wc-store-api-category-search-skf","2026-04-29T13:49:27.575Z"
"41848","SKF","LL/P30142410114-SKF","LL/P30142410114-SKF","LLP30142410114SKF","Bơm chủ động SKF P30142410114","HỆ THỐNG BÔI TRƠN","HỆ THỐNG BÔI TRƠN | Phụ kiện bơm mỡ SKF","93","he-thong-boi-tron","https://vongbicongnghiep.vn/san-pham/bom-chu-dong-skf-p30142410114/","https://vongbicongnghiep.vn/wp-content/uploads/2023/03/P30142410114.png","[""https://vongbicongnghiep.vn/wp-content/uploads/2023/03/P30142410114.png""]","","Bơm piston chạy bằng điện Quicklub QLS 301 Với tấm theo dõi Nhiệt độ hoạt động: -25°C đến + 70°C Chất bôi trơn: Mỡ đến NLGI loại 2 / mỡ lỏng NLGI 00, 000 Định lượng định lượng: 1,0 cm³ Nhà phân phối dầu nhớt: SSV 8 Gắn trên lưng Bộ chia dầu nhớt ngang H Gắn bên dưới Điện áp hoạt động: 24 volt DC Kích thước thùng chứa: 1 lít Với giám sát mức lấp đầy (tín hiệu trống) Kết nối bên trái: nguồn điện 1A, phích cắm hình khối Đối với các ứng dụng công nghiệp Thiết kế ổ cắm kết nối: thiết kế phích cắm hình khối A dùng trong công nghiệp Với ổ cắm kết nối, không có cáp Bảng điều khiển S4 Danh bạ NC và NO có thể lập trình","[]","38640000","out_of_stock","vongbicongnghiep.vn-wc-store-api-category-search-skf","2026-04-29T13:49:27.575Z"
"41847","SKF","LL/84993-SKF","LL/84993-SKF","LL84993SKF","Phụ tùng bộ bơm SKF 84993","HỆ THỐNG BÔI TRƠN","HỆ THỐNG BÔI TRƠN | Phụ kiện bơm mỡ SKF","93","he-thong-boi-tron","https://vongbicongnghiep.vn/san-pham/phu-tung-bo-bom-skf-84993/","https://vongbicongnghiep.vn/wp-content/uploads/2023/03/82791.png","[""https://vongbicongnghiep.vn/wp-content/uploads/2023/03/82791.png""]","","Thiết kế chân xẻng ống bơm, pít tông và kiểu ống lót cho các vật liệu không lỏng, có độ nhớt trung bình đến cao. Thiết kế mô-đun, có thể kết hợp với một số động cơ không khí Ống bơm Lincoln PowerMaster Mẫu 84993 Kiểu ống pom Chân xẻng, pít tông và ống lót Pumptube thích hợp cho trống 200 kg Ổ cắm kết nối 3/4NPT Thể tích mỗi chu kỳ 61cc Chu kỳ mỗi lít ca. 16 Đầu ra tại: Xấp xỉ 30 Chu kỳ mỗi phút 1,8 L 50 Chu kỳ mỗi phút 3,0 L 75 Chu kỳ mỗi phút 4,5 L","[]","169795000","in_stock","vongbicongnghiep.vn-wc-store-api-category-search-skf","2026-04-29T13:49:27.575Z"
"41845","SKF","LL/82791-SKF","LL/82791-SKF","LL82791SKF","Phụ tùng bộ bơm SKF 82791","HỆ THỐNG BÔI TRƠN","HỆ THỐNG BÔI TRƠN | Phụ kiện bơm mỡ SKF","93","he-thong-boi-tron","https://vongbicongnghiep.vn/san-pham/phu-tung-bo-bom-skf-82791/","https://vongbicongnghiep.vn/wp-content/uploads/2023/03/82791.png","[""https://vongbicongnghiep.vn/wp-content/uploads/2023/03/82791.png""]","","Thiết kế chân xẻng ống bơm, pít tông và kiểu ống lót cho các vật liệu không lỏng, có độ nhớt trung bình đến cao. Thiết kế mô-đun, có thể kết hợp với một số động cơ không khí sê-ri II Ống bơm Lincoln PowerMaster II Mẫu 82791 Kiểu ống bơm Chân xẻng, pít tông và ống lót Ống bơm thích hợp cho trống 200 kg Ổ cắm kết nối 3/4NPT Thể tích mỗi chu kỳ 82cc Chu kỳ mỗi lít ca. 12 Đầu ra tại: Xấp xỉ 30 Chu kỳ mỗi phút 2,4 L 50 Chu kỳ mỗi phút 4,1 L 75 Chu kỳ mỗi phút 6,1 L","[]","177960000","in_stock","vongbicongnghiep.vn-wc-store-api-category-search-skf","2026-04-29T13:49:27.575Z"
"41843","SKF","LL/649-29508-1-SKF","LL/649-29508-1-SKF","LL649295081SKF","Bộ chia mỡ SKF 649-29508-1","HỆ THỐNG BÔI TRƠN","HỆ THỐNG BÔI TRƠN | Phụ kiện bơm mỡ SKF","93","he-thong-boi-tron","https://vongbicongnghiep.vn/san-pham/bo-chia-mo-skf-649-29508-1/","https://vongbicongnghiep.vn/wp-content/uploads/2023/03/649-29508-1.png","[""https://vongbicongnghiep.vn/wp-content/uploads/2023/03/649-29508-1.png""]","","Bộ chia mỡ lũy tiến SSVD 12 Lưu lượng tối đa mỗi hành trình/đầu ra 1,8 cm³ Áp suất làm việc 20 đến 350 bar Số đầu ra: 12 Đầu vào: G1/8 – Đầu ra: M10x1 Chất liệu: Thép mạ crôm đen – có Bút hiển thị","[]","8803000","in_stock","vongbicongnghiep.vn-wc-store-api-category-search-skf","2026-04-29T13:49:27.575Z"
"41842","SKF","LL/620-40921-8-SKF","LL/620-40921-8-SKF","LL620409218SKF","Bộ chia mỡ SKF 620-40921-8","HỆ THỐNG BÔI TRƠN","HỆ THỐNG BÔI TRƠN | Phụ kiện bơm mỡ SKF","93","he-thong-boi-tron","https://vongbicongnghiep.vn/san-pham/bo-chia-mo-skf-620-40921-8/","https://vongbicongnghiep.vn/wp-content/uploads/2023/03/620-40564-3-2-1.png","[""https://vongbicongnghiep.vn/wp-content/uploads/2023/03/620-40564-3-2-1.png"",""https://vongbicongnghiep.vn/wp-content/uploads/2023/03/620-40564-3-1.png"",""https://vongbicongnghiep.vn/wp-content/uploads/2023/03/620-40564-3-3.png""]","","Bộ chia mỡ VSG 8-D1,50 Lưu lượng 1,50 cm³ mỗi đầu ra Nhiệt độ tối đa. + 80°C Áp suất tối đa 400 bar Số đầu ra: 8 – with định lượng D","[]","11167000","in_stock","vongbicongnghiep.vn-wc-store-api-category-search-skf","2026-04-29T13:49:27.575Z"
"41839","SKF","LL/620-40921-6-SKF","LL/620-40921-6-SKF","LL620409216SKF","Bộ chia mỡ SKF 620-40921-6","HỆ THỐNG BÔI TRƠN","HỆ THỐNG BÔI TRƠN | Bộ chia mỡ Lincoln | Phụ kiện bơm mỡ SKF","93","he-thong-boi-tron","https://vongbicongnghiep.vn/san-pham/bo-chia-mo-skf-620-40921-6/","https://vongbicongnghiep.vn/wp-content/uploads/2023/03/620-40564-3-2.png","[""https://vongbicongnghiep.vn/wp-content/uploads/2023/03/620-40564-3-2.png"",""https://vongbicongnghiep.vn/wp-content/uploads/2023/03/620-40564-3-1.png"",""https://vongbicongnghiep.vn/wp-content/uploads/2023/03/620-40564-3-3.png""]","","Bộ chia mỡ SKF 620-40921-6 Bộ chia mỡ VSG 6-D1,50 Lưu lượng 1,50 cm³ mỗi đầu ra Nhiệt độ tối đa. + 80°C Áp suất tối đa 400 bar Số đầu ra: 6 – with định lượng D","[]","9154000","in_stock","vongbicongnghiep.vn-wc-store-api-category-search-skf","2026-04-29T13:49:27.575Z"
"41830","SKF","LL/664-36078-7-SKF","LL/664-36078-7-SKF","LL664360787SKF","Dây tín hiệu SKF 664-36078-7","HỆ THỐNG BÔI TRƠN","HỆ THỐNG BÔI TRƠN | Phụ kiện bơm mỡ SKF","93","he-thong-boi-tron","https://vongbicongnghiep.vn/san-pham/day-tin-hieu-skf-664-36078-7/","https://vongbicongnghiep.vn/wp-content/uploads/2023/03/z4226544718760_a8559015fceb65f5b8af6a3f2d43dcd7.jpg","[""https://vongbicongnghiep.vn/wp-content/uploads/2023/03/z4226544718760_a8559015fceb65f5b8af6a3f2d43dcd7.jpg"",""https://vongbicongnghiep.vn/wp-content/uploads/2023/03/z4226544718072_a743a19965a5550384e4c03c1c5bec60.jpg"",""https://vongbicongnghiep.vn/wp-content/uploads/2023/03/z4226536468820_1a89b9d8bd47398de7c31e2ef494e392.jpg""]","","","[]","3982000","out_of_stock","vongbicongnghiep.vn-wc-store-api-category-search-skf","2026-04-29T13:49:27.575Z"
"41838","SKF","LL/620-40668-6-SKF","LL/620-40668-6-SKF","LL620406686SKF","Bộ chia mỡ SKF 620-40668-6","HỆ THỐNG BÔI TRƠN","HỆ THỐNG BÔI TRƠN | Phụ kiện bơm mỡ SKF","93","he-thong-boi-tron","https://vongbicongnghiep.vn/san-pham/bo-chia-mo-skf-620-40668-6/","https://vongbicongnghiep.vn/wp-content/uploads/2023/03/620-40564-3-2-1.png","[""https://vongbicongnghiep.vn/wp-content/uploads/2023/03/620-40564-3-2-1.png"",""https://vongbicongnghiep.vn/wp-content/uploads/2023/03/620-40564-3.png"",""https://vongbicongnghiep.vn/wp-content/uploads/2023/03/620-40564-3-3.png""]","","Nhà phân phối VSG 8-D0,55 Lưu lượng 0,55 cm³ mỗi đầu ra Nhiệt độ tối đa. + 80°C Áp suất tối đa 400 bar Số đầu ra: 8 – với vít định lượng D","[]","10644000","out_of_stock","vongbicongnghiep.vn-wc-store-api-category-search-skf","2026-04-29T13:49:27.575Z"
"41834","SKF","LL/620-40668-1-SKF","LL/620-40668-1-SKF","LL620406681SKF","Bộ chia mỡ SKF 620-40668-1","HỆ THỐNG BÔI TRƠN","HỆ THỐNG BÔI TRƠN | Phụ kiện bơm mỡ SKF","93","he-thong-boi-tron","https://vongbicongnghiep.vn/san-pham/bo-chia-mo-skf-620-40668-1/","https://vongbicongnghiep.vn/wp-content/uploads/2023/03/620-40564-3-2-1.png","[""https://vongbicongnghiep.vn/wp-content/uploads/2023/03/620-40564-3-2-1.png"",""https://vongbicongnghiep.vn/wp-content/uploads/2023/03/620-40564-3-1.png"",""https://vongbicongnghiep.vn/wp-content/uploads/2023/03/620-40564-3-3.png""]","","Bộ chia mỡ VSG 6 0,55 cm³ mỗi ổ cắm nhiệt độ tối đa + 80°C Áp suất tối đa 400 bar Đầu ra: 6 – với vít định lượng D","[]","8634000","in_stock","vongbicongnghiep.vn-wc-store-api-category-search-skf","2026-04-29T13:49:27.575Z"
"41829","SKF","LL/620-40564-3-SKF","LL/620-40564-3-SKF","LL620405643SKF","Bộ chia mỡ SKF 620-40564-3","HỆ THỐNG BÔI TRƠN","HỆ THỐNG BÔI TRƠN | Phụ kiện bơm mỡ SKF","93","he-thong-boi-tron","https://vongbicongnghiep.vn/san-pham/bo-chia-mo-skf-620-40564-3/","https://vongbicongnghiep.vn/wp-content/uploads/2023/03/620-40564-3-2.png","[""https://vongbicongnghiep.vn/wp-content/uploads/2023/03/620-40564-3-2.png"",""https://vongbicongnghiep.vn/wp-content/uploads/2023/03/620-40564-3-3.png"",""https://vongbicongnghiep.vn/wp-content/uploads/2023/03/620-40564-3.png""]","","Bộ phân phối dầu nhớt VSG Chất bôi trơn: Mỡ lên đến NLGI 3 /- Dầu có độ nhớt tối thiểu 20 mm²/s Áp suất vận hành tối đa: 400 bar","[]","6778000","in_stock","vongbicongnghiep.vn-wc-store-api-category-search-skf","2026-04-29T13:49:27.575Z"
"41827","SKF","LL/619-26842-2-SKF","LL/619-26842-2-SKF","LL619268422SKF","Bộ chia mỡ nhanh SKF 619-26842-2","HỆ THỐNG BÔI TRƠN","HỆ THỐNG BÔI TRƠN | Phụ kiện bơm mỡ SKF","93","he-thong-boi-tron","https://vongbicongnghiep.vn/san-pham/bo-chia-mo-nhanh-skf-619-26842-2/","https://vongbicongnghiep.vn/wp-content/uploads/2023/03/619-26842-2.png","[""https://vongbicongnghiep.vn/wp-content/uploads/2023/03/619-26842-2.png""]","","Van phân chia SSV là “trái tim” của hệ thống Quicklub thủ công hoặc tự động. Với từ 6 đến 22 đầu ra, van SSV có sẵn bằng thép carbon và thép không gỉ 303 cho môi trường ăn mòn. Các van có sẵn với các chốt chỉ báo chu kỳ để cung cấp chỉ báo trực quan về hoạt động của hệ thống. ĐẶC TRƯNG: Thép carbon Lớn nhất/nhỏ nhất. Áp suất vận hành – 5076 psig / 350 bar Đầu ra/Chu kỳ trên mỗi Ổ cắm cu. trong./cc – .012/.2 Lớn nhất/nhỏ nhất. Nhiệt độ hoạt động – 212° F / -22° F THÔNG SỐ KỸ THUẬT: Sản phẩm – 619-26845-2 Vật liệu xây dựng – Thép carbon Số lượng cửa hàng tối đa – 10 Chốt chỉ báo chu kỳ – Có Kích thước chiều cao tổng thể – 3,54″ Đầu vào chất bôi trơn – 1/8″ NPTF Female","[]","3697000","in_stock","vongbicongnghiep.vn-wc-store-api-category-search-skf","2026-04-29T13:49:27.575Z"
"41825","SKF","LL/619-25754-4-SKF","LL/619-25754-4-SKF","LL619257544SKF","Bộ chia mỡ SKF 619-25754-4","HỆ THỐNG BÔI TRƠN","HỆ THỐNG BÔI TRƠN | Phụ kiện bơm mỡ SKF","93","he-thong-boi-tron","https://vongbicongnghiep.vn/san-pham/bo-chia-mo-skf-619-25754-4/","https://vongbicongnghiep.vn/wp-content/uploads/2023/03/619-25754-4.png","[""https://vongbicongnghiep.vn/wp-content/uploads/2023/03/619-25754-4.png""]","","Thiết bị đo sáng SSV bao gồm pin chỉ báo để theo dõi trực quan","[]","3268000","in_stock","vongbicongnghiep.vn-wc-store-api-category-search-skf","2026-04-29T13:49:27.575Z"
"41824","SKF","LL/549-34255-1-SKF","LL/549-34255-1-SKF","LL549342551SKF","Vít định lượng SKF 549-34255-1","HỆ THỐNG BÔI TRƠN","HỆ THỐNG BÔI TRƠN | Phụ kiện bơm mỡ SKF","93","he-thong-boi-tron","https://vongbicongnghiep.vn/san-pham/vit-dinh-luong-skf-549-34255-1/","https://vongbicongnghiep.vn/wp-content/uploads/2023/03/303-16118-1.png","[""https://vongbicongnghiep.vn/wp-content/uploads/2023/03/303-16118-1.png""]","","Vít định lượng cho bộ chia SSVD Chất liệu Mạ kẽm đen Khổ ren M10 x 1.0 Kích thước lục giác 5 mm Công suất trên mỗi ổ cắm 1,80 cc Chiều dài 12,8 mm Mã đầu bên 180","[]","504000","in_stock","vongbicongnghiep.vn-wc-store-api-category-search-skf","2026-04-29T13:49:27.575Z"
"41823","SKF","LL/549-34254-9-SKF","LL/549-34254-9-SKF","LL549342549SKF","Vít định lượng SKF 549-34254-9","HỆ THỐNG BÔI TRƠN","HỆ THỐNG BÔI TRƠN | Phụ kiện bơm mỡ SKF","93","he-thong-boi-tron","https://vongbicongnghiep.vn/san-pham/vit-dinh-luong-skf-549-34254-9/","https://vongbicongnghiep.vn/wp-content/uploads/2023/03/303-16118-1.png","[""https://vongbicongnghiep.vn/wp-content/uploads/2023/03/303-16118-1.png""]","","Vít định lượng cho bộ chia SSVD Chất liệu Mạ kẽm đen Khổ ren M10 x 1.0 Kích thước lục giác 5 mm Đầu ra trên mỗi ổ cắm 1,40 cc Chiều dài 20,8 mm Mã đầu bên 140","[]","604000","in_stock","vongbicongnghiep.vn-wc-store-api-category-search-skf","2026-04-29T13:49:27.575Z"
"41822","SKF","LL/549-34254-7-SKF","LL/549-34254-7-SKF","LL549342547SKF","Vít định lượng SKF 549-34254-7","HỆ THỐNG BÔI TRƠN","HỆ THỐNG BÔI TRƠN | Phụ kiện bơm mỡ SKF","93","he-thong-boi-tron","https://vongbicongnghiep.vn/san-pham/vit-dinh-luong-skf-549-34254-7/","https://vongbicongnghiep.vn/wp-content/uploads/2023/03/303-16118-1.png","[""https://vongbicongnghiep.vn/wp-content/uploads/2023/03/303-16118-1.png""]","","Vít định lượng cho bộ chia SSVD Chất liệu Mạ kẽm đen Khổ ren M10 x 1.0 Kích thước lục giác 5 mm Đầu ra trên mỗi ổ cắm 0,80 cc Chiều dài 32,7 mm Mã đầu bên 80","[]","684000","in_stock","vongbicongnghiep.vn-wc-store-api-category-search-skf","2026-04-29T13:49:27.575Z"
"41821","SKF","LL/549-34254-6-SKF","LL/549-34254-6-SKF","LL549342546SKF","Vít định lượng SKF 549-34254-6","HỆ THỐNG BÔI TRƠN","HỆ THỐNG BÔI TRƠN | Phụ kiện bơm mỡ SKF","93","he-thong-boi-tron","https://vongbicongnghiep.vn/san-pham/vit-dinh-luong-skf-549-34254-6/","https://vongbicongnghiep.vn/wp-content/uploads/2023/03/303-16118-1.png","[""https://vongbicongnghiep.vn/wp-content/uploads/2023/03/303-16118-1.png""]","","Vít định lượng cho bộ chia SSVD Chất liệu Mạ kẽm đen Khổ ren M10 x 1.0 Kích thước lục giác 5 mm Đầu ra trên mỗi ổ cắm 0,60 cc Chiều dài 46,7 mm Mã đầu bên 60","[]","745000","in_stock","vongbicongnghiep.vn-wc-store-api-category-search-skf","2026-04-29T13:49:27.575Z"
"41820","SKF","LL/549-34254-5-SKF","LL/549-34254-5-SKF","LL549342545SKF","Vít định lượng SKF 549-34254-5","HỆ THỐNG BÔI TRƠN","HỆ THỐNG BÔI TRƠN | Phụ kiện bơm mỡ SKF","93","he-thong-boi-tron","https://vongbicongnghiep.vn/san-pham/vit-dinh-luong-skf-549-34254-5/","https://vongbicongnghiep.vn/wp-content/uploads/2023/03/303-16118-1.png","[""https://vongbicongnghiep.vn/wp-content/uploads/2023/03/303-16118-1.png""]","","Vít định lượng cho bộ chia SSVD Chất liệu Mạ kẽm đen Khổ ren M10 x 1.0 Kích thước lục giác 5 mm Đầu ra trên mỗi ổ cắm 0,40 cc Chiều dài 40,7 mm","[]","837000","in_stock","vongbicongnghiep.vn-wc-store-api-category-search-skf","2026-04-29T13:49:27.575Z"
"41819","SKF","LL/549-34254-4-SKF","LL/549-34254-4-SKF","LL549342544SKF","Vít định lượng SKF 549-34254-4","HỆ THỐNG BÔI TRƠN","HỆ THỐNG BÔI TRƠN | Phụ kiện bơm mỡ SKF","93","he-thong-boi-tron","https://vongbicongnghiep.vn/san-pham/vit-dinh-luong-skf-549-34254-4/","https://vongbicongnghiep.vn/wp-content/uploads/2023/03/303-16119-1.png","[""https://vongbicongnghiep.vn/wp-content/uploads/2023/03/303-16119-1.png""]","","Vít định lượng cho bộ chia SSVD Chất liệu Mạ kẽm đen Khổ ren M10 x 1.0 Ổ cắm lục giác 5mm Đầu ra trên mỗi ổ cắm 0,30 cc Chiều dài 42,7 mm Mã đầu bên 30 Mã hiệu Lincoln 303-16121-1 / 549-34254-4","[]","793000","in_stock","vongbicongnghiep.vn-wc-store-api-category-search-skf","2026-04-29T13:49:27.575Z"
"41817","SKF","LL/528-31341-3-SKF","LL/528-31341-3-SKF","LL528313413SKF","Bộ lọc phun SKF 528-31341-3","HỆ THỐNG BÔI TRƠN","HỆ THỐNG BÔI TRƠN | Phụ kiện bơm mỡ SKF","93","he-thong-boi-tron","https://vongbicongnghiep.vn/san-pham/bo-loc-phun-skf-528-31341-3/","https://vongbicongnghiep.vn/wp-content/uploads/2023/03/528-31341-3.png","[""https://vongbicongnghiep.vn/wp-content/uploads/2023/03/528-31341-3.png""]","","Hệ thống bôi trơn dầu mỡ cho máy khử khí chân không nhà máy thép 1/2-fpf Vật liệu: không amiang Micron/Yếu tố: 300.0 Số bộ phận của nhà cung cấp: 0.268331.X Tên mục: Lọc","[]","16219000","in_stock","vongbicongnghiep.vn-wc-store-api-category-search-skf","2026-04-29T13:49:27.575Z"
"41815","SKF","LL/528-30822-1-SKF","LL/528-30822-1-SKF","LL528308221SKF","Bộ lọc SKL 528-30822-1","Phụ kiện bơm mỡ SKF","Phụ kiện bơm mỡ SKF | HỆ THỐNG BÔI TRƠN","93","he-thong-boi-tron","https://vongbicongnghiep.vn/san-pham/bo-loc-skl-528-30822-1/","https://vongbicongnghiep.vn/wp-content/uploads/2023/03/528-30822-1.png","[""https://vongbicongnghiep.vn/wp-content/uploads/2023/03/528-30822-1.png""]","","Lọc Lincoln + gioăng đồng cho máy bơm ZPU 8, 9,14 & 24","[]","1804000","in_stock","vongbicongnghiep.vn-wc-store-api-category-search-skf","2026-04-29T13:49:27.575Z"
"41813","SKF","LL/518-31019-1-SKF","LL/518-31019-1-SKF","LL518310191SKF","Bộ đệm SKF 518-31019-1","HỆ THỐNG BÔI TRƠN","HỆ THỐNG BÔI TRƠN | Phụ kiện bơm mỡ SKF","93","he-thong-boi-tron","https://vongbicongnghiep.vn/san-pham/bo-dem-skf-518-31019-1/","https://vongbicongnghiep.vn/wp-content/uploads/2023/03/518-31019-1.png","[""https://vongbicongnghiep.vn/wp-content/uploads/2023/03/518-31019-1.png""]","","Dùng cho van đảo chiều MP2","[]","1797000","in_stock","vongbicongnghiep.vn-wc-store-api-category-search-skf","2026-04-29T13:49:27.575Z"
"41811","SKF","LL/471-006-192-SKF","LL/471-006-192-SKF","LL471006192SKF","Khớp nối nhanh SKF 471-006-192","HỆ THỐNG BÔI TRƠN","HỆ THỐNG BÔI TRƠN | Phụ kiện bơm mỡ SKF","93","he-thong-boi-tron","https://vongbicongnghiep.vn/san-pham/khop-noi-nhanh-skf-471-006-192/","https://vongbicongnghiep.vn/wp-content/uploads/2023/03/471-006-192.png","[""https://vongbicongnghiep.vn/wp-content/uploads/2023/03/471-006-192.png""]","","Dùng cho bộ chia mỡ lũy tiến VPK Khớp nối vít thẳng với đai ốc liên kết Eolastic và EO2","[]","489000","out_of_stock","vongbicongnghiep.vn-wc-store-api-category-search-skf","2026-04-29T13:49:27.575Z"
"41809","SKF","LL/432-24313-1-SKF","LL/432-24313-1-SKF","LL432243131SKF","Nắp chặn SKF 432-24313-1","HỆ THỐNG BÔI TRƠN","HỆ THỐNG BÔI TRƠN | Phụ kiện bơm mỡ SKF","93","he-thong-boi-tron","https://vongbicongnghiep.vn/san-pham/nap-chan-skf-432-24313-1/","https://vongbicongnghiep.vn/wp-content/uploads/2023/03/432-24313-1.png","[""https://vongbicongnghiep.vn/wp-content/uploads/2023/03/432-24313-1.png""]","","Dùng để bảo vệ phụ kiện","[]","8000","in_stock","vongbicongnghiep.vn-wc-store-api-category-search-skf","2026-04-29T13:49:27.575Z"
"41807","SKF","LL/432-23031-1-SKF","LL/432-23031-1-SKF","LL432230311SKF","Đầu nối ren SKF 432-23031-1","HỆ THỐNG BÔI TRƠN","HỆ THỐNG BÔI TRƠN | Phụ kiện bơm mỡ SKF","93","he-thong-boi-tron","https://vongbicongnghiep.vn/san-pham/dau-noi-ren-skf-432-23031-1/","https://vongbicongnghiep.vn/wp-content/uploads/2023/03/432-23031-1.png","[""https://vongbicongnghiep.vn/wp-content/uploads/2023/03/432-23031-1.png""]","","Khớp nối ren nguyên bản, được sử dụng trong máy gặt đập liên hợp của thương hiệu Rostselmash","[]","36000","in_stock","vongbicongnghiep.vn-wc-store-api-category-search-skf","2026-04-29T13:49:27.575Z"
"41804","SKF","LL/406-611-SKF","LL/406-611-SKF","LL406611SKF","Ống liên kết SKF 406-611","HỆ THỐNG BÔI TRƠN","HỆ THỐNG BÔI TRƠN | Phụ kiện bơm mỡ SKF","93","he-thong-boi-tron","https://vongbicongnghiep.vn/san-pham/vit-lien-ket-skf-406-611/","https://vongbicongnghiep.vn/wp-content/uploads/2023/03/406-611.png","[""https://vongbicongnghiep.vn/wp-content/uploads/2023/03/406-611.png"",""https://vongbicongnghiep.vn/wp-content/uploads/2023/03/406-611-1.png""]","","Dùng để liên kết thép và nhựa (sử dụng để gia công cho ống nhựa) Ống có kích thước 6×1.25, M10x1","[]","13000","out_of_stock","vongbicongnghiep.vn-wc-store-api-category-search-skf","2026-04-29T13:49:27.575Z"
"41801","SKF","LL/406-603-SKF","LL/406-603-SKF","LL406603SKF","Phụ kiện ống nối SKF 406-603","HỆ THỐNG BÔI TRƠN","HỆ THỐNG BÔI TRƠN | Phụ kiện bơm mỡ SKF","93","he-thong-boi-tron","https://vongbicongnghiep.vn/san-pham/phu-kien-ong-noi-skf-406-603/","https://vongbicongnghiep.vn/wp-content/uploads/2023/03/406-603.png","[""https://vongbicongnghiep.vn/wp-content/uploads/2023/03/406-603.png"",""https://vongbicongnghiep.vn/wp-content/uploads/2023/03/406-603-1.png""]","","Kích thước ống: Ø 6x1mm Áp suất làm việc tối đa: 45 bar Chất liệu: Đồng thau","[]","0","out_of_stock","vongbicongnghiep.vn-wc-store-api-category-search-skf","2026-04-29T13:49:27.576Z"
"41799","SKF","LL/303-19346-2-SKF","LL/303-19346-2-SKF","LL303193462SKF","Nút chặn SKF 303-19346-2","HỆ THỐNG BÔI TRƠN","HỆ THỐNG BÔI TRƠN | Phụ kiện bơm mỡ SKF","93","he-thong-boi-tron","https://vongbicongnghiep.vn/san-pham/nut-chan-skf-303-19346-2/","https://vongbicongnghiep.vn/wp-content/uploads/2023/03/303-19346-2-2.png","[""https://vongbicongnghiep.vn/wp-content/uploads/2023/03/303-19346-2-2.png""]","","M10x1x4,5 – Chất liệu: thép không gỉ","[]","219000","in_stock","vongbicongnghiep.vn-wc-store-api-category-search-skf","2026-04-29T13:49:27.576Z"
"41795","SKF","LL/303-16122-1-SKF","LL/303-16122-1-SKF","LL303161221SKF","Vít định lượng SKF 303-16122-1","HỆ THỐNG BÔI TRƠN","HỆ THỐNG BÔI TRƠN | Phụ kiện bơm mỡ SKF","93","he-thong-boi-tron","https://vongbicongnghiep.vn/san-pham/vit-dinh-luong-skf-303-16122-1/","https://vongbicongnghiep.vn/wp-content/uploads/2023/03/303-16118-1.png","[""https://vongbicongnghiep.vn/wp-content/uploads/2023/03/303-16118-1.png""]","","Vít điều chỉnh định lượng được sử dụng với van phân chia định lượng của Lincoln. Vít điều chỉnh cho phép người dùng kiểm soát lượng đầu ra.","[]","63000","in_stock","vongbicongnghiep.vn-wc-store-api-category-search-skf","2026-04-29T13:49:27.576Z"
"41793","SKF","LL/303-16118-1-SKF","LL/303-16118-1-SKF","LL303161181SKF","Vít định lượng SKF 303-16118-1","HỆ THỐNG BÔI TRƠN","HỆ THỐNG BÔI TRƠN | Phụ kiện bơm mỡ SKF","93","he-thong-boi-tron","https://vongbicongnghiep.vn/san-pham/vit-dinh-luong-skf-303-16118-1/","https://vongbicongnghiep.vn/wp-content/uploads/2023/03/303-16118-1.png","[""https://vongbicongnghiep.vn/wp-content/uploads/2023/03/303-16118-1.png""]","","Vít điều chỉnh định lượng được sử dụng với van phân chia định lượng của Lincoln. Vít điều chỉnh cho phép người dùng kiểm soát lượng đầu ra.","[]","202000","in_stock","vongbicongnghiep.vn-wc-store-api-category-search-skf","2026-04-29T13:49:27.576Z"
"41791","SKF","LL/226-14111-2-SKF","LL/226-14111-2-SKF","LL226141112SKF","Khớp nối SKF 226-14111-2","HỆ THỐNG BÔI TRƠN","HỆ THỐNG BÔI TRƠN | Phụ kiện bơm mỡ SKF","93","he-thong-boi-tron","https://vongbicongnghiep.vn/san-pham/khop-noi-skf-226-14111-2/","https://vongbicongnghiep.vn/wp-content/uploads/2023/03/226-14111-2.png","[""https://vongbicongnghiep.vn/wp-content/uploads/2023/03/226-14111-2.png""]","","Đoạn kết nối có ren côn Đẩy vào để kết nối Ø 6 mm đến M8x1 Chất liệu Đồng thau Áp suất tối đa 350 bar","[]","110000","in_stock","vongbicongnghiep.vn-wc-store-api-category-search-skf","2026-04-29T13:49:27.576Z"
"41789","SKF","LL/226-14105-5-SKF","LL/226-14105-5-SKF","LL226141055SKF","Đầu nối nhanh SKF 226-14105-5","HỆ THỐNG BÔI TRƠN","HỆ THỐNG BÔI TRƠN | Phụ kiện bơm mỡ SKF","93","he-thong-boi-tron","https://vongbicongnghiep.vn/san-pham/dau-noi-nhanh-skf-226-14105-5/","https://vongbicongnghiep.vn/wp-content/uploads/2023/03/226-14105-5.png","[""https://vongbicongnghiep.vn/wp-content/uploads/2023/03/226-14105-5.png""]","","Bộ chuyển đổi đầu ra của bơm chia mỡ bằng đồng thau Kích thước 1/4 inch x 1/4 inch x 25 NPT Cần thiết cho các kiểu máy bơm 4, 8 và 15 Lít Núm ti S 2520-1/4-1/4-25","[]","126000","in_stock","vongbicongnghiep.vn-wc-store-api-category-search-skf","2026-04-29T13:49:27.576Z"
"41787","SKF","LL/223-13658-9-SKF","LL/223-13658-9-SKF","LL223136589SKF","Khớp nối SKF 223-13658-9","HỆ THỐNG BÔI TRƠN","HỆ THỐNG BÔI TRƠN | Phụ kiện bơm mỡ SKF","93","he-thong-boi-tron","https://vongbicongnghiep.vn/san-pham/khop-noi-skf-223-13658-9/","https://vongbicongnghiep.vn/wp-content/uploads/2023/03/223-13658-9.png","[""https://vongbicongnghiep.vn/wp-content/uploads/2023/03/223-13658-9.png""]","","Đầu nối kiểu vít Model GE Vít thẳng vào DIN 2353 Chất liệu SS 316 1.4571 Đường kính D Ø 6 mm Kích thước ren D1 1/4 Gas Kích thước lục giác SW1 19 mm Kích thước lục giác SW2 14 mm Tham khảo Lincoln 223-13658-9","[]","1360000","in_stock","vongbicongnghiep.vn-wc-store-api-category-search-skf","2026-04-29T13:49:27.576Z"
"41785","SKF","LL/223-13658-8-SKF","LL/223-13658-8-SKF","LL223136588SKF","Khớp nối nhanh SKF 223-13658-8","HỆ THỐNG BÔI TRƠN","HỆ THỐNG BÔI TRƠN | Phụ kiện bơm mỡ SKF","93","he-thong-boi-tron","https://vongbicongnghiep.vn/san-pham/khop-noi-nhanh-skf-223-13658-8/","https://vongbicongnghiep.vn/wp-content/uploads/2023/03/223-13658-8.png","[""https://vongbicongnghiep.vn/wp-content/uploads/2023/03/223-13658-8.png""]","","Đầu nối kiểu vít Model GE Vít thẳng vào Tiêu chuẩn DIN 2353 Chất liệu RVS 316 1.4571 Đường kính D Ø 10 mm Cỡ ren D1 1/8 Gas Kích thước lục giác SW1 17 mm Kích thước lục giác SW2 19 mm Tham khảo Lincoln 223-13658-8","[]","1076000","in_stock","vongbicongnghiep.vn-wc-store-api-category-search-skf","2026-04-29T13:49:27.576Z"
"41783","SKF","LL/223-12477-8-SKF","LL/223-12477-8-SKF","LL223124778SKF","Khớp nối thẳng SKF 223-12477-8","HỆ THỐNG BÔI TRƠN","HỆ THỐNG BÔI TRƠN | Phụ kiện bơm mỡ SKF","93","he-thong-boi-tron","https://vongbicongnghiep.vn/san-pham/khop-noi-thang-skf-223-12477-8/","https://vongbicongnghiep.vn/wp-content/uploads/2023/03/223-12477-8.png","[""https://vongbicongnghiep.vn/wp-content/uploads/2023/03/223-12477-8.png""]","","Ø 6 mm to G1/4 A CF – L, Vật liệu: Thép, Áp suất tối đa: 315 bar","[]","88000","in_stock","vongbicongnghiep.vn-wc-store-api-category-search-skf","2026-04-29T13:49:27.576Z"
"41781","SKF","LL/223-12452-1-SKF","LL/223-12452-1-SKF","LL223124521SKF","Khớp nối thẳng SKF 223-12452-1","HỆ THỐNG BÔI TRƠN","HỆ THỐNG BÔI TRƠN | Phụ kiện bơm mỡ SKF","93","he-thong-boi-tron","https://vongbicongnghiep.vn/san-pham/khop-noi-thang-skf-223-12452-1/","https://vongbicongnghiep.vn/wp-content/uploads/2023/03/223-12452-1.png","[""https://vongbicongnghiep.vn/wp-content/uploads/2023/03/223-12452-1.png""]","","Ø 10 mm to G1/4 A – L Chất liệu: Thép không gỉ V2A","[]","1388000","in_stock","vongbicongnghiep.vn-wc-store-api-category-search-skf","2026-04-29T13:49:27.576Z"
"41779","SKF","LL/219-13798-3-SKF","LL/219-13798-3-SKF","LL219137983SKF","Nút đóng đầu ra SKF 219-13798-3","HỆ THỐNG BÔI TRƠN","HỆ THỐNG BÔI TRƠN | Phụ kiện bơm mỡ SKF","93","he-thong-boi-tron","https://vongbicongnghiep.vn/san-pham/nut-dong-dau-ra-skf-219-13798-3/","https://vongbicongnghiep.vn/wp-content/uploads/2023/03/219-13798-3.png","[""https://vongbicongnghiep.vn/wp-content/uploads/2023/03/219-13798-3.png""]","","Là Nút đầu ra của bộ chia mỡ SSV Vòng chữ O cho nút đóng bằng thép không gỉ; nếu sau khi thắt chặt với 18 Nm không được niêm phong","[]","0","in_stock","vongbicongnghiep.vn-wc-store-api-category-search-skf","2026-04-29T13:49:27.576Z"
"41777","SKF","LL/179-990-700-SKF","LL/179-990-700-SKF","LL179990700SKF","Ổ cắm kép SKF 179-990-700","HỆ THỐNG BÔI TRƠN","HỆ THỐNG BÔI TRƠN | Phụ kiện bơm mỡ SKF","93","he-thong-boi-tron","https://vongbicongnghiep.vn/san-pham/o-cam-kep-skf-179-990-700/","https://vongbicongnghiep.vn/wp-content/uploads/2023/03/179-990-700.png","[""https://vongbicongnghiep.vn/wp-content/uploads/2023/03/179-990-700.png""]","","Ổ cắm kép / bộ phân phối kép (T-plug) Thích hợp để kết nối với phích cắm M12x1 của máy bơm Ren: M12x1 (2 x Cho đầu dò piston và đèn báo riêng)","[]","2306000","in_stock","vongbicongnghiep.vn-wc-store-api-category-search-skf","2026-04-29T13:49:27.576Z"
"41774","SKF","LL/111-35114-1-SKF","LL/111-35114-1-SKF","LL111351141SKF","Ống chịu áp lực SKF 111-35114-1","HỆ THỐNG BÔI TRƠN","HỆ THỐNG BÔI TRƠN | Phụ kiện bơm mỡ SKF","93","he-thong-boi-tron","https://vongbicongnghiep.vn/san-pham/ong-chiu-ap-luc-skf-111-35114-1/","https://vongbicongnghiep.vn/wp-content/uploads/2023/03/111-35114-1-1.png","[""https://vongbicongnghiep.vn/wp-content/uploads/2023/03/111-35114-1-1.png"",""https://vongbicongnghiep.vn/wp-content/uploads/2023/03/111-35114-1.png""]","","Là ống làm từ nhựa, chịu được áp lực cao dành cho hệ thống bôi trơn của SKF","[]","132000","in_stock","vongbicongnghiep.vn-wc-store-api-category-search-skf","2026-04-29T13:49:27.576Z"
"41770","SKF","LL/MV8000-SKF","LL/MV8000-SKF","LLMV8000SKF","Bơm SKF MV8000","HỆ THỐNG BÔI TRƠN","HỆ THỐNG BÔI TRƠN | Bơm dầu mỡ SKF","93","he-thong-boi-tron","https://vongbicongnghiep.vn/san-pham/bom-skf-mv8000/","https://vongbicongnghiep.vn/wp-content/uploads/2023/03/MV8000.png","[""https://vongbicongnghiep.vn/wp-content/uploads/2023/03/MV8000.png""]","","Đây là bộ bơm chân không cầm tay Mityvac chính hãng được các chuyên gia dịch vụ trên toàn thế giới sử dụng để thực hiện hàng trăm thử nghiệm cơ học và chẩn đoán ô tô cũng như kiểm tra bộ phận xả gió phanh. Bộ MV8000 bao gồm máy bơm chân không cầm tay Selectline phổ biến nhất của chúng tôi với máy đo chân không và các phụ kiện. Tính năng hiện đại, thiết kế công thái học để sử dụng thoải mái, lâu dài Thực hiện chẩn đoán hiệu suất động cơ, chảy máu phanh, truyền chất lỏng, sơ tán, lấy mẫu, sửa chữa kính chắn gió và hơn thế nữa Phát hành chân không một ngón tay thuận tiện Máy đo màng không hộp số cao cấp Tay cầm gia cố cải thiện độ bền Có thể bảo trì tại hiện trường — bộ dụng cụ bảo trì tiêu chuẩn và các bộ phận thay thế có sẵn","[]","0","in_stock","vongbicongnghiep.vn-wc-store-api-category-search-skf","2026-04-29T13:49:27.576Z"
"41767","SKF","LL/86231-SKF","LL/86231-SKF","LL86231SKF","Bộ phụ kiện bơm mỡ SKF 86231","HỆ THỐNG BÔI TRƠN","HỆ THỐNG BÔI TRƠN | Phụ kiện bơm mỡ SKF","93","he-thong-boi-tron","https://vongbicongnghiep.vn/san-pham/bo-phu-kien-bom-mo-skf-86231/","https://vongbicongnghiep.vn/wp-content/uploads/2023/03/86231.png","[""https://vongbicongnghiep.vn/wp-content/uploads/2023/03/86231.png"",""https://vongbicongnghiep.vn/wp-content/uploads/2023/03/86231-1.png""]","","Bộ dụng cụ sửa chữa công nghiệp Lincoln 86231 dành cho máy bơm thùng phuy Power Master Van chân loại xẻng","[]","2005000","out_of_stock","vongbicongnghiep.vn-wc-store-api-category-search-skf","2026-04-29T13:49:27.576Z"
"41763","SKF","LL/84804-SKF","LL/84804-SKF","LL84804SKF","Mô tơ bơm mỡ SKF 84804","HỆ THỐNG BÔI TRƠN","HỆ THỐNG BÔI TRƠN | Bơm mỡ Lincoln","93","he-thong-boi-tron","https://vongbicongnghiep.vn/san-pham/mo-to-bom-mo-skf-84804/","https://vongbicongnghiep.vn/wp-content/uploads/2023/03/84804-1.png","[""https://vongbicongnghiep.vn/wp-content/uploads/2023/03/84804-1.png"",""https://vongbicongnghiep.vn/wp-content/uploads/2023/03/84804.png""]","","Mã hiệu Lincoln: 84804 Đường kính xi lanh in. (mm): 4 ¼ (108) Diện tích pít-tông hiệu quả IN2. (cm): 14 (92) Dải áp suất vận hành PSIG (bar): 30-200 (2-14) Phạm vi nhiệt độ hoạt động °C (°F): -30 – +200 (-34- +93) ID nhỏ nhất cung cấp lượng không khí vào. (mm): 1/2 (12) Cửa hút gió: 1/2 NPTF Chiều dài hành trình in. (mm): 6 (152) Cân nặng lb. (kg): 26(11,7) Vật liệu làm kín: Buna-N và Teflon Seals được sử dụng với Power Valve Spool (Item 13) và Relay Valve (Item 17) Kích thước A in. (mm): 7-1/2 (191) Kích thước B in. (mm): 6 (152) Kích thước C in. (mm): 23-5/8 (599)","[]","97640000","in_stock","vongbicongnghiep.vn-wc-store-api-category-search-skf","2026-04-29T13:49:27.576Z"
"41760","SKF","LL/802249-SKF","LL/802249-SKF","LL802249SKF","Con lăn SKF 802249","HỆ THỐNG BÔI TRƠN","HỆ THỐNG BÔI TRƠN | Phụ kiện bơm mỡ SKF","93","he-thong-boi-tron","https://vongbicongnghiep.vn/san-pham/con-lan-skf-802249/","https://vongbicongnghiep.vn/wp-content/uploads/2023/03/802249.png","[""https://vongbicongnghiep.vn/wp-content/uploads/2023/03/802249.png"",""https://vongbicongnghiep.vn/wp-content/uploads/2023/03/802249-1.png""]","","Con lăn đẩy bôi trơn sử dụng cho bộ bôi trơn nhỏ 802175","[]","18146000","out_of_stock","vongbicongnghiep.vn-wc-store-api-category-search-skf","2026-04-29T13:49:27.576Z"
"41758","SKF","LL/802238-SKF","LL/802238-SKF","LL802238SKF","Bơm mỡ SKF 802238","HỆ THỐNG BÔI TRƠN","HỆ THỐNG BÔI TRƠN | Bơm dầu mỡ SKF | Phụ kiện bơm mỡ SKF","93","he-thong-boi-tron","https://vongbicongnghiep.vn/san-pham/bom-mo-skf-802238/","https://vongbicongnghiep.vn/wp-content/uploads/2023/03/12.png","[""https://vongbicongnghiep.vn/wp-content/uploads/2023/03/12.png""]","","Bơm mỡ SKF 802238 Gói máy bơm và phụ kiện Lincoln đáng tin cậy bao gồm sê-ri 20 bơm mỡ 50:1, bộ lọc không khí, bộ điều chỉnh, đồng hồ đo, lưu lượng điều khiển, đai WRL với bánh cóc, ngắt kết nối nhanh bằng mỡ và phụ kiện bộ chuyển đổi.","[]","0","out_of_stock","vongbicongnghiep.vn-wc-store-api-category-search-skf","2026-04-29T13:49:27.576Z"
"41756","SKF","LL/644-40600-3-SKF","LL/644-40600-3-SKF","LL644406003SKF","Bơm chủ động SKF 644-40600-3","HỆ THỐNG BÔI TRƠN","HỆ THỐNG BÔI TRƠN | Bơm dầu mỡ SKF","93","he-thong-boi-tron","https://vongbicongnghiep.vn/san-pham/bom-chu-dong-skf-644-40600-3/","https://vongbicongnghiep.vn/wp-content/uploads/2023/03/644-40600-3.png","[""https://vongbicongnghiep.vn/wp-content/uploads/2023/03/644-40600-3.png""]","","Bơm bôi trơn P203 Chống ăn mòn: C3 (Tiêu chuẩn) Chứng nhận: Chứng nhận KBA Dung tích bình chứa: 4 Lít Chất bôi trơn: Mỡ lên đến NLGI lớp 2 Giám sát mức: Tín hiệu mức thấp Loại hồ chứa: Làm đầy từ trên cao Không có yếu tố bơm Điện áp: 24 Vôn Có plug cắm kết nối Không có bộ điều khiển Được đổ sẵn mỡ tiêu chuẩn NLGI Class 2 Nhiệt độ hoạt động: -25°C đến +70°C Áp suất vận hành: 350 bar Kết nối đầu ra: G 1/4 Lớp bảo vệ IP6K9K Vị trí lắp đặt: Dọc, với tấm theo dõi","[]","25807000","out_of_stock","vongbicongnghiep.vn-wc-store-api-category-search-skf","2026-04-29T13:49:27.576Z"
"41754","SKF","LL/620-40921-4-SKF","LL/620-40921-4-SKF","LL620409214SKF","Bộ chia mỡ SKF 620-40921-4","HỆ THỐNG BÔI TRƠN","HỆ THỐNG BÔI TRƠN | Phụ kiện bơm mỡ SKF","93","he-thong-boi-tron","https://vongbicongnghiep.vn/san-pham/bo-chia-mo-skf-620-40921-4/","https://vongbicongnghiep.vn/wp-content/uploads/2023/03/620-40921-4.png","[""https://vongbicongnghiep.vn/wp-content/uploads/2023/03/620-40921-4.png""]","","Bộ chia mỡ VSG4-D1.5 Bộ dầu nhớt VSG Chất bôi trơn: Mỡ lên đến NLGI 3 /- Dầu có độ nhớt tối thiểu 20 mm²/s Áp suất vận hành tối đa: 400 bar 620-40921-4 – Lincoln Lubricant distributor VSG 4-D1,50 – 1,50 cm³ per outlet – max. + 80°C – 400 bar – Outlets: 4 – with dosage screw D","[]","7185000","in_stock","vongbicongnghiep.vn-wc-store-api-category-search-skf","2026-04-29T13:49:27.576Z"
"41751","SKF","LL/619-26474-3-SKF","LL/619-26474-3-SKF","LL619264743SKF","Bộ chia mỡ SKF 619-26474-3","HỆ THỐNG BÔI TRƠN","HỆ THỐNG BÔI TRƠN | Phụ kiện bơm mỡ SKF","93","he-thong-boi-tron","https://vongbicongnghiep.vn/san-pham/bo-chia-mo-skf-619-26474-3/","https://vongbicongnghiep.vn/wp-content/uploads/2023/03/619-26474-3.png","[""https://vongbicongnghiep.vn/wp-content/uploads/2023/03/619-26474-3.png"",""https://vongbicongnghiep.vn/wp-content/uploads/2023/03/619-26474-3-1.png""]","","Thuộc bộ chia mỡ SSV, có thiết bị đo sáng","[]","2871000","out_of_stock","vongbicongnghiep.vn-wc-store-api-category-search-skf","2026-04-29T13:49:27.576Z"
"41747","SKF","LL/519-85224-1-SKF","LL/519-85224-1-SKF","LL519852241SKF","Máy dò piston SKF 519-85224-1","HỆ THỐNG BÔI TRƠN","HỆ THỐNG BÔI TRƠN | Phụ kiện bơm mỡ SKF","93","he-thong-boi-tron","https://vongbicongnghiep.vn/san-pham/may-do-piston-skf-519-85224-1/","https://vongbicongnghiep.vn/wp-content/uploads/2023/03/519-85224-1.png","[""https://vongbicongnghiep.vn/wp-content/uploads/2023/03/519-85224-1.png"",""https://vongbicongnghiep.vn/wp-content/uploads/2023/03/519-85224-1-1.png""]","","Máy dò pít-tông để theo dõi các thiết bị đo sáng. Dùng cho bộ chia mỡ SSV & SSVD","[]","7372000","out_of_stock","vongbicongnghiep.vn-wc-store-api-category-search-skf","2026-04-29T13:49:27.576Z"
"41744","SKF","LL/505-36089-1-SKF","LL/505-36089-1-SKF","LL505360891SKF","Van một chiều với miếng đệm SKF 505-36089-1","HỆ THỐNG BÔI TRƠN","HỆ THỐNG BÔI TRƠN | Phụ kiện bơm mỡ SKF","93","he-thong-boi-tron","https://vongbicongnghiep.vn/san-pham/van-mot-chieu-voi-mieng-dem-skf-505-36089-1/","https://vongbicongnghiep.vn/wp-content/uploads/2023/03/505-36089-1.png","[""https://vongbicongnghiep.vn/wp-content/uploads/2023/03/505-36089-1.png""]","","Dùng trong hệ thống bơm mỡ ZPU/08/14/24 Bộ phận thứ 21 trong hình","[]","4513000","in_stock","vongbicongnghiep.vn-wc-store-api-category-search-skf","2026-04-29T13:49:27.576Z"
"41742","SKF","LL/505-30405-3-SKF","LL/505-30405-3-SKF","LL505304053SKF","Bộ chia mỡ SKF 505-30405-3","HỆ THỐNG BÔI TRƠN","HỆ THỐNG BÔI TRƠN | Phụ kiện bơm mỡ SKF","93","he-thong-boi-tron","https://vongbicongnghiep.vn/san-pham/bo-chia-mo-skf-505-30405-3/","https://vongbicongnghiep.vn/wp-content/uploads/2023/03/505-30405-3.png","[""https://vongbicongnghiep.vn/wp-content/uploads/2023/03/505-30405-3.png""]","","Thành phần máy bơm: Với Vòng chữ O; Đối với Bơm bôi trơn trung tâm áp suất cao Model ZPU08/14/24","[]","24420000","in_stock","vongbicongnghiep.vn-wc-store-api-category-search-skf","2026-04-29T13:49:27.576Z"
"41740","SKF","LL/432-24162-1-SKF","LL/432-24162-1-SKF","LL432241621SKF","Đầu nối SKF 432-24162-1","HỆ THỐNG BÔI TRƠN","HỆ THỐNG BÔI TRƠN | Phụ kiện bơm mỡ SKF","93","he-thong-boi-tron","https://vongbicongnghiep.vn/san-pham/dau-noi-skf-432-24162-1/","https://vongbicongnghiep.vn/wp-content/uploads/2023/03/432-24162-1.png","[""https://vongbicongnghiep.vn/wp-content/uploads/2023/03/432-24162-1.png""]","","Đầu nối SKF 432-24162-1 chịu áp suất cao, đường kính d = 6mm","[]","61000","in_stock","vongbicongnghiep.vn-wc-store-api-category-search-skf","2026-04-29T13:49:27.576Z"
"41738","SKF","LL/303-16119-1-SKF","LL/303-16119-1-SKF","LL303161191SKF","Chốt định lượng mỡ SKF 303-16119-1","HỆ THỐNG BÔI TRƠN","HỆ THỐNG BÔI TRƠN | Phụ kiện bơm mỡ SKF","93","he-thong-boi-tron","https://vongbicongnghiep.vn/san-pham/chot-dinh-luong-mo-skf-303-16119-1/","https://vongbicongnghiep.vn/wp-content/uploads/2023/03/303-16119-1.png","[""https://vongbicongnghiep.vn/wp-content/uploads/2023/03/303-16119-1.png""]","","Vít định lượng Lincoln 0.14cc cho bộ chia mỡ SSVD.","[]","202000","in_stock","vongbicongnghiep.vn-wc-store-api-category-search-skf","2026-04-29T13:49:27.576Z"
"41732","SKF","LL/VP-C-SKF","LL/VP-C-SKF","LLVPCSKF","Thanh chéo SKF VP-C","HỆ THỐNG BÔI TRƠN","HỆ THỐNG BÔI TRƠN | Phụ kiện bơm mỡ SKF","93","he-thong-boi-tron","https://vongbicongnghiep.vn/san-pham/thanh-cheo-skf-llvp-c/","https://vongbicongnghiep.vn/wp-content/uploads/2023/03/VP-C.png","[""https://vongbicongnghiep.vn/wp-content/uploads/2023/03/VP-C.png""]","","","[]","799000","out_of_stock","vongbicongnghiep.vn-wc-store-api-category-search-skf","2026-04-29T13:49:27.576Z"
"41730","SKF","LL/VP2.09-SKF","LL/VP2.09-SKF","LLVP209SKF","Tấm đệm SKF VP2.09","HỆ THỐNG BÔI TRƠN","HỆ THỐNG BÔI TRƠN | Phụ kiện bơm mỡ SKF","93","he-thong-boi-tron","https://vongbicongnghiep.vn/san-pham/tam-dem-skf-llvp2-09/","https://vongbicongnghiep.vn/wp-content/uploads/2023/03/VP2.09.png","[""https://vongbicongnghiep.vn/wp-content/uploads/2023/03/VP2.09.png""]","","Phù hợp với bộ chia mỡ VPG, VPM Khối lượng: 0.03 kg","[]","783000","out_of_stock","vongbicongnghiep.vn-wc-store-api-category-search-skf","2026-04-29T13:49:29.480Z"
"41728","SKF","LL/VP2.08-SKF","LL/VP2.08-SKF","LLVP208SKF","Tấm đệm SKF VP2.08","HỆ THỐNG BÔI TRƠN","HỆ THỐNG BÔI TRƠN | Phụ kiện bơm mỡ SKF","93","he-thong-boi-tron","https://vongbicongnghiep.vn/san-pham/tam-dem-skf-llvp2-08/","https://vongbicongnghiep.vn/wp-content/uploads/2023/03/VP2.08.png","[""https://vongbicongnghiep.vn/wp-content/uploads/2023/03/VP2.08.png""]","","Phù hợp bộ chia mỡ VPG/VPM Khối lượng: 0.03 kg","[]","367000","out_of_stock","vongbicongnghiep.vn-wc-store-api-category-search-skf","2026-04-29T13:49:29.480Z"
"41724","SKF","LL/VPBM-10-SKF","LL/VPBM-10-SKF","LLVPBM10SKF","Bộ chia mỡ SKF VPBM-10","HỆ THỐNG BÔI TRƠN","HỆ THỐNG BÔI TRƠN | Bộ chia mỡ Lincoln | Phụ kiện bơm mỡ SKF","93","he-thong-boi-tron","https://vongbicongnghiep.vn/san-pham/bo-chia-mo-skf-vpbm-10/","https://vongbicongnghiep.vn/wp-content/uploads/2023/03/VP10.png","[""https://vongbicongnghiep.vn/wp-content/uploads/2023/03/VP10.png"",""https://vongbicongnghiep.vn/wp-content/uploads/2023/03/VPBM-10.png""]","","","[]","9306000","out_of_stock","vongbicongnghiep.vn-wc-store-api-category-search-skf","2026-04-29T13:49:29.480Z"
"41723","SKF","LL/VPBM-9-SKF","LL/VPBM-9-SKF","LLVPBM9SKF","Bộ chia mỡ SKF VPBM-9","HỆ THỐNG BÔI TRƠN","HỆ THỐNG BÔI TRƠN | Bộ chia mỡ Lincoln | Phụ kiện bơm mỡ SKF","93","he-thong-boi-tron","https://vongbicongnghiep.vn/san-pham/bo-chia-mo-skf-vpbm-9/","https://vongbicongnghiep.vn/wp-content/uploads/2023/03/VP99.png","[""https://vongbicongnghiep.vn/wp-content/uploads/2023/03/VP99.png"",""https://vongbicongnghiep.vn/wp-content/uploads/2023/03/VP9.png""]","","","[]","8215000","out_of_stock","vongbicongnghiep.vn-wc-store-api-category-search-skf","2026-04-29T13:49:29.480Z"
"41722","SKF","LL/VPBM-8-SKF","LL/VPBM-8-SKF","LLVPBM8SKF","Bộ chia mỡ SKF VPBM-8","HỆ THỐNG BÔI TRƠN","HỆ THỐNG BÔI TRƠN | Phụ kiện bơm mỡ SKF","93","he-thong-boi-tron","https://vongbicongnghiep.vn/san-pham/bo-chia-mo-skf-vpbm-8/","https://vongbicongnghiep.vn/wp-content/uploads/2023/03/VP8.png","[""https://vongbicongnghiep.vn/wp-content/uploads/2023/03/VP8.png"",""https://vongbicongnghiep.vn/wp-content/uploads/2023/03/VPBM-8.png""]","","","[]","7271000","out_of_stock","vongbicongnghiep.vn-wc-store-api-category-search-skf","2026-04-29T13:49:29.480Z"
"41720","SKF","LL/VPBM-7-SKF","LL/VPBM-7-SKF","LLVPBM7SKF","Bộ chia mỡ SKF VPBM-7","HỆ THỐNG BÔI TRƠN","HỆ THỐNG BÔI TRƠN | Phụ kiện bơm mỡ SKF","93","he-thong-boi-tron","https://vongbicongnghiep.vn/san-pham/bo-chia-mo-skf-vpbm-7/","https://vongbicongnghiep.vn/wp-content/uploads/2023/03/VPBM-7.png","[""https://vongbicongnghiep.vn/wp-content/uploads/2023/03/VPBM-7.png"",""https://vongbicongnghiep.vn/wp-content/uploads/2023/03/VPBM-7.png""]","","","[]","6542000","out_of_stock","vongbicongnghiep.vn-wc-store-api-category-search-skf","2026-04-29T13:49:29.480Z"
"41719","SKF","LL/VPBM-6-SKF","LL/VPBM-6-SKF","LLVPBM6SKF","Bộ chia mỡ SKF VPBM-6","HỆ THỐNG BÔI TRƠN","HỆ THỐNG BÔI TRƠN | Phụ kiện bơm mỡ SKF","93","he-thong-boi-tron","https://vongbicongnghiep.vn/san-pham/bo-chia-mo-skf-vpbm-6/","https://vongbicongnghiep.vn/wp-content/uploads/2023/03/VP6.png","[""https://vongbicongnghiep.vn/wp-content/uploads/2023/03/VP6.png"",""https://vongbicongnghiep.vn/wp-content/uploads/2023/03/VPBM6.png""]","","","[]","5585000","out_of_stock","vongbicongnghiep.vn-wc-store-api-category-search-skf","2026-04-29T13:49:29.480Z"
"41717","SKF","LL/VPBM-5-SKF","LL/VPBM-5-SKF","LLVPBM5SKF","Bộ chia mỡ SKF VPBM-5","HỆ THỐNG BÔI TRƠN","HỆ THỐNG BÔI TRƠN | Bơm dầu mỡ SKF | Phụ kiện bơm mỡ SKF","93","he-thong-boi-tron","https://vongbicongnghiep.vn/san-pham/bo-chia-mo-skf-vpbm-5/","https://vongbicongnghiep.vn/wp-content/uploads/2023/03/vpbm5cc.png","[""https://vongbicongnghiep.vn/wp-content/uploads/2023/03/vpbm5cc.png"",""https://vongbicongnghiep.vn/wp-content/uploads/2023/03/VPBM5.png"",""https://vongbicongnghiep.vn/wp-content/uploads/2023/03/Screenshot-2023-03-24-140236.png""]","","","[]","4933000","out_of_stock","vongbicongnghiep.vn-wc-store-api-category-search-skf","2026-04-29T13:49:29.480Z"
"41715","SKF","LL/VPBM-4-SKF","LL/VPBM-4-SKF","LLVPBM4SKF","Bộ chia mỡ SKF VPBM-4","Phụ kiện bơm mỡ SKF","Phụ kiện bơm mỡ SKF | HỆ THỐNG BÔI TRƠN","93","he-thong-boi-tron","https://vongbicongnghiep.vn/san-pham/bo-chia-mo-skf-vpbm-4/","https://vongbicongnghiep.vn/wp-content/uploads/2023/03/Screenshot-2023-03-24-165232.png","[""https://vongbicongnghiep.vn/wp-content/uploads/2023/03/Screenshot-2023-03-24-165232.png""]","","","[]","4039000","out_of_stock","vongbicongnghiep.vn-wc-store-api-category-search-skf","2026-04-29T13:49:29.480Z"
"41647","SKF","LL/VPBM-3-SKF","LL/VPBM-3-SKF","LLVPBM3SKF","Bộ chia mỡ SKF VPBM-3","HỆ THỐNG BÔI TRƠN","HỆ THỐNG BÔI TRƠN | Phụ kiện bơm mỡ SKF","93","he-thong-boi-tron","https://vongbicongnghiep.vn/san-pham/bo-chia-mo-skf-vpbm-3-2/","https://vongbicongnghiep.vn/wp-content/uploads/2023/03/Screenshot-2023-03-24-165232.png","[""https://vongbicongnghiep.vn/wp-content/uploads/2023/03/Screenshot-2023-03-24-165232.png"",""https://vongbicongnghiep.vn/wp-content/uploads/2023/03/Screenshot-2023-03-24-140236.png"",""https://vongbicongnghiep.vn/wp-content/uploads/2023/03/Screenshot-2023-03-24-165232.png""]","","","[]","3415000","out_of_stock","vongbicongnghiep.vn-wc-store-api-category-search-skf","2026-04-29T13:49:29.480Z"
"41705","SKF","TLGH 1-SKF","TLGH 1-SKF","TLGH1SKF","Súng bơm mỡ TLGH 1","Dụng cụ bôi trơn","Dụng cụ bôi trơn","93","he-thong-boi-tron","https://vongbicongnghiep.vn/san-pham/sung-bom-mo-tlgh-1/","https://vongbicongnghiep.vn/wp-content/uploads/2023/03/TLGH-1.png","[""https://vongbicongnghiep.vn/wp-content/uploads/2023/03/TLGH-1.png""]","","Súng mỡ SKF TLGH 1 SKF Grease Gun TLGH 1 lý tưởng để sử dụng trong các ngành nông nghiệp, công nghiệp và xây dựng và cho mục đích sử dụng cá nhân. Súng mỡ được cung cấp với ống nối dài 175 mm (6,9 n.) và vòi kẹp thủy lực. Thích hợp để sử dụng với hộp mực và mỡ rời Cơ thể có khía cho độ bám chắc chắn và an toàn Thép chất lượng cao có khả năng chống sứt mẻ để nạp hộp mực dễ dàng Thiết kế pít-tông đặc biệt để làm trống hộp mực trơn tru Được cung cấp với ống nối dài và vòi kẹp thủy lực","[{""name"":""brand"",""terms"":[""SKF""]}]","455000","out_of_stock","vongbicongnghiep.vn-wc-store-api-category-search-skf","2026-04-29T13:49:29.480Z"
"41675","SKF","LL/406-433-SKF","LL/406-433-SKF","LL406433SKF","Đầu nối nhanh SKF 406-433","HỆ THỐNG BÔI TRƠN","HỆ THỐNG BÔI TRƠN | Phụ kiện bơm mỡ SKF","93","he-thong-boi-tron","https://vongbicongnghiep.vn/san-pham/dau-noi-nhanh-skf-406-433/","https://vongbicongnghiep.vn/wp-content/uploads/2023/03/406-433-1.png","[""https://vongbicongnghiep.vn/wp-content/uploads/2023/03/406-433-1.png""]","","Loại thẳng, đẩy để kết nối, ống 6mm, M8x1mm","[]","58000","out_of_stock","vongbicongnghiep.vn-wc-store-api-category-search-skf","2026-04-29T13:49:29.480Z"
"41649","SKF","LL/406-455W-SKF","LL/406-455W-SKF","LL406455WSKF","Đầu nối góc SKF 406-455W","HỆ THỐNG BÔI TRƠN","HỆ THỐNG BÔI TRƠN | Phụ kiện bơm mỡ SKF","93","he-thong-boi-tron","https://vongbicongnghiep.vn/san-pham/dau-noi-goc-skf-406-455w/","https://vongbicongnghiep.vn/wp-content/uploads/2023/03/406-455W.png","[""https://vongbicongnghiep.vn/wp-content/uploads/2023/03/406-455W.png""]","","Loại vuông, vặn để kết nối, ống 6mm, R1/8″","[]","136000","out_of_stock","vongbicongnghiep.vn-wc-store-api-category-search-skf","2026-04-29T13:49:29.480Z"
"41638","SKF","LAGF 50-SKF","LAGF 50-SKF","LAGF50SKF","Bơm Mỡ SKF LAGF 50","HỆ THỐNG BÔI TRƠN","HỆ THỐNG BÔI TRƠN | Phụ kiện bơm mỡ SKF","93","he-thong-boi-tron","https://vongbicongnghiep.vn/san-pham/bom-mo-skf-lagf-50/","https://vongbicongnghiep.vn/wp-content/uploads/2023/03/LAGF.png","[""https://vongbicongnghiep.vn/wp-content/uploads/2023/03/LAGF.png""]","","Bơm Mỡ SKF LAGF 50 Thông số Kỹ thuật Ký hiệu LAGF 18 LAGF 50 Áp suất lớn nhất 30 bar (430 psi) 30 bar (430 psi) Thể tích/Hành trình Xấp xỉ 45 cm³ (1.5 US fl. oz) Xấp xỉ 45 cm³ (1.5 US fl. oz) Kích thước phù hợp của thùng mỡ – Đường kính bên trong 265-285 mm (10.4-11.2 in.) 350-385 mm (13.8-15.2 in.) – Chiều cao lớn nhất bên trong 420 mm (16.5 in.) 675 mm (26.6 in.) Trọng lượng 5 kg (11 lb) 7 kg (15 lb)","[]","8515000","out_of_stock","vongbicongnghiep.vn-wc-store-api-category-search-skf","2026-04-29T13:49:29.481Z"
"41625","SKF","LL/443-710-061-SKF","LL/443-710-061-SKF","LL443710061SKF","Đầu nối giảm SKF 443-710-061","HỆ THỐNG BÔI TRƠN","HỆ THỐNG BÔI TRƠN | Phụ kiện bơm mỡ SKF","93","he-thong-boi-tron","https://vongbicongnghiep.vn/san-pham/giac-noi-giam-skf-443-710-061/","https://vongbicongnghiep.vn/wp-content/uploads/2023/03/408-406.png","[""https://vongbicongnghiep.vn/wp-content/uploads/2023/03/408-406.png"",""https://vongbicongnghiep.vn/wp-content/uploads/2023/03/408-406-1.png""]","","Dùng nối ống D 10mm, D1 8mm","[]","3585000","out_of_stock","vongbicongnghiep.vn-wc-store-api-category-search-skf","2026-04-29T13:49:29.481Z"
"41624","SKF","LL/410-408-SKF","LL/410-408-SKF","LL410408SKF","Đầu nối giảm SKF 410-408","HỆ THỐNG BÔI TRƠN","HỆ THỐNG BÔI TRƠN | Phụ kiện bơm mỡ SKF","93","he-thong-boi-tron","https://vongbicongnghiep.vn/san-pham/giac-noi-giam-skf-410-408/","https://vongbicongnghiep.vn/wp-content/uploads/2023/03/408-406.png","[""https://vongbicongnghiep.vn/wp-content/uploads/2023/03/408-406.png"",""https://vongbicongnghiep.vn/wp-content/uploads/2023/03/408-406-1.png""]","","Dùng cho ống: D 8mm, D1 10 mm","[]","362000","out_of_stock","vongbicongnghiep.vn-wc-store-api-category-search-skf","2026-04-29T13:49:29.481Z"
"41623","SKF","LL/410-406-SKF","LL/410-406-SKF","LL410406SKF","Đầu nối giảm SKF 410-406","HỆ THỐNG BÔI TRƠN","HỆ THỐNG BÔI TRƠN | Phụ kiện bơm mỡ SKF","93","he-thong-boi-tron","https://vongbicongnghiep.vn/san-pham/giac-noi-giam-skf-410-406/","https://vongbicongnghiep.vn/wp-content/uploads/2023/03/408-406.png","[""https://vongbicongnghiep.vn/wp-content/uploads/2023/03/408-406.png"",""https://vongbicongnghiep.vn/wp-content/uploads/2023/03/408-406-1.png""]","","D 6mm, D1 10mm","[]","202000","out_of_stock","vongbicongnghiep.vn-wc-store-api-category-search-skf","2026-04-29T13:49:29.481Z"
"41619","SKF","LL/408-406-SKF","LL/408-406-SKF","LL408406SKF","Đầu nối giảm SKF 408-406","HỆ THỐNG BÔI TRƠN","HỆ THỐNG BÔI TRƠN | Phụ kiện bơm mỡ SKF","93","he-thong-boi-tron","https://vongbicongnghiep.vn/san-pham/khop-noi-giam-skf-408-406/","https://vongbicongnghiep.vn/wp-content/uploads/2023/03/408-406.png","[""https://vongbicongnghiep.vn/wp-content/uploads/2023/03/408-406.png"",""https://vongbicongnghiep.vn/wp-content/uploads/2023/03/408-406-1.png""]","","Kết nối thẳng D 6mm, D1 8mm","[]","200000","out_of_stock","vongbicongnghiep.vn-wc-store-api-category-search-skf","2026-04-29T13:49:29.481Z"
"41617","SKF","LL/410-410-SKF","LL/410-410-SKF","LL410410SKF","Đầu nối thẳng SKF 410-410","HỆ THỐNG BÔI TRƠN","HỆ THỐNG BÔI TRƠN | Phụ kiện bơm mỡ SKF","93","he-thong-boi-tron","https://vongbicongnghiep.vn/san-pham/dau-noi-thang-skf-410-410/","https://vongbicongnghiep.vn/wp-content/uploads/2023/03/406-406-1.png","[""https://vongbicongnghiep.vn/wp-content/uploads/2023/03/406-406-1.png"",""https://vongbicongnghiep.vn/wp-content/uploads/2023/03/406-406.png"",""https://vongbicongnghiep.vn/wp-content/uploads/2023/03/406-406-2.png""]","","Đùng để kết nối ống với ống Vật liệu thép mạ kẽm Thích hợp cho đường kính ống 10 mm (d) đến 10 mm (d1) L sê-ri Dùng cho đai ốc và vòng cắt","[]","170000","out_of_stock","vongbicongnghiep.vn-wc-store-api-category-search-skf","2026-04-29T13:49:29.481Z"
"41616","SKF","LL/408-408-SKF","LL/408-408-SKF","LL408408SKF","Đầu nối thẳng SKF 408-408","HỆ THỐNG BÔI TRƠN","HỆ THỐNG BÔI TRƠN | Phụ kiện bơm mỡ SKF","93","he-thong-boi-tron","https://vongbicongnghiep.vn/san-pham/dau-noi-thang-skf-408-408/","https://vongbicongnghiep.vn/wp-content/uploads/2023/03/406-406-1.png","[""https://vongbicongnghiep.vn/wp-content/uploads/2023/03/406-406-1.png"",""https://vongbicongnghiep.vn/wp-content/uploads/2023/03/406-406.png"",""https://vongbicongnghiep.vn/wp-content/uploads/2023/03/406-406-2.png""]","","Đùng để kết nối ống với ống Vật liệu thép mạ kẽm Thích hợp cho đường kính ống 8 mm (d) đến 8 mm (d1) L sê-ri Dùng cho đai ốc và vòng cắt","[]","339000","out_of_stock","vongbicongnghiep.vn-wc-store-api-category-search-skf","2026-04-29T13:49:29.481Z"
"41612","SKF","LL/406-406-SKF","LL/406-406-SKF","LL406406SKF","Đầu nối thẳng SKF 406-406","HỆ THỐNG BÔI TRƠN","HỆ THỐNG BÔI TRƠN | Phụ kiện bơm mỡ SKF","93","he-thong-boi-tron","https://vongbicongnghiep.vn/san-pham/dau-noi-thang-skf-406-406/","https://vongbicongnghiep.vn/wp-content/uploads/2023/03/406-406-1.png","[""https://vongbicongnghiep.vn/wp-content/uploads/2023/03/406-406-1.png"",""https://vongbicongnghiep.vn/wp-content/uploads/2023/03/406-406.png"",""https://vongbicongnghiep.vn/wp-content/uploads/2023/03/406-406-2.png""]","","Dùng để nối ống với ống, D 6mm Vật liệu: Thép mạ kẽm Thích hợp cho đường kính ống 6 mm (d) đến 6 mm (d1) L sê-ri Dùng cho đai ốc và vòng cắt","[]","136000","out_of_stock","vongbicongnghiep.vn-wc-store-api-category-search-skf","2026-04-29T13:49:29.481Z"
"41609","SKF","LL/406-426-VS-SKF","LL/406-426-VS-SKF","LL406426VSSKF","Đầu nối nhanh SKF 406-426-VS","HỆ THỐNG BÔI TRƠN","HỆ THỐNG BÔI TRƠN | Phụ kiện bơm mỡ SKF","93","he-thong-boi-tron","https://vongbicongnghiep.vn/san-pham/dau-noi-nhanh-skf-406-426-vs/","https://vongbicongnghiep.vn/wp-content/uploads/2023/03/406-426-VS.png","[""https://vongbicongnghiep.vn/wp-content/uploads/2023/03/406-426-VS.png"",""https://vongbicongnghiep.vn/wp-content/uploads/2023/03/406-426-VS-1.png""]","","Đẩy vào để kết nối Vật liệu: Đồng thau/Thép mạ kẽm Áp suất tối đa: 300 bar Thích hợp cho đường kính ống 6 mm","[]","315000","out_of_stock","vongbicongnghiep.vn-wc-store-api-category-search-skf","2026-04-29T13:49:29.481Z"
"41606","SKF","LL/455-565-068-VS-SKF","LL/455-565-068-VS-SKF","LL455565068VSSKF","Đầu nối góc SKF 455-565-068-VS","HỆ THỐNG BÔI TRƠN","HỆ THỐNG BÔI TRƠN | Phụ kiện bơm mỡ SKF","93","he-thong-boi-tron","https://vongbicongnghiep.vn/san-pham/khop-noi-skf-455-565-068-vs/","https://vongbicongnghiep.vn/wp-content/uploads/2023/03/455-546-068-VS-1.png","[""https://vongbicongnghiep.vn/wp-content/uploads/2023/03/455-546-068-VS-1.png"",""https://vongbicongnghiep.vn/wp-content/uploads/2023/03/455-565-068-VS.png""]","","Loại vuông, đẩy để kết nối, ống 6mm, R1/4","[]","317000","out_of_stock","vongbicongnghiep.vn-wc-store-api-category-search-skf","2026-04-29T13:49:29.481Z"
"41604","SKF","LL/455-546-068-VS-SKF","LL/455-546-068-VS-SKF","LL455546068VSSKF","Đầu nối góc SKF 455-546-068-VS","HỆ THỐNG BÔI TRƠN","HỆ THỐNG BÔI TRƠN | Phụ kiện bơm mỡ SKF","93","he-thong-boi-tron","https://vongbicongnghiep.vn/san-pham/khop-noi-skf-455-546-068-vs/","https://vongbicongnghiep.vn/wp-content/uploads/2023/03/455-546-068-VS.png","[""https://vongbicongnghiep.vn/wp-content/uploads/2023/03/455-546-068-VS.png""]","","Loại vuông, đẩy để kết nối, ống 6mm, M6x1mm","[]","323000","out_of_stock","vongbicongnghiep.vn-wc-store-api-category-search-skf","2026-04-29T13:49:29.481Z"
"41602","SKF","LL/455-529-068-VS-SKF","LL/455-529-068-VS-SKF","LL455529068VSSKF","Đầu nối góc SKF 455-529-068-VS","HỆ THỐNG BÔI TRƠN","HỆ THỐNG BÔI TRƠN | Phụ kiện bơm mỡ SKF","93","he-thong-boi-tron","https://vongbicongnghiep.vn/san-pham/khop-noi-skf-455-529-068-vs/","https://vongbicongnghiep.vn/wp-content/uploads/2023/03/455-529-068-VS.png","[""https://vongbicongnghiep.vn/wp-content/uploads/2023/03/455-529-068-VS.png""]","","Loại vuông, đẩy để kết nối, ống 6mm, M8x1mm","[]","266000","out_of_stock","vongbicongnghiep.vn-wc-store-api-category-search-skf","2026-04-29T13:49:29.481Z"
"41598","SKF","LL/451-006-498-VS-SKF","LL/451-006-498-VS-SKF","LL451006498VSSKF","Đầu nối nhanh SKF 451-006-498-VS","HỆ THỐNG BÔI TRƠN","HỆ THỐNG BÔI TRƠN | Phụ kiện bơm mỡ SKF","93","he-thong-boi-tron","https://vongbicongnghiep.vn/san-pham/khop-noi-nhanh-skf-451-006-498-vs/","https://vongbicongnghiep.vn/wp-content/uploads/2023/03/451-006-498-VS.png","[""https://vongbicongnghiep.vn/wp-content/uploads/2023/03/451-006-498-VS.png""]","","Loại thẳng, đẩy để kết nối, ống 6 mm, M8x1mm","[]","158000","out_of_stock","vongbicongnghiep.vn-wc-store-api-category-search-skf","2026-04-29T13:49:29.481Z"
"41596","SKF","LL/451-006-468-VS-SKF","LL/451-006-468-VS-SKF","LL451006468VSSKF","Đầu nối nhanh SKF 451-006-468-VS","HỆ THỐNG BÔI TRƠN","HỆ THỐNG BÔI TRƠN | Phụ kiện bơm mỡ SKF","93","he-thong-boi-tron","https://vongbicongnghiep.vn/san-pham/khop-noi-nhanh-skf-451-006-468-vs/","https://vongbicongnghiep.vn/wp-content/uploads/2023/03/451-006-468-VS-1.png","[""https://vongbicongnghiep.vn/wp-content/uploads/2023/03/451-006-468-VS-1.png""]","","Loại thẳng, đẩy để kết nối, ống 6mm, M6","[]","158000","out_of_stock","vongbicongnghiep.vn-wc-store-api-category-search-skf","2026-04-29T13:49:29.481Z"
"41594","SKF","LL/406-435-SKF","LL/406-435-SKF","LL406435SKF","Đầu nối góc SKF 406-435","HỆ THỐNG BÔI TRƠN","HỆ THỐNG BÔI TRƠN | Phụ kiện bơm mỡ SKF","93","he-thong-boi-tron","https://vongbicongnghiep.vn/san-pham/khop-noi-skf-406-435/","https://vongbicongnghiep.vn/wp-content/uploads/2023/03/406-435.png","[""https://vongbicongnghiep.vn/wp-content/uploads/2023/03/406-435.png""]","","Loại vuông, vặn để kết nối, ống 6mm, M8x1","[]","123000","out_of_stock","vongbicongnghiep.vn-wc-store-api-category-search-skf","2026-04-29T13:49:29.481Z"
"41592","SKF","LL/406-445-SKF","LL/406-445-SKF","LL406445SKF","Đầu nối góc SKF 406-445","HỆ THỐNG BÔI TRƠN","HỆ THỐNG BÔI TRƠN | Phụ kiện bơm mỡ SKF","93","he-thong-boi-tron","https://vongbicongnghiep.vn/san-pham/khop-noi-skf-406-445/","https://vongbicongnghiep.vn/wp-content/uploads/2023/03/406-445.png","[""https://vongbicongnghiep.vn/wp-content/uploads/2023/03/406-445.png""]","","Loại vuông góc, ống 6mm, M6","[]","113000","out_of_stock","vongbicongnghiep.vn-wc-store-api-category-search-skf","2026-04-29T13:49:29.481Z"
"41590","SKF","LL/406-425-SKF","LL/406-425-SKF","LL406425SKF","Đầu nối góc SKF 406-425","HỆ THỐNG BÔI TRƠN","HỆ THỐNG BÔI TRƠN | Phụ kiện bơm mỡ SKF","93","he-thong-boi-tron","https://vongbicongnghiep.vn/san-pham/khop-noi-skf-406-425/","https://vongbicongnghiep.vn/wp-content/uploads/2023/03/406-425.png","[""https://vongbicongnghiep.vn/wp-content/uploads/2023/03/406-425.png""]","","Loại vuông góc, ống 6mm, M10x1mm","[]","110000","out_of_stock","vongbicongnghiep.vn-wc-store-api-category-search-skf","2026-04-29T13:49:29.481Z"
"41589","SKF","LL/406-403W-SKF","LL/406-403W-SKF","LL406403WSKF","Đầu nối SKF 406-403W","HỆ THỐNG BÔI TRƠN","HỆ THỐNG BÔI TRƠN | Phụ kiện bơm mỡ SKF","93","he-thong-boi-tron","https://vongbicongnghiep.vn/san-pham/khop-noi-skf-406-403w/","https://vongbicongnghiep.vn/wp-content/uploads/2023/03/406-403-1.png","[""https://vongbicongnghiep.vn/wp-content/uploads/2023/03/406-403-1.png""]","","Loại thẳng, vặn để kết nối, ống 6mm, G1/8","[]","165000","out_of_stock","vongbicongnghiep.vn-wc-store-api-category-search-skf","2026-04-29T13:49:29.481Z"
"41588","SKF","LL/96-0204-0058-SKF","LL/96-0204-0058-SKF","LL9602040058SKF","Đầu nối SKF 96-0204-0058","HỆ THỐNG BÔI TRƠN","HỆ THỐNG BÔI TRƠN | Phụ kiện bơm mỡ SKF","93","he-thong-boi-tron","https://vongbicongnghiep.vn/san-pham/khop-noi-skf-96-0204-0058/","https://vongbicongnghiep.vn/wp-content/uploads/2023/03/406-433.png","[""https://vongbicongnghiep.vn/wp-content/uploads/2023/03/406-433.png""]","","Loại thẳng, vặn để kết nối, ống 6mm, G1/4","[]","88000","out_of_stock","vongbicongnghiep.vn-wc-store-api-category-search-skf","2026-04-29T13:49:29.481Z"
"41586","SKF","LL/406-443-SKF","LL/406-443-SKF","LL406443SKF","Đầu nối SKF 406-443","HỆ THỐNG BÔI TRƠN","HỆ THỐNG BÔI TRƠN | Phụ kiện bơm mỡ SKF","93","he-thong-boi-tron","https://vongbicongnghiep.vn/san-pham/khop-noi-skf-406-443/","https://vongbicongnghiep.vn/wp-content/uploads/2023/03/406-433.png","[""https://vongbicongnghiep.vn/wp-content/uploads/2023/03/406-433.png""]","","Loại thẳng, vặn để kết nối Ống 6mm, M6 Ống 6mm, M8x1mm","[]","58000","out_of_stock","vongbicongnghiep.vn-wc-store-api-category-search-skf","2026-04-29T13:49:29.481Z"
"41585","SKF","LL/113-35075-3-SKF","LL/113-35075-3-SKF","LL113350753SKF","Vòng xoắn nhựa SKF 113-35075-3","HỆ THỐNG BÔI TRƠN","HỆ THỐNG BÔI TRƠN | Phụ kiện bơm mỡ SKF","93","he-thong-boi-tron","https://vongbicongnghiep.vn/san-pham/vong-xoan-nhua-skf-113-35075-3/","https://vongbicongnghiep.vn/wp-content/uploads/2023/03/113-35075-2-1.png","[""https://vongbicongnghiep.vn/wp-content/uploads/2023/03/113-35075-2-1.png""]","","Vòng xoắn nhựa 12 mm","[]","76000","out_of_stock","vongbicongnghiep.vn-wc-store-api-category-search-skf","2026-04-29T13:49:29.481Z"
"41583","SKF","LL/113-35075-2-SKF","LL/113-35075-2-SKF","LL113350752SKF","Ống xoắn nhựa SKF 113-35075-2","HỆ THỐNG BÔI TRƠN","HỆ THỐNG BÔI TRƠN | Phụ kiện bơm mỡ SKF","93","he-thong-boi-tron","https://vongbicongnghiep.vn/san-pham/vong-xoan-nhua-skf-113-35075-2/","https://vongbicongnghiep.vn/wp-content/uploads/2023/03/113-35075-2.png","[""https://vongbicongnghiep.vn/wp-content/uploads/2023/03/113-35075-2.png""]","","Làm từ nhựa, d = 6mm","[]","58000","out_of_stock","vongbicongnghiep.vn-wc-store-api-category-search-skf","2026-04-29T13:49:29.481Z"
"41580","SKF","LL/982-760-061-SKF","LL/982-760-061-SKF","LL982760061SKF","Vòng xoắn bảo vệ SKF 982-760-061","HỆ THỐNG BÔI TRƠN","HỆ THỐNG BÔI TRƠN | Phụ kiện bơm mỡ SKF","93","he-thong-boi-tron","https://vongbicongnghiep.vn/san-pham/vong-xoan-bao-ve-skf-982-760-061/","https://vongbicongnghiep.vn/wp-content/uploads/2023/03/982-760-001.png","[""https://vongbicongnghiep.vn/wp-content/uploads/2023/03/982-760-001.png""]","","Dùng bảo vệ dây","[]","93000","out_of_stock","vongbicongnghiep.vn-wc-store-api-category-search-skf","2026-04-29T13:49:29.481Z"
"41576","SKF","LL/SL-32HV-SKF","LL/SL-32HV-SKF","LLSL32HVSKF","Thiết bị chia mỡ SKF SL-32HV","HỆ THỐNG BÔI TRƠN","HỆ THỐNG BÔI TRƠN | Bộ chia mỡ Lincoln | Phụ kiện bơm mỡ SKF","93","he-thong-boi-tron","https://vongbicongnghiep.vn/san-pham/thiet-bi-chia-mo-skf-sl-32hv/","https://vongbicongnghiep.vn/wp-content/uploads/2023/03/SL-32HV.png","[""https://vongbicongnghiep.vn/wp-content/uploads/2023/03/SL-32HV.png""]","","Sử dụng trong các hệ thống bôi trơn một điểm, thiết bị đo lường SL-32HV dành cho các hệ thống bôi trơn tập trung áp suất cao, một điểm phân phối dựa trên dầu mỏ, chất bôi trơn có độ nhớt lên đến NLGI 2. Đầu ra được điều chỉnh bên ngoài, các chỉ số gốc cho phép kiểm tra hoạt động của thiết bị đo đếm. Thiết bị đo lường riêng lẻ có thể tháo ra dễ dàng để kiểm tra hoặc thay thế. Các tính năng và lợi ích: Vận chuyển đa tạp từ 1 đến 10 cổng để phù hợp với số điểm bôi trơn • Đầu ra có thể điều chỉnh bên ngoài • Thân đèn báo cho phép kiểm tra trực quan hoạt động • Có thể tháo lắp dễ dàng để kiểm tra hoặc thay thế • Có sẵn bằng thép không gỉ SAE 304 Ứng dụng trong: • Tự động hóa trong công nghiệp • Đồ ăn và đồ uống • Thiết bị viễn thông • Bột giấy và giấy • Công nghiệp nặng • Công cụ máy móc, ngành thép • Thi công • Năng lượng gió • Dầu khí • Lâm nghiệp • Hàng hải","[]","0","out_of_stock","vongbicongnghiep.vn-wc-store-api-category-search-skf","2026-04-29T13:49:29.481Z"
"41572","SKF","SL-32H-SKF","SL-32H-SKF","SL32HSKF","Thiết bị chia mỡ SKF SL-32","HỆ THỐNG BÔI TRƠN","HỆ THỐNG BÔI TRƠN | Phụ kiện bơm mỡ SKF","93","he-thong-boi-tron","https://vongbicongnghiep.vn/san-pham/thiet-bi-chia-mo-skf-sl-32/","https://vongbicongnghiep.vn/wp-content/uploads/2023/03/SL-32.png","[""https://vongbicongnghiep.vn/wp-content/uploads/2023/03/SL-32.png"",""https://vongbicongnghiep.vn/wp-content/uploads/2023/03/SL-32-1.png"",""https://vongbicongnghiep.vn/wp-content/uploads/2023/03/SL-32-2.png""]","","Sử dụng trong các hệ thống bôi trơn một điểm, Sê-ri thiết bị đo lường SL-32 dành cho các hệ thống bôi trơn tập trung áp suất cao, phân phối một điểm dựa trên dầu mỏ, chất bôi trơn có độ nhớt lên đến NLGI 2. Đầu ra được điều chỉnh bên ngoài, các chỉ số gốc cho phép kiểm tra hoạt động của thiết bị đo đếm. Thiết bị đo lường riêng lẻ có thể tháo ra dễ dàng để kiểm tra hoặc thay thế. Các tính năng và lợi ích: Vận chuyển đa tạp từ 1 đến 4 cổng để phù hợp với số điểm bôi trơn • Đầu ra có thể điều chỉnh bên ngoài • Thân đèn báo cho phép kiểm tra trực quan hoạt động • Có thể tháo lắp dễ dàng để kiểm tra hoặc thay thế • Có sẵn bằng thép không gỉ SAE 304 Ứng dụng trong: • Tự động hóa trong công nghiệp • Đồ ăn và đồ uống • Thiết bị viễn thông • Bột giấy và giấy • Công nghiệp nặng • Công cụ máy móc • Thi công • Năng lượng gió • Dầu khí • Lâm nghiệp • Hàng hải","[]","0","out_of_stock","vongbicongnghiep.vn-wc-store-api-category-search-skf","2026-04-29T13:49:29.481Z"
"41567","SKF","LL/VP.175-SKF","LL/VP.175-SKF","LLVP175SKF","Trục vít kết nối SKF VP.175","HỆ THỐNG BÔI TRƠN","HỆ THỐNG BÔI TRƠN | Phụ kiện bơm mỡ SKF","93","he-thong-boi-tron","https://vongbicongnghiep.vn/san-pham/truc-vit-ket-noi-skf-vp-175/","https://vongbicongnghiep.vn/wp-content/uploads/2023/03/Screenshot-2023-03-21-111824.png","[""https://vongbicongnghiep.vn/wp-content/uploads/2023/03/Screenshot-2023-03-21-111824.png"",""https://vongbicongnghiep.vn/wp-content/uploads/2023/03/Screenshot-2023-03-21-111824.png"",""https://vongbicongnghiep.vn/wp-content/uploads/2023/03/Screenshot-2023-03-21-083545.png"",""https://vongbicongnghiep.vn/wp-content/uploads/2023/03/Screenshot-2023-03-21-111314.png""]","","","[]","159000","out_of_stock","vongbicongnghiep.vn-wc-store-api-category-search-skf","2026-04-29T13:49:29.481Z"
"41562","SKF","LL/VPM-K-1T-PS-SKF","LL/VPM-K-1T-PS-SKF","LLVPMK1TPSSKF","Bộ chia mỡ SKF VPM-K-1T-PS","HỆ THỐNG BÔI TRƠN","HỆ THỐNG BÔI TRƠN | Bộ chia mỡ Lincoln | Phụ kiện bơm mỡ SKF","93","he-thong-boi-tron","https://vongbicongnghiep.vn/san-pham/bo-chia-mo-skf-vpm-k-1t-ps/","https://vongbicongnghiep.vn/wp-content/uploads/2023/03/Screenshot-2023-03-21-094222.png","[""https://vongbicongnghiep.vn/wp-content/uploads/2023/03/Screenshot-2023-03-21-094222.png"",""https://vongbicongnghiep.vn/wp-content/uploads/2023/03/Screenshot-2023-03-21-094613.png"",""https://vongbicongnghiep.vn/wp-content/uploads/2023/03/Screenshot-2023-03-21-094600.png"",""https://vongbicongnghiep.vn/wp-content/uploads/2023/03/Screenshot-2023-03-21-094646.png""]","","Các mã của bộ chia mỡ VPM-K-…T-PS Verteilerscheibe 1T VPM-K-1T-PS Verteilerscheibe 2T VPM-K-2T-PS Verteilerscheibe 3T VPM-K-3T-PS Verteilerscheibe 4T VPM-K-4T-PS Verteilerscheibe 5T VPM-K-5T-PS Verteilerscheibe 6T VPM-K-6T-PS Verteilerscheibe 1S VPM-K-1S-PS","[]","1926000","out_of_stock","vongbicongnghiep.vn-wc-store-api-category-search-skf","2026-04-29T13:49:29.481Z"
"41555","SKF","LL/VPM-K-1S-PS-SKF","LL/VPM-K-1S-PS-SKF","LLVPMK1SPSSKF","Bộ chia mỡ SKF VPM-K-1S-PS","HỆ THỐNG BÔI TRƠN","HỆ THỐNG BÔI TRƠN | Bộ chia mỡ Lincoln | Phụ kiện bơm mỡ SKF","93","he-thong-boi-tron","https://vongbicongnghiep.vn/san-pham/bo-chia-mo-skf-vpm-k-1s-ps/","https://vongbicongnghiep.vn/wp-content/uploads/2023/03/Screenshot-2023-03-21-094222.png","[""https://vongbicongnghiep.vn/wp-content/uploads/2023/03/Screenshot-2023-03-21-094222.png"",""https://vongbicongnghiep.vn/wp-content/uploads/2023/03/Screenshot-2023-03-21-094600.png"",""https://vongbicongnghiep.vn/wp-content/uploads/2023/03/Screenshot-2023-03-21-094613.png"",""https://vongbicongnghiep.vn/wp-content/uploads/2023/03/Screenshot-2023-03-21-094646.png""]","","Các mã của bộ chia mỡ SKF VPM-K-…S-PS Feeder section 1S VPM-K-1S-PS Feeder section 2S VPM-K-2S-PS Feeder section 3S VPM-K-3S-PS Feeder section 4S VPM-K-4S-PS Feeder section 5S VPM-K-5S-PS Feeder section 6S VPM-K-6S-PS","[]","1946000","out_of_stock","vongbicongnghiep.vn-wc-store-api-category-search-skf","2026-04-29T13:49:29.481Z"
"41550","SKF","LL/VP2.07-SKF","LL/VP2.07-SKF","LLVP207SKF","Tấm đệm cho bộ cho bộ chia mỡ SKF VP2.07","HỆ THỐNG BÔI TRƠN","HỆ THỐNG BÔI TRƠN | Phụ kiện bơm mỡ SKF","93","he-thong-boi-tron","https://vongbicongnghiep.vn/san-pham/tam-dem-cho-bo-cho-bo-chia-mo-skf-vp2-07/","https://vongbicongnghiep.vn/wp-content/uploads/2023/03/Screenshot-2023-03-21-093025.png","[""https://vongbicongnghiep.vn/wp-content/uploads/2023/03/Screenshot-2023-03-21-093025.png"",""https://vongbicongnghiep.vn/wp-content/uploads/2023/03/Screenshot-2023-03-21-093013.png""]","","Dùng cho bộ chia mỡ VP","[]","325000","out_of_stock","vongbicongnghiep.vn-wc-store-api-category-search-skf","2026-04-29T13:49:29.481Z"
"41548","SKF","LL/410-403-SKF","LL/410-403-SKF","LL410403SKF","Đầu nối SKF 410-403","HỆ THỐNG BÔI TRƠN","HỆ THỐNG BÔI TRƠN | Phụ kiện bơm mỡ SKF","93","he-thong-boi-tron","https://vongbicongnghiep.vn/san-pham/dau-noi-skf-410-403/","https://vongbicongnghiep.vn/wp-content/uploads/2023/03/Screenshot-2023-03-20-144823.png","[""https://vongbicongnghiep.vn/wp-content/uploads/2023/03/Screenshot-2023-03-20-144823.png"",""https://vongbicongnghiep.vn/wp-content/uploads/2023/03/Screenshot-2023-03-21-091906.png""]","","Thông số kĩ thuật Ống 10mm/M14x1,5mm","[]","430000","out_of_stock","vongbicongnghiep.vn-wc-store-api-category-search-skf","2026-04-29T13:49:29.481Z"
"41546","SKF","LL/406-413-SKF","LL/406-413-SKF","LL406413SKF","Đầu nối SKF 406-413","HỆ THỐNG BÔI TRƠN","HỆ THỐNG BÔI TRƠN | Phụ kiện bơm mỡ SKF","93","he-thong-boi-tron","https://vongbicongnghiep.vn/san-pham/dau-noi-skf-406-413/","https://vongbicongnghiep.vn/wp-content/uploads/2023/03/Screenshot-2023-03-20-144823.png","[""https://vongbicongnghiep.vn/wp-content/uploads/2023/03/Screenshot-2023-03-20-144823.png"",""https://vongbicongnghiep.vn/wp-content/uploads/2023/03/Screenshot-2023-03-21-091906.png""]","","Thông số kĩ thuật Ống 6mm/M14x1,5mm","[]","355000","out_of_stock","vongbicongnghiep.vn-wc-store-api-category-search-skf","2026-04-29T13:49:29.482Z"
"41540","SKF","LL/VPBM-C4-VS-SKF","LL/VPBM-C4-VS-SKF","LLVPBMC4VSSKF","Đầu kết nối SKF VPBM-C4-VS","HỆ THỐNG BÔI TRƠN","HỆ THỐNG BÔI TRƠN | Phụ kiện bơm mỡ SKF","93","he-thong-boi-tron","https://vongbicongnghiep.vn/san-pham/dau-ket-noi-skf-vpbm-c4-vs/","https://vongbicongnghiep.vn/wp-content/uploads/2023/03/Screenshot-2023-03-21-085152.png","[""https://vongbicongnghiep.vn/wp-content/uploads/2023/03/Screenshot-2023-03-21-085152.png"",""https://vongbicongnghiep.vn/wp-content/uploads/2023/03/Screenshot-2023-03-20-150324-1.png""]","","","[]","9641000","out_of_stock","vongbicongnghiep.vn-wc-store-api-category-search-skf","2026-04-29T13:49:29.482Z"
"41536","SKF","LL/VPM-E-SKF","LL/VPM-E-SKF","LLVPMESKF","Tấm đầu vào SKF VPM-E","HỆ THỐNG BÔI TRƠN","HỆ THỐNG BÔI TRƠN | Phụ kiện bơm mỡ SKF","93","he-thong-boi-tron","https://vongbicongnghiep.vn/san-pham/tam-dau-vao-vpm-e/","https://vongbicongnghiep.vn/wp-content/uploads/2023/03/VPM-E.png","[""https://vongbicongnghiep.vn/wp-content/uploads/2023/03/VPM-E.png""]","","Ren M10x1mm Phù hợp với bộ phân phối VPM","[]","619000","out_of_stock","vongbicongnghiep.vn-wc-store-api-category-search-skf","2026-04-29T13:49:29.482Z"
"41535","SKF","LL/179-990-371-SKF","LL/179-990-371-SKF","LL179990371SKF","Đầu nối dây tín hiệu SKF 179-990-371","HỆ THỐNG BÔI TRƠN","HỆ THỐNG BÔI TRƠN | Phụ kiện bơm mỡ SKF","93","he-thong-boi-tron","https://vongbicongnghiep.vn/san-pham/dau-noi-day-tin-hieu-skf-179-990-371/","https://vongbicongnghiep.vn/wp-content/uploads/2023/03/Screenshot-2023-03-21-084400.png","[""https://vongbicongnghiep.vn/wp-content/uploads/2023/03/Screenshot-2023-03-21-084400.png"",""https://vongbicongnghiep.vn/wp-content/uploads/2023/03/Screenshot-2023-03-21-084335.png"",""https://vongbicongnghiep.vn/wp-content/uploads/2023/03/Screenshot-2023-03-21-084400.png""]","","Thông số kĩ thuật Thiết kế: thẳng Vật liệu vỏ: PBT-GF – đen Điện áp: 250 Vôn AC/DC Dòng định mức : 4 Ampe Tiết diện dây dẫn: 0,75 mm² Đường kính ống: 4–6 mm cực: 4 cực Nhiệt độ: -40 đến +85°C Chủ đề: M12x1 Loại thiết bị đầu cuối: Vít Đường kết nối: – Nhận dạng cốt lõi: – Sự chấp thuận: – Lớp bảo vệ: IP67 với vòng chữ O","[]","0","out_of_stock","vongbicongnghiep.vn-wc-store-api-category-search-skf","2026-04-29T13:49:29.482Z"
"41525","SKF","LL/DIN985-M6-8-SKF","LL/DIN985-M6-8-SKF","LLDIN985M68SKF","Đai ốc SKF DIN985-M6-8","HỆ THỐNG BÔI TRƠN","HỆ THỐNG BÔI TRƠN | Phụ kiện bơm mỡ SKF","93","he-thong-boi-tron","https://vongbicongnghiep.vn/san-pham/dai-oc-din985-m6-8/","https://vongbicongnghiep.vn/wp-content/uploads/2023/03/DIN985-M6-8.png","[""https://vongbicongnghiep.vn/wp-content/uploads/2023/03/DIN985-M6-8.png"",""https://vongbicongnghiep.vn/wp-content/uploads/2023/03/DIN985-M6-8-1.png"",""https://vongbicongnghiep.vn/wp-content/uploads/2023/03/DIN985-M6-8-2.png""]","","– Đai ốc khóa có vòng nhựa hãm hay còn gọi là tán keo, tán khóa theo thiêu chuẩn DIN 985/DIN EN ISO 10511 – Vật liệu: Mạ kẽm Chrome – Cấp bền: 8.8","[]","0","out_of_stock","vongbicongnghiep.vn-wc-store-api-category-search-skf","2026-04-29T13:49:29.482Z"
"41526","SKF","LL/179-990-600-SKF","LL/179-990-600-SKF","LL179990600SKF","Dây tín hiệu SKF 179-990-600","Phụ kiện bơm mỡ SKF","Phụ kiện bơm mỡ SKF | HỆ THỐNG BÔI TRƠN","93","he-thong-boi-tron","https://vongbicongnghiep.vn/san-pham/day-tin-hieu-skf-179-990-600/","https://vongbicongnghiep.vn/wp-content/uploads/2023/03/Screenshot-2023-03-21-082944.png","[""https://vongbicongnghiep.vn/wp-content/uploads/2023/03/Screenshot-2023-03-21-082944.png"",""https://vongbicongnghiep.vn/wp-content/uploads/2023/03/Screenshot-2023-03-21-082905.png"",""https://vongbicongnghiep.vn/wp-content/uploads/2023/03/Screenshot-2023-03-21-082954.png"",""https://vongbicongnghiep.vn/wp-content/uploads/2023/03/Screenshot-2023-03-21-083545.png""]","","Thông số kĩ thuật Thiết kế: thẳng Điện áp định mức: 250 Vol AC / 300 vol DC Dòng định mức: 4 A tối đa. Tiết diện dây dẫn: – Đường kính ống: 5 mm cực: 4 cực Nhiệt độ: -25 đến +90°C M12x1 Dây kết nối – Chiều dài: 5 Mét (4 x 0,34 mm²) Nhận dạng lõi: Xem sơ đồ nối dây Phê duyệt: UL/CSA (Mỹ/Canada) Lớp bảo vệ: IP68 Với Vòng chữ O (FPM)","[]","1061000","out_of_stock","vongbicongnghiep.vn-wc-store-api-category-search-skf","2026-04-29T13:49:29.482Z"
"41522","SKF","","Thi","THI","Thiết Bị Cảm Biến Cho Bộ Chia Piston Lincoln SKF 24-0159-6028","Bộ chia mỡ Lincoln","Bộ chia mỡ Lincoln | HỆ THỐNG BÔI TRƠN","93","he-thong-boi-tron","https://vongbicongnghiep.vn/san-pham/thiet-bi-cam-bien-cho-bo-chia-piston-lincoln-skf-24-0159-6028/","https://vongbicongnghiep.vn/wp-content/uploads/2023/03/Screenshot-2023-03-20-164615.png","[""https://vongbicongnghiep.vn/wp-content/uploads/2023/03/Screenshot-2023-03-20-164615.png"",""https://vongbicongnghiep.vn/wp-content/uploads/2023/03/Screenshot-2023-03-20-164615.png"",""https://vongbicongnghiep.vn/wp-content/uploads/2023/03/Screenshot-2023-03-20-162645.png"",""https://vongbicongnghiep.vn/wp-content/uploads/2023/03/Screenshot-2023-03-20-164254.png"",""https://vongbicongnghiep.vn/wp-content/uploads/2023/03/Screenshot-2023-03-20-164305.png""]","","","[]","1155000","in_stock","vongbicongnghiep.vn-wc-store-api-category-search-skf","2026-04-29T13:49:29.482Z"
"41513","SKF","LL/VPKM-RV-VS-SKF","LL/VPKM-RV-VS-SKF","LLVPKMRVVSSKF","Van một chiều SKF VPKM-RV-VS","HỆ THỐNG BÔI TRƠN","HỆ THỐNG BÔI TRƠN | Phụ kiện bơm mỡ SKF","93","he-thong-boi-tron","https://vongbicongnghiep.vn/san-pham/van-mot-chieu-dang-day-vpkm-rv-vs-m10x1mm-ong-6x1mm/","https://vongbicongnghiep.vn/wp-content/uploads/2023/03/VPKM-RV-VS.png","[""https://vongbicongnghiep.vn/wp-content/uploads/2023/03/VPKM-RV-VS.png"",""https://vongbicongnghiep.vn/wp-content/uploads/2023/03/VPKM-RV-VS-1.png""]","","Chỉ định: Đẩy vào để lắp Vật liệu: Đồng thau/Thép mạ kẽm Áp suất tối đa: 300 bar M10x1mm, ống 6x1mm","[]","173000","out_of_stock","vongbicongnghiep.vn-wc-store-api-category-search-skf","2026-04-29T13:49:29.482Z"
"41510","SKF","LL/VPKM-RV-S4-SKF","LL/VPKM-RV-S4-SKF","LLVPKMRVS4SKF","Van một chiều SKF VPKM-RV-S4","HỆ THỐNG BÔI TRƠN","HỆ THỐNG BÔI TRƠN | Phụ kiện bơm mỡ SKF","93","he-thong-boi-tron","https://vongbicongnghiep.vn/san-pham/van-mot-chieu-vpkm-rv-s4-loai-ermeto-m10x1mm-ong-6x1mm/","https://vongbicongnghiep.vn/wp-content/uploads/2023/03/VPKM-RV-S4.png","[""https://vongbicongnghiep.vn/wp-content/uploads/2023/03/VPKM-RV-S4.png"",""https://vongbicongnghiep.vn/wp-content/uploads/2023/03/VPKM-RV-S4-1.png""]","","Vặn để kết nối Đầu nối với van một chiều cho bộ chia VPKM Model: Đầu nối kiểu vít GE Chất liệu: Mạ kẽm Đường kính D: Ø6 mm Kích thước ren d1: M10x1.0 Kích thước lục giác sw1: 11 mm Kích thước lục giác sw2: 12 mm","[]","134000","out_of_stock","vongbicongnghiep.vn-wc-store-api-category-search-skf","2026-04-29T13:49:29.482Z"
"41507","SKF","LL/466-431-001-SKF","LL/466-431-001-SKF","LL466431001SKF","Nút có ren 466-431-001","HỆ THỐNG BÔI TRƠN","HỆ THỐNG BÔI TRƠN | Phụ kiện bơm mỡ SKF","93","he-thong-boi-tron","https://vongbicongnghiep.vn/san-pham/nut-co-ren-cho-dau-ra-khong-su-dung-466-431-001/","https://vongbicongnghiep.vn/wp-content/uploads/2023/03/466-431-001.png","[""https://vongbicongnghiep.vn/wp-content/uploads/2023/03/466-431-001.png"",""https://vongbicongnghiep.vn/wp-content/uploads/2023/03/466-431-001-1.png""]","","Dùng cho đầu ra không sử dụng tới Nút có ren 466-431-001 VÍT KHÓA SKF 466-431-001 M10 x 1","[]","52000","out_of_stock","vongbicongnghiep.vn-wc-store-api-category-search-skf","2026-04-29T13:49:29.482Z"
"41506","SKF","LL/VPKM.100-SKF","LL/VPKM.100-SKF","LLVPKM100SKF","Vít SKF VPKM.100","HỆ THỐNG BÔI TRƠN","HỆ THỐNG BÔI TRƠN | Phụ kiện bơm mỡ SKF","93","he-thong-boi-tron","https://vongbicongnghiep.vn/san-pham/vit-vpkm-100/","https://vongbicongnghiep.vn/wp-content/uploads/2023/03/VPKM.93.png","[""https://vongbicongnghiep.vn/wp-content/uploads/2023/03/VPKM.93.png""]","","Thanh giằng cho 10 phần thiết bị đo lũy tiến, chiều dài 194+0,5mm","[]","106000","out_of_stock","vongbicongnghiep.vn-wc-store-api-category-search-skf","2026-04-29T13:49:29.482Z"
"41505","SKF","LL/VPKM.99-SKF","LL/VPKM.99-SKF","LLVPKM99SKF","Vít SKF VPKM.99","HỆ THỐNG BÔI TRƠN","HỆ THỐNG BÔI TRƠN | Phụ kiện bơm mỡ SKF","93","he-thong-boi-tron","https://vongbicongnghiep.vn/san-pham/vit-vpkm-99/","https://vongbicongnghiep.vn/wp-content/uploads/2023/03/VPKM.93.png","[""https://vongbicongnghiep.vn/wp-content/uploads/2023/03/VPKM.93.png""]","","Thanh giằng cho 9 phần thiết bị đo lũy tiến, chiều dài 178+0,5mm","[]","95000","out_of_stock","vongbicongnghiep.vn-wc-store-api-category-search-skf","2026-04-29T13:49:29.482Z"
"41504","SKF","LL/VPKM.98-SKF","LL/VPKM.98-SKF","LLVPKM98SKF","Vít SKF VPKM.98","HỆ THỐNG BÔI TRƠN","HỆ THỐNG BÔI TRƠN | Phụ kiện bơm mỡ SKF","93","he-thong-boi-tron","https://vongbicongnghiep.vn/san-pham/vit-vpkm-98/","https://vongbicongnghiep.vn/wp-content/uploads/2023/03/VPKM.93.png","[""https://vongbicongnghiep.vn/wp-content/uploads/2023/03/VPKM.93.png""]","","Thanh giằng cho 8 phần thiết bị đo lũy tiến, chiều dài 162+0,5mm","[]","145000","out_of_stock","vongbicongnghiep.vn-wc-store-api-category-search-skf","2026-04-29T13:49:29.482Z"
"41502","SKF","LL/VPKM.97-SKF","LL/VPKM.97-SKF","LLVPKM97SKF","Vít SKF VPKM.97","HỆ THỐNG BÔI TRƠN","HỆ THỐNG BÔI TRƠN | Phụ kiện bơm mỡ SKF","93","he-thong-boi-tron","https://vongbicongnghiep.vn/san-pham/vit-vpkm-97/","https://vongbicongnghiep.vn/wp-content/uploads/2023/03/VPKM.93.png","[""https://vongbicongnghiep.vn/wp-content/uploads/2023/03/VPKM.93.png""]","","Thanh giằng cho 7 phần thiết bị đo lũy tiến, chiều dài 144+0,5mm","[]","143000","out_of_stock","vongbicongnghiep.vn-wc-store-api-category-search-skf","2026-04-29T13:49:29.482Z"
"41500","SKF","LL/VPKM.96-SKF","LL/VPKM.96-SKF","LLVPKM96SKF","Vít SKF VPKM.96","HỆ THỐNG BÔI TRƠN","HỆ THỐNG BÔI TRƠN | Phụ kiện bơm mỡ SKF","93","he-thong-boi-tron","https://vongbicongnghiep.vn/san-pham/vit-vpkm-96/","https://vongbicongnghiep.vn/wp-content/uploads/2023/03/VPKM.93.png","[""https://vongbicongnghiep.vn/wp-content/uploads/2023/03/VPKM.93.png""]","","Thanh giằng cho 6 phần thiết bị đo lũy tiến, chiều dài 128+0,5mm","[]","136000","out_of_stock","vongbicongnghiep.vn-wc-store-api-category-search-skf","2026-04-29T13:49:29.482Z"
"41497","SKF","LL/VPKM.95-SKF","LL/VPKM.95-SKF","LLVPKM95SKF","Vít SKF VPKM.95","HỆ THỐNG BÔI TRƠN","HỆ THỐNG BÔI TRƠN | Phụ kiện bơm mỡ SKF","93","he-thong-boi-tron","https://vongbicongnghiep.vn/san-pham/vit-vpkm-95/","https://vongbicongnghiep.vn/wp-content/uploads/2023/03/VPKM.93-1.png","[""https://vongbicongnghiep.vn/wp-content/uploads/2023/03/VPKM.93-1.png""]","","Thanh giằng cho 5 phần thiết bị đo lũy tiến, chiều dài 113,5+0,3mm","[]","134000","out_of_stock","vongbicongnghiep.vn-wc-store-api-category-search-skf","2026-04-29T13:49:29.482Z"
"41496","SKF","LL/VPBM-C3-SKF","LL/VPBM-C3-SKF","LLVPBMC3SKF","Đầu kết nối SKF VPBM-C3","HỆ THỐNG BÔI TRƠN","HỆ THỐNG BÔI TRƠN | Phụ kiện bơm mỡ SKF","93","he-thong-boi-tron","https://vongbicongnghiep.vn/san-pham/dau-ket-noi-skf-vpbm-c3/","https://vongbicongnghiep.vn/wp-content/uploads/2023/03/Screenshot-2023-03-20-151524.png","[""https://vongbicongnghiep.vn/wp-content/uploads/2023/03/Screenshot-2023-03-20-151524.png"",""https://vongbicongnghiep.vn/wp-content/uploads/2023/03/Screenshot-2023-03-20-150324.png""]","","","[]","4989000","out_of_stock","vongbicongnghiep.vn-wc-store-api-category-search-skf","2026-04-29T13:49:29.482Z"
"41494","SKF","LL/VPKM.94-SKF","LL/VPKM.94-SKF","LLVPKM94SKF","Vít SKF VPKM.94","HỆ THỐNG BÔI TRƠN","HỆ THỐNG BÔI TRƠN | Phụ kiện bơm mỡ SKF","93","he-thong-boi-tron","https://vongbicongnghiep.vn/san-pham/vit-vpkm-94/","https://vongbicongnghiep.vn/wp-content/uploads/2023/03/VPKM.93.png","[""https://vongbicongnghiep.vn/wp-content/uploads/2023/03/VPKM.93.png""]","","Thanh giằng cho 4 phần thiết bị đo lũy tiến, chiều dài 96,5+0,3mm","[]","129000","out_of_stock","vongbicongnghiep.vn-wc-store-api-category-search-skf","2026-04-29T13:49:29.482Z"
"41490","SKF","LL/VPBM-C2-SKF","LL/VPBM-C2-SKF","LLVPBMC2SKF","Đầu kết nối SKF VPBM-C2","HỆ THỐNG BÔI TRƠN","HỆ THỐNG BÔI TRƠN | Phụ kiện bơm mỡ SKF","93","he-thong-boi-tron","https://vongbicongnghiep.vn/san-pham/dau-ket-noi-skf-vpbm-c2/","https://vongbicongnghiep.vn/wp-content/uploads/2023/03/Screenshot-2023-03-20-150812.png","[""https://vongbicongnghiep.vn/wp-content/uploads/2023/03/Screenshot-2023-03-20-150812.png"",""https://vongbicongnghiep.vn/wp-content/uploads/2023/03/Screenshot-2023-03-20-150324.png"",""https://vongbicongnghiep.vn/wp-content/uploads/2023/03/Screenshot-2023-03-20-150812.png""]","","","[]","1885000","out_of_stock","vongbicongnghiep.vn-wc-store-api-category-search-skf","2026-04-29T13:49:29.482Z"
"41488","SKF","LL/898-110-082-SKF","LL/898-110-082-SKF","LL898110082SKF","NẮP BẢO VỆ SKF 898-110-082","HỆ THỐNG BÔI TRƠN","HỆ THỐNG BÔI TRƠN | Phụ kiện bơm mỡ SKF","93","he-thong-boi-tron","https://vongbicongnghiep.vn/san-pham/nap-bao-ve-dau-noi-cao-su-skf-vgne-898-110-082/","https://vongbicongnghiep.vn/wp-content/uploads/2023/03/NAP-BAO-VE.png","[""https://vongbicongnghiep.vn/wp-content/uploads/2023/03/NAP-BAO-VE.png""]","","","[]","17000","out_of_stock","vongbicongnghiep.vn-wc-store-api-category-search-skf","2026-04-29T13:49:29.482Z"
"41483","SKF","LL/VPKM-RV-VS-V-SKF","LL/VPKM-RV-VS-V-SKF","LLVPKMRVVSVSKF","Van một chiều SKF VPKM-RV-VS-V","HỆ THỐNG BÔI TRƠN","HỆ THỐNG BÔI TRƠN | Phụ kiện bơm mỡ SKF","93","he-thong-boi-tron","https://vongbicongnghiep.vn/san-pham/van-mot-chieu-skf-vpkm-rv-vs-v/","https://vongbicongnghiep.vn/wp-content/uploads/2023/03/Screenshot-2023-03-20-145341.png","[""https://vongbicongnghiep.vn/wp-content/uploads/2023/03/Screenshot-2023-03-20-145341.png"",""https://vongbicongnghiep.vn/wp-content/uploads/2023/03/Screenshot-2023-03-20-145419.png"",""https://vongbicongnghiep.vn/wp-content/uploads/2023/03/Screenshot-2023-03-20-145406.png""]","","","[]","0","out_of_stock","vongbicongnghiep.vn-wc-store-api-category-search-skf","2026-04-29T13:49:29.482Z"
"41478","SKF","LL/VPKM-A-SKF","LL/VPKM-A-SKF","LLVPKMASKF","Phụ tùng tấm chặn cuối SKF VPKM-A","HỆ THỐNG BÔI TRƠN","HỆ THỐNG BÔI TRƠN | Phụ kiện bơm mỡ SKF","93","he-thong-boi-tron","https://vongbicongnghiep.vn/san-pham/phu-tung-tam-cuoi-vpkm-a/","https://vongbicongnghiep.vn/wp-content/uploads/2023/03/VPKM-A.png","[""https://vongbicongnghiep.vn/wp-content/uploads/2023/03/VPKM-A.png""]","","Phù hợp với bộ chia VPKG, VPKM","[]","563000","out_of_stock","vongbicongnghiep.vn-wc-store-api-category-search-skf","2026-04-29T13:49:29.482Z"
"41476","SKF","VPKM-RV-S4-SKF","VPKM-RV-S4-SKF","VPKMRVS4SKF","Van một chiều SKF VPKM-RV-S4","HỆ THỐNG BÔI TRƠN","HỆ THỐNG BÔI TRƠN | Phụ kiện bơm mỡ SKF","93","he-thong-boi-tron","https://vongbicongnghiep.vn/san-pham/van-mot-chieu-skf-vpkm-rv-s4/","https://vongbicongnghiep.vn/wp-content/uploads/2023/03/Rueckschlag_b.png","[""https://vongbicongnghiep.vn/wp-content/uploads/2023/03/Rueckschlag_b.png"",""https://vongbicongnghiep.vn/wp-content/uploads/2023/03/Screenshot-2023-03-20-144644.png"",""https://vongbicongnghiep.vn/wp-content/uploads/2023/03/Screenshot-2023-03-20-144823.png""]","","Van một chiều ren hệ mét cho Ø6 Đặt hàng-Nr. Ø(Ống) g áp suất mở Áp suất tối đa Loạt VPKM-RV-S4 6 thùng M10x1 2 100 LL","[]","0","out_of_stock","vongbicongnghiep.vn-wc-store-api-category-search-skf","2026-04-29T13:49:29.482Z"
"41475","SKF","LL/VPKM.09-SKF","LL/VPKM.09-SKF","LLVPKM09SKF","Tấm đệm cuối SKF VPKM.09","HỆ THỐNG BÔI TRƠN","HỆ THỐNG BÔI TRƠN | Phụ kiện bơm mỡ SKF","93","he-thong-boi-tron","https://vongbicongnghiep.vn/san-pham/phu-kien-tam-cuoi-mieng-dem-vpkm-09/","https://vongbicongnghiep.vn/wp-content/uploads/2023/03/VPKM.09.png","[""https://vongbicongnghiep.vn/wp-content/uploads/2023/03/VPKM.09.png""]","","Sử dụng cho bộ phân phối VPKG, VPKM Ngăn cách phụ tùng chia mỡ trung gian và phụ tùng chia mỡ cuối cùng","[]","304000","out_of_stock","vongbicongnghiep.vn-wc-store-api-category-search-skf","2026-04-29T13:49:29.482Z"
"41467","SKF","LL/VPKM.08-SKF","LL/VPKM.08-SKF","LLVPKM08SKF","Tấm đệm trung gian SKF VPKM.08 (gioăng ngăn cách)","HỆ THỐNG BÔI TRƠN","HỆ THỐNG BÔI TRƠN | Phụ kiện bơm mỡ SKF","93","he-thong-boi-tron","https://vongbicongnghiep.vn/san-pham/phu-tung-tam-trung-gian-vpkm-08-gioang-ngan-cach/","https://vongbicongnghiep.vn/wp-content/uploads/2023/03/VPKM.08.png","[""https://vongbicongnghiep.vn/wp-content/uploads/2023/03/VPKM.08.png""]","","Dùng với các bộ phân phối: VPG, VPKG, VPM và VPKM Ngăn cách phụ tùng bôi trơn đầu, phụ tùng trung gian, phụ tùng cuối","[]","292000","out_of_stock","vongbicongnghiep.vn-wc-store-api-category-search-skf","2026-04-29T13:49:29.482Z"
"41469","SKF","LL/VPBM-4-ZY-SKF","LL/VPBM-4-ZY-SKF","LLVPBM4ZYSKF","Bộ chia mỡ SKF VPBM-4-ZY","HỆ THỐNG BÔI TRƠN","HỆ THỐNG BÔI TRƠN | Bộ chia mỡ Lincoln | Phụ kiện bơm mỡ SKF","93","he-thong-boi-tron","https://vongbicongnghiep.vn/san-pham/bo-chia-dau-skf-vpbm-4-zy/","https://vongbicongnghiep.vn/wp-content/uploads/2023/03/Screenshot-2023-03-27-084326.png","[""https://vongbicongnghiep.vn/wp-content/uploads/2023/03/Screenshot-2023-03-27-084326.png""]","","Bộ chia mỡ SKF VPBM-4-ZY Thông số kĩ thuật Trung bình: dầu khoáng, mỡ gốc dầu khoáng, dầu mỡ tổng hợp và thân thiện với môi trường (lớp NLGI: 2) Chất liệu: Thép, mạ kẽm tối đa. tốc độ phân phối (mỗi đầu ra): 0,20 cm³/chu kỳ tối đa. áp suất hoạt động: 200 bar (dầu), 300 bar (mỡ) Nhiệt độ: -25 đến +110°C Số lượng piston phân phối: 4 Kết nối đầu vào và đầu ra: M10x1 Vị trí lắp đặt: Bất kỳ Với chỉ báo chu kỳ","[]","5662000","out_of_stock","vongbicongnghiep.vn-wc-store-api-category-search-skf","2026-04-29T13:49:29.482Z"
"41468","SKF","LL/VPBM-3-ZY-SKF","LL/VPBM-3-ZY-SKF","LLVPBM3ZYSKF","Bộ chia mỡ SKF VPBM-3-ZY","HỆ THỐNG BÔI TRƠN","HỆ THỐNG BÔI TRƠN | Bộ chia mỡ Lincoln | Phụ kiện bơm mỡ SKF","93","he-thong-boi-tron","https://vongbicongnghiep.vn/san-pham/bo-chia-dau-skf-vpbm-3-zy/","https://vongbicongnghiep.vn/wp-content/uploads/2023/03/VP993ZY.png","[""https://vongbicongnghiep.vn/wp-content/uploads/2023/03/VP993ZY.png"",""https://vongbicongnghiep.vn/wp-content/uploads/2023/03/3ZY.png""]","","Bộ chia mỡ SKF VPBM-3-ZY Thông số kĩ thuật Trung bình: dầu khoáng, mỡ gốc dầu khoáng, dầu mỡ tổng hợp và thân thiện với môi trường (lớp NLGI: 2) Chất liệu: Thép, mạ kẽm tối đa. tốc độ phân phối (mỗi đầu ra): 0,20 cm³/chu kỳ tối đa. áp suất hoạt động: 200 bar (dầu), 300 bar (mỡ) Nhiệt độ: -25 đến +110°C Số lượng pít-tông phân phối: 3 Kết nối đầu vào và đầu ra: M10x1 Vị trí lắp đặt: Bất kỳ Với chỉ báo chu kỳ","[]","5041000","out_of_stock","vongbicongnghiep.vn-wc-store-api-category-search-skf","2026-04-29T13:49:29.482Z"
"41465","SKF","LL/VPKM-K-3T-PS-SKF","LL/VPKM-K-3T-PS-SKF","LLVPKMK3TPSSKF","Phụ tùng chia mỡ SKF VPKM-K-3T-PS","HỆ THỐNG BÔI TRƠN","HỆ THỐNG BÔI TRƠN | Phụ kiện bơm mỡ SKF","93","he-thong-boi-tron","https://vongbicongnghiep.vn/san-pham/phu-tung-trung-gian-vpkm-k-3t-ps/","https://vongbicongnghiep.vn/wp-content/uploads/2023/03/VPKM-K-05S-PS-6.png","[""https://vongbicongnghiep.vn/wp-content/uploads/2023/03/VPKM-K-05S-PS-6.png""]","","Phù hợp với bộ phân phối VPKM Lưu lượng tối đa trên mỗi đầu ra: 0,30 cm³/chu kỳ Loại: 3T Số đầu ra: 2","[]","1179000","out_of_stock","vongbicongnghiep.vn-wc-store-api-category-search-skf","2026-04-29T13:49:29.482Z"
"41463","SKF","LL/VPKM-K-2T-PS-SKF","LL/VPKM-K-2T-PS-SKF","LLVPKMK2TPSSKF","Phụ tùng chia mỡ SKF VPKM-K-2T-PS","HỆ THỐNG BÔI TRƠN","HỆ THỐNG BÔI TRƠN | Phụ kiện bơm mỡ SKF","93","he-thong-boi-tron","https://vongbicongnghiep.vn/san-pham/phu-tung-trung-gian-vpkm-k-2t-ps/","https://vongbicongnghiep.vn/wp-content/uploads/2023/03/VPKM-K-05S-PS-5.png","[""https://vongbicongnghiep.vn/wp-content/uploads/2023/03/VPKM-K-05S-PS-5.png""]","","Phù hợp với bộ phân phối VPKM Lưu lượng tối đa trên mỗi đầu ra: 0,20 cm³/chu kỳ Loại: 2T Số đầu ra: 2","[]","1172000","out_of_stock","vongbicongnghiep.vn-wc-store-api-category-search-skf","2026-04-29T13:49:29.482Z"
"41461","SKF","LL/VPKM-K-1T-PS-SKF","LL/VPKM-K-1T-PS-SKF","LLVPKMK1TPSSKF","Phụ tùng chia mỡ SKF VPKM-K-1T-PS","HỆ THỐNG BÔI TRƠN","HỆ THỐNG BÔI TRƠN | Phụ kiện bơm mỡ SKF","93","he-thong-boi-tron","https://vongbicongnghiep.vn/san-pham/phu-tung-trung-gian-vpkm-k-1t-ps/","https://vongbicongnghiep.vn/wp-content/uploads/2023/03/VPKM-K-05S-PS-4.png","[""https://vongbicongnghiep.vn/wp-content/uploads/2023/03/VPKM-K-05S-PS-4.png""]","","Phù hợp với bộ phân phối VPKM Lưu lượng tối đa trên mỗi đầu ra: 0,1 cm³/chu kỳ Loại: 1T Số đầu ra: 2","[]","1152000","out_of_stock","vongbicongnghiep.vn-wc-store-api-category-search-skf","2026-04-29T13:49:29.482Z"
"41459","SKF","LL/VPKM-K-05T-PS-SKF","LL/VPKM-K-05T-PS-SKF","LLVPKMK05TPSSKF","Phụ tùng chia mỡ SKF VPKM-K-05T-PS","HỆ THỐNG BÔI TRƠN","HỆ THỐNG BÔI TRƠN | Phụ kiện bơm mỡ SKF","93","he-thong-boi-tron","https://vongbicongnghiep.vn/san-pham/phu-tung-trung-gian-vpkm-k-05t-ps/","https://vongbicongnghiep.vn/wp-content/uploads/2023/03/VPKM-K-05S-PS-3.png","[""https://vongbicongnghiep.vn/wp-content/uploads/2023/03/VPKM-K-05S-PS-3.png""]","","Phù hợp với bộ phân phối VPKM Lưu lượng tối đa trên mỗi đầu ra: 0,05 cm³/chu kỳ Loại: 05T Số đầu ra: 2","[]","1152000","out_of_stock","vongbicongnghiep.vn-wc-store-api-category-search-skf","2026-04-29T13:49:29.482Z"
"41457","SKF","LL/VPKM-K-3S-PS-SKF","LL/VPKM-K-3S-PS-SKF","LLVPKMK3SPSSKF","Phụ tùng chia mỡ SKF VPKM-K-3S-PS","HỆ THỐNG BÔI TRƠN","HỆ THỐNG BÔI TRƠN | Phụ kiện bơm mỡ SKF","93","he-thong-boi-tron","https://vongbicongnghiep.vn/san-pham/phu-tung-trung-gian-vpkm-k-3s-ps/","https://vongbicongnghiep.vn/wp-content/uploads/2023/03/VPKM-K-05S-PS-2.png","[""https://vongbicongnghiep.vn/wp-content/uploads/2023/03/VPKM-K-05S-PS-2.png""]","","Phù hợp với bộ phân phối VPKM Lưu lượng tối đa trên mỗi đầu ra: 0,60 cm³/chu kỳ Loại: 3S Số đầu ra: 1","[]","1157000","out_of_stock","vongbicongnghiep.vn-wc-store-api-category-search-skf","2026-04-29T13:49:29.483Z"
"41454","SKF","LL/VPKM-K-2S-PS-SKF","LL/VPKM-K-2S-PS-SKF","LLVPKMK2SPSSKF","Phụ tùng chia mỡ SKF VPKM-K-2S-PS","HỆ THỐNG BÔI TRƠN","HỆ THỐNG BÔI TRƠN | Phụ kiện bơm mỡ SKF","93","he-thong-boi-tron","https://vongbicongnghiep.vn/san-pham/phu-tung-trung-gian-vpkm-k-2s-ps/","https://vongbicongnghiep.vn/wp-content/uploads/2023/03/VPKM-K-05S-PS-1.png","[""https://vongbicongnghiep.vn/wp-content/uploads/2023/03/VPKM-K-05S-PS-1.png""]","","Phù hợp với bộ phân phối VPKM Lưu lượng tối đa trên mỗi đầu ra: 0,40 cm³/chu kỳ Loại: 2S Số đầu ra: 1","[]","1157000","out_of_stock","vongbicongnghiep.vn-wc-store-api-category-search-skf","2026-04-29T13:49:29.483Z"
"41438","SKF","LL/VPKM-K-1S-PS-SKF","LL/VPKM-K-1S-PS-SKF","LLVPKMK1SPSSKF","Phụ tùng chia mỡ SKF VPKM-K-1S-PS","HỆ THỐNG BÔI TRƠN","HỆ THỐNG BÔI TRƠN | Phụ kiện bơm mỡ SKF","93","he-thong-boi-tron","https://vongbicongnghiep.vn/san-pham/phu-tung-trung-gian-vpkm-k-1s-ps/","https://vongbicongnghiep.vn/wp-content/uploads/2023/03/VPKM-K-05S-PS.png","[""https://vongbicongnghiep.vn/wp-content/uploads/2023/03/VPKM-K-05S-PS.png""]","","Phù hợp với bộ phân phối VPKM Lưu lượng tối đa trên mỗi đầu ra: 0,20 cm³/chu kỳ Loại: 1S Số đầu ra: 1","[]","1136000","out_of_stock","vongbicongnghiep.vn-wc-store-api-category-search-skf","2026-04-29T13:49:29.483Z"
"41436","SKF","LL/VPKM-K-05S-PS-SKF","LL/VPKM-K-05S-PS-SKF","LLVPKMK05SPSSKF","Phụ tùng chia mỡ SKF VPKM-K-05S-PS","HỆ THỐNG BÔI TRƠN","HỆ THỐNG BÔI TRƠN | Phụ kiện bơm mỡ SKF","93","he-thong-boi-tron","https://vongbicongnghiep.vn/san-pham/phu-tung-trung-gian-vpkm-k-05s-ps/","https://vongbicongnghiep.vn/wp-content/uploads/2023/03/VPKM-K-05S-PS.png","[""https://vongbicongnghiep.vn/wp-content/uploads/2023/03/VPKM-K-05S-PS.png""]","","Phù hợp với bộ phân phối VPKM Lưu lượng tối đa trên mỗi đầu ra: 0,10 cm³/chu kỳ Loại: 05S Số đầu ra: 1","[]","1136000","out_of_stock","vongbicongnghiep.vn-wc-store-api-category-search-skf","2026-04-29T13:49:29.483Z"
"41433","SKF","LL/VPKM.07-SKF","LL/VPKM.07-SKF","LLVPKM07SKF","Tấm đệm đầu vào SKF VPKM.07","HỆ THỐNG BÔI TRƠN","HỆ THỐNG BÔI TRƠN | Phụ kiện bơm mỡ SKF","93","he-thong-boi-tron","https://vongbicongnghiep.vn/san-pham/tam-dau-vao-mieng-dem-vpkm-07/","https://vongbicongnghiep.vn/wp-content/uploads/2023/03/VPKM0.7.png","[""https://vongbicongnghiep.vn/wp-content/uploads/2023/03/VPKM0.7.png"",""https://vongbicongnghiep.vn/wp-content/uploads/2023/03/vpkm-e-tongquan.png""]","","Ngăn cách phần đầu (inlet section) và phần giữa (feeder section) của bộ phân phối VPK","[]","304000","out_of_stock","vongbicongnghiep.vn-wc-store-api-category-search-skf","2026-04-29T13:49:29.483Z"
"41423","SKF","LL/VPKM-E-SKF","LL/VPKM-E-SKF","LLVPKMESKF","Tấm đệm đầu vào SKF VPKM-E","HỆ THỐNG BÔI TRƠN","HỆ THỐNG BÔI TRƠN | Phụ kiện bơm mỡ SKF","93","he-thong-boi-tron","https://vongbicongnghiep.vn/san-pham/thiet-bi-dau-vao-vpkm-e-ren-m10x1mm/","https://vongbicongnghiep.vn/wp-content/uploads/2023/03/vpkm.png","[""https://vongbicongnghiep.vn/wp-content/uploads/2023/03/vpkm.png"",""https://vongbicongnghiep.vn/wp-content/uploads/2023/03/vpkm-e.png"",""https://vongbicongnghiep.vn/wp-content/uploads/2023/03/vpkm-e-tongquan.png""]","","Các ống góp sê-ri VPK của SKF dành cho các hệ thống bôi trơn Bộ phân phối loại VPK là một bộ phân phối mặt cắt ngang. Các phần phân phối của nó bao gồm thể tích phân phối trên mỗi cổng, một chu kỳ từ 0,05 cc (phần T = 2 đầu ra) đến 0,6 cc (phần S = 1 đầu ra). Tất cả các phần (đầu vào, trung gian, cuối) được siết chặt bằng thanh giằng. Các kênh cung cấp được ngăn cách bằng các tấm có lỗ hở giữa các phân đoạn. Ít nhất ba phần trung gian là cần thiết. Nhiệt độ làm việc: -25°C / +90°C Áp suất làm việc tối đa: dầu 200 bar, mỡ 300 bar VPKM-E có M10x1mm, ký hiệu số 8 (hình 3)","[]","465000","out_of_stock","vongbicongnghiep.vn-wc-store-api-category-search-skf","2026-04-29T13:49:29.483Z"
"41411","SKF","LL/408-004-VS-SKF","LL/408-004-VS-SKF","LL408004VSSKF","Đầu nối đầu vào SKF 408-004-VS","HỆ THỐNG BÔI TRƠN","HỆ THỐNG BÔI TRƠN | Phụ kiện bơm mỡ SKF","93","he-thong-boi-tron","https://vongbicongnghiep.vn/san-pham/dau-noi-dau-vao-408-004-vs-loai-thang-day-ong-8mm-m10x1mm/","https://vongbicongnghiep.vn/wp-content/uploads/2023/03/408-004-VS.png","[""https://vongbicongnghiep.vn/wp-content/uploads/2023/03/408-004-VS.png""]","","Đẩy vào để kết nối Đầu nối ren trụ - M10x1(G) Cho ống Ø 8 mm Thép mạ kẽm (crom vàng) Gioăng: NBR","[]","219000","out_of_stock","vongbicongnghiep.vn-wc-store-api-category-search-skf","2026-04-29T13:49:29.483Z"
"41407","SKF","LL/408-433-SKF","LL/408-433-SKF","LL408433SKF","Đầu nối đầu vào SKF 408-433","HỆ THỐNG BÔI TRƠN","HỆ THỐNG BÔI TRƠN | Phụ kiện bơm mỡ SKF","93","he-thong-boi-tron","https://vongbicongnghiep.vn/san-pham/dau-noi-dau-vao-408-433-loai-thang-ran-ong-8-mm-m10x1mm/","https://vongbicongnghiep.vn/wp-content/uploads/2023/03/408-403.png","[""https://vongbicongnghiep.vn/wp-content/uploads/2023/03/408-403.png""]","","Đầu nối hình trụ, được chế tạo từ thép mạ, ống 8 mm/M10x1mm Loại thẳng, vặn để kết nối","[]","221000","out_of_stock","vongbicongnghiep.vn-wc-store-api-category-search-skf","2026-04-29T13:49:29.483Z"
"41404","SKF","LL/455-531-068-VS-SKF","LL/455-531-068-VS-SKF","LL455531068VSSKF","Đầu nối đầu vào SKF 455-531-068-VS","HỆ THỐNG BÔI TRƠN","HỆ THỐNG BÔI TRƠN | Phụ kiện bơm mỡ SKF","93","he-thong-boi-tron","https://vongbicongnghiep.vn/san-pham/dau-noi-dau-vao-90-455-531-068-vs-loai-day-ong-6mm-m10x1mm-banjo/","https://vongbicongnghiep.vn/wp-content/uploads/2023/03/455-531-068-VS.jpg","[""https://vongbicongnghiep.vn/wp-content/uploads/2023/03/455-531-068-VS.jpg"",""https://vongbicongnghiep.vn/wp-content/uploads/2023/03/455-531-068-VS-1.png""]","","Đầu nối đầu vào SKF 455-531-068-VS Góc -90°, đẩy vào để kết nối Đầu nối ren côn vặn xoay (VS) dùng cho dầu mỡ Ống 6mm/ M10x1mm Loại vuông, đẩy để kết nối, ống 6mm, M10x1mm","[]","257000","out_of_stock","vongbicongnghiep.vn-wc-store-api-category-search-skf","2026-04-29T13:49:29.483Z"
"41402","SKF","LL/451-006-518-VS-SKF","LL/451-006-518-VS-SKF","LL451006518VSSKF","Đầu nối đầu vào SKF 451-006-518-VS","HỆ THỐNG BÔI TRƠN","HỆ THỐNG BÔI TRƠN | Phụ kiện bơm mỡ SKF","93","he-thong-boi-tron","https://vongbicongnghiep.vn/san-pham/dau-noi-dau-vao-451-006-518-vs-loai-thang-day-vao-ong-6mm-m10x1mm/","https://vongbicongnghiep.vn/wp-content/uploads/2023/03/451-006-518-VS.png","[""https://vongbicongnghiep.vn/wp-content/uploads/2023/03/451-006-518-VS.png""]","","Đẩy vào để kết nối Đầu nối nhanh loại thẳng thân côn Ống 6mm/M10x1mm","[]","150000","out_of_stock","vongbicongnghiep.vn-wc-store-api-category-search-skf","2026-04-29T13:49:29.483Z"
"41400","SKF","LL/406-405-SKF","LL/406-405-SKF","LL406405SKF","Đầu nối đầu vào SKF 406-405","HỆ THỐNG BÔI TRƠN","HỆ THỐNG BÔI TRƠN | Phụ kiện bơm mỡ SKF","93","he-thong-boi-tron","https://vongbicongnghiep.vn/san-pham/dau-noi-dau-vao-90-406-405-loai-ermeto-ong-6mm-m10x1mm/","https://vongbicongnghiep.vn/wp-content/uploads/2023/03/406-405.png","[""https://vongbicongnghiep.vn/wp-content/uploads/2023/03/406-405.png""]","","Thiết bị dạng vặn, ống 6mm, D M10x1mm, góc 90° Vật liệu: Thép mạ kẽm Đai ốc dạng vòng cắt","[]","581000","out_of_stock","vongbicongnghiep.vn-wc-store-api-category-search-skf","2026-04-29T13:49:29.483Z"
"41398","SKF","LL/406-403-SKF","LL/406-403-SKF","LL406403SKF","Đầu nối đầu vào SKF 406-403","HỆ THỐNG BÔI TRƠN","HỆ THỐNG BÔI TRƠN | Phụ kiện bơm mỡ SKF","93","he-thong-boi-tron","https://vongbicongnghiep.vn/san-pham/dau-noi-dau-vao-406-403-loai-thang-dang-van-ong-6mm-m10x1mm/","https://vongbicongnghiep.vn/wp-content/uploads/2023/03/406-403.png","[""https://vongbicongnghiep.vn/wp-content/uploads/2023/03/406-403.png""]","","Loại thẳng/dạng vặn – ống 6mm/M10x1mm Vật liệu: Thép mạ kẽm Đai ốc dạng vòng cắt","[]","178000","out_of_stock","vongbicongnghiep.vn-wc-store-api-category-search-skf","2026-04-29T13:49:29.483Z"
"41396","SKF","LL/519-31826-1-SKF","LL/519-31826-1-SKF","LL519318261SKF","Ống hình T SKF 519-31826-1","HỆ THỐNG BÔI TRƠN","HỆ THỐNG BÔI TRƠN | Phụ kiện bơm mỡ SKF","93","he-thong-boi-tron","https://vongbicongnghiep.vn/san-pham/ong-hinh-t-ket-noi-hai-dau-ra-cua-bo-chia-mo-skf-519-31826-1/","https://vongbicongnghiep.vn/wp-content/uploads/2023/03/519-31826-1.png","[""https://vongbicongnghiep.vn/wp-content/uploads/2023/03/519-31826-1.png""]","","Ống hình T kết nối hai đầu ra của bộ chia mỡ Phần tử kết hợp đầu ra của bộ chia mỡ bôi trơn SSV. Bằng cách kết hợp đầu ra 1 và 2, sẽ tạo ra thiết bị chia mỡ với số đầu ra không đều. Bởi vì hai đầu ra kết hợp với nhau nên có đầu ra gấp đôi so với 1 một ra duy nhất.","[]","982000","out_of_stock","vongbicongnghiep.vn-wc-store-api-category-search-skf","2026-04-29T13:49:29.483Z"
"41390","SKF","LL/303-17499-3-SKF","LL/303-17499-3-SKF","LL303174993SKF","Nút bịt SKF 303-17499-3","HỆ THỐNG BÔI TRƠN","HỆ THỐNG BÔI TRƠN | Phụ kiện bơm mỡ SKF","93","he-thong-boi-tron","https://vongbicongnghiep.vn/san-pham/nut-bit-dau-ra-cua-van-303-17499-3/","https://vongbicongnghiep.vn/wp-content/uploads/2023/03/303-17499-3.png","[""https://vongbicongnghiep.vn/wp-content/uploads/2023/03/303-17499-3.png""]","","Nút bịt đầu ra của van, dùng cho bộ chia mỡ đa điểm SSV Metering devices, M10x1mm","[]","17000","in_stock","vongbicongnghiep.vn-wc-store-api-category-search-skf","2026-04-29T13:49:29.483Z"
"41387","SKF","LL/410-443-SKF","LL/410-443-SKF","LL410443SKF","Đầu nối SKF 410-443","HỆ THỐNG BÔI TRƠN","HỆ THỐNG BÔI TRƠN | Phụ kiện bơm mỡ SKF","93","he-thong-boi-tron","https://vongbicongnghiep.vn/san-pham/dau-noi-skf-410-443/","https://vongbicongnghiep.vn/wp-content/uploads/2023/03/Screenshot-2023-03-18-103505-1.png","[""https://vongbicongnghiep.vn/wp-content/uploads/2023/03/Screenshot-2023-03-18-103505-1.png"",""https://vongbicongnghiep.vn/wp-content/uploads/2023/03/ge.Einschraubv..png""]","","Phụ kiện bắt vít thẳng có ren hệ mét cho Ø10 Đầu nối bắt vít thẳng theo tiêu chuẩn DIN 2353 với ren kim loại Thép, bề mặt mạ kẽm Đặt hàng-Nr. Ø(Ống) D1 Loạt 410-443 10 M10x1tap. L","[]","333000","out_of_stock","vongbicongnghiep.vn-wc-store-api-category-search-skf","2026-04-29T13:49:29.483Z"
"41379","SKF","LL/226-14091-4-SKF","LL/226-14091-4-SKF","LL226140914SKF","Van một chiều SKF 226-14091-4","HỆ THỐNG BÔI TRƠN","HỆ THỐNG BÔI TRƠN | Phụ kiện bơm mỡ SKF","93","he-thong-boi-tron","https://vongbicongnghiep.vn/san-pham/dau-noi-dang-day-voi-van-mot-chieu-226-14091-4-m10x1mm-ong-6x1mm/","https://vongbicongnghiep.vn/wp-content/uploads/2023/03/226-14091-4.png","[""https://vongbicongnghiep.vn/wp-content/uploads/2023/03/226-14091-4.png"",""https://vongbicongnghiep.vn/wp-content/uploads/2023/03/226-14091-4-kt.png""]","","Van một chiều 226-14091-4 dùng để đấu nối với thiết bị đo SSV Model GEKV: đẩy vào để đấu nối Làm bằng đồng thau Đường kính D Ø 6 mm Kích thước ren D1 M10x1.0 Côn bằng đồng thau Kích thước lục giác S1 12 mm","[]","175000","in_stock","vongbicongnghiep.vn-wc-store-api-category-search-skf","2026-04-29T13:49:29.483Z"
"41372","SKF","LL/504-30344-4-SKF","LL/504-30344-4-SKF","LL504303444SKF","Van một chiều SKF 504-30344-4","HỆ THỐNG BÔI TRƠN","HỆ THỐNG BÔI TRƠN | Phụ kiện bơm mỡ SKF","93","he-thong-boi-tron","https://vongbicongnghiep.vn/san-pham/van-mot-chieu-504-30344-4-loai-ermeto-m10x1mm-ong-6x1mm/","https://vongbicongnghiep.vn/wp-content/uploads/2023/03/504-30344-4.png","[""https://vongbicongnghiep.vn/wp-content/uploads/2023/03/504-30344-4.png""]","","Loại ermeto, M10x1mm/ống, G6x1mm Thiết bị đóng hoàn toàn đường đi của chất lỏng theo một hướng và để lại một lối đi tự do theo hướng khác. Van khí nén là thiết bị cơ khí để điều chỉnh và kiểm soát không khí. Trong số các chức năng chính của nó là bắt đầu, dừng hoặc điều chỉnh luồng khí. Khí nén là công nghệ sử dụng khí nén để vận hành các cơ chế khác nhau. Trong lĩnh vực công nghiệp, nó được sử dụng trong nhiều quy trình và ứng dụng.","[]","104000","in_stock","vongbicongnghiep.vn-wc-store-api-category-search-skf","2026-04-29T13:49:29.483Z"
"41367","SKF","LL/619-28866-1-SKF","LL/619-28866-1-SKF","LL619288661SKF","Bộ chia mỡ SKF 619-28866-1","HỆ THỐNG BÔI TRƠN","HỆ THỐNG BÔI TRƠN | Phụ kiện bơm mỡ SKF","93","he-thong-boi-tron","https://vongbicongnghiep.vn/san-pham/bo-chia-mo-ssv22-619-28866-1/","https://vongbicongnghiep.vn/wp-content/uploads/2023/03/619-28866-1.png","[""https://vongbicongnghiep.vn/wp-content/uploads/2023/03/619-28866-1.png""]","","Bộ chia mỡ SSV22 619-28866-1 có 22 đầu ra Chất bôi trơn NLGI/2, dầu có độ nhớt lên tới 40 mm²/s Lưu lượng cho mỗi chu trình trên mỗi đầu ra: 0,2 cm³ Nhiệt độ hoạt động: -40°C đến +200°C Áp suất vận hành tối đa: 350 bar Chất liệu: Thép, mạ crom đen Kết nối đầu vào: G1/8, kết nối đầu ra: M10x1","[]","6334000","out_of_stock","vongbicongnghiep.vn-wc-store-api-category-search-skf","2026-04-29T13:49:29.483Z"
"41365","SKF","LL/619-28865-1-SKF","LL/619-28865-1-SKF","LL619288651SKF","Bộ chia mỡ SKF 619-28865-1","HỆ THỐNG BÔI TRƠN","HỆ THỐNG BÔI TRƠN | Phụ kiện bơm mỡ SKF","93","he-thong-boi-tron","https://vongbicongnghiep.vn/san-pham/bo-chia-mo-ssv20-619-28865-1/","https://vongbicongnghiep.vn/wp-content/uploads/2023/03/619-28865-1.png","[""https://vongbicongnghiep.vn/wp-content/uploads/2023/03/619-28865-1.png""]","","Bộ chia mỡ SSV20 619-28865-1 có 20 đầu ra Chất bôi trơn NLGI/2, dầu có độ nhớt lên tới 40 mm²/s Lưu lượng cho mỗi chu trình trên mỗi đầu ra: 0,2 cm³ Nhiệt độ hoạt động: -40°C đến +200°C Áp suất vận hành tối đa: 350 bar Chất liệu: Thép, mạ crom đen Kết nối đầu vào: G1/8, kết nối đầu ra: M10x1","[]","5763000","out_of_stock","vongbicongnghiep.vn-wc-store-api-category-search-skf","2026-04-29T13:49:29.483Z"
"41357","SKF","LL/619-28863-1-SKF","LL/619-28863-1-SKF","LL619288631SKF","Bộ chia mỡ SKF 619-28863-1","HỆ THỐNG BÔI TRƠN","HỆ THỐNG BÔI TRƠN | Phụ kiện bơm mỡ SKF","93","he-thong-boi-tron","https://vongbicongnghiep.vn/san-pham/bo-chia-mo-skf-ssv16-619-28863-1/","https://vongbicongnghiep.vn/wp-content/uploads/2023/03/619-28863-1.png","[""https://vongbicongnghiep.vn/wp-content/uploads/2023/03/619-28863-1.png""]","","Bộ chia mỡ SSV16 619-28863-1 có 16 đầu ra Chất bôi trơn NLGI/2 dầu có độ nhớt lên tới 40 mm²/s Lưu lượng cho mỗi chu trình trên mỗi đầu ra: 0,2 cm³ Nhiệt độ hoạt động: -40°C đến +200°C Áp suất vận hành tối đa: 350 bar Chất liệu: Thép, mạ crom đen Kết nối đầu vào: G1/8, kết nối đầu ra: M10x1","[]","4911000","out_of_stock","vongbicongnghiep.vn-wc-store-api-category-search-skf","2026-04-29T13:49:29.483Z"
"41355","SKF","LL/619-28862-1-SKF","LL/619-28862-1-SKF","LL619288621SKF","Bộ chia mỡ SKF 619-28862-1","HỆ THỐNG BÔI TRƠN","HỆ THỐNG BÔI TRƠN | Phụ kiện bơm mỡ SKF","93","he-thong-boi-tron","https://vongbicongnghiep.vn/san-pham/bo-chia-mo-skf-ssv14-619-28862-1/","https://vongbicongnghiep.vn/wp-content/uploads/2023/03/619-28862-1.png","[""https://vongbicongnghiep.vn/wp-content/uploads/2023/03/619-28862-1.png""]","","Bộ chia mỡ SSV14 Có chất bôi trơn NLGI/2 dầu có độ nhớt lên tới 40 mm²/s Lưu lượng cho mỗi chu trình trên mỗi đầu ra: 0,2 cm³ Nhiệt độ hoạt động: -40°C đến +200°C Áp suất vận hành tối đa: 350 bar Chất liệu: Thép, mạ crom đen Kết nối đầu ra: M10x1","[]","4294000","out_of_stock","vongbicongnghiep.vn-wc-store-api-category-search-skf","2026-04-29T13:49:29.483Z"
"41352","SKF","LL/619-25731-2-SKF","LL/619-25731-2-SKF","LL619257312SKF","Bộ chia mỡ SKF 619-25731-2","HỆ THỐNG BÔI TRƠN","HỆ THỐNG BÔI TRƠN | Phụ kiện bơm mỡ SKF","93","he-thong-boi-tron","https://vongbicongnghiep.vn/san-pham/bo-chia-mo-skf-ssv12-619-25731-2/","https://vongbicongnghiep.vn/wp-content/uploads/2023/03/619-25731-2.png","[""https://vongbicongnghiep.vn/wp-content/uploads/2023/03/619-25731-2.png""]","","Bơm chia mỡ với 12 đầu ra và thể tích danh nghĩa là 0,20 cm³/đầu ra. Ren đầu vào G1/8 và ren đầu ra M10x1. Bơm chia mỡ chia số lượng được cung cấp thành các phần bằng nhau hoặc không bằng nhau bằng cách đóng các đầu ra không sử dụng tới bằng nút vặn đặc biệt, tốc độ dòng chảy đến đầu ra mở tiếp theo bên dưới ở cùng một phía được tăng lên nhờ lượng chất bôi trơn của các đầu ra đã đóng ở trên.","[]","3464000","out_of_stock","vongbicongnghiep.vn-wc-store-api-category-search-skf","2026-04-29T13:49:29.483Z"
"41350","SKF","LL/619-26841-1-SKF","LL/619-26841-1-SKF","LL619268411SKF","Bộ chia mỡ SKF 619-26841-1","HỆ THỐNG BÔI TRƠN","HỆ THỐNG BÔI TRƠN | Phụ kiện bơm mỡ SKF","93","he-thong-boi-tron","https://vongbicongnghiep.vn/san-pham/bom-chia-mo-skf-619-26841-1/","https://vongbicongnghiep.vn/wp-content/uploads/2023/03/619-26841-1.png","[""https://vongbicongnghiep.vn/wp-content/uploads/2023/03/619-26841-1.png""]","","Bơm chia mỡ với 10 đầu ra và thể tích danh nghĩa là 0,20 cm³/ổ cắm. Ren đầu vào G1/8 và ren đầu ra M10x1. Bơm chia mỡ chia số lượng được cung cấp thành các phần bằng nhau hoặc không bằng nhau bằng cách đóng các đầu ra không sử dụng tới bằng nút vặn đặc biệt, tốc độ dòng chảy đến đầu ra mở tiếp theo bên dưới ở cùng một phía được tăng lên nhờ lượng chất bôi trơn của các đầu ra đã đóng ở trên.","[]","3054000","out_of_stock","vongbicongnghiep.vn-wc-store-api-category-search-skf","2026-04-29T13:49:29.483Z"
"41348","SKF","LL/619-25730-2-SKF","LL/619-25730-2-SKF","LL619257302SKF","Bơm chia mỡ SKF 619-25730-2","HỆ THỐNG BÔI TRƠN","HỆ THỐNG BÔI TRƠN | Phụ kiện bơm mỡ SKF","93","he-thong-boi-tron","https://vongbicongnghiep.vn/san-pham/bom-chia-mo-skf-619-25730-2/","https://vongbicongnghiep.vn/wp-content/uploads/2023/03/619-25730-2.png","[""https://vongbicongnghiep.vn/wp-content/uploads/2023/03/619-25730-2.png""]","","Bơm chia mỡ với 8 đầu ra và thể tích danh nghĩa là 0,20 cm³/ổ cắm. Nhiệt độ hoạt động từ –40 đến+200 °C Áp lực vận hành lớn nhất 350 bar Kết nối đầu vào G 1/8 hoặc 1/8 NPTF Kết nối đầu ra M 10×1","[]","2624000","out_of_stock","vongbicongnghiep.vn-wc-store-api-category-search-skf","2026-04-29T13:49:29.484Z"
"41346","SKF","LL/619-26473-1-SKF","LL/619-26473-1-SKF","LL619264731SKF","Bộ chia mỡ SKF 619-26473-1","HỆ THỐNG BÔI TRƠN","HỆ THỐNG BÔI TRƠN | Phụ kiện bơm mỡ SKF","93","he-thong-boi-tron","https://vongbicongnghiep.vn/san-pham/bo-chia-mo-skf-619-26473-1/","https://vongbicongnghiep.vn/wp-content/uploads/2023/03/619-26473-1.png","[""https://vongbicongnghiep.vn/wp-content/uploads/2023/03/619-26473-1.png""]","","Bơm chia mỡ với 6 đầu ra và thể tích danh nghĩa là 0,20 cm³/ổ cắm. Ren đầu vào G1/8 và ren đầu ra M10x1. Bơm chia mỡ chia số lượng được cung cấp thành các phần bằng nhau hoặc không bằng nhau bằng cách đóng các đầu ra không sử dụng tới bằng nút vặn đặc biệt, tốc độ dòng chảy đến đầu ra mở tiếp theo bên dưới ở cùng một phía được tăng lên nhờ lượng chất bôi trơn của các đầu ra đã đóng ở trên","[]","2228000","in_stock","vongbicongnghiep.vn-wc-store-api-category-search-skf","2026-04-29T13:49:29.484Z"
"41342","SKF","LL/112-35127-2-SKF","LL/112-35127-2-SKF","LL112351272SKF","Ống dẫn dầu SKF 112-35127-2","HỆ THỐNG BÔI TRƠN","HỆ THỐNG BÔI TRƠN | Phụ kiện bơm mỡ SKF","93","he-thong-boi-tron","https://vongbicongnghiep.vn/san-pham/ong-dan-dau-skf-112-35127-2/","https://vongbicongnghiep.vn/wp-content/uploads/2023/03/ONG.png","[""https://vongbicongnghiep.vn/wp-content/uploads/2023/03/ONG.png""]","","Kích thước: 6×1,5mm Áp suất nổ :210bar Ống dẫn dầu SKF 112-35127-2","[]","91000","out_of_stock","vongbicongnghiep.vn-wc-store-api-category-search-skf","2026-04-29T13:49:29.484Z"
"41335","SKF","LL/408-425W-SKF","LL/408-425W-SKF","LL408425WSKF","Đầu nối đầu vào 408-425W","HỆ THỐNG BÔI TRƠN","HỆ THỐNG BÔI TRƠN | Phụ kiện bơm mỡ SKF","93","he-thong-boi-tron","https://vongbicongnghiep.vn/san-pham/dau-noi-dau-vao-skf-408-425w-goc-90-loai-ermeto-ong-8mm-g1-8-ren-r1-8-thuon-nhon-2/","https://vongbicongnghiep.vn/wp-content/uploads/2023/03/408-425W-1.png","[""https://vongbicongnghiep.vn/wp-content/uploads/2023/03/408-425W-1.png""]","","Đầu nối đầu vào 408-425W Góc 90°/loại ermeto Đầu nối bắt vít ren ống Whitworth với Ø8mm G1/8 Đầu nối bắt vít theo DIN 2353 với ren ống Whitworth. Đầu nối đầu vào SKF 408-425W góc 90°/loại ermeto - ống 8mm/G1/8 - ren R1/8 thuôn nhọn","[]","217000","out_of_stock","vongbicongnghiep.vn-wc-store-api-category-search-skf","2026-04-29T13:49:31.428Z"
"41336","SKF","LL/406-710-002-SKF","LL/406-710-002-SKF","LL406710002SKF","Đầu nối nhanh SKF 406-710-002","HỆ THỐNG BÔI TRƠN","HỆ THỐNG BÔI TRƠN | Phụ kiện bơm mỡ SKF","93","he-thong-boi-tron","https://vongbicongnghiep.vn/san-pham/dau-noi-nhanh-skf-406-710-002/","https://vongbicongnghiep.vn/wp-content/uploads/2023/03/Screenshot-2023-03-17-151102.png","[""https://vongbicongnghiep.vn/wp-content/uploads/2023/03/Screenshot-2023-03-17-151102.png"",""https://vongbicongnghiep.vn/wp-content/uploads/2023/03/Screenshot-2023-03-17-151035.png""]","","","[]","154000","in_stock","vongbicongnghiep.vn-wc-store-api-category-search-skf","2026-04-29T13:49:31.428Z"
"41331","SKF","LL/406-810-002-SKF","LL/406-810-002-SKF","LL406810002SKF","Ống bọc vít 406-810-002","HỆ THỐNG BÔI TRƠN","HỆ THỐNG BÔI TRƠN | Phụ kiện bơm mỡ SKF","93","he-thong-boi-tron","https://vongbicongnghiep.vn/san-pham/tay-ao-vit-skf-406-810-002/","https://vongbicongnghiep.vn/wp-content/uploads/2023/03/Screenshot-2023-03-17-150626.png","[""https://vongbicongnghiep.vn/wp-content/uploads/2023/03/Screenshot-2023-03-17-150626.png"",""https://vongbicongnghiep.vn/wp-content/uploads/2023/03/Screenshot-2023-03-17-150642.png""]","","Ống bọc vít 406-810-002","[]","408000","in_stock","vongbicongnghiep.vn-wc-store-api-category-search-skf","2026-04-29T13:49:31.428Z"
"41327","SKF","LL/WVN 711-10-SKF","LL/WVN 711-10-SKF","LLWVN71110SKF","Ống cao áp mềm SKF WVN 711-10 &#8211; đầu 10x1mm","HỆ THỐNG BÔI TRƠN","HỆ THỐNG BÔI TRƠN | Phụ kiện bơm mỡ SKF","93","he-thong-boi-tron","https://vongbicongnghiep.vn/san-pham/ong-cao-ap-mem-skf-wvn-711-10-dau-10x1mm/","https://vongbicongnghiep.vn/wp-content/uploads/2023/03/982-750-091-o.webp","[""https://vongbicongnghiep.vn/wp-content/uploads/2023/03/982-750-091-o.webp""]","","Ống cao áp mềm SKF WVN 711-10 – đầu 10x1mm","[]","0","out_of_stock","vongbicongnghiep.vn-wc-store-api-category-search-skf","2026-04-29T13:49:31.428Z"
"41323","SKF","LL/96-0203-0058-SKF","LL/96-0203-0058-SKF","LL9602030058SKF","Đầu nối đầu vào SKF 96-0203-0058","HỆ THỐNG BÔI TRƠN","HỆ THỐNG BÔI TRƠN | Phụ kiện bơm mỡ SKF","93","he-thong-boi-tron","https://vongbicongnghiep.vn/san-pham/dau-noi-dau-vao-96-0203-0058-loai-thang-ermeto-ong-8mm-g1-8-ren-hinh-tru/","https://vongbicongnghiep.vn/wp-content/uploads/2023/03/96-0203-0058.png","[""https://vongbicongnghiep.vn/wp-content/uploads/2023/03/96-0203-0058.png"",""https://vongbicongnghiep.vn/wp-content/uploads/2023/03/kt-96-0203-0058.png""]","","Loại thẳng/ermeto Phụ kiện thẳng đứng có ren ống hình trụ Whitworth Ø8, G1/8 Phụ kiện bắt vít thẳng theo DIN 2353 với ren ống Whitworth.","[]","257000","out_of_stock","vongbicongnghiep.vn-wc-store-api-category-search-skf","2026-04-29T13:49:31.428Z"
"41315","SKF","LL/506-108-VS-SKF","LL/506-108-VS-SKF","LL506108VSSKF","Đầu nối góc SKF 506-108-VS","HỆ THỐNG BÔI TRƠN","HỆ THỐNG BÔI TRƠN | Phụ kiện bơm mỡ SKF","93","he-thong-boi-tron","https://vongbicongnghiep.vn/san-pham/dau-noi-dau-vao-506-108-vs-goc-90-loai-day-ong-6mm-g1-8-banjo/","https://vongbicongnghiep.vn/wp-content/uploads/2023/03/506-108-VS.png","[""https://vongbicongnghiep.vn/wp-content/uploads/2023/03/506-108-VS.png"",""https://vongbicongnghiep.vn/wp-content/uploads/2023/03/kich-thuoc-506-108-VS.png"",""https://vongbicongnghiep.vn/wp-content/uploads/2023/03/506-108-VS.png""]","","Góc 90° đẩy để kết nối, có ren trụ (VS) với Ø6 - G1/8 cho dầu mỡ","[]","274000","out_of_stock","vongbicongnghiep.vn-wc-store-api-category-search-skf","2026-04-29T13:49:31.428Z"
"41319","SKF","LL/853-380-003-VS-SKF","LL/853-380-003-VS-SKF","LL853380003VSSKF","Đầu nối nhanh góc 90 độ SKF 853-380-003-VS","HỆ THỐNG BÔI TRƠN","HỆ THỐNG BÔI TRƠN | Phụ kiện bơm mỡ SKF","93","he-thong-boi-tron","https://vongbicongnghiep.vn/san-pham/dau-noi-nhanh-goc-90-do-skf-853-380-003-vs/","https://vongbicongnghiep.vn/wp-content/uploads/2023/03/Screenshot-2023-03-17-141547.png","[""https://vongbicongnghiep.vn/wp-content/uploads/2023/03/Screenshot-2023-03-17-141547.png""]","","Nối góc 90 độ Chiều dài 19MM Đường kính 6mm Chiều cao 35mm Vật liệu xử lý bề mặt kẽm-niken","[]","132000","out_of_stock","vongbicongnghiep.vn-wc-store-api-category-search-skf","2026-04-29T13:49:31.428Z"
"41316","SKF","LL/853-380-002-SKF","LL/853-380-002-SKF","LL853380002SKF","Đầu nối nhanh SKF 853-380-002","HỆ THỐNG BÔI TRƠN","HỆ THỐNG BÔI TRƠN | Phụ kiện bơm mỡ SKF","93","he-thong-boi-tron","https://vongbicongnghiep.vn/san-pham/dau-noi-nhanh-skf-853-380-002/","https://vongbicongnghiep.vn/wp-content/uploads/2023/03/SKF_853-VS-515Wx515H.jpg","[""https://vongbicongnghiep.vn/wp-content/uploads/2023/03/SKF_853-VS-515Wx515H.jpg"",""https://vongbicongnghiep.vn/wp-content/uploads/2023/03/ban-ve-tay-ao-.png""]","","","[]","58000","out_of_stock","vongbicongnghiep.vn-wc-store-api-category-search-skf","2026-04-29T13:49:31.428Z"
"41310","SKF","LL/406-423W-VS-SKF","LL/406-423W-VS-SKF","LL406423WVSSKF","Đầu nối đầu vào SKF 406-423W-VS","HỆ THỐNG BÔI TRƠN","HỆ THỐNG BÔI TRƠN | Phụ kiện bơm mỡ SKF","93","he-thong-boi-tron","https://vongbicongnghiep.vn/san-pham/dau-noi-dau-vao-loai-thang-day-406-423w-vs-ong-6mm-g1-8/","https://vongbicongnghiep.vn/wp-content/uploads/2023/03/406-423W-VS.png","[""https://vongbicongnghiep.vn/wp-content/uploads/2023/03/406-423W-VS.png""]","","Đẩy để kết nối phụ kiện; Đường kính ngoài ống 6mm; Kết nối R1/8; Gioăng cao su Nitrile; Chất liệu đồng thau; Áp suất tối đa 300Bar.","[]","147000","out_of_stock","vongbicongnghiep.vn-wc-store-api-category-search-skf","2026-04-29T13:49:31.428Z"
"41312","SKF","LL/853-380-002-VS-SKF","LL/853-380-002-VS-SKF","LL853380002VSSKF","Đầu nối nhanh SKF 853-380-002-VS","HỆ THỐNG BÔI TRƠN","HỆ THỐNG BÔI TRƠN | Phụ kiện bơm mỡ SKF","93","he-thong-boi-tron","https://vongbicongnghiep.vn/san-pham/dau-noi-nhanh-skf-853-380-002-vs/","https://vongbicongnghiep.vn/wp-content/uploads/2023/03/Screenshot-2023-03-17-134819.png","[""https://vongbicongnghiep.vn/wp-content/uploads/2023/03/Screenshot-2023-03-17-134819.png"",""https://vongbicongnghiep.vn/wp-content/uploads/2023/03/ban-ve-tay-ao-.png""]","","Kích thước ống:Ø6mm Kiểu thiết kế:thẳng Vật liệu:thép mạ kẽm Nhiệt độ hoạt động:-40 … +70°C","[]","84000","out_of_stock","vongbicongnghiep.vn-wc-store-api-category-search-skf","2026-04-29T13:49:31.428Z"
"41308","SKF","LL/223-12485-9-SKF","LL/223-12485-9-SKF","LL223124859SKF","Đầu nối đầu vào SKF 223-12485-9","HỆ THỐNG BÔI TRƠN","HỆ THỐNG BÔI TRƠN | Phụ kiện bơm mỡ SKF","93","he-thong-boi-tron","https://vongbicongnghiep.vn/san-pham/dau-noi-goc-skf-223-12485-9-goc-90-loai-ermeto-ong-6mm-g1-8/","https://vongbicongnghiep.vn/wp-content/uploads/2023/03/223-12485-9.png","[""https://vongbicongnghiep.vn/wp-content/uploads/2023/03/223-12485-9.png""]","","Góc 90°/loại ermeto – ống 6mm- G1/8","[]","177000","out_of_stock","vongbicongnghiep.vn-wc-store-api-category-search-skf","2026-04-29T13:49:31.428Z"
"41304","SKF","LL/853-540-010-SKF","LL/853-540-010-SKF","LL853540010SKF","Tay áo vít SKF 853-540-010","HỆ THỐNG BÔI TRƠN","HỆ THỐNG BÔI TRƠN | Phụ kiện bơm mỡ SKF","93","he-thong-boi-tron","https://vongbicongnghiep.vn/san-pham/tay-ao-vit-skf-853-540-010/","https://vongbicongnghiep.vn/wp-content/uploads/2023/03/tay-ao-vit.png","[""https://vongbicongnghiep.vn/wp-content/uploads/2023/03/tay-ao-vit.png"",""https://vongbicongnghiep.vn/wp-content/uploads/2023/03/tay-ao-sck.png"",""https://vongbicongnghiep.vn/wp-content/uploads/2023/03/ban-ve-tay-ao-.png""]","","Tay áo vít Chất liệu: Thép, mạ kẽm/inox 1.4571 cho các kết nối kín chất lỏng với ổ cắm ống và ống cao áp cho đường kính cáp (bên ngoài): 8,75 mm, 11,3 mm và 16,9 mm","[]","38000","out_of_stock","vongbicongnghiep.vn-wc-store-api-category-search-skf","2026-04-29T13:49:31.428Z"
"41300","SKF","LL/982-750-091-SKF","LL/982-750-091-SKF","LL982750091SKF","Ống cao áp mềm SKF 982-750-091","HỆ THỐNG BÔI TRƠN","HỆ THỐNG BÔI TRƠN | Phụ kiện bơm mỡ SKF","93","he-thong-boi-tron","https://vongbicongnghiep.vn/san-pham/ong-cao-ap-mem-skf-982-750-091/","https://vongbicongnghiep.vn/wp-content/uploads/2023/03/982-750-091-o.webp","[""https://vongbicongnghiep.vn/wp-content/uploads/2023/03/982-750-091-o.webp"",""https://vongbicongnghiep.vn/wp-content/uploads/2023/03/Screenshot-2023-03-17-114134.png""]","","","[]","132000","out_of_stock","vongbicongnghiep.vn-wc-store-api-category-search-skf","2026-04-29T13:49:31.428Z"
"41299","SKF","LL/410-407-SKF","LL/410-407-SKF","LL410407SKF","Đầu nối chữ T SKF 410-407 &#8211; ống D=10mm","HỆ THỐNG BÔI TRƠN","HỆ THỐNG BÔI TRƠN | Phụ kiện bơm mỡ SKF","93","he-thong-boi-tron","https://vongbicongnghiep.vn/san-pham/dau-noi-chu-t-skf-410-407-ong-d10mm/","https://vongbicongnghiep.vn/wp-content/uploads/2023/03/406-407-SKF-1.jpg","[""https://vongbicongnghiep.vn/wp-content/uploads/2023/03/406-407-SKF-1.jpg"",""https://vongbicongnghiep.vn/wp-content/uploads/2023/03/406-407.png""]","","","[]","591000","out_of_stock","vongbicongnghiep.vn-wc-store-api-category-search-skf","2026-04-29T13:49:31.428Z"
"41296","SKF","LL/471-110-163-SKF","LL/471-110-163-SKF","LL471110163SKF","Đầu nối SKF 471-110-163","HỆ THỐNG BÔI TRƠN","HỆ THỐNG BÔI TRƠN | Phụ kiện bơm mỡ SKF","93","he-thong-boi-tron","https://vongbicongnghiep.vn/san-pham/dau-noi-skf-471-110-163/","https://vongbicongnghiep.vn/wp-content/uploads/2023/03/471.jpg","[""https://vongbicongnghiep.vn/wp-content/uploads/2023/03/471.jpg"",""https://vongbicongnghiep.vn/wp-content/uploads/2023/03/471.jpg"",""https://vongbicongnghiep.vn/wp-content/uploads/2023/03/471-110-163.png""]","","kích thước ống: Ø10mm chủ đề bên trong: G1/4 kiểu kết nối: lắp ống không hàn Kiểu thiết kế: thẳng Loạt mô hình: L","[]","829000","out_of_stock","vongbicongnghiep.vn-wc-store-api-category-search-skf","2026-04-29T13:49:31.428Z"
"41292","SKF","LL/406-407-SKF","LL/406-407-SKF","LL406407SKF","Đầu nối chữ T SKF 406-407 &#8211; ống 6mm","HỆ THỐNG BÔI TRƠN","HỆ THỐNG BÔI TRƠN | Phụ kiện bơm mỡ SKF","93","he-thong-boi-tron","https://vongbicongnghiep.vn/san-pham/dau-noi-chu-t-skf-406-407-ong-6mm/","https://vongbicongnghiep.vn/wp-content/uploads/2023/03/406-407-SKF-1.jpg","[""https://vongbicongnghiep.vn/wp-content/uploads/2023/03/406-407-SKF-1.jpg"",""https://vongbicongnghiep.vn/wp-content/uploads/2023/03/406-407.png""]","","","[]","449000","out_of_stock","vongbicongnghiep.vn-wc-store-api-category-search-skf","2026-04-29T13:49:31.428Z"
"41289","SKF","LL/248-610.02-SKF","LL/248-610.02-SKF","LL24861002SKF","Đồng hồ áp suất SKF 248-610.02","HỆ THỐNG BÔI TRƠN","HỆ THỐNG BÔI TRƠN | Phụ kiện bơm mỡ SKF","93","he-thong-boi-tron","https://vongbicongnghiep.vn/san-pham/dong-ho-ap-suat-skf-248-610-02/","https://vongbicongnghiep.vn/wp-content/uploads/2023/03/169-140-001.png","[""https://vongbicongnghiep.vn/wp-content/uploads/2023/03/169-140-001.png"",""https://vongbicongnghiep.vn/wp-content/uploads/2023/03/Screenshot-2023-03-17-104139-1.png""]","","Đồng hồ áp suất SKF 248-610.02","[]","132000","out_of_stock","vongbicongnghiep.vn-wc-store-api-category-search-skf","2026-04-29T13:49:31.428Z"
"41287","SKF","LL/248-610.01-SKF","LL/248-610.01-SKF","LL24861001SKF","Đầu nối SKF 248-610.01","HỆ THỐNG BÔI TRƠN","HỆ THỐNG BÔI TRƠN | Phụ kiện bơm mỡ SKF","93","he-thong-boi-tron","https://vongbicongnghiep.vn/san-pham/dau-noi-skf-248-610-01/","https://vongbicongnghiep.vn/wp-content/uploads/2023/02/LAPN.png","[""https://vongbicongnghiep.vn/wp-content/uploads/2023/02/LAPN.png"",""https://vongbicongnghiep.vn/wp-content/uploads/2023/03/Screenshot-2023-03-17-102847.png""]","","","[]","484000","out_of_stock","vongbicongnghiep.vn-wc-store-api-category-search-skf","2026-04-29T13:49:31.428Z"
"41284","SKF","LL/169-140-001-SKF","LL/169-140-001-SKF","LL169140001SKF","Đồng hồ áp suất SKF 169-140-001 0-400 bar","HỆ THỐNG BÔI TRƠN","HỆ THỐNG BÔI TRƠN | Phụ kiện bơm mỡ SKF | SẢN PHẨM NỔI BẬT","93","he-thong-boi-tron","https://vongbicongnghiep.vn/san-pham/dong-ho-ap-suat-skf-169-140-001-0-400-bar/","https://vongbicongnghiep.vn/wp-content/uploads/2023/03/169-140-001.png","[""https://vongbicongnghiep.vn/wp-content/uploads/2023/03/169-140-001.png"",""https://vongbicongnghiep.vn/wp-content/uploads/2023/03/thong-so-169-140-001.png""]","","Đồng hồ áp suất SKF 169-140-001 0-400 bar","[]","2324000","out_of_stock","vongbicongnghiep.vn-wc-store-api-category-search-skf","2026-04-29T13:49:31.428Z"
"41280","SKF","LL/24-1755-2003-SKF","LL/24-1755-2003-SKF","LL2417552003SKF","Đầu chuyển đổi SKF 24-1755-2003 M20X1,5-G1/4","HỆ THỐNG BÔI TRƠN","HỆ THỐNG BÔI TRƠN | Phụ kiện bơm mỡ SKF","93","he-thong-boi-tron","https://vongbicongnghiep.vn/san-pham/dau-chuyen-doi-skf-24-1755-2003-m20x15-g1-4/","https://vongbicongnghiep.vn/wp-content/uploads/2023/03/Screenshot-2023-03-17-100556.png","[""https://vongbicongnghiep.vn/wp-content/uploads/2023/03/Screenshot-2023-03-17-100556.png"",""https://vongbicongnghiep.vn/wp-content/uploads/2023/03/Screenshot-2023-03-17-100822.png""]","","Đầu chuyển đổi SKF 24-1755-2003 M20X1,5-G1/4","[]","1426000","out_of_stock","vongbicongnghiep.vn-wc-store-api-category-search-skf","2026-04-29T13:49:31.428Z"
"41278","SKF","LL/11650650-SKF","LL/11650650-SKF","LL11650650SKF","Khớp Nối SKF TEMA FEMALE 2510 11650650","HỆ THỐNG BÔI TRƠN","HỆ THỐNG BÔI TRƠN | Phụ kiện bơm mỡ SKF","93","he-thong-boi-tron","https://vongbicongnghiep.vn/san-pham/khop-noi-skf-tema-female-2510-11650650/","https://vongbicongnghiep.vn/wp-content/uploads/2023/03/11650650.png","[""https://vongbicongnghiep.vn/wp-content/uploads/2023/03/11650650.png""]","","","[]","2181000","out_of_stock","vongbicongnghiep.vn-wc-store-api-category-search-skf","2026-04-29T13:49:31.428Z"
"41276","SKF","LL/11770460-SKF","LL/11770460-SKF","LL11770460SKF","Đầu Lọc Dầu SKF 11770460","HỆ THỐNG BÔI TRƠN","HỆ THỐNG BÔI TRƠN | Phụ kiện bơm mỡ SKF","93","he-thong-boi-tron","https://vongbicongnghiep.vn/san-pham/dau-loc-dau-skf-11770460/","https://vongbicongnghiep.vn/wp-content/uploads/2023/03/11770460.png","[""https://vongbicongnghiep.vn/wp-content/uploads/2023/03/11770460.png""]","","Link tải tài liệu Order label Order code SEALING KIT 40PGAS PUMP 11390330 SEALING KIT 40HGAS PUMP 11390310 REPAIR KIT 40PGAS PUMP 11390510 PRESSURE REDUCTION VALVE 11600700 COIL ATOS 12V 11601100 COIL ATOS 24V 11601150 DHI-631/WITHOUT COIL 11600600 LOW LEVEL SWITCH PGAS 11770470 LOW LEVEL SWITCH INDUCTIVE 10543528 INLET VALVE 11770480 6014 3/2NC-24VDC-R1/8 11601420 PLUG MPM-712 11601450 40PGAS PRESSURE BOX 11400023 RESET VALVE 11390730 SUPPORT RING 11682200 PRESSURE PISTON SEAL 11681850 PRESSURE CASE DIAPHRAGM 11770260 RESERVOIR PISTON SEAL 11682400 RESERVOIR STUD BOLT 11400650 RESERVOIR 2 KG 11770350 FILLING FILTER 11770460 FILTER 250MIC 11770415 FILLING FILTER PLUG 11400770 M12 HARNESS CABLE 11500195","[]","3261000","out_of_stock","vongbicongnghiep.vn-wc-store-api-category-search-skf","2026-04-29T13:49:31.428Z"
"41274","SKF","LAGF1-H-SKF","LAGF1-H-SKF","LAGF1HSKF","Đầu chuyển đổi SKF LAGF 1-H","HỆ THỐNG BÔI TRƠN","HỆ THỐNG BÔI TRƠN | Bơm dầu mỡ SKF | Phụ kiện bơm mỡ SKF","93","he-thong-boi-tron","https://vongbicongnghiep.vn/san-pham/dau-chuyen-doi-skf-lagf-1-h/","https://vongbicongnghiep.vn/wp-content/uploads/2023/03/LAGF-1-H.png","[""https://vongbicongnghiep.vn/wp-content/uploads/2023/03/LAGF-1-H.png""]","","Phụ kiện SKF LAGF 1-H là núm vú phụ phù hợp với chất bôi trơn đa điểm TLMP 1008 và TLMP 1018 và cho máy bơm mỡ LAGF 18 và LAGF 50.","[]","0","out_of_stock","vongbicongnghiep.vn-wc-store-api-category-search-skf","2026-04-29T13:49:31.428Z"
"41271","SKF","LAGF1-F-SKF","LAGF1-F-SKF","LAGF1FSKF","Ống dẫn dầu mỡ SKF LAGF1-F","HỆ THỐNG BÔI TRƠN","HỆ THỐNG BÔI TRƠN | Bơm dầu mỡ SKF | Phụ kiện bơm mỡ SKF","93","he-thong-boi-tron","https://vongbicongnghiep.vn/san-pham/ong-dan-dau-mo-skf-lagf1-f/","https://vongbicongnghiep.vn/wp-content/uploads/2023/03/LAGF-1-F.png","[""https://vongbicongnghiep.vn/wp-content/uploads/2023/03/LAGF-1-F.png""]","","LAGF 1-F Ống linh hoạt với núm vú phụ Phụ kiện SKF LAGF 1-F là một ống mềm có núm phụ phù hợp với TLMP Chất bôi trơn đa điểm 1008 và TLMP 1018 và cho LAGF 18 và LAGF 50 máy bơm mỡ bôi trơn.","[]","0","out_of_stock","vongbicongnghiep.vn-wc-store-api-category-search-skf","2026-04-29T13:49:31.428Z"
"41265","SKF","LL/169-000-171-SKF","LL/169-000-171-SKF","LL169000171SKF","Súng nạp mỡ SKF 169-000-171 420ml","HỆ THỐNG BÔI TRƠN","HỆ THỐNG BÔI TRƠN | Phụ kiện bơm mỡ SKF","93","he-thong-boi-tron","https://vongbicongnghiep.vn/san-pham/sung-nap-mo-skf-169-000-171-420ml/","https://vongbicongnghiep.vn/wp-content/uploads/2023/03/Screenshot-2023-03-17-082645.png","[""https://vongbicongnghiep.vn/wp-content/uploads/2023/03/Screenshot-2023-03-17-082645.png"",""https://vongbicongnghiep.vn/wp-content/uploads/2023/03/Screenshot-2023-03-17-082746.png""]","","Súng nạp mỡ SKF 169-000-171 420ml","[]","2865000","out_of_stock","vongbicongnghiep.vn-wc-store-api-category-search-skf","2026-04-29T13:49:31.428Z"
"41259","SKF","LL/169-000-174-SKF","LL/169-000-174-SKF","LL169000174SKF","SKF Đầu kết 169-000-174","Phụ kiện bơm mỡ SKF","Phụ kiện bơm mỡ SKF","93","he-thong-boi-tron","https://vongbicongnghiep.vn/san-pham/skf-dau-ket-169-000-174/","https://vongbicongnghiep.vn/wp-content/uploads/2023/03/169-000-174.png","[""https://vongbicongnghiep.vn/wp-content/uploads/2023/03/169-000-174.png""]","","SKF Đầu kết 169-000-174 Sự miêu tả Ký hiệu đặt hàng thích hợp để đổ đầy bộ phận bơm Piston SKF-KFG M20x1,5 169-000-174","[]","1152000","out_of_stock","vongbicongnghiep.vn-wc-store-api-category-search-skf","2026-04-29T13:49:31.428Z"
"41255","SKF","LL/161-210-046-SKF","LL/161-210-046-SKF","LL161210046SKF","SKF Van giảm áp 161-210-046","Phụ kiện bơm mỡ SKF","Phụ kiện bơm mỡ SKF","93","he-thong-boi-tron","https://vongbicongnghiep.vn/san-pham/skf-van-giam-ap-161-210-046/","https://vongbicongnghiep.vn/wp-content/uploads/2023/03/161-210-046.png","[""https://vongbicongnghiep.vn/wp-content/uploads/2023/03/161-210-046.png""]","","SKF Van giảm áp 161-210-046 Safety valve/6mm/300 bar/Manometer","[]","6709000","out_of_stock","vongbicongnghiep.vn-wc-store-api-category-search-skf","2026-04-29T13:49:31.428Z"
"41254","SKF","LL/161-210-014-SKF","LL/161-210-014-SKF","LL161210014SKF","SKF Van giảm áp 161-210-014","Phụ kiện bơm mỡ SKF","Phụ kiện bơm mỡ SKF","93","he-thong-boi-tron","https://vongbicongnghiep.vn/san-pham/skf-van-giam-ap-161-210-014/","https://vongbicongnghiep.vn/wp-content/uploads/2023/03/161-210-012.png","[""https://vongbicongnghiep.vn/wp-content/uploads/2023/03/161-210-012.png"",""https://vongbicongnghiep.vn/wp-content/uploads/2023/03/161-210-012-1.png"",""https://vongbicongnghiep.vn/wp-content/uploads/2023/03/161-210-012-3.png"",""https://vongbicongnghiep.vn/wp-content/uploads/2023/03/161-210-012-PL-1.png""]","","SKF Van giảm áp 161-210-014 – cho ống-Ø: 6 mm – Áp suất mở: 300 bar – Thép, mạ kẽm – Có núm tra mỡ","[]","2679000","out_of_stock","vongbicongnghiep.vn-wc-store-api-category-search-skf","2026-04-29T13:49:31.428Z"
"41253","SKF","LL/161-210-016-SKF","LL/161-210-016-SKF","LL161210016SKF","SKF Van giảm áp 161-210-016","Phụ kiện bơm mỡ SKF","Phụ kiện bơm mỡ SKF","93","he-thong-boi-tron","https://vongbicongnghiep.vn/san-pham/skf-van-giam-ap-161-210-016/","https://vongbicongnghiep.vn/wp-content/uploads/2023/03/161-210-012.png","[""https://vongbicongnghiep.vn/wp-content/uploads/2023/03/161-210-012.png"",""https://vongbicongnghiep.vn/wp-content/uploads/2023/03/161-210-012-PL-1.png"",""https://vongbicongnghiep.vn/wp-content/uploads/2023/03/161-210-012-1.png"",""https://vongbicongnghiep.vn/wp-content/uploads/2023/03/161-210-012-3.png""]","","SKF Van giảm áp 161-210-016 – for pipe-Ø: 10 mm – Opening pressure: 300 bar – Steel, galvanized – Without greasing nipple 161-210-016 – cho ống-Ø: 10 mm – Áp suất mở: 300 bar – Thép, mạ kẽm – Không có núm vặn mỡ","[]","2258000","out_of_stock","vongbicongnghiep.vn-wc-store-api-category-search-skf","2026-04-29T13:49:31.428Z"
"41247","SKF","LL/161-210-012-SKF","LL/161-210-012-SKF","LL161210012SKF","SKF Van giảm áp 161-210-012","Phụ kiện bơm mỡ SKF","Phụ kiện bơm mỡ SKF","93","he-thong-boi-tron","https://vongbicongnghiep.vn/san-pham/skf-van-giam-ap-161-210-012/","https://vongbicongnghiep.vn/wp-content/uploads/2023/03/161-210-012.png","[""https://vongbicongnghiep.vn/wp-content/uploads/2023/03/161-210-012.png"",""https://vongbicongnghiep.vn/wp-content/uploads/2023/03/161-210-012-PL-1.png"",""https://vongbicongnghiep.vn/wp-content/uploads/2023/03/161-210-012-3.png"",""https://vongbicongnghiep.vn/wp-content/uploads/2023/03/161-210-012-1.png""]","","SKF Van giảm áp 161-210-012 – Dùng cho ống-Ø: 6 mm – Áp suất crackinh: 300 bar – Thép mạ kẽm – Không có núm vặn Mỡ","[]","2529000","out_of_stock","vongbicongnghiep.vn-wc-store-api-category-search-skf","2026-04-29T13:49:31.428Z"
"41246","SKF","LL/KFG1.U4-SKF","LL/KFG1.U4-SKF","LLKFG1U4SKF","Pít-tông cho bơm KFG: KFG1.U4","Phụ kiện bơm mỡ SKF","Phụ kiện bơm mỡ SKF","93","he-thong-boi-tron","https://vongbicongnghiep.vn/san-pham/pit-tong-cho-bom-kfg-kfg1-u4/","https://vongbicongnghiep.vn/wp-content/uploads/2023/03/KFG1-1.png","[""https://vongbicongnghiep.vn/wp-content/uploads/2023/03/KFG1-1.png""]","","Pít-tông cho bơm KFG: KFG1.U4 Pump element/0,8ccm/min Max. Pressure 200 bars","[]","4485000","out_of_stock","vongbicongnghiep.vn-wc-store-api-category-search-skf","2026-04-29T13:49:31.429Z"
"41245","SKF","LL/KFG1.U3-SKF","LL/KFG1.U3-SKF","LLKFG1U3SKF","Pít-tông cho bơm KFG: KFG1.U3","Phụ kiện bơm mỡ SKF","Phụ kiện bơm mỡ SKF","93","he-thong-boi-tron","https://vongbicongnghiep.vn/san-pham/pit-tong-cho-bom-kfg-kfg1-u3/","https://vongbicongnghiep.vn/wp-content/uploads/2023/03/KFG1-1-1.png","[""https://vongbicongnghiep.vn/wp-content/uploads/2023/03/KFG1-1-1.png""]","","Pít-tông cho bơm KFG: KFG1.U3 Pump element/1,3ccm/min Max. Pressure 200 bars","[]","4280000","out_of_stock","vongbicongnghiep.vn-wc-store-api-category-search-skf","2026-04-29T13:49:31.429Z"
"41244","SKF","LL/KFG1.U2-SKF","LL/KFG1.U2-SKF","LLKFG1U2SKF","Pít-tông cho bơm KFG: KFG1.U2","Phụ kiện bơm mỡ SKF","Phụ kiện bơm mỡ SKF","93","he-thong-boi-tron","https://vongbicongnghiep.vn/san-pham/pit-tong-cho-bom-kfg-kfg1-u2/","https://vongbicongnghiep.vn/wp-content/uploads/2023/03/KFG1-1-1.png","[""https://vongbicongnghiep.vn/wp-content/uploads/2023/03/KFG1-1-1.png""]","","Pít-tông cho bơm KFG: KFG1.U2 Pump element/1,8ccm/min Max. Pressure 200 bars","[]","3998000","out_of_stock","vongbicongnghiep.vn-wc-store-api-category-search-skf","2026-04-29T13:49:31.429Z"
"41242","SKF","LL/KFG1.U1-SKF","LL/KFG1.U1-SKF","LLKFG1U1SKF","Pít-tông cho bơm KFG: KFG1.U1","Phụ kiện bơm mỡ SKF","Phụ kiện bơm mỡ SKF","93","he-thong-boi-tron","https://vongbicongnghiep.vn/san-pham/pit-tong-cho-bom-kfg-kfg1-u1/","https://vongbicongnghiep.vn/wp-content/uploads/2023/03/KFG1-1-1.png","[""https://vongbicongnghiep.vn/wp-content/uploads/2023/03/KFG1-1-1.png""]","","Pít-tông cho bơm KFG: KFG1.U1 Pump element/2,5ccm/min Max. Pressure 200 bars","[]","5508000","out_of_stock","vongbicongnghiep.vn-wc-store-api-category-search-skf","2026-04-29T13:49:31.429Z"
"41238","SKF","LL/KFG1.U0-SKF","LL/KFG1.U0-SKF","LLKFG1U0SKF","Pít-tông cho bơm KFG: KFG1.U0","Phụ kiện bơm mỡ SKF","Phụ kiện bơm mỡ SKF","93","he-thong-boi-tron","https://vongbicongnghiep.vn/san-pham/pit-tong-cho-bom-kfg-kfg1-u0/","https://vongbicongnghiep.vn/wp-content/uploads/2023/03/KFG1-1.png","[""https://vongbicongnghiep.vn/wp-content/uploads/2023/03/KFG1-1.png""]","","Pít-tông cho bơm KFG: KFG1.U0 Pump element/5ccm/min Max. Pressure 200 bars","[]","4797000","out_of_stock","vongbicongnghiep.vn-wc-store-api-category-search-skf","2026-04-29T13:49:31.429Z"
"41236","SKF","LL/997-000-630-SKF","LL/997-000-630-SKF","LL997000630SKF","Đầu nối-cáp 7pin-12m: 997-000-630","Phụ kiện bơm mỡ SKF","Phụ kiện bơm mỡ SKF","93","he-thong-boi-tron","https://vongbicongnghiep.vn/san-pham/dau-noi-cap-7pin-12m-997-000-630/","https://vongbicongnghiep.vn/wp-content/uploads/2023/03/997-000-630.png","[""https://vongbicongnghiep.vn/wp-content/uploads/2023/03/997-000-630.png""]","","Đầu nối-cáp 7pin-12m: 997-000-630","[]","8018000","out_of_stock","vongbicongnghiep.vn-wc-store-api-category-search-skf","2026-04-29T13:49:31.429Z"
"41234","SKF","LL/179-990-663-SKF","LL/179-990-663-SKF","LL179990663SKF","Đầu nối &#8211; kết nối với máy bơm 179-990-663","Phụ kiện bơm mỡ SKF","Phụ kiện bơm mỡ SKF","93","he-thong-boi-tron","https://vongbicongnghiep.vn/san-pham/dau-noi-ket-noi-voi-may-bom-179-990-663/","https://vongbicongnghiep.vn/wp-content/uploads/2023/03/179-990-663.png","[""https://vongbicongnghiep.vn/wp-content/uploads/2023/03/179-990-663.png""]","","Đầu nối – kết nối với máy bơm: 179-990-663","[]","949000","out_of_stock","vongbicongnghiep.vn-wc-store-api-category-search-skf","2026-04-29T13:49:31.429Z"
"41232","SKF","LL/997-000-185-SKF","LL/997-000-185-SKF","LL997000185SKF","Bộ cáp kết nối máy bơm KFG và bộ điều khiển IG502: 997-000-185","Phụ kiện bơm mỡ SKF","Phụ kiện bơm mỡ SKF","93","he-thong-boi-tron","https://vongbicongnghiep.vn/san-pham/bo-cap-ket-noi-may-bom-kfg-va-bo-dieu-khien-ig502-997-000-185/","https://vongbicongnghiep.vn/wp-content/uploads/2023/03/997-000-185.png","[""https://vongbicongnghiep.vn/wp-content/uploads/2023/03/997-000-185.png""]","","Bộ cáp kết nối máy bơm KFG và bộ điều khiển IG502: 997-000-185","[]","6926000","out_of_stock","vongbicongnghiep.vn-wc-store-api-category-search-skf","2026-04-29T13:49:31.429Z"
"41227","SKF","LL/IG 502-2-E+924-SKF","LL/IG 502-2-E+924-SKF","LLIG5022E924SKF","Bộ điều khiển bơm mỡ SKF IG502-2-E+924","Phụ kiện bơm mỡ SKF","Phụ kiện bơm mỡ SKF","93","he-thong-boi-tron","https://vongbicongnghiep.vn/san-pham/bo-dieu-khien-bom-mo-skf-ig502-2-e924/","https://vongbicongnghiep.vn/wp-content/uploads/2023/03/IG502-2-E924.png","[""https://vongbicongnghiep.vn/wp-content/uploads/2023/03/IG502-2-E924.png""]","","Bộ điều khiển bơm mỡ SKF IG502-2-E+924 Bộ điều khiển bên ngoài, 24VDC IG502-2-E Thiết bị giám sát và điều khiển đa năng cho xe Để sử dụng trong các hệ thống bôi trơn một dòng và lũy tiến IG 502-2-E là một thiết bị giám sát và điều khiển phổ quát cho các phương tiện và phù hợp để bôi trơn tập trung trong các hệ thống một dòng và lũy tiến. Thiết bị nhỏ gọn được trang bị bảng hiển thị để cài đặt tham số và theo dõi chức năng. Các chế độ vận hành khác nhau, chẳng hạn như chức năng hẹn giờ, bộ đếm và giám sát cho công tắc áp suất và chu kỳ, có thể lập trình được. Thiết bị có bộ nhớ dữ liệu riêng độc lập với điện áp cung cấp. Để tránh ảnh hưởng từ môi trường, nên lắp đặt thiết bị bên trong tủ. Bộ điều khiển bên ngoài được kết nối với máy bơm KFB qua cáp 997-000-185 Tải tài liệu IG502-2-E TECHNICAL DATA Function principle control and monitoring device Operating temperature –25 to +75 °C -13 to +167 °F Storage temperature –10 to +70 °C +14 to 158 °F Max control voltage 12 or 24 V DC Contact load connector M 5 A at 12 or 24 V DC SL-output 4 W Fuse protection max. 5 A Pause time adjustable, 0,1-99,9 h Pump running time adjustable, 0,1-99,9 min Impulses adjustable, 1-999 Operation hours storage 0-99999,9 h Operation-failed hours storage 0-99999,9 h Protection class IP 20 DIN 40050, plug IP 00 Dimensions 138 × 65 × 40 mm 5.43 × 2.56 × 1.57 in Mounting position any ORDER INFORMATION Part number Description IG 502-2-E+912 Controller 12 V DC IG 502-2-E+924 Controller 24 V DC 997-000-185 Wire set","[]","0","out_of_stock","vongbicongnghiep.vn-wc-store-api-category-search-skf","2026-04-29T13:49:31.429Z"
"41223","SKF","KFGS1MX1XXXXEB+486-SKF","KFGS1MX1XXXXEB+486-SKF","KFGS1MX1XXXXEB486SKF","Bơm mỡ SKF KFGS1MX1XXXXEB+486","Bơm dầu mỡ SKF","Bơm dầu mỡ SKF","93","he-thong-boi-tron","https://vongbicongnghiep.vn/san-pham/bom-mo-skf-kfgs1mx1xxxxeb486/","https://vongbicongnghiep.vn/wp-content/uploads/2023/03/KFGS1MX1XXXXEB486.png","[""https://vongbicongnghiep.vn/wp-content/uploads/2023/03/KFGS1MX1XXXXEB486.png""]","","Bơm mỡ SKF KFGS1MX1XXXXEB+486 Pump/Industry/Control unit/2kg container/Mechanical level switch/230VAC Máy bơm/Công nghiệp/Bộ điều khiển/Thùng chứa 2kg/Công tắc mức cơ/230VAC Tải tài liệu thông số bơm mỡ KFG","[]","0","out_of_stock","vongbicongnghiep.vn-wc-store-api-category-search-skf","2026-04-29T13:49:31.429Z"
"41187","SKF","LGFG 2/MR380-SKF","LGFG 2/MR380-SKF","LGFG2MR380SKF","Mỡ bôi trơn SKF LGFG 2/MR380","Mỡ bôi trơn SKF","Mỡ bôi trơn SKF","93","he-thong-boi-tron","https://vongbicongnghiep.vn/san-pham/mo-boi-tron-skf-lgfg-2-mr380/","https://vongbicongnghiep.vn/wp-content/uploads/2023/02/094505bf4b5dc3fa.png","[""https://vongbicongnghiep.vn/wp-content/uploads/2023/02/094505bf4b5dc3fa.png""]","","Mỡ bôi trơn SKF LGFG 2/MR380 Bộ nạp tiền TLMR Bộ này chứa đầy mỡ ổ trục tương thích với thực phẩm SKF LGFG 2 được khuyên dùng cho các ứng dụng trong ngành thực phẩm và đồ uống. Bộ nạp lại SKF TLMR có hai phiên bản: dành cho TLMR 201 và TLMR 101. Bộ này chứa một hộp chứa đầy một lượng mỡ 120 hoặc 380 ml. Đối với bộ nạp tiền TLMR 101, một bộ pin được bao gồm và các ký hiệu kết thúc bằng B Dimensions Lubricant quantity 380 ml Performance Product weight 0.52 kg Properties Ambient temperature range –25 to +70 °C Lubricant LGFG 2 Lubricant description General purpose food grade grease Lubricant operating temperature range –30 to +140 °C NLGI consistency class 2 Shelf life 3 year","[]","1643000","in_stock","vongbicongnghiep.vn-wc-store-api-category-search-skf","2026-04-29T13:49:31.429Z"
"41180","SKF","LAGD 125/HP2-SKF","LAGD 125/HP2-SKF","LAGD125HP2SKF","Mỡ bôi trơn tự động LAGD 125/HP2","Mỡ bôi trơn SKF","Mỡ bôi trơn SKF","93","he-thong-boi-tron","https://vongbicongnghiep.vn/san-pham/mo-boi-tron-tu-dong-lagd-125-hp2/","https://vongbicongnghiep.vn/wp-content/uploads/2023/02/PR16771BI16732_lagd125_hp2_skf_SKF_LAGD_125_HP2_High_Performance_LGHP_2_Grease_125_IMD__62102.1672761731.png","[""https://vongbicongnghiep.vn/wp-content/uploads/2023/02/PR16771BI16732_lagd125_hp2_skf_SKF_LAGD_125_HP2_High_Performance_LGHP_2_Grease_125_IMD__62102.1672761731.png""]","","Bộ bôi trơn tự động một điểm điều khiển bằng khí SKF LAGD 125/HP2 SKF SYSTEM 24 chất bôi trơn tự động một điểm điều khiển bằng khí LAGD 125/HP2 chứa đầy mỡ SKF LGHP 2 dành cho nhiệt độ cao và tốc độ cao được khuyên dùng cho động cơ điện, quạt và máy bơm. Chất bôi trơn tự động một điểm dẫn động bằng khí của chúng tôi có nhiều cấu hình, được đổ sẵn chất bôi trơn SKF hoặc rỗng, thích hợp để đổ đầy dầu. Với kích hoạt không cần công cụ và cài đặt thời gian, chúng cho phép tái bôi trơn dễ dàng, an toàn và chính xác. SKF SYSTEM 24 Các thiết bị được cung cấp sẵn sàng để sử dụng ngay từ hộp và chứa đầy đủ loại chất bôi trơn SKF hiệu suất cao. Kích hoạt không cần dụng cụ và cài đặt thời gian cho phép điều chỉnh lưu lượng bôi trơn dễ dàng và chính xác. Các tính năng và lợi ích • Tỷ lệ phân phối linh hoạt từ 1 đến 12 tháng • ATEX vùng 0 đã được phê duyệt • Hộp chứa chất bôi trơn trong suốt cho phép kiểm tra trực quan tỷ lệ phân phối • Kích thước nhỏ gọn, cho phép lắp đặt ở những khu vực hạn chế Video sử dụng sản phẩm Tài liệu liên quan: Catalog mỡ bôi trơn tự động System 24 Catalog LAGD series Hướng dẫn sử dụng nhanh LAGD Hướng dẫn sử dụng LAGD Thông số Kỹ thuật của dòng mỡ LAGD Chi tiết đặt hàng Mô tả Mô tả Mô tả Mỡ Dung tích 60 ml Dung tích 120 ml LGWA 2 Mỡ đa năng LAGD 60/WA2 LAGD 125/WA2 LGEM 2 Mỡ tải trọng cao, tốc độ chậm LAGD 60/EM2 LAGD 125/EM2 LGGB 2 Mỡ Phân hủy sinh học – LAGD 125/GB2 LGHB 2 Mỡ dùng cho ứng dụng nhiệt độ cao, tải cao, phù hợp vòng bi GE LAGD 60/HB2 LAGD 125/HB2 LGHQ 2 Mỡ hiệu suất cao, nhiệt độ cao LAGD 60/HQ2 LAGD 125/HQ2 LGFP 2 Mỡ thực phẩm, đa năng LAGD 60/FP2 LAGD 125/FP2 LGWM 2 Mỡ chịu tải cao, dải nhiệt độ rộng – LAGD 125/WM2 LGFQ 2 Mỡ thực phẩm, tải cao, nhiệt độ rộng – LAGD 125/FQ2 Dầu xích LHMT 68 Dầu có nhiệt độ trung bình LAGD 60/HMT68* LAGD 125/HMT68* LHHT 250 Dầu nhiệt độ cao – LAGD 125/HT250* LFFM 100 Dầu cho ngành thực phẩm, NSF H1 – LAGD 125/FM100* LFFT 220 Dầu cho ngành thực phẩm, NSF H1 – LAGD 125/FT220* Thông số Kỹ thuật Ký hiệu LAGD 60 và LAGD 125 Dung tích hộp mỡ LAGD 60 60 ml (2 US fl. oz) LAGD 125 125 ml (4.2 US fl. oz) Thời gian hộp mỡ hoạt động Điều chỉnh; 1–12 tháng Nhiệt độ môi trường xung quanh –20 đến +60 °C (–5 đến +140 °F) Áp suất hoạt động lớn nhất 5 bar (75 psi) Cơ chế hoạt động Pin khí, khí trơ Ren liên kết R1/4 Độ dài đường cấp tối đa Mỡ 300 mm (11.8 in.) dầu 1 500 mm (59.1 in.) Chứng chỉ kiểm tra EC DEKRA 21ATEX0015 X Khả năng kháng nước IP 68 Nhiệt độ bảo quản 20 °C (70 °F) Thời gian lưu kho 2 years Trọng lượng LAGD 125 approx 200 g (7.1 oz) LAGD 60 approx 130 g (4.6 oz) Đã bao gồm mỡ bên trong","[]","801000","out_of_stock","vongbicongnghiep.vn-wc-store-api-category-search-skf","2026-04-29T13:49:31.430Z"
"41176","SKF","LAGD 125/HQ2-SKF","LAGD 125/HQ2-SKF","LAGD125HQ2SKF","Mỡ bôi trơn tự động LAGD 125/HQ2","Mỡ bôi trơn SKF","Mỡ bôi trơn SKF","93","he-thong-boi-tron","https://vongbicongnghiep.vn/san-pham/mo-boi-tron-tu-dong-lagd-125-hq2/","https://vongbicongnghiep.vn/wp-content/uploads/2023/02/LAGD125HQ.png","[""https://vongbicongnghiep.vn/wp-content/uploads/2023/02/LAGD125HQ.png""]","","Bộ bôi trơn tự động một điểm điều khiển bằng khí SKF LAGD 125/HQ2 SKF SYSTEM 24 chất bôi trơn tự động một điểm điều khiển bằng khí LAGD 125/HQ2 chứa đầy mỡ SKF LGHQ 2 dành cho nhiệt độ cao và tốc độ cao được khuyên dùng cho động cơ điện, quạt và máy bơm. Chất bôi trơn tự động một điểm dẫn động bằng khí của chúng tôi có nhiều cấu hình, được đổ sẵn chất bôi trơn SKF hoặc rỗng, thích hợp để đổ đầy dầu. Với kích hoạt không cần công cụ và cài đặt thời gian, chúng cho phép tái bôi trơn dễ dàng, an toàn và chính xác. SKF SYSTEM 24 Các thiết bị được cung cấp sẵn sàng để sử dụng ngay từ hộp và chứa đầy đủ loại chất bôi trơn SKF hiệu suất cao. Kích hoạt không cần dụng cụ và cài đặt thời gian cho phép điều chỉnh lưu lượng bôi trơn dễ dàng và chính xác. Các tính năng và lợi ích • Tỷ lệ phân phối linh hoạt từ 1 đến 12 tháng • ATEX vùng 0 đã được phê duyệt • Hộp chứa chất bôi trơn trong suốt cho phép kiểm tra trực quan tỷ lệ phân phối • Kích thước nhỏ gọn, cho phép lắp đặt ở những khu vực hạn chế Video sử dụng sản phẩm Tài liệu liên quan: Catalog mỡ bôi trơn tự động System 24 Catalog LAGD series Hướng dẫn sử dụng nhanh LAGD Hướng dẫn sử dụng LAGD Thông số Kỹ thuật của dòng mỡ LAGD Chi tiết đặt hàng Mô tả Mô tả Mô tả Mỡ Dung tích 60 ml Dung tích 120 ml LGWA 2 Mỡ đa năng LAGD 60/WA2 LAGD 125/WA2 LGEM 2 Mỡ tải trọng cao, tốc độ chậm LAGD 60/EM2 LAGD 125/EM2 LGGB 2 Mỡ Phân hủy sinh học – LAGD 125/GB2 LGHB 2 Mỡ dùng cho ứng dụng nhiệt độ cao, tải cao, phù hợp vòng bi GE LAGD 60/HB2 LAGD 125/HB2 LGHQ 2 Mỡ hiệu suất cao, nhiệt độ cao LAGD 60/HQ2 LAGD 125/HQ2 LGFP 2 Mỡ thực phẩm, đa năng LAGD 60/FP2 LAGD 125/FP2 LGWM 2 Mỡ chịu tải cao, dải nhiệt độ rộng – LAGD 125/WM2 LGFQ 2 Mỡ thực phẩm, tải cao, nhiệt độ rộng – LAGD 125/FQ2 Dầu xích LHMT 68 Dầu có nhiệt độ trung bình LAGD 60/HMT68* LAGD 125/HMT68* LHHT 250 Dầu nhiệt độ cao – LAGD 125/HT250* LFFM 100 Dầu cho ngành thực phẩm, NSF H1 – LAGD 125/FM100* LFFT 220 Dầu cho ngành thực phẩm, NSF H1 – LAGD 125/FT220* Thông số Kỹ thuật Ký hiệu LAGD 60 và LAGD 125 Dung tích hộp mỡ LAGD 60 60 ml (2 US fl. oz) LAGD 125 125 ml (4.2 US fl. oz) Thời gian hộp mỡ hoạt động Điều chỉnh; 1–12 tháng Nhiệt độ môi trường xung quanh –20 đến +60 °C (–5 đến +140 °F) Áp suất hoạt động lớn nhất 5 bar (75 psi) Cơ chế hoạt động Pin khí, khí trơ Ren liên kết R1/4 Độ dài đường cấp tối đa Mỡ 300 mm (11.8 in.) dầu 1 500 mm (59.1 in.) Chứng chỉ kiểm tra EC DEKRA 21ATEX0015 X Khả năng kháng nước IP 68 Nhiệt độ bảo quản 20 °C (70 °F) Thời gian lưu kho 2 years Trọng lượng LAGD 125 approx 200 g (7.1 oz) LAGD 60 approx 130 g (4.6 oz) Đã bao gồm mỡ bên trong","[]","835000","in_stock","vongbicongnghiep.vn-wc-store-api-category-search-skf","2026-04-29T13:49:31.430Z"
"41095","SKF","LAHD 500-SKF","LAHD 500-SKF","LAHD500SKF","Bơm mỡ LAHD 500","Dụng cụ bôi trơn","Dụng cụ bôi trơn","93","he-thong-boi-tron","https://vongbicongnghiep.vn/san-pham/bom-mo-lahd-500/","https://vongbicongnghiep.vn/wp-content/uploads/2023/02/0901d19680153187_png_highpreview.png","[""https://vongbicongnghiep.vn/wp-content/uploads/2023/02/0901d19680153187_png_highpreview.png""]","","Tự động điều chỉnh mức dầu bôi trơn tối ưu Bộ định mức dầu SKF LAHD 500 và LAHD 1000 được thiết kế để tự động bù lượng dầu bị bay hơi và rò rỉ trong các điều kiện vận hành. Điều này giúp duy trì mức dầu chính xác trong vỏ ổ trục, hộp số, cacte hoặc ứng dụng tắm dầu tương tự. Dòng SKF LAHD tối ưu hóa hiệu suất của máy và tăng tuổi thọ của chúng. Hơn nữa, chúng nâng cao khả năng kiểm tra trực quan chính xác mức dầu. TECHNICAL DATA Designation LAHD 500 / LAHD 1000 Boundary dimensions – LAHD 500 Ø 91 mm x 290 mm high (3.6 x 11.4 in.) – LAHD 1000 Ø 122 mm x 290 mm high (4.8 x 11.4 in.) Reservoir volume – LAHD 500 500 ml (17 US fl. oz) – LAHD 1000 1 000 ml (34 US fl. oz) Container material Polycarbonate Allowed temperature range – 20 to 70 °C (-4 to 158 °F) Permissible humidity 0 – 100 % Length of connecting tube 600 mm (23.5 in.) Connection thread G 1/2 Tube material Polyurethane O-ring material NBR – 70 Shore Gaskets NBR – 80 Shore 6 pieces Other material Aluminum, Bronze, Stainless Steel Suitable lubricating oil types Mineral and synthetic oils","[]","11172000","out_of_stock","vongbicongnghiep.vn-wc-store-api-category-search-skf","2026-04-29T13:49:31.430Z"
"41083","SKF","TMCD 1/2R-SKF","TMCD 1/2R-SKF","TMCD12RSKF","TMCD 1/2R","Bơm dầu mỡ SKF","Bơm dầu mỡ SKF","93","he-thong-boi-tron","https://vongbicongnghiep.vn/san-pham/dong-ho-hien-thi-hanh-trinh-piston-skf-tmcd-1-2r/","https://vongbicongnghiep.vn/wp-content/uploads/2023/02/094fbeabcf9b2a0f.png","[""https://vongbicongnghiep.vn/wp-content/uploads/2023/02/094fbeabcf9b2a0f.png""]","","Đồng hồ hiển thị hành trình Piston SKF: TMCD Thiết bị CMCD của SKF được sử dụng để đo hành trình dọc trục của piston trong thiết kế E-đai ốc thủy lực SKF. Chúng được sử dụng cùng với Phương pháp tăng tốc SKF. TMCD 10R: Chỉ báo quay số ngang (0–10 mm) TMCD 5P: Chỉ báo quay số dọc (0–5 mm) TMCD 1 / 2R: Chỉ báo quay số ngang (0–0,5 in.) Đồng hồ hiển thị hành trình Piston SKF: TMCD 1/2R TECHNICAL DATA TMCD 1/2R Designation TMCD 1/2R Measuring range 0 – 0.5 in Resolution 0,001 in Scaling 0 -100 Length of extension pieces 10, 20, 30, 40 mm (0.4, 0.8, 1.2, 1.6 in) Outside diameter 55 mm (2.2 in) Dial position Right angle to the side face of the hydraulic nut","[]","9765000","out_of_stock","vongbicongnghiep.vn-wc-store-api-category-search-skf","2026-04-29T13:49:31.431Z"
"41082","SKF","TMCD 5P-SKF","TMCD 5P-SKF","TMCD5PSKF","Đồng hồ hiển thị hành trình Piston SKF: TMCD 5P","Bơm dầu mỡ SKF","Bơm dầu mỡ SKF","93","he-thong-boi-tron","https://vongbicongnghiep.vn/san-pham/dong-ho-hien-thi-hanh-trinh-piston-skf-tmcd-5p/","https://vongbicongnghiep.vn/wp-content/uploads/2022/05/TMCD5.png","[""https://vongbicongnghiep.vn/wp-content/uploads/2022/05/TMCD5.png""]","","Đồng hồ hiển thị hành trình Piston SKF: TMCD Thiết bị CMCD của SKF được sử dụng để đo hành trình dọc trục của piston trong thiết kế E-đai ốc thủy lực SKF. Chúng được sử dụng cùng với Phương pháp tăng tốc SKF. TMCD 10R: Chỉ báo quay số ngang (0–10 mm) TMCD 5P: Chỉ báo quay số dọc (0–5 mm) TMCD 1 / 2R: Chỉ báo quay số ngang (0–0,5 in.) TECHNICAL DATA TMCD 5P Designation TMCD 5P Measuring range 0 – 5 mm Resolution 0,01 mm Scaling 0 -100 Length of extension pieces 10, 20, 30, 40 mm (0.4, 0.8, 1.2, 1.6 in) Outside diameter 37 mm (1.5 in) Dial position Parallel to the side face of the hydraulic nut","[]","14150000","out_of_stock","vongbicongnghiep.vn-wc-store-api-category-search-skf","2026-04-29T13:49:31.431Z"
"40713","SKF","LAGD 125/HMT68-SKF","LAGD 125/HMT68-SKF","LAGD125HMT68SKF","Mỡ LAGD 125/HMT68","Mỡ bôi trơn SKF","Mỡ bôi trơn SKF","93","he-thong-boi-tron","https://vongbicongnghiep.vn/san-pham/mo-lagd-125-hmt68/","https://vongbicongnghiep.vn/wp-content/uploads/2023/02/LAGD-HMT.png","[""https://vongbicongnghiep.vn/wp-content/uploads/2023/02/LAGD-HMT.png""]","","Mơ bôi trơn LAGD 125/HMT68 SKF SYSTEM 24 chất bôi trơn tự động một điểm điều khiển bằng khí LAGD 125/HMT68 chứa đầy dầu xích khoáng chất lượng cao SKF LHMT 68 với khả năng bảo vệ chống mài mòn cao. Chất bôi trơn tự động một điểm dẫn động bằng khí của chúng tôi có nhiều cấu hình, được đổ sẵn chất bôi trơn SKF hoặc rỗng, thích hợp để đổ đầy dầu. Với kích hoạt không cần công cụ và cài đặt thời gian, chúng cho phép tái bôi trơn dễ dàng, an toàn và chính xác. Lãi suất trả góp linh hoạt từ 1 đến 12 tháng ATEX vùng 0 đã được phê duyệt Bình chứa chất bôi trơn trong suốt cho phép kiểm tra trực quan tốc độ phân phối Kích thước nhỏ gọn, phù hợp với những khu vực hạn chế Cải thiện độ tin cậy và bảo trì tối ưu Dimensions Lubricant quantity 125 ml Performance Degree of protection (IP) IP 68 Maximum feed line length 1.5 m Maximum pressure 5 bar Nominal emptying time Adjustable, 1–12 months Product weight 0.18 kg Properties Ambient temperature range –20 to +60 °C Connecting thread R 1/4 Drive mechanism Gas cell producing inert gas Intrinsically safe approval II 1G Ex ia IIC T6 Ga, II 1D Ex ia IIIC T200 85°C Da, I M1 Ex ia I Ma Lubricant LHMT 68 Lubricant description High-performance mineral chain oil Lubricant operating temperature range –20 to +100 °C Power source Gas cell Recommended applications Conveyor, Drive and Lift chains operating at medium temperatures;Ovens Recommended storage temperature 20 °C Shelf life 2 year Special features Non-return valve included","[{""name"":""brand"",""terms"":[""SKF""]}]","840000","in_stock","vongbicongnghiep.vn-wc-store-api-category-search-skf","2026-04-29T13:49:31.431Z"
"40712","SKF","LHMF 300/5-SKF","LHMF 300/5-SKF","LHMF3005SKF","Dầu bôi trơn LHMF 300/5","Mỡ bôi trơn SKF","Mỡ bôi trơn SKF","93","he-thong-boi-tron","https://vongbicongnghiep.vn/san-pham/dau-boi-tron-lhmf-300-5/","https://vongbicongnghiep.vn/wp-content/uploads/2023/02/LHMF-1.png","[""https://vongbicongnghiep.vn/wp-content/uploads/2023/02/LHMF-1.png"",""https://vongbicongnghiep.vn/wp-content/uploads/2023/02/lhmf-300-2.jpg""]","","Khi sử dụng các thiết bị thủy lực của SKF như bơm thủy lực, kim phun dầu và HMV đai ốc thủy lực, điều quan trọng là phải sử dụng đúng loại dầu để đạt hiệu suất tối ưu. Đối với các ứng dụng áp suất cao, lên đến 400 MPa (58 000 psi), SKF đã phát triển một chất lỏng lắp và chất lỏng tháo. Các chất lỏng có chỉ số độ nhớt cao, chứa chất chống ăn mòn và không tích cực đối với hầu hết các vật liệu bịt kín phổ biến như cao su nitrile, Buna N (Perbunan), da chrome, da va PTFE. • Chỉ số độ nhớt cao • Không xâm lấn đối với hầu hết các vật liệu bịt kín phổ biến • LHMF 300 có sẵn trong can 1 và 5 lít và phuy 205 lít • LHDF 900 có dạng can 5 lít và phuy 205 lít","[{""name"":""brand"",""terms"":[""SKF""]}]","3353000","in_stock","vongbicongnghiep.vn-wc-store-api-category-search-skf","2026-04-29T13:49:31.431Z"
"40711","SKF","LHMT 68/5-SKF","LHMT 68/5-SKF","LHMT685SKF","Dầu bôi trơn LHMT 68/5","Mỡ bôi trơn SKF","Mỡ bôi trơn SKF","93","he-thong-boi-tron","https://vongbicongnghiep.vn/san-pham/dau-boi-tron-lhmt-68-5/","https://vongbicongnghiep.vn/wp-content/uploads/2023/02/LHMT.png","[""https://vongbicongnghiep.vn/wp-content/uploads/2023/02/LHMT.png""]","","LHMT 68/5 Dầu xích SKF LHMT 68 SKF LHMT 68 là dầu xích gốc khoáng. Đó là lý tưởng cho nhiệt độ trung bình và môi trường nhiều bụi như xi măng và các ngành xử lý vật liệu, nơi yêu cầu độ xuyên thấu cao và màng nhẹ. Các ứng dụng điển hình:• Xích băng tải• Xích dẫn động• Xích nâng hạ Tăng tuổi thọ dây chuyền Tăng khoảng thời gian bôi trơn lại Giảm tiêu thụ dầu Giảm tiêu thụ năng lượng Recommended product SKF SYSTEM 24 gas driven single point automatic lubricator LAGD 125/HMT68 SKF SYSTEM 24 gas driven single point automatic lubricator LAGD 60/HMT68 SKF SYSTEM 24 TLSD refill set LHMT 68/SD125 SKF SYSTEM 24 TLSD refill set LHMT 68/SD250 SKF SYSTEM 24 electro-mechanical single point automatic lubricator TLSD 125/HMT68 SKF SYSTEM 24 electro-mechanical single point automatic lubricator TLSD 250/HMT68","[{""name"":""brand"",""terms"":[""SKF""]}]","2805000","out_of_stock","vongbicongnghiep.vn-wc-store-api-category-search-skf","2026-04-29T13:49:31.431Z"
"40710","SKF","LGWA 2/MR120-SKF","LGWA 2/MR120-SKF","LGWA2MR120SKF","Mỡ bôi trơn LGWA 2/MR120","Mỡ bôi trơn SKF","Mỡ bôi trơn SKF","93","he-thong-boi-tron","https://vongbicongnghiep.vn/san-pham/mo-boi-tron-lgwa-2-mr120/","https://vongbicongnghiep.vn/wp-content/uploads/2023/02/LGWA120.png","[""https://vongbicongnghiep.vn/wp-content/uploads/2023/02/LGWA120.png""]","","Bộ nạp lại TLMR Bộ này chứa đầy mỡ SKF LGWA 2 cho dải nhiệt độ rộng và áp suất cực cao, được khuyên dùng cho động cơ điện, băng tải, quạt và máy bơm. Bộ nạp lại SKF TLMR có hai phiên bản: dành cho TLMR 201 và TLMR 101. Bộ này chứa một hộp chứa đầy một lượng mỡ 120 hoặc 380 ml. Đối với bộ nạp tiền TLMR 101, một bộ pin được bao gồm và các ký hiệu kết thúc bằng B. Vặn nút sử dụng linh hoạt từ 1 đến 24 tháng Sẵn sàng sử dụng Có thể được sử dụng với tất cả các chất bôi trơn TLMR 201 Cài đặt nhanh chóng và dễ dàng","[{""name"":""brand"",""terms"":[""SKF""]}]","730000","in_stock","vongbicongnghiep.vn-wc-store-api-category-search-skf","2026-04-29T13:49:31.431Z"
"40709","SKF","LAGD 125/HB2-SKF","LAGD 125/HB2-SKF","LAGD125HB2SKF","Mỡ bôi trơn LAGD 125/HB2","Mỡ bôi trơn SKF","Mỡ bôi trơn SKF","93","he-thong-boi-tron","https://vongbicongnghiep.vn/san-pham/mo-boi-tron-lagd-125-hb2/","https://vongbicongnghiep.vn/wp-content/uploads/2023/02/LAGD-HB.png","[""https://vongbicongnghiep.vn/wp-content/uploads/2023/02/LAGD-HB.png""]","","LAGD 125/HB2 SKF SYSTEM 24 chất bôi trơn tự động một điểm điều khiển bằng khí LAGD 125/HB2 chứa đầy mỡ SKF LGHB 2 dành cho tải trọng cao, môi trường ẩm ướt và nhiệt độ cao, được khuyên dùng cho ổ trượt trơn, băng tải và các ứng dụng có tải trọng cao và tốc độ thấp. Chất bôi trơn tự động một điểm dẫn động bằng khí của chúng tôi có nhiều cấu hình, được đổ sẵn chất bôi trơn SKF hoặc rỗng, thích hợp để đổ đầy dầu. Với kích hoạt không cần công cụ và cài đặt thời gian, chúng cho phép tái bôi trơn dễ dàng, an toàn và chính xác. Lãi suất trả góp linh hoạt từ 1 đến 12 tháng ATEX vùng 0 đã được phê duyệt Bình chứa chất bôi trơn trong suốt cho phép kiểm tra trực quan tốc độ phân phối Kích thước nhỏ gọn, phù hợp với những khu vực hạn chế Cải thiện độ tin cậy và bảo trì tối ưu Dimensions Lubricant quantity 125 ml Performance Degree of protection (IP) IP 68 Maximum feed line length 0.3 m Maximum pressure 5 bar Nominal emptying time Adjustable, 1–12 months Product weight 0.2 kg Properties Ambient temperature range –20 to +60 °C Connecting thread R 1/4 Drive mechanism Gas cell producing inert gas Intrinsically safe approval II 1G Ex ia IIC T6 Ga, II 1D Ex ia IIIC T200 85°C Da, I M1 Ex ia I Ma Lubricant LGHB 2 Lubricant description High viscosity, high loads and high temperatures grease Lubricant operating temperature range –20 to +150 °C Power source Gas cell Recommended applications Plain bearings;Conveyors;Applications with high loads and low speed Recommended storage temperature 20 °C Shelf life 2 year","[{""name"":""brand"",""terms"":[""SKF""]}]","813000","in_stock","vongbicongnghiep.vn-wc-store-api-category-search-skf","2026-04-29T13:49:31.431Z"
"40698","SKF","LAPN 1/4UNF-SKF","LAPN 1/4UNF-SKF","LAPN14UNFSKF","Kép nối bơm mỡ LAPN 1/4UNF","Dụng cụ bôi trơn","Dụng cụ bôi trơn","93","he-thong-boi-tron","https://vongbicongnghiep.vn/san-pham/lapn-1-4unf-2/","https://vongbicongnghiep.vn/wp-content/uploads/2023/02/LAPN.png","[""https://vongbicongnghiep.vn/wp-content/uploads/2023/02/LAPN.png""]","","LAPN 1/4UNF Núm vú có ren nữ G 1/4 đến nam 1/4″-28 UNF Phụ kiện SKF LAPN 1/4UNF là một núm vú có ren nữ G 1/4 đến nam 1/4″-28 UNF phù hợp với chất bôi trơn tự động một điểm LAGD, TLSD, TLMR. link các sản phẩm liên quan","[{""name"":""brand"",""terms"":[""SKF""]}]","154000","in_stock","vongbicongnghiep.vn-wc-store-api-category-search-skf","2026-04-29T13:49:31.432Z"
"40697","SKF","TLGB 20-SKF","TLGB 20-SKF","TLGB20SKF","Súng bơm mỡ TLGB 20","Dụng cụ bôi trơn","Dụng cụ bôi trơn","93","he-thong-boi-tron","https://vongbicongnghiep.vn/san-pham/tlgb-20-3/","https://vongbicongnghiep.vn/wp-content/uploads/2023/02/TLGB.png","[""https://vongbicongnghiep.vn/wp-content/uploads/2023/02/TLGB.png""]","","TLGB 20 Súng mỡ chạy bằng pin SKF TLGB 20 Được phát triển để đạt hiệu quả tối đa, Súng bắn mỡ chạy bằng pin SKF TLGB 20 bao gồm một đồng hồ đo mỡ tích hợp để giúp ngăn ngừa bôi trơn quá mức và thiếu. Công cụ độc đáo này có thiết kế tiện dụng, bền bỉ với chân đế ba điểm mang lại sự thoải mái và thuận tiện cho người vận hành và pin lithium-ion cho tuổi thọ cao hơn. Màn hình của dụng cụ cho biết mức sạc pin, lượng mỡ được phân phối, tốc độ bơm/động cơ và các điểm bôi trơn bị tắc. Súng bắn mỡ đa năng này cung cấp hai tốc độ dòng chảy – thấp và cao – và có thể phân phối tối đa 15 hộp mỡ mỗi lần sạc pin. TLGB 20 có thể cung cấp áp suất lên đến 700 bar (10000 psi) và có đèn tích hợp để chiếu sáng khu vực làm việc. Đồng hồ đo mỡ tích hợp theo dõi mỡ phân phối Màn hình sạc pin cho biết mức sạc pin lithium Đèn LED chiếu sáng khu vực làm việc để giúp định vị các phụ kiện mỡ trong môi trường thiếu sáng Pin lithium-ion phân phối tới 15 hộp mỡ mỗi lần sạc và duy trì năng lượng đầu ra ổn định Núm vú làm đầy tạo điều kiện làm đầy đơn giản và sạch sẽ từ trống bằng cách sử dụng máy bơm chất làm đầy Trọng lượng nhẹ, thiết kế công thái học với sự cân bằng tối ưu cho sự thoải mái của người vận hành","[{""name"":""brand"",""terms"":[""SKF""]}]","10958000","out_of_stock","vongbicongnghiep.vn-wc-store-api-category-search-skf","2026-04-29T13:49:31.432Z"
"40696","SKF","1077600/SET-SKF","1077600/SET-SKF","1077600SETSKF","Súng Bơm mỡ SKF 1077600/SET","Dụng cụ bôi trơn","Dụng cụ bôi trơn","93","he-thong-boi-tron","https://vongbicongnghiep.vn/san-pham/1077600-set-2/","https://vongbicongnghiep.vn/wp-content/uploads/2023/02/0901d19680105732.png","[""https://vongbicongnghiep.vn/wp-content/uploads/2023/02/0901d19680105732.png""]","","Bộ Súng Bơm mỡ SKF 1077600/SET Súng bơm mỡ SKF 1077600/Set SKF 1077600/SET là bộ bôi trơn thủ công bao gồm Súng bơm mỡ SKF 1077600 và các phụ kiện mở rộng khác nhau. Bộ này lý tưởng để sử dụng trong các ngành nông nghiệp, công nghiệp và xây dựng và cho mục đích sử dụng cá nhân. Súng bắn mỡ được cung cấp với một ống dài 175 mm (6,9 in), một ống áp suất cao có chốt 300 mm (12 in), một ống nối dài có vòi cardan, một ống nối dài có khớp nối dành cho mỡ đầu phẳng. phụ kiện, vòi cái và vòi nhọn. Thích hợp để sử dụng với hộp mực và mỡ rời Thân có khía cho độ bám chắc chắn và an toàn Thép chất lượng cao có khả năng chống sứt mẻ để nạp hộp mực dễ dàng Thiết kế pít-tông đặc biệt để làm trống hộp mực trơn tru Được cung cấp với ống mở rộng xả, vòi và phụ kiện","[{""name"":""brand"",""terms"":[""SKF""]}]","4033000","in_stock","vongbicongnghiep.vn-wc-store-api-category-search-skf","2026-04-29T13:49:31.432Z"
"40695","SKF","LAGH 400-SKF","LAGH 400-SKF","LAGH400SKF","Súng bơm mỡ LAGH 400","Dụng cụ bôi trơn","Dụng cụ bôi trơn","93","he-thong-boi-tron","https://vongbicongnghiep.vn/san-pham/lagh-400-2/","https://vongbicongnghiep.vn/wp-content/uploads/2023/02/0901d19680153189_png_highpreview_800.png","[""https://vongbicongnghiep.vn/wp-content/uploads/2023/02/0901d19680153189_png_highpreview_800.png""]","","Súng mỡ hoạt động bằng một tay Đổ mỡ dễ dàng bằng một tay Thích hợp để nạp mỡ bằng máy bơm phụ/bơm mỡ và cũng thích hợp cho hộp chứa mỡ. Thiết kế công thái học, ống mềm linh hoạt và khả năng gắn ống ở cả vị trí thẳng đứng và nằm ngang giúp dễ dàng sử dụng. Dễ sử dụng: chỉ cần một tay để vận hành súng Có thể nạp lại: núm bơm mỡ và van xả khí cho phép nạp đầy bằng chất độn hoặc bơm mỡ Nhiệm vụ nặng nề: áp suất vận hành lên tới 30 MPa Ống mềm thủy lực loại mềm: có thể uốn cong, có thể lắp theo cả chiều ngang và chiều dọc Hướng dẫn sử dụng LAGH 400 TECHNICAL DATA Designation LAGH 400 Volume/stroke approx, 0,46 cm3 (0.03 in.3) Length 370 mm (14.6 in.) Weight 1,5 kg (3.3 lb) Maximum pressure 30 MPa (4 350 psi) ACCESSORIES Designation Description 1077601 Flexible hose SPARE PARTS Designation Description 1077600-1A Nozzle 1077600-3 Filling nipple","[{""name"":""brand"",""terms"":[""SKF""]}]","1318000","in_stock","vongbicongnghiep.vn-wc-store-api-category-search-skf","2026-04-29T13:49:31.432Z"
"40694","SKF","1077600-SKF","1077600-SKF","1077600SKF","Súng bơm mỡ 1077600","Dụng cụ bôi trơn","Dụng cụ bôi trơn","93","he-thong-boi-tron","https://vongbicongnghiep.vn/san-pham/1077600-3/","https://vongbicongnghiep.vn/wp-content/uploads/2023/02/0901d19680107236.png","[""https://vongbicongnghiep.vn/wp-content/uploads/2023/02/0901d19680107236.png""]","","Súng mỡ SKF 1077600 SKF Grease Gun 1077600 lý tưởng để sử dụng trong các ngành nông nghiệp, công nghiệp và xây dựng và cho mục đích sử dụng cá nhân. Súng mỡ được cung cấp với ống nối dài 175 mm (6,9 n.) và vòi kẹp thủy lực. Thích hợp để sử dụng với hộp mực và mỡ rời Cơ thể có khía cho độ bám chắc chắn và an toàn Thép chất lượng cao có khả năng chống sứt mẻ để nạp hộp mực dễ dàng Thiết kế pít-tông đặc biệt để làm trống hộp mực trơn tru Được cung cấp với ống nối dài và vòi kẹp thủy lực","[{""name"":""brand"",""terms"":[""SKF""]}]","1100000","in_stock","vongbicongnghiep.vn-wc-store-api-category-search-skf","2026-04-29T13:49:31.432Z"
"40693","SKF","TLSD 1-BAT-SKF","TLSD 1-BAT-SKF","TLSD1BATSKF","Pin của bơm mỡ tự động TLSD 1-BAT","Dụng cụ bôi trơn","Dụng cụ bôi trơn","93","he-thong-boi-tron","https://vongbicongnghiep.vn/san-pham/tlsd-1-bat-2/","https://vongbicongnghiep.vn/wp-content/uploads/2023/02/09411aa3e5eb3f31.png","[""https://vongbicongnghiep.vn/wp-content/uploads/2023/02/09411aa3e5eb3f31.png""]","","Bộ pin TLSD Phụ tùng thay thế SKF TLSD 1-BAT là bộ pin phù hợp với chất bôi trơn tự động một điểm TLSD.","[{""name"":""brand"",""terms"":[""SKF""]}]","124000","in_stock","vongbicongnghiep.vn-wc-store-api-category-search-skf","2026-04-29T13:49:31.432Z"
"40692","SKF","TMIP E10-12-SKF","TMIP E10-12-SKF","TMIPE1012SKF","Phụ tùng cảo TMIP E10-12","Dụng cụ bôi trơn","Dụng cụ bôi trơn","93","he-thong-boi-tron","https://vongbicongnghiep.vn/san-pham/tmip-e10-12-2/","https://vongbicongnghiep.vn/wp-content/uploads/2023/02/maxresdefault-17.jpg","[""https://vongbicongnghiep.vn/wp-content/uploads/2023/02/maxresdefault-17.jpg""]","","Bộ dụng cụ tháo vòng bi ổ kín TMIP và TMIC Tháo vòng bi nhanh chóng và dễ dàng khỏi ổ kín Bộ dụng cụ tháo vòng bi ổ kín SKF được thiết kế để tháo ổ trục ra khỏi vỏ. Các tay cảo được chế tạo để có độ bền và độ bền tối ưu và phù hợp với nhiều loại đường kính lỗ khoan. Búa trượt cho phép tác dụng lực va đập cao và được thiết kế tiện lợi để nâng cao độ an toàn cho người sử dụng. Dải sản phẩm TMIC • Thiết kế ống kẹp có thể mở rộng được làm bằng vật liệu có độ bền cao • Được thiết kế cho các ứng dụng chỉ có một khoảng không gian hạn chế để kẹp phía sau ổ trục • Bộ đồ có lỗ khoan từ 7-28 mm • Được cung cấp trong một hộp đựng chắc chắn Dải sản phẩm TMIP • Thiết kế đặc biệt có thể giảm thời gian tháo lắp • Không giống như hầu hết các bộ kéo ổ trục bên trong, bộ chiết lò xo có thể được lắp nhanh chóng và dễ dàng vào vòng bên trong chỉ bằng một thao tác nhanh chóng. • Thiết kế dạng kẹp tạo độ bám chắc chắn và an toàn phía sau vòng trong, cho phép tác dụng lực kéo lớn • Ba bộ dụng cụ khác nhau để phù hợp với các lỗ khoan từ 7-28 mm, 30-60 mm và 7-60 mm • Được cung cấp trong một hộp đựng chắc chắn Video sản phẩm tháo vòng bi ổ kín SKF Dòng TMIP và TMIC – Tháo ổ trục nhanh chóng và dễ dàng khỏi vỏ Búa trượt cho phép lực tác động lớn Tài liệu liên quan Catalog sản phẩm TMIP và TMIC (342.4 KB) Hướng dẫn sử dụng TMIC 7-28 (717.6 KB) Hướng dẫn sử dụng TMIP series (1.5 MB)","[{""name"":""brand"",""terms"":[""SKF""]}]","3946000","out_of_stock","vongbicongnghiep.vn-wc-store-api-category-search-skf","2026-04-29T13:49:31.432Z"
"40691","SKF","1077601-SKF","1077601-SKF","1077601SKF","Vòi bơm mỡ 1077601","Dụng cụ bôi trơn","Dụng cụ bôi trơn","93","he-thong-boi-tron","https://vongbicongnghiep.vn/san-pham/1077601-2/","https://vongbicongnghiep.vn/wp-content/uploads/2023/02/094c9e9bde762d8b.png","[""https://vongbicongnghiep.vn/wp-content/uploads/2023/02/094c9e9bde762d8b.png""]","","Ống áp lực cho súng mỡ dài 500 mm Phụ tùng SKF 1077601 là ống áp lực dài 500mm phù hợp với súng mỡ 1077600, TLGH 1 và LAGH 400.","[{""name"":""brand"",""terms"":[""SKF""]}]","591000","in_stock","vongbicongnghiep.vn-wc-store-api-category-search-skf","2026-04-29T13:49:31.432Z"
"40690","SKF","LAGF 18-SKF","LAGF 18-SKF","LAGF18SKF","Bơm nạp mỡ SKF LAGF 18","Bơm dầu mỡ SKF","Bơm dầu mỡ SKF | Dụng cụ bôi trơn","93","he-thong-boi-tron","https://vongbicongnghiep.vn/san-pham/lagf-18-2/","https://vongbicongnghiep.vn/wp-content/uploads/2023/02/LAGF.png","[""https://vongbicongnghiep.vn/wp-content/uploads/2023/02/LAGF.png""]","","Bơm nạp mỡ SKF LAGF 18 Máy bơm mỡ bôi trơn SKF LAGF 18 Các phương pháp bôi trơn tốt nhất nói rằng mỗi loại mỡ yêu cầu một súng bắn mỡ riêng và việc nạp lại phải là một quy trình sạch. Máy bơm mỡ bôi trơn SKF được thiết kế để đạt được mục tiêu này. LAGF 18 được vận hành bằng một đòn bẩy cơ học và cho phép độ sạch tối ưu để đổ đầy súng mỡ từ trống 18 kg. Làm đầy nhanh với thể tích hành trình cao áp suất thấp Dễ dàng sử dụng với tất cả các mục bao gồm Đã được thử nghiệm và phê duyệt cho tất cả các loại mỡ SKF Lý tưởng để sử dụng cùng với SKF Bearing Packer VKN 550 TECHNICAL DATA Designation LAGF 18 LAGF 50 Maximum pressure 30 bar (430 psi) 30 bar (430 psi) Volume/stroke approx. 45 cm³ (1.5 US fl. oz) approx. 45 cm³ (1.5 US fl. oz) Suitable drum dimensions – inside diameter 265-285 mm (10.4-11.2 in.) 350-385 mm (13.8-15.2 in.) – maximum inside height 420 mm (16.5 in.) 675 mm (26.6 in.) Weight 5 kg (11 lb) 7 kg (15 lb)","[{""name"":""brand"",""terms"":[""SKF""]}]","7691000","in_stock","vongbicongnghiep.vn-wc-store-api-category-search-skf","2026-04-29T13:49:31.432Z"
"40689","SKF","LAGG 18AE-SKF","LAGG 18AE-SKF","LAGG18AESKF","Bơm mỡ khí nén SKF LAGG 18AE","Dụng cụ bôi trơn","Dụng cụ bôi trơn","93","he-thong-boi-tron","https://vongbicongnghiep.vn/san-pham/lagg-18ae-2/","https://vongbicongnghiep.vn/wp-content/uploads/2023/02/0901d1968010724b.png","[""https://vongbicongnghiep.vn/wp-content/uploads/2023/02/0901d1968010724b.png""]","","Máy bơm mỡ SKF LAGG 18AE Máy bơm mỡ vận hành bằng không khí SKF LAGG 18AE được thiết kế để cung cấp mỡ ở áp suất cao từ thùng phuy 18 kg. Điều này rất hữu ích khi phải lấp đầy các vỏ lớn hoặc khi phải bôi trơn nhiều điểm. Máy bơm vận hành bằng không khí cũng có thể được sử dụng để nạp các bình chứa hệ thống bôi trơn tập trung. LAGG 18AE được thiết kế để di động và thuận tiện và được cung cấp kèm theo xe đẩy. Áp suất cao với máy bơm điều khiển bằng không khí Đã thử nghiệm và phê duyệt cho mỡ bôi trơn SKF trong thùng 18 kg Dễ dàng vận chuyển với xe đẩy đi kèm Dễ dàng và sẵn sàng để sử dụng Bao gồm ống dài TECHNICAL DATA LAGG 18M / LAGG 18AE Designation LAGG 18M LAGG 18AE Description Grease pump for 18 kg (39.6 lb) drums Mobile grease pump for 18 kg (39.6 lb) drums Power source Manual Air–pressure Max. pressure 500 bar (7 250 psi) 420 bar (6 090 psi) Suitable drum 265–285 mm (10.4–11.2 in.) 265–285 mm (10.4–11.2 in.) Mobility Stationary Trolley LAGT 18-50 included Maximum flow rate 1,6 cm³/stroke (0.05 US fl. oz) 200 cm³/min. (6.8 US fl. oz) Suitable grease NLGI class 000–2 0–2","[{""name"":""brand"",""terms"":[""SKF""]}]","46881000","in_stock","vongbicongnghiep.vn-wc-store-api-category-search-skf","2026-04-29T13:49:31.432Z"
"40688","SKF","LAHD 1000-SKF","LAHD 1000-SKF","LAHD1000SKF","Bơm mỡ LAHD 1000","Dụng cụ bôi trơn","Dụng cụ bôi trơn","93","he-thong-boi-tron","https://vongbicongnghiep.vn/san-pham/lahd-1000-2/","https://vongbicongnghiep.vn/wp-content/uploads/2023/02/0947caba294f3e26.png","[""https://vongbicongnghiep.vn/wp-content/uploads/2023/02/0947caba294f3e26.png""]","","Tự động điều chỉnh mức dầu bôi trơn tối ưu Bộ định mức dầu SKF LAHD 500 và LAHD 1000 được thiết kế để tự động bù lượng dầu bị bay hơi và rò rỉ trong các điều kiện vận hành. Điều này giúp duy trì mức dầu chính xác trong vỏ ổ trục, hộp số, cacte hoặc ứng dụng tắm dầu tương tự. Dòng SKF LAHD tối ưu hóa hiệu suất của máy và tăng tuổi thọ của chúng. Hơn nữa, chúng nâng cao khả năng kiểm tra trực quan chính xác mức dầu. TECHNICAL DATA Designation LAHD 500 / LAHD 1000 Boundary dimensions – LAHD 500 Ø 91 mm x 290 mm high (3.6 x 11.4 in.) – LAHD 1000 Ø 122 mm x 290 mm high (4.8 x 11.4 in.) Reservoir volume – LAHD 500 500 ml (17 US fl. oz) – LAHD 1000 1 000 ml (34 US fl. oz) Container material Polycarbonate Allowed temperature range – 20 to 70 °C (-4 to 158 °F) Permissible humidity 0 – 100 % Length of connecting tube 600 mm (23.5 in.) Connection thread G 1/2 Tube material Polyurethane O-ring material NBR – 70 Shore Gaskets NBR – 80 Shore 6 pieces Other material Aluminum, Bronze, Stainless Steel Suitable lubricating oil types Mineral and synthetic oils","[{""name"":""brand"",""terms"":[""SKF""]}]","12880000","in_stock","vongbicongnghiep.vn-wc-store-api-category-search-skf","2026-04-29T13:49:31.432Z"
"40687","SKF","1077600-2-SKF","1077600-2-SKF","10776002SKF","bơm mỡ 1077600-2","Dụng cụ bôi trơn","Dụng cụ bôi trơn","93","he-thong-boi-tron","https://vongbicongnghiep.vn/san-pham/1077600-2-2/","","[]","","","[{""name"":""brand"",""terms"":[""SKF""]}]","1615000","in_stock","vongbicongnghiep.vn-wc-store-api-category-search-skf","2026-04-29T13:49:31.432Z"
"40686","SKF","LAGS 8-SKF","LAGS 8-SKF","LAGS8SKF","Bộ vòi bơm mỡ SKF LAGS 8","Dụng cụ bôi trơn","Dụng cụ bôi trơn","93","he-thong-boi-tron","https://vongbicongnghiep.vn/san-pham/lags-8-2/","https://vongbicongnghiep.vn/wp-content/uploads/2023/02/0901d19680107245.png","[""https://vongbicongnghiep.vn/wp-content/uploads/2023/02/0901d19680107245.png""]","","Bộ vòi bơm mỡ SKF LAGS 8 KIT CONTENTS Straight pipe 180 mm and nozzle (DIN 71412) 1x Hose with nozzle (DIN 71412) 1x Tube with nozzle for bottom head grease fittings (DIN 3404) 1x Tube with nozzle for Flush type grease fittings and plastic transparent cover (DIN 3405) 1x Grease fitting M10x1–G1/8 1x Grease fitting M10x1–1/8–27NPS 1x Nozzle (DIN 71412) 2x TECHNICAL DATA Designation LAGS 8 Maximum working pressure 400 bar (5 800 psi) Minimum bursting pressure 800 bar (11 600 psi)","[{""name"":""brand"",""terms"":[""SKF""]}]","2886000","out_of_stock","vongbicongnghiep.vn-wc-store-api-category-search-skf","2026-04-29T13:49:31.433Z"
"40594","SKF","VGKA 406-407-SKF","VGKA 406-407-SKF","VGKA406407SKF","Khớp nối ống chữ T VGKA 406-407","Dụng cụ bôi trơn","Dụng cụ bôi trơn","93","he-thong-boi-tron","https://vongbicongnghiep.vn/san-pham/vgka-406-407/","","[]","","","[{""name"":""brand"",""terms"":[""SKF""]}]","314000","in_stock","vongbicongnghiep.vn-wc-store-api-category-search-skf","2026-04-29T13:49:31.433Z"
"40593","SKF","LL/VGKK 248-610.02-SKF","LL/VGKK 248-610.02-SKF","LLVGKK24861002SKF","Khớp nối giữa đồng hồ áp suất và máy bơm mỡ VGKK 248-610.02","Dụng cụ bôi trơn","Dụng cụ bôi trơn","93","he-thong-boi-tron","https://vongbicongnghiep.vn/san-pham/vgkk-248-610-02/","","[]","","Khớp nối giữa đồng hồ áp suất và máy bơm mỡ VGKK 248-610.02","[{""name"":""brand"",""terms"":[""SKF""]}]","0","out_of_stock","vongbicongnghiep.vn-wc-store-api-category-search-skf","2026-04-29T13:49:31.433Z"
"40592","SKF","LL/VGKA 248-610.01-SKF","LL/VGKA 248-610.01-SKF","LLVGKA24861001SKF","Khớp nối giữa đồng hồ áp suất và máy bơm mỡ VGKA 248-610.01","Dụng cụ bôi trơn","Dụng cụ bôi trơn","93","he-thong-boi-tron","https://vongbicongnghiep.vn/san-pham/vgka-248-610-01/","","[]","","Khớp nối giữa đồng hồ áp suất và máy bơm mỡ VGKA 248-610.01","[{""name"":""brand"",""terms"":[""SKF""]}]","0","out_of_stock","vongbicongnghiep.vn-wc-store-api-category-search-skf","2026-04-29T13:49:31.433Z"
"40591","SKF","TLGB 20-2-SKF","TLGB 20-2-SKF","TLGB202SKF","Pin cho súng bơm mỡ TLGB 20-2","Dụng cụ bôi trơn","Dụng cụ bôi trơn","93","he-thong-boi-tron","https://vongbicongnghiep.vn/san-pham/tlgb-20-2/","https://vongbicongnghiep.vn/wp-content/uploads/2023/02/TLGB-20-2.png","[""https://vongbicongnghiep.vn/wp-content/uploads/2023/02/TLGB-20-2.png""]","","Pin cho súng bơm mỡ TLGB 20 ký hiệu đặt hàng TLGB 20-2","[{""name"":""brand"",""terms"":[""SKF""]}]","3395000","out_of_stock","vongbicongnghiep.vn-wc-store-api-category-search-skf","2026-04-29T13:49:31.433Z"
"36167","SKF","LNMT 3A/180-SKF","LNMT 3A/180-SKF","LNMT3A180SKF","Mỡ bôi trơn SKF LNMT 3A/180","Mỡ bôi trơn SKF","Mỡ bôi trơn SKF","93","he-thong-boi-tron","https://vongbicongnghiep.vn/san-pham/mo-boi-tron-skf-lnmt-3a-180/","https://vongbicongnghiep.vn/wp-content/uploads/2023/01/0901d196809a87c6.png","[""https://vongbicongnghiep.vn/wp-content/uploads/2023/01/0901d196809a87c6.png""]","Mỡ bôi trơn SKF LNMT 3A/180","Mỡ bôi trơn SKF LNMT 3A/180 Mỡ đa năng SKF dùng cho bôi trơn vòng bi Công nghiệp và vòng bi ô tô Ứng dụng – Trục quay thẳng đứng – Vòng ngoài quay – Trục chân vịt – Con lăn băng tải , gối đỡ vòng bi tang trống – Motor điện, nhiệt độ vừa – Máy bơm d>75mm, Tốc độ nhanh / vòng bi đũa – Bôi trơn vòng bi ô tô – Bôi trơn vòng bi thiết bị nông nghiệp Ký hiệu Quy cách đóng gói Hộp LNMT 3A/180 180 Kg/Thùng Thông số kỹ thuât Chất làm đặc : Lithium Màu sắc : Màu hổ phách Nhiệt độ làm việc : 30°C đến 120°C Điểm chảy Dropt point): > 180°C Độ nhớt : 40 °C, mm2/s :125 100°C, mm2/s : 12 Mỡ LNMT 3A dùng thay thế được cho LGMT3","[]","48810000","in_stock","vongbicongnghiep.vn-wc-store-api-category-search-skf","2026-04-29T13:49:31.433Z"
"36163","SKF","LNMT 3A/18-SKF","LNMT 3A/18-SKF","LNMT3A18SKF","Mỡ bôi trơn SKF LNMT 3A/18","Mỡ bôi trơn SKF","Mỡ bôi trơn SKF","93","he-thong-boi-tron","https://vongbicongnghiep.vn/san-pham/mo-boi-tron-skf-lnmt-3a-18/","https://vongbicongnghiep.vn/wp-content/uploads/2023/02/skf_lnmt_3a_18kg_d972.jpg","[""https://vongbicongnghiep.vn/wp-content/uploads/2023/02/skf_lnmt_3a_18kg_d972.jpg""]","Mỡ bôi trơn SKF LNMT 3A/18","Mỡ bôi trơn SKF LNMT 3A/18 Mỡ đa năng SKF dùng cho bôi trơn vòng bi Công nghiệp và vòng bi ô tô Ứng dụng – Trục quay thẳng đứng – Vòng ngoài quay – Trục chân vịt – Con lăn băng tải , gối đỡ vòng bi tang trống – Motor điện, nhiệt độ vừa – Máy bơm d>75mm, Tốc độ nhanh / vòng bi đũa – Bôi trơn vòng bi ô tô – Bôi trơn vòng bi thiết bị nông nghiệp Ký hiệu Quy cách đóng gói Hộp LNMT 3A/1 Hộp nhựa 1 Kg/Thùng LNMT 3A/5 Hộp nhựa 5 Kg/Thùng LNMT 3A/18 Hộp nhựa 18 Kg/Thùng Thông số kỹ thuât Chất làm đặc : Lithium Màu sắc : Màu hổ phách Nhiệt độ làm việc : 30°C đến 120°C Điểm chảy Dropt point): > 180°C Độ nhớt : 40 °C, mm2/s :125 100°C, mm2/s : 12 Mỡ LNMT 3A dùng thay thế được cho LGMT3","[]","4884000","in_stock","vongbicongnghiep.vn-wc-store-api-category-search-skf","2026-04-29T13:49:31.433Z"
"36159","SKF","LNMT 3A/5-SKF","LNMT 3A/5-SKF","LNMT3A5SKF","Mỡ bôi trơn SKF LNMT 3A/5","Mỡ bôi trơn SKF","Mỡ bôi trơn SKF","93","he-thong-boi-tron","https://vongbicongnghiep.vn/san-pham/mo-boi-tron-skf-lnmt-3a-5/","https://vongbicongnghiep.vn/wp-content/uploads/2023/02/skf_lnmt_3a_5kg_560e.jpg","[""https://vongbicongnghiep.vn/wp-content/uploads/2023/02/skf_lnmt_3a_5kg_560e.jpg""]","Mỡ bôi trơn SKF LNMT 3A/5","Mỡ bôi trơn SKF LNMT 3A/5 Mỡ đa năng SKF dùng cho bôi trơn vòng bi Công nghiệp và vòng bi ô tô Ứng dụng – Trục quay thẳng đứng – Vòng ngoài quay – Trục chân vịt – Con lăn băng tải , gối đỡ vòng bi tang trống – Motor điện, nhiệt độ vừa – Máy bơm d>75mm, Tốc độ nhanh / vòng bi đũa – Bôi trơn vòng bi ô tô – Bôi trơn vòng bi thiết bị nông nghiệp Ký hiệu Quy cách đóng gói Hộp LNMT 3A/1 Hộp nhựa 1 Kg Thùng LNMT 3A/5 Hộp nhựa 5 Kg Thùng LNMT 3A/18 Hộp nhựa 18 Kg Thông số kỹ thuât Chất làm đặc : Lithium Màu sắc : Màu hổ phách Nhiệt độ làm việc : 30°C đến 120°C Điểm chảy Dropt point): > 180°C Độ nhớt : 40 °C, mm2/s :125 100°C, mm2/s : 12 Mỡ LNMT 3A dùng thay thế được cho LGMT3","[]","1436000","out_of_stock","vongbicongnghiep.vn-wc-store-api-category-search-skf","2026-04-29T13:49:31.433Z"
"36156","SKF","LNMT 3A/1-SKF","LNMT 3A/1-SKF","LNMT3A1SKF","Mỡ bôi trơn SKF LNMT 3A/1","Mỡ bôi trơn SKF","Mỡ bôi trơn SKF","93","he-thong-boi-tron","https://vongbicongnghiep.vn/san-pham/mo-boi-tron-skf-lnmt-3a-1/","https://vongbicongnghiep.vn/wp-content/uploads/2023/02/14ba82f3c98b655b1f133382c7082689.jpg","[""https://vongbicongnghiep.vn/wp-content/uploads/2023/02/14ba82f3c98b655b1f133382c7082689.jpg""]","Mỡ bôi trơn SKF LNMT 3A/1","Mỡ bôi trơn SKF LNMT 3A/1 Mỡ đa năng SKF dùng cho bôi trơn vòng bi Công nghiệp và vòng bi ô tô Ứng dụng – Trục quay thẳng đứng – Vòng ngoài quay – Trục chân vịt – Con lăn băng tải , gối đỡ vòng bi tang trống – Motor điện, nhiệt độ vừa – Máy bơm d>75mm, Tốc độ nhanh / vòng bi đũa – Bôi trơn vòng bi ô tô – Bôi trơn vòng bi thiết bị nông nghiệp Ký hiệu Quy cách đóng gói Hộp LNMT 3A/1 Hộp nhựa 1 Kg/Thùng LNMT 3A/5 Hộp nhựa 5 Kg/Thùng LNMT 3A/18 Hộp nhựa 18 Kg/Thùng Thông số kỹ thuât Chất làm đặc : Lithium Màu sắc : Màu hổ phách Nhiệt độ làm việc : 30°C đến 120°C Điểm chảy Dropt point): > 180°C Độ nhớt : 40 °C, mm2/s :125 100°C, mm2/s : 12 Mỡ LNMT 3A dùng thay thế được cho LGMT3","[]","289000","in_stock","vongbicongnghiep.vn-wc-store-api-category-search-skf","2026-04-29T13:49:31.433Z"
"36152","SKF","LAGD 125/FG2-SKF","LAGD 125/FG2-SKF","LAGD125FG2SKF","Mỡ bôi trơn tự động LAGD 125/FG2","Mỡ bôi trơn SKF","Mỡ bôi trơn SKF","93","he-thong-boi-tron","https://vongbicongnghiep.vn/san-pham/mo-boi-tron-tu-dong-lagd-125-fg2/","https://vongbicongnghiep.vn/wp-content/uploads/2023/02/0947a38b9677722d.png","[""https://vongbicongnghiep.vn/wp-content/uploads/2023/02/0947a38b9677722d.png""]","Mỡ bôi trơn tự động LAGD 125/FG2","Bộ bôi trơn tự động một điểm điều khiển bằng khí SKF LAGD 125/FG2 125/FG2 SKF SYSTEM 24 chất bôi trơn tự động một điểm điều khiển bằng khí LAGD 125/FG2 chứa đầy mỡ ổ trục tương thích với thực phẩm SKF LGFG 2 được khuyên dùng cho các ứng dụng trong ngành thực phẩm và đồ uống. Chất bôi trơn tự động một điểm dẫn động bằng khí của chúng tôi có nhiều cấu hình, được đổ sẵn chất bôi trơn SKF hoặc rỗng, thích hợp để đổ đầy dầu. Với kích hoạt không cần công cụ và cài đặt thời gian, chúng cho phép tái bôi trơn dễ dàng, an toàn và chính xác. SKF SYSTEM 24 Các thiết bị được cung cấp sẵn sàng để sử dụng ngay từ hộp và chứa đầy đủ loại chất bôi trơn SKF hiệu suất cao. Kích hoạt không cần dụng cụ và cài đặt thời gian cho phép điều chỉnh lưu lượng bôi trơn dễ dàng và chính xác. Các tính năng và lợi ích • Tỷ lệ phân phối linh hoạt từ 1 đến 12 tháng • ATEX vùng 0 đã được phê duyệt • Hộp chứa chất bôi trơn trong suốt cho phép kiểm tra trực quan tỷ lệ phân phối • Kích thước nhỏ gọn, cho phép lắp đặt ở những khu vực hạn chế Video sử dụng sản phẩm Tài liệu liên quan: Catalog mỡ bôi trơn tự động System 24 Catalog LAGD series Hướng dẫn sử dụng nhanh LAGD Hướng dẫn sử dụng LAGD Thông số Kỹ thuật của dòng mỡ LAGD Chi tiết đặt hàng Mô tả Mô tả Mô tả Mỡ Dung tích 60 ml Dung tích 120 ml LGWA 2 Mỡ đa năng LAGD 60/WA2 LAGD 125/WA2 LGEM 2 Mỡ tải trọng cao, tốc độ chậm LAGD 60/EM2 LAGD 125/EM2 LGGB 2 Mỡ Phân hủy sinh học – LAGD 125/GB2 LGHB 2 Mỡ dùng cho ứng dụng nhiệt độ cao, tải cao, phù hợp vòng bi GE LAGD 60/HB2 LAGD 125/HB2 LGHQ 2 Mỡ hiệu suất cao, nhiệt độ cao LAGD 60/HQ2 LAGD 125/HQ2 LGFP 2 Mỡ thực phẩm, đa năng LAGD 60/FP2 LAGD 125/FP2 LGWM 2 Mỡ chịu tải cao, dải nhiệt độ rộng – LAGD 125/WM2 LGFQ 2 Mỡ thực phẩm, tải cao, nhiệt độ rộng – LAGD 125/FQ2 Dầu xích LHMT 68 Dầu có nhiệt độ trung bình LAGD 60/HMT68* LAGD 125/HMT68* LHHT 250 Dầu nhiệt độ cao – LAGD 125/HT250* LFFM 100 Dầu cho ngành thực phẩm, NSF H1 – LAGD 125/FM100* LFFT 220 Dầu cho ngành thực phẩm, NSF H1 – LAGD 125/FT220* Thông số Kỹ thuật Ký hiệu LAGD 60 và LAGD 125 Dung tích hộp mỡ LAGD 60 60 ml (2 US fl. oz) LAGD 125 125 ml (4.2 US fl. oz) Thời gian hộp mỡ hoạt động Điều chỉnh; 1–12 tháng Nhiệt độ môi trường xung quanh –20 đến +60 °C (–5 đến +140 °F) Áp suất hoạt động lớn nhất 5 bar (75 psi) Cơ chế hoạt động Pin khí, khí trơ Ren liên kết R1/4 Độ dài đường cấp tối đa Mỡ 300 mm (11.8 in.) dầu 1 500 mm (59.1 in.) Chứng chỉ kiểm tra EC DEKRA 21ATEX0015 X Khả năng kháng nước IP 68 Nhiệt độ bảo quản 20 °C (70 °F) Thời gian lưu kho 2 years Trọng lượng LAGD 125 approx 200 g (7.1 oz) LAGD 60 approx 130 g (4.6 oz) Đã bao gồm mỡ bên trong","[]","756000","out_of_stock","vongbicongnghiep.vn-wc-store-api-category-search-skf","2026-04-29T13:49:31.433Z"
"36119","SKF","LAGD 125/EM2-SKF","LAGD 125/EM2-SKF","LAGD125EM2SKF","Mỡ bôi trơn tự động LAGD 125/EM2","Mỡ bôi trơn SKF","Mỡ bôi trơn SKF","93","he-thong-boi-tron","https://vongbicongnghiep.vn/san-pham/bo-boi-tron-tu-dong-mot-diem-skf-lagd-125-em2/","https://vongbicongnghiep.vn/wp-content/uploads/2023/01/0901d196801b4386.png","[""https://vongbicongnghiep.vn/wp-content/uploads/2023/01/0901d196801b4386.png""]","Bộ bôi trơn tự động một điểm SKF LAGD 125/EM2","Bộ bôi trơn tự động một điểm điều khiển bằng khí SKF LAGD 125/EM2 SKF SYSTEM 24 chất bôi trơn tự động một điểm điều khiển bằng khí LAGD 125/EM2 chứa đầy mỡ ổ trục có độ nhớt cao SKF LGEM 2 với chất bôi trơn rắn, được khuyên dùng cho tốc độ thấp, tải trọng và rung động cao. Chất bôi trơn tự động một điểm dẫn động bằng khí của chúng tôi có nhiều cấu hình, được đổ sẵn chất bôi trơn SKF hoặc rỗng, thích hợp để đổ đầy dầu. Với kích hoạt không cần công cụ và cài đặt thời gian, chúng cho phép tái bôi trơn dễ dàng, an toàn và chính xác. SKF SYSTEM 24 Các thiết bị được cung cấp sẵn sàng để sử dụng ngay từ hộp và chứa đầy đủ loại chất bôi trơn SKF hiệu suất cao. Kích hoạt không cần dụng cụ và cài đặt thời gian cho phép điều chỉnh lưu lượng bôi trơn dễ dàng và chính xác. Các tính năng và lợi ích • Tỷ lệ phân phối linh hoạt từ 1 đến 12 tháng • Có thể dừng lại hoặc có thể điều chỉnh nếu cần • Xếp hạng an toàn nội tại: ATEX đã được phê duyệt • Hộp chứa chất bôi trơn trong suốt cho phép kiểm tra trực quan tỷ lệ phân phối • Kích thước nhỏ gọn, cho phép lắp đặt ở những khu vực hạn chế • Cải thiện độ tin cậy và bảo trì tối ưu • Có sẵn mỡ và dầu xích • Phần mềm SKF DialSet giúp tính toán tỷ lệ phân phối chính xác • Nhiều loại phụ kiện. Các ứng dụng tiêu biểu • Ứng dụng ở các vị trí hạn chế và nguy hiểm • Bôi trơn vỏ ổ trục • Xe máy điện • Quạt và máy bơm • Băng tải • Cần cẩu • Chuỗi (dầu) • Thang máy và thang cuốn (dầu) Video sử dụng sản phẩm Tài liệu liên quan: Catalog mỡ bôi trơn tự động System 24 Catalog LAGD series Hướng dẫn sử dụng nhanh LAGD Hướng dẫn sử dụng LAGD Thông số Kỹ thuật của dòng mỡ LAGD Chi tiết đặt hàng Mô tả Mô tả Mô tả Mỡ Dung tích 60 ml Dung tích 120 ml LGWA 2 Mỡ đa năng LAGD 60/WA2 LAGD 125/WA2 LGEM 2 Mỡ tải trọng cao, tốc độ chậm LAGD 60/EM2 LAGD 125/EM2 LGGB 2 Mỡ Phân hủy sinh học – LAGD 125/GB2 LGHB 2 Mỡ dùng cho ứng dụng nhiệt độ cao, tải cao, phù hợp vòng bi GE LAGD 60/HB2 LAGD 125/HB2 LGHQ 2 Mỡ hiệu suất cao, nhiệt độ cao LAGD 60/HQ2 LAGD 125/HQ2 LGFP 2 Mỡ thực phẩm, đa năng LAGD 60/FP2 LAGD 125/FP2 LGWM 2 Mỡ chịu tải cao, dải nhiệt độ rộng – LAGD 125/WM2 LGFQ 2 Mỡ thực phẩm, tải cao, nhiệt độ rộng – LAGD 125/FQ2 Dầu xích LHMT 68 Dầu có nhiệt độ trung bình LAGD 60/HMT68* LAGD 125/HMT68* LHHT 250 Dầu nhiệt độ cao – LAGD 125/HT250* LFFM 100 Dầu cho ngành thực phẩm, NSF H1 – LAGD 125/FM100* LFFT 220 Dầu cho ngành thực phẩm, NSF H1 – LAGD 125/FT220* Thông số Kỹ thuật Ký hiệu LAGD 60 và LAGD 125 Dung tích hộp mỡ LAGD 60 60 ml (2 US fl. oz) LAGD 125 125 ml (4.2 US fl. oz) Thời gian hộp mỡ hoạt động Điều chỉnh; 1–12 tháng Nhiệt độ môi trường xung quanh –20 đến +60 °C (–5 đến +140 °F) Áp suất hoạt động lớn nhất 5 bar (75 psi) Cơ chế hoạt động Pin khí, khí trơ Ren liên kết R1/4 Độ dài đường cấp tối đa Mỡ 300 mm (11.8 in.) dầu 1 500 mm (59.1 in.) Chứng chỉ kiểm tra EC DEKRA 21ATEX0015 X Khả năng kháng nước IP 68 Nhiệt độ bảo quản 20 °C (70 °F) Thời gian lưu kho 2 years Trọng lượng LAGD 125 approx 200 g (7.1 oz) LAGD 60 approx 130 g (4.6 oz) Đã bao gồm mỡ bên trong Ứng dụng của hộp bôi trơn tự động trong công nghiệp xi măng","[]","829000","out_of_stock","vongbicongnghiep.vn-wc-store-api-category-search-skf","2026-04-29T13:49:31.434Z"
"36115","SKF","LAGD 60/WA2-SKF","LAGD 60/WA2-SKF","LAGD60WA2SKF","Mỡ bôi trơn tự động LAGD 60/WA2","Mỡ bôi trơn SKF","Mỡ bôi trơn SKF","93","he-thong-boi-tron","https://vongbicongnghiep.vn/san-pham/bo-boi-tron-tu-dong-mot-diem-skf-lagd-60-wa2/","https://vongbicongnghiep.vn/wp-content/uploads/2023/01/0901d196801b4394.png","[""https://vongbicongnghiep.vn/wp-content/uploads/2023/01/0901d196801b4394.png""]","Bộ bôi trơn tự động một điểm SKF LAGD 60/WA2","Bộ bôi trơn tự động một điểm điều khiển bằng khí SKF LAGD 60/WA2 SKF SYSTEM 24 chất bôi trơn tự động một điểm điều khiển bằng khí LAGD 60/WA2 chứa đầy mỡ SKF LGWA 2 cho dải nhiệt độ rộng và áp suất cực cao, được khuyên dùng cho động cơ điện, băng tải, quạt và máy bơm. Chất bôi trơn tự động một điểm dẫn động bằng khí của chúng tôi có nhiều cấu hình, được đổ sẵn chất bôi trơn SKF hoặc rỗng, thích hợp để đổ đầy dầu. Với kích hoạt không cần công cụ và cài đặt thời gian, chúng cho phép tái bôi trơn dễ dàng, an toàn và chính xác. SKF SYSTEM 24 Các thiết bị được cung cấp sẵn sàng để sử dụng ngay từ hộp và chứa đầy đủ loại chất bôi trơn SKF hiệu suất cao. Kích hoạt không cần dụng cụ và cài đặt thời gian cho phép điều chỉnh lưu lượng bôi trơn dễ dàng và chính xác. Các tính năng và lợi ích • Tỷ lệ phân phối linh hoạt từ 1 đến 12 tháng • Có thể dừng lại hoặc có thể điều chỉnh nếu cần • Xếp hạng an toàn nội tại: ATEX đã được phê duyệt • Hộp chứa chất bôi trơn trong suốt cho phép kiểm tra trực quan tỷ lệ phân phối • Kích thước nhỏ gọn, cho phép lắp đặt ở những khu vực hạn chế • Cải thiện độ tin cậy và bảo trì tối ưu • Có sẵn mỡ và dầu xích • Phần mềm SKF DialSet giúp tính toán tỷ lệ phân phối chính xác • Nhiều loại phụ kiện. Các ứng dụng tiêu biểu • Ứng dụng ở các vị trí hạn chế và nguy hiểm • Bôi trơn vỏ ổ trục • Xe máy điện • Quạt và máy bơm • Băng tải • Cần cẩu • Chuỗi (dầu) • Thang máy và thang cuốn (dầu) Video sử dụng sản phẩm Tài liệu liên quan: Catalog mỡ bôi trơn tự động System 24 Catalog LAGD series Hướng dẫn sử dụng nhanh LAGD Hướng dẫn sử dụng LAGD Thông số Kỹ thuật của dòng mỡ LAGD Chi tiết đặt hàng Mô tả Mô tả Mô tả Mỡ Dung tích 60 ml Dung tích 120 ml LGWA 2 Mỡ đa năng LAGD 60/WA2 LAGD 125/WA2 LGEM 2 Mỡ tải trọng cao, tốc độ chậm LAGD 60/EM2 LAGD 125/EM2 LGGB 2 Mỡ Phân hủy sinh học – LAGD 125/GB2 LGHB 2 Mỡ dùng cho ứng dụng nhiệt độ cao, tải cao, phù hợp vòng bi GE LAGD 60/HB2 LAGD 125/HB2 LGHQ 2 Mỡ hiệu suất cao, nhiệt độ cao LAGD 60/HQ2 LAGD 125/HQ2 LGFP 2 Mỡ thực phẩm, đa năng LAGD 60/FP2 LAGD 125/FP2 LGWM 2 Mỡ chịu tải cao, dải nhiệt độ rộng – LAGD 125/WM2 LGFQ 2 Mỡ thực phẩm, tải cao, nhiệt độ rộng – LAGD 125/FQ2 Dầu xích LHMT 68 Dầu có nhiệt độ trung bình LAGD 60/HMT68* LAGD 125/HMT68* LHHT 250 Dầu nhiệt độ cao – LAGD 125/HT250* LFFM 100 Dầu cho ngành thực phẩm, NSF H1 – LAGD 125/FM100* LFFT 220 Dầu cho ngành thực phẩm, NSF H1 – LAGD 125/FT220* Thông số Kỹ thuật Ký hiệu LAGD 60 và LAGD 125 Dung tích hộp mỡ LAGD 60 60 ml (2 US fl. oz) LAGD 125 125 ml (4.2 US fl. oz) Thời gian hộp mỡ hoạt động Điều chỉnh; 1–12 tháng Nhiệt độ môi trường xung quanh –20 đến +60 °C (–5 đến +140 °F) Áp suất hoạt động lớn nhất 5 bar (75 psi) Cơ chế hoạt động Pin khí, khí trơ Ren liên kết R1/4 Độ dài đường cấp tối đa Mỡ 300 mm (11.8 in.) dầu 1 500 mm (59.1 in.) Chứng chỉ kiểm tra EC DEKRA 21ATEX0015 X Khả năng kháng nước IP 68 Nhiệt độ bảo quản 20 °C (70 °F) Thời gian lưu kho 2 years Trọng lượng LAGD 125 approx 200 g (7.1 oz) LAGD 60 approx 130 g (4.6 oz) Đã bao gồm mỡ bên trong Ứng dụng của hộp bôi trơn tự động trong công nghiệp xi măng","[]","718000","out_of_stock","vongbicongnghiep.vn-wc-store-api-category-search-skf","2026-04-29T13:49:31.434Z"
"36110","SKF","LAGD 125/WA2-SKF","LAGD 125/WA2-SKF","LAGD125WA2SKF","Mỡ bôi trơn tự động LAGD 125/WA2","Mỡ bôi trơn SKF","Mỡ bôi trơn SKF","93","he-thong-boi-tron","https://vongbicongnghiep.vn/san-pham/bo-boi-tron-tu-dong-mot-diem-skf-lagd-125-wa2/","https://vongbicongnghiep.vn/wp-content/uploads/2023/01/0901d196801b4392.png","[""https://vongbicongnghiep.vn/wp-content/uploads/2023/01/0901d196801b4392.png""]","Bộ bôi trơn tự động một điểm SKF LAGD 125/WA2","Bộ bôi trơn tự động một điểm điều khiển bằng khí SKF LAGD 125/WA2 SKF SYSTEM 24 chất bôi trơn tự động một điểm điều khiển bằng khí LAGD 125/WA2 chứa đầy mỡ SKF LGWA 2 cho dải nhiệt độ rộng và áp suất cực cao, được khuyên dùng cho động cơ điện, băng tải, quạt và máy bơm. Chất bôi trơn tự động một điểm dẫn động bằng khí của chúng tôi có nhiều cấu hình, được đổ sẵn chất bôi trơn SKF hoặc rỗng, thích hợp để đổ đầy dầu. Với kích hoạt không cần công cụ và cài đặt thời gian, chúng cho phép tái bôi trơn dễ dàng, an toàn và chính xác. SKF SYSTEM 24 Các thiết bị được cung cấp sẵn sàng để sử dụng ngay từ hộp và chứa đầy đủ loại chất bôi trơn SKF hiệu suất cao. Kích hoạt không cần dụng cụ và cài đặt thời gian cho phép điều chỉnh lưu lượng bôi trơn dễ dàng và chính xác. Các tính năng và lợi ích • Tỷ lệ phân phối linh hoạt từ 1 đến 12 tháng • Có thể dừng lại hoặc có thể điều chỉnh nếu cần • Xếp hạng an toàn nội tại: ATEX đã được phê duyệt • Hộp chứa chất bôi trơn trong suốt cho phép kiểm tra trực quan tỷ lệ phân phối • Kích thước nhỏ gọn, cho phép lắp đặt ở những khu vực hạn chế • Cải thiện độ tin cậy và bảo trì tối ưu • Có sẵn mỡ và dầu xích • Phần mềm SKF DialSet giúp tính toán tỷ lệ phân phối chính xác • Nhiều loại phụ kiện. Các ứng dụng tiêu biểu • Ứng dụng ở các vị trí hạn chế và nguy hiểm • Bôi trơn vỏ ổ trục • Xe máy điện • Quạt và máy bơm • Băng tải • Cần cẩu • Chuỗi (dầu) • Thang máy và thang cuốn (dầu) Video sử dụng sản phẩm Tài liệu liên quan: Catalog mỡ bôi trơn tự động System 24 Catalog LAGD series Hướng dẫn sử dụng nhanh LAGD Hướng dẫn sử dụng LAGD Thông số Kỹ thuật của dòng mỡ LAGD Chi tiết đặt hàng Mô tả Mô tả Mô tả Mỡ Dung tích 60 ml Dung tích 120 ml LGWA 2 Mỡ đa năng LAGD 60/WA2 LAGD 125/WA2 LGEM 2 Mỡ tải trọng cao, tốc độ chậm LAGD 60/EM2 LAGD 125/EM2 LGGB 2 Mỡ Phân hủy sinh học – LAGD 125/GB2 LGHB 2 Mỡ dùng cho ứng dụng nhiệt độ cao, tải cao, phù hợp vòng bi GE LAGD 60/HB2 LAGD 125/HB2 LGHQ 2 Mỡ hiệu suất cao, nhiệt độ cao LAGD 60/HQ2 LAGD 125/HQ2 LGFP 2 Mỡ thực phẩm, đa năng LAGD 60/FP2 LAGD 125/FP2 LGWM 2 Mỡ chịu tải cao, dải nhiệt độ rộng – LAGD 125/WM2 LGFQ 2 Mỡ thực phẩm, tải cao, nhiệt độ rộng – LAGD 125/FQ2 Dầu xích LHMT 68 Dầu có nhiệt độ trung bình LAGD 60/HMT68* LAGD 125/HMT68* LHHT 250 Dầu nhiệt độ cao – LAGD 125/HT250* LFFM 100 Dầu cho ngành thực phẩm, NSF H1 – LAGD 125/FM100* LFFT 220 Dầu cho ngành thực phẩm, NSF H1 – LAGD 125/FT220* Thông số Kỹ thuật Ký hiệu LAGD 60 và LAGD 125 Dung tích hộp mỡ LAGD 60 60 ml (2 US fl. oz) LAGD 125 125 ml (4.2 US fl. oz) Thời gian hộp mỡ hoạt động Điều chỉnh; 1–12 tháng Nhiệt độ môi trường xung quanh –20 đến +60 °C (–5 đến +140 °F) Áp suất hoạt động lớn nhất 5 bar (75 psi) Cơ chế hoạt động Pin khí, khí trơ Ren liên kết R1/4 Độ dài đường cấp tối đa Mỡ 300 mm (11.8 in.) dầu 1 500 mm (59.1 in.) Chứng chỉ kiểm tra EC DEKRA 21ATEX0015 X Khả năng kháng nước IP 68 Nhiệt độ bảo quản 20 °C (70 °F) Thời gian lưu kho 2 years Trọng lượng LAGD 125 approx 200 g (7.1 oz) LAGD 60 approx 130 g (4.6 oz) Đã bao gồm mỡ bên trong Ứng dụng của hộp bôi trơn tự động trong công nghiệp xi măng","[]","744000","in_stock","vongbicongnghiep.vn-wc-store-api-category-search-skf","2026-04-29T13:49:31.435Z"
"36101","SKF","LGGB 2/18-SKF","LGGB 2/18-SKF","LGGB218SKF","Mỡ Bôi Trơn SKF LGGB 2/18","Mỡ bôi trơn SKF","Mỡ bôi trơn SKF","93","he-thong-boi-tron","https://vongbicongnghiep.vn/san-pham/mo-boi-tron-skf-lggb-2-18/","https://vongbicongnghiep.vn/wp-content/uploads/2023/01/0901d196809a874f.png","[""https://vongbicongnghiep.vn/wp-content/uploads/2023/01/0901d196809a874f.png""]","Mỡ Bôi Trơn SKF LGGB 2/18","Mỡ Bôi trơn SKF LGGB 2/18 Mỡ phân hủy sinh học SKF LGGB 2 là mỡ gốc dầu este tổng hợp có thể phân hủy sinh học, ít độc tính, sử dụng chất làm đặc lithium-canxi. Công thức đặc biệt của nó làm cho nó phù hợp nhất cho các ứng dụng mà ô nhiễm môi trường là mối quan tâm. Các tính năng và lợi ích • Hiệu suất tốt trong các ứng dụng với ổ trượt hình cầu bằng thép trên thép, ổ bi và ổ lăn • Hiệu suất khởi động ở nhiệt độ thấp tốt • Tính chất ức chế ăn mòn tốt • Thích hợp cho tải trung bình đến cao Các ứng dụng tiêu biểu • Thiết bị nông nghiệp và lâm nghiệp • Thiết bị xây dựng và động đất • Thiết bị khai thác và vận chuyển • Xử lý nước và tưới tiêu • Khóa, đập, cầu TECHNICAL DATA Designation LGGB 2/(pack size) DIN 51825 code KPE 2K-40 NLGI consistency class 2 Thickener Lithium/calcium Colour Off white Base oil type Synthetic ester Operating temperature range –40 to +90 °C (–40 to +195 °F) Dropping point DIN ISO 2176 >170 °C (>340 °F) Base oil viscosity 40 °C, mm²/s 110 100 °C, mm²/s 13 Penetration DIN ISO 2137 60 strokes, 10–1 mm 265–295 100 000 strokes, 10–1 mm +50 max. Mechanical stability Roll stability, 50 hrs at 80 °C, 10–1 mm +70 max. Corrosion protection Emcor: – standard ISO 11007 0–0 Water resistance DIN 51 807/1, 3 hrs at 90 °C 0 max. Oil separation DIN 51 817, 7 days at 40 °C, static, % 0,8–3 Lubrication ability R2F, running test B at 120 °C Pass at 100 °C (210 °F) Rolling bearing grease life R0F test L50 life at 10 000 r/min., hrs >1000 at 100 °C (210 °F) EP performance Wear scar DIN 51350/5, 1 400 N, mm 1,8 max. 4–ball test, welding load DIN 51350/4, N 2 600 min. Shelf life 2 years These characteristics represent typical values. Sản phẩm mỡ Bôi trơn Lựa chọn mỡ Bôi trơn Các thiết bị bơm mỡ bôi trơn bằng tay","[]","27676000","out_of_stock","vongbicongnghiep.vn-wc-store-api-category-search-skf","2026-04-29T13:49:31.435Z"
"36098","SKF","LGGB 2/5-SKF","LGGB 2/5-SKF","LGGB25SKF","Mỡ Bôi Trơn SKF LGGB 2/5","Mỡ bôi trơn SKF","Mỡ bôi trơn SKF","93","he-thong-boi-tron","https://vongbicongnghiep.vn/san-pham/mo-boi-tron-skf-lggb-2-5/","https://vongbicongnghiep.vn/wp-content/uploads/2023/01/0901d196809a874e.png","[""https://vongbicongnghiep.vn/wp-content/uploads/2023/01/0901d196809a874e.png""]","Mỡ Bôi Trơn SKF LGGB 2/5","Mỡ Bôi trơn SKF LGGB 2/5 Mỡ phân hủy sinh học SKF LGGB 2 là mỡ gốc dầu este tổng hợp có thể phân hủy sinh học, ít độc tính, sử dụng chất làm đặc lithium-canxi. Công thức đặc biệt của nó làm cho nó phù hợp nhất cho các ứng dụng mà ô nhiễm môi trường là mối quan tâm. Các tính năng và lợi ích • Hiệu suất tốt trong các ứng dụng với ổ trượt hình cầu bằng thép trên thép, ổ bi và ổ lăn • Hiệu suất khởi động ở nhiệt độ thấp tốt • Tính chất ức chế ăn mòn tốt • Thích hợp cho tải trung bình đến cao Các ứng dụng tiêu biểu • Thiết bị nông nghiệp và lâm nghiệp • Thiết bị xây dựng và động đất • Thiết bị khai thác và vận chuyển • Xử lý nước và tưới tiêu • Khóa, đập, cầu TECHNICAL DATA Designation LGGB 2/(pack size) DIN 51825 code KPE 2K-40 NLGI consistency class 2 Thickener Lithium/calcium Colour Off white Base oil type Synthetic ester Operating temperature range –40 to +90 °C (–40 to +195 °F) Dropping point DIN ISO 2176 >170 °C (>340 °F) Base oil viscosity 40 °C, mm²/s 110 100 °C, mm²/s 13 Penetration DIN ISO 2137 60 strokes, 10–1 mm 265–295 100 000 strokes, 10–1 mm +50 max. Mechanical stability Roll stability, 50 hrs at 80 °C, 10–1 mm +70 max. Corrosion protection Emcor: – standard ISO 11007 0–0 Water resistance DIN 51 807/1, 3 hrs at 90 °C 0 max. Oil separation DIN 51 817, 7 days at 40 °C, static, % 0,8–3 Lubrication ability R2F, running test B at 120 °C Pass at 100 °C (210 °F) Rolling bearing grease life R0F test L50 life at 10 000 r/min., hrs >1000 at 100 °C (210 °F) EP performance Wear scar DIN 51350/5, 1 400 N, mm 1,8 max. 4–ball test, welding load DIN 51350/4, N 2 600 min. Shelf life 2 years These characteristics represent typical values. Sản phẩm mỡ Bôi trơn Lựa chọn mỡ Bôi trơn Các thiết bị bơm mỡ bôi trơn bằng tay","[]","5509000","out_of_stock","vongbicongnghiep.vn-wc-store-api-category-search-skf","2026-04-29T13:49:31.435Z"
"36095","SKF","LGGB 2/0.4-SKF","LGGB 2/0.4-SKF","LGGB204SKF","Mỡ Bôi Trơn SKF LGGB 2/0.4","Mỡ bôi trơn SKF","Mỡ bôi trơn SKF","93","he-thong-boi-tron","https://vongbicongnghiep.vn/san-pham/mo-boi-tron-skf-lggb-2-0-4/","https://vongbicongnghiep.vn/wp-content/uploads/2023/01/0901d196809a8733.png","[""https://vongbicongnghiep.vn/wp-content/uploads/2023/01/0901d196809a8733.png""]","Mỡ Bôi trơn SKF LGGB 2/0.4","Mỡ Bôi trơn SKF LGGB 2/0.4 Mỡ phân hủy sinh học SKF LGGB 2 là mỡ gốc dầu este tổng hợp có thể phân hủy sinh học, ít độc tính, sử dụng chất làm đặc lithium-canxi. Công thức đặc biệt của nó làm cho nó phù hợp nhất cho các ứng dụng mà ô nhiễm môi trường là mối quan tâm. Các tính năng và lợi ích • Hiệu suất tốt trong các ứng dụng với ổ trượt hình cầu bằng thép trên thép, ổ bi và ổ lăn • Hiệu suất khởi động ở nhiệt độ thấp tốt • Tính chất ức chế ăn mòn tốt • Thích hợp cho tải trung bình đến cao Các ứng dụng tiêu biểu • Thiết bị nông nghiệp và lâm nghiệp • Thiết bị xây dựng và động đất • Thiết bị khai thác và vận chuyển • Xử lý nước và tưới tiêu • Khóa, đập, cầu TECHNICAL DATA Designation LGGB 2/(pack size) DIN 51825 code KPE 2K-40 NLGI consistency class 2 Thickener Lithium/calcium Colour Off white Base oil type Synthetic ester Operating temperature range –40 to +90 °C (–40 to +195 °F) Dropping point DIN ISO 2176 >170 °C (>340 °F) Base oil viscosity 40 °C, mm²/s 110 100 °C, mm²/s 13 Penetration DIN ISO 2137 60 strokes, 10–1 mm 265–295 100 000 strokes, 10–1 mm +50 max. Mechanical stability Roll stability, 50 hrs at 80 °C, 10–1 mm +70 max. Corrosion protection Emcor: – standard ISO 11007 0–0 Water resistance DIN 51 807/1, 3 hrs at 90 °C 0 max. Oil separation DIN 51 817, 7 days at 40 °C, static, % 0,8–3 Lubrication ability R2F, running test B at 120 °C Pass at 100 °C (210 °F) Rolling bearing grease life R0F test L50 life at 10 000 r/min., hrs >1000 at 100 °C (210 °F) EP performance Wear scar DIN 51350/5, 1 400 N, mm 1,8 max. 4–ball test, welding load DIN 51350/4, N 2 600 min. Shelf life 2 years These characteristics represent typical values. Sản phẩm mỡ Bôi trơn Lựa chọn mỡ Bôi trơn Các thiết bị bơm mỡ bôi trơn bằng tay","[]","556000","out_of_stock","vongbicongnghiep.vn-wc-store-api-category-search-skf","2026-04-29T13:49:31.435Z"
"36092","SKF","LGWM 2/50-SKF","LGWM 2/50-SKF","LGWM250SKF","Mỡ bôi trơn SKF LGWM 2/50","Mỡ bôi trơn SKF","Mỡ bôi trơn SKF","93","he-thong-boi-tron","https://vongbicongnghiep.vn/san-pham/mo-boi-tron-skf-lgwm-2-50/","https://vongbicongnghiep.vn/wp-content/uploads/2023/01/0901d196809a87f2.png","[""https://vongbicongnghiep.vn/wp-content/uploads/2023/01/0901d196809a87f2.png""]","Mỡ bôi trơn SKF LGWM 2/50","Mỡ bôi trơn SKF LGWM 2/50 SKF Mỡ chịu tải cao, nhiệt độ rộng SKF LGWM 2 là loại mỡ gốc dầu khoáng tổng hợp sử dụng công nghệ làm đặc canxi sulphonat phức hợp mới nhất. Nó phù hợp cho các ứng dụng chịu tải trọng cao, môi trường ẩm ướt và nhiệt độ dao động. • Chống ăn mòn tuyệt vời • Độ ổn định cơ học tuyệt vời • Khả năng bôi trơn tải cao tuyệt vời • Bảo vệ ngâm nước muối giả tốt • Khả năng bơm tốt xuống nhiệt độ thấp Các ứng dụng tiêu biểu • Trục chính của tuabin gió • Các ứng dụng đường bộ nặng • Các ứng dụng tiếp xúc với tuyết • Các ứng dụng hàng hải và ngoài khơi • Các ứng dụng ổ trục lăn hình cầu Quy cách đóng gói mỡ LGWM 2 Thông số kỹ thuật mỡ LGWM 2 Catalog sản phẩm mỡ LGWM 2 Datasheet sản phẩm LGWM 2","[]","39752000","out_of_stock","vongbicongnghiep.vn-wc-store-api-category-search-skf","2026-04-29T13:49:31.436Z"
"36088","SKF","LGWM 2/18-SKF","LGWM 2/18-SKF","LGWM218SKF","Mỡ bôi trơn SKF LGWM 2/18","Mỡ bôi trơn SKF","Mỡ bôi trơn SKF","93","he-thong-boi-tron","https://vongbicongnghiep.vn/san-pham/mo-boi-tron-skf-lgwm-2-18/","https://vongbicongnghiep.vn/wp-content/uploads/2023/01/0901d196809a87f1.png","[""https://vongbicongnghiep.vn/wp-content/uploads/2023/01/0901d196809a87f1.png""]","Mỡ bôi trơn SKF LGWM 2/18","Mỡ bôi trơn SKF LGWM 2/18 SKF Mỡ chịu tải cao, nhiệt độ rộng SKF LGWM 2 là loại mỡ gốc dầu khoáng tổng hợp sử dụng công nghệ làm đặc canxi sulphonat phức hợp mới nhất. Nó phù hợp cho các ứng dụng chịu tải trọng cao, môi trường ẩm ướt và nhiệt độ dao động. • Chống ăn mòn tuyệt vời • Độ ổn định cơ học tuyệt vời • Khả năng bôi trơn tải cao tuyệt vời • Bảo vệ ngâm nước muối giả tốt • Khả năng bơm tốt xuống nhiệt độ thấp Các ứng dụng tiêu biểu • Trục chính của tuabin gió • Các ứng dụng đường bộ nặng • Các ứng dụng tiếp xúc với tuyết • Các ứng dụng hàng hải và ngoài khơi • Các ứng dụng ổ trục lăn hình cầu Quy cách đóng gói mỡ LGWM 2 Thông số kỹ thuật mỡ LGWM 2 Catalog sản phẩm mỡ LGWM 2 Datasheet sản phẩm LGWM 2","[]","13345000","out_of_stock","vongbicongnghiep.vn-wc-store-api-category-search-skf","2026-04-29T13:49:31.436Z"
"36086","SKF","LGWM 2/5-SKF","LGWM 2/5-SKF","LGWM25SKF","Mỡ bôi trơn SKF LGWM 2/5","Mỡ bôi trơn SKF","Mỡ bôi trơn SKF","93","he-thong-boi-tron","https://vongbicongnghiep.vn/san-pham/mo-boi-tron-skf-lgwm-2-5/","https://vongbicongnghiep.vn/wp-content/uploads/2023/01/0901d196809a87f0.png","[""https://vongbicongnghiep.vn/wp-content/uploads/2023/01/0901d196809a87f0.png""]","Mỡ bôi trơn SKF LGWM 2/5","Mỡ bôi trơn SKF LGWM 2/5 SKF Mỡ chịu tải cao, nhiệt độ rộng SKF LGWM 2 là loại mỡ gốc dầu khoáng tổng hợp sử dụng công nghệ làm đặc canxi sulphonat phức hợp mới nhất. Nó phù hợp cho các ứng dụng chịu tải trọng cao, môi trường ẩm ướt và nhiệt độ dao động. • Chống ăn mòn tuyệt vời • Độ ổn định cơ học tuyệt vời • Khả năng bôi trơn tải cao tuyệt vời • Bảo vệ ngâm nước muối giả tốt • Khả năng bơm tốt xuống nhiệt độ thấp Các ứng dụng tiêu biểu • Trục chính của tuabin gió • Các ứng dụng đường bộ nặng • Các ứng dụng tiếp xúc với tuyết • Các ứng dụng hàng hải và ngoài khơi • Các ứng dụng ổ trục lăn hình cầu Quy cách đóng gói mỡ LGWM 2 Thông số kỹ thuật mỡ LGWM 2 Catalog sản phẩm mỡ LGWM 2 Datasheet sản phẩm LGWM 2","[]","4222000","out_of_stock","vongbicongnghiep.vn-wc-store-api-category-search-skf","2026-04-29T13:49:31.436Z"
"36083","SKF","LGWM 2/0.4-SKF","LGWM 2/0.4-SKF","LGWM204SKF","Mỡ bôi trơn SKF LGWM 2/0.4","Mỡ bôi trơn SKF","Mỡ bôi trơn SKF","93","he-thong-boi-tron","https://vongbicongnghiep.vn/san-pham/mo-boi-tron-skf-lgwm-2-0-4/","https://vongbicongnghiep.vn/wp-content/uploads/2023/01/0901d196809a87ef.png","[""https://vongbicongnghiep.vn/wp-content/uploads/2023/01/0901d196809a87ef.png""]","Mỡ bôi trơn SKF LGWM 2/0.4","Mỡ bôi trơn SKF LGWM 2/0.4 SKF Mỡ chịu tải cao, nhiệt độ rộng SKF LGWM 2 là loại mỡ gốc dầu khoáng tổng hợp sử dụng công nghệ làm đặc canxi sulphonat phức hợp mới nhất. Nó phù hợp cho các ứng dụng chịu tải trọng cao, môi trường ẩm ướt và nhiệt độ dao động. • Chống ăn mòn tuyệt vời • Độ ổn định cơ học tuyệt vời • Khả năng bôi trơn tải cao tuyệt vời • Bảo vệ ngâm nước muối giả tốt • Khả năng bơm tốt xuống nhiệt độ thấp Các ứng dụng tiêu biểu • Trục chính của tuabin gió • Các ứng dụng đường bộ nặng • Các ứng dụng tiếp xúc với tuyết • Các ứng dụng hàng hải và ngoài khơi • Các ứng dụng ổ trục lăn hình cầu Quy cách đóng gói mỡ LGWM 2 Thông số kỹ thuật mỡ LGWM 2 Catalog sản phẩm mỡ LGWM 2 Datasheet sản phẩm LGWM 2","[]","468000","out_of_stock","vongbicongnghiep.vn-wc-store-api-category-search-skf","2026-04-29T13:49:31.436Z"
"36080","SKF","LGWM 1/5-SKF","LGWM 1/5-SKF","LGWM15SKF","Mỡ bôi trơn SKF LGWM 1/5","Mỡ bôi trơn SKF","Mỡ bôi trơn SKF","93","he-thong-boi-tron","https://vongbicongnghiep.vn/san-pham/mo-boi-tron-skf-lgwm-1-5/","https://vongbicongnghiep.vn/wp-content/uploads/2023/01/0901d196809b08d6.png","[""https://vongbicongnghiep.vn/wp-content/uploads/2023/01/0901d196809b08d6.png""]","Mỡ bôi trơn SKF LGWM 1/5","Mỡ bôi trơn vòng bi SKF: LGWM 1/5 Mỡ bôi trơn vòng bi cực áp làm việc ở nhiệt độ thấp SKF LGWM 1 là loại mỡ gốc dầu khoáng có độ đặc thấp, sử dụng chất làm đặc lithium và có chứa phụ gia chịu cực áp. Nó cực kỳ thích hợp cho việc bôi trơn các vòng bi hoạt động dưới cả tải trọng hướng tâm và hướng trục. Tạo màng dầu tốt ở nhiệt độ thấp đến –30 ° C (–20 ° F) • Khả năng bơm tốt xuống nhiệt độ thấp • Chống ăn mòn tốt • Chống nước tốt Các ứng dụng tiêu biểu • Trục chính của tuabin gió • Băng tải trục vít • Hệ thống bôi trơn tập trung • Các ứng dụng ổ trục lăn hình cầu Quy cách đóng gói mỡ LGWM 1 Thông số kỹ thuật mỡ LGWM 1 Catalog sản phẩm mỡ LGWM 1 Datasheet sản phẩm LGWM 1","[]","3087000","out_of_stock","vongbicongnghiep.vn-wc-store-api-category-search-skf","2026-04-29T13:49:31.436Z"
"36076","SKF","LGWM 1/0.4-SKF","LGWM 1/0.4-SKF","LGWM104SKF","Mỡ bôi trơn SKF LGWM 1/0.4","Mỡ bôi trơn SKF","Mỡ bôi trơn SKF","93","he-thong-boi-tron","https://vongbicongnghiep.vn/san-pham/mo-boi-tron-skf-lgwm-1-0-4/","https://vongbicongnghiep.vn/wp-content/uploads/2023/01/0901d196809b08d5.png","[""https://vongbicongnghiep.vn/wp-content/uploads/2023/01/0901d196809b08d5.png""]","Mỡ bôi trơn SKF LGWM 1/0.4","Mỡ bôi trơn vòng bi SKF: LGWM 1/0.4 Mỡ bôi trơn vòng bi cực áp làm việc ở nhiệt độ thấp SKF LGWM 1 là loại mỡ gốc dầu khoáng có độ đặc thấp, sử dụng chất làm đặc lithium và có chứa phụ gia chịu cực áp. Nó cực kỳ thích hợp cho việc bôi trơn các vòng bi hoạt động dưới cả tải trọng hướng tâm và hướng trục. Tạo màng dầu tốt ở nhiệt độ thấp đến –30 ° C (–20 ° F) • Khả năng bơm tốt xuống nhiệt độ thấp • Chống ăn mòn tốt • Chống nước tốt Các ứng dụng tiêu biểu • Trục chính của tuabin gió • Băng tải trục vít • Hệ thống bôi trơn tập trung • Các ứng dụng ổ trục lăn hình cầu Quy cách đóng gói mỡ LGWM 1 Thông số kỹ thuật mỡ LGWM 1 Catalog sản phẩm mỡ LGWM 1 Datasheet sản phẩm LGWM 1","[]","376000","out_of_stock","vongbicongnghiep.vn-wc-store-api-category-search-skf","2026-04-29T13:49:31.436Z"
"36073","SKF","LGET 2/1-SKF","LGET 2/1-SKF","LGET21SKF","Mỡ bôi trơn SKF LGET 2/1","Mỡ bôi trơn SKF","Mỡ bôi trơn SKF","93","he-thong-boi-tron","https://vongbicongnghiep.vn/san-pham/mo-boi-tron-skf-lget-2-1/","https://vongbicongnghiep.vn/wp-content/uploads/2023/01/0901d196809a86fe.png","[""https://vongbicongnghiep.vn/wp-content/uploads/2023/01/0901d196809a86fe.png""]","Mỡ bôi trơn SKF LGET 2/1","Mỡ bôi trơn SKF LGET 2/1 Mỡ bôi trơn vòng bi chịu nhiệt độ cao, điều kiện khắc nghiệt SKF LGET 2 là loại mỡ tổng hợp gốc dầu có flo, sử dụng chất làm đặc PTFE. Nó đặc biệt thích hợp cho các ứng dụng ở nhiệt độ cực cao từ 200 ° C (390 ° F) đến 260 ° C (500 ° F). •Tuổi thọ cao trong môi trường xâm thực như các khu vực rất dễ phản ứng với sự hiện diện của oxy và hexan ở dạng khí có độ tinh khiết cao •Chống oxy hóa tuyệt vời •Chống ăn mòn tốt •Khả năng chống nước và hơi nước tuyệt vời Các ứng dụng tiêu biểu •Thiết bị làm bánh (lò nướng) •Bánh xe tải lò nung •Tải con lăn trong máy sao chép •Máy nướng bánh wafer •Máy sấy dệt •Động cơ điện chạy ở nhiệt độ khắc nghiệt •Quạt sưởi / khẩn cấp •Máy bơm chân không Đóng gói LGET 2/0.050 Hộp 50 g LGET 2/1 Hộp 1 Kg Thông số kỹ thuật sản phẩm","[]","35084000","out_of_stock","vongbicongnghiep.vn-wc-store-api-category-search-skf","2026-04-29T13:49:31.436Z"
"36070","SKF","LGET 2/0.05-SKF","LGET 2/0.05-SKF","LGET2005SKF","Mỡ bôi trơn SKF LGET 2/0.05","Mỡ bôi trơn SKF","Mỡ bôi trơn SKF","93","he-thong-boi-tron","https://vongbicongnghiep.vn/san-pham/mo-boi-tron-skf-lget-2-0-05/","https://vongbicongnghiep.vn/wp-content/uploads/2023/01/0901d196809a86ff.png","[""https://vongbicongnghiep.vn/wp-content/uploads/2023/01/0901d196809a86ff.png""]","Mỡ bôi trơn SKF LGET 2/0.05","Mỡ bôi trơn SKF LGET 2/0.05 Mỡ bôi trơn vòng bi chịu nhiệt độ cao, điều kiện khắc nghiệt SKF LGET 2 là loại mỡ tổng hợp gốc dầu có flo, sử dụng chất làm đặc PTFE. Nó đặc biệt thích hợp cho các ứng dụng ở nhiệt độ cực cao từ 200 ° C (390 ° F) đến 260 ° C (500 ° F). •Tuổi thọ cao trong môi trường xâm thực như các khu vực rất dễ phản ứng với sự hiện diện của oxy và hexan ở dạng khí có độ tinh khiết cao •Chống oxy hóa tuyệt vời •Chống ăn mòn tốt •Khả năng chống nước và hơi nước tuyệt vời Các ứng dụng tiêu biểu •Thiết bị làm bánh (lò nướng) •Bánh xe tải lò nung •Tải con lăn trong máy sao chép •Máy nướng bánh wafer •Máy sấy dệt •Động cơ điện chạy ở nhiệt độ khắc nghiệt •Quạt sưởi / khẩn cấp •Máy bơm chân không Đóng gói LGET 2/0.050 Hộp 50 g LGET 2/1 Hộp 1 Kg Thông số kỹ thuật sản phẩm","[]","3088000","in_stock","vongbicongnghiep.vn-wc-store-api-category-search-skf","2026-04-29T13:49:31.436Z"
"36066","SKF","LGHQ 2/18-SKF","LGHQ 2/18-SKF","LGHQ218SKF","Mỡ bôi trơn SKF LGHQ 2/18","Mỡ bôi trơn SKF","Mỡ bôi trơn SKF","93","he-thong-boi-tron","https://vongbicongnghiep.vn/san-pham/mo-boi-tron-skf-lghq-2-18/","https://vongbicongnghiep.vn/wp-content/uploads/2023/01/0901d19680a8c5ae.png","[""https://vongbicongnghiep.vn/wp-content/uploads/2023/01/0901d19680a8c5ae.png""]","Mỡ bôi trơn SKF LGHQ 2/18","Mỡ bôi trơn SKF LGHQ 2/18 SKF LGHQ 2 là loại mỡ gốc dầu khoáng sử dụng chất làm đặc di-urê. Nó phù hợp cho động cơ điện và các ứng dụng tương tự. Nó được thiết kế đặc biệt để sử dụng với chất bôi trơn một điểm. Các tính năng và lợi ích • Khả năng phân phối tuyệt vời trong chất bôi trơn • Tuổi thọ dầu mỡ cực cao • Phạm vi nhiệt độ rộng • Độ ổn định nhiệt và cơ học cao • Bảo vệ chống ăn mòn tuyệt vời Các ứng dụng tiêu biểu • Động cơ điện: Nhỏ, vừa và lớn • Quạt công nghiệp, bao gồm cả quạt tốc độ cao • Máy bơm nước • Vòng bi lăn trong máy dệt, xử lý giấy và sấy khô • Các ứng dụng trục dọc Performance Base oil viscosity DIN 51562 at 100 °C 12 mm²/s Base oil viscosity DIN 51562 at 40 °C 110 mm²/s Copper corrosion (max.) DIN 51811 /ASTM D4048, 24 hrs at 100°C 1b max. at 100°C Corrosion protection, Emcor, ISO 11007 modified, 0.5% NaCl – Corrosion protection, Emcor, ISO 11007 modified, Water washout 0-1 Corrosion protection, Emcor, ISO 11007, Distilled water 0-0 Dropping point (min) ISO 2176 260 °C EP performance – 4 ball – Wear scar (max.) DIN 51350/5, 1400N 1 mm EP performance – 4 ball – Weld load (min.) DIN 51350/4 2 600 N Low temperature torque, Start/Running, mNm 550/100 at -30°C Lubrication ability, R2F test B at 120°C Pass at 100°C Mechanical stability – Roll stability, ASTM D1831 (max.) 50 hrs at 80°C, 10-1mm 385 max. Mechanical stability, V2F test, 144 hrs – Oil separation DIN 51817, 40°C, % 1-3 Penetration DIN ISO 2137, Prolonged (max.), 100 000 strokes, 10-1mm 385 max. Penetration DIN ISO 2137, Worked, 60 strokes (10-1mm) 265 – 295 Product weight 1 kg Rolling beraing grease life (max.) ROF test, L50 life, 10000 r/min, hrs at °C 1000 at 160°C Speed (max.) n x dm (x 1000) 500 Water resistance (max.) DIN 51807/1, 3 hrs at 90 °C 1 Properties Base oil type Mineral Colour Blue DIN 51825 code K2P-30 NLGI consistency class 2 Operating temperature range -30 to +160 °C Recommended applications Electric motors;Industrial fans;Water pumps;Vertical shaft applications Shelf life 5 a Thickener Polyurea","[]","16558000","out_of_stock","vongbicongnghiep.vn-wc-store-api-category-search-skf","2026-04-29T13:49:31.437Z"
"36063","SKF","LGHQ 2/5-SKF","LGHQ 2/5-SKF","LGHQ25SKF","Mỡ bôi trơn SKF LGHQ 2/5","Mỡ bôi trơn SKF","Mỡ bôi trơn SKF","93","he-thong-boi-tron","https://vongbicongnghiep.vn/san-pham/mo-boi-tron-skf-lghq-2-5/","https://vongbicongnghiep.vn/wp-content/uploads/2023/01/0943288058e6f6c5.png","[""https://vongbicongnghiep.vn/wp-content/uploads/2023/01/0943288058e6f6c5.png""]","Mỡ bôi trơn SKF LGHQ 2/5","Mỡ bôi trơn SKF LGHQ 2/5 SKF LGHQ 2 là loại mỡ gốc dầu khoáng sử dụng chất làm đặc di-urê. Nó phù hợp cho động cơ điện và các ứng dụng tương tự. Nó được thiết kế đặc biệt để sử dụng với chất bôi trơn một điểm. Các tính năng và lợi ích • Khả năng phân phối tuyệt vời trong chất bôi trơn • Tuổi thọ dầu mỡ cực cao • Phạm vi nhiệt độ rộng • Độ ổn định nhiệt và cơ học cao • Bảo vệ chống ăn mòn tuyệt vời Các ứng dụng tiêu biểu • Động cơ điện: Nhỏ, vừa và lớn • Quạt công nghiệp, bao gồm cả quạt tốc độ cao • Máy bơm nước • Vòng bi lăn trong máy dệt, xử lý giấy và sấy khô • Các ứng dụng trục dọc Performance Base oil viscosity DIN 51562 at 100 °C 12 mm²/s Base oil viscosity DIN 51562 at 40 °C 110 mm²/s Copper corrosion (max.) DIN 51811 /ASTM D4048, 24 hrs at 100°C 1b max. at 100°C Corrosion protection, Emcor, ISO 11007 modified, 0.5% NaCl – Corrosion protection, Emcor, ISO 11007 modified, Water washout 0-1 Corrosion protection, Emcor, ISO 11007, Distilled water 0-0 Dropping point (min) ISO 2176 260 °C EP performance – 4 ball – Wear scar (max.) DIN 51350/5, 1400N 1 mm EP performance – 4 ball – Weld load (min.) DIN 51350/4 2 600 N Low temperature torque, Start/Running, mNm 550/100 at -30°C Lubrication ability, R2F test B at 120°C Pass at 100°C Mechanical stability – Roll stability, ASTM D1831 (max.) 50 hrs at 80°C, 10-1mm 385 max. Mechanical stability, V2F test, 144 hrs – Oil separation DIN 51817, 40°C, % 1-3 Penetration DIN ISO 2137, Prolonged (max.), 100 000 strokes, 10-1mm 385 max. Penetration DIN ISO 2137, Worked, 60 strokes (10-1mm) 265 – 295 Product weight 1 kg Rolling beraing grease life (max.) ROF test, L50 life, 10000 r/min, hrs at °C 1000 at 160°C Speed (max.) n x dm (x 1000) 500 Water resistance (max.) DIN 51807/1, 3 hrs at 90 °C 1 Properties Base oil type Mineral Colour Blue DIN 51825 code K2P-30 NLGI consistency class 2 Operating temperature range -30 to +160 °C Recommended applications Electric motors;Industrial fans;Water pumps;Vertical shaft applications Shelf life 5 a Thickener Polyurea","[]","4805000","out_of_stock","vongbicongnghiep.vn-wc-store-api-category-search-skf","2026-04-29T13:49:31.437Z"
"36060","SKF","LGHQ 2/1-SKF","LGHQ 2/1-SKF","LGHQ21SKF","Mỡ bôi trơn SKF LGHQ 2/1","Mỡ bôi trơn SKF","Mỡ bôi trơn SKF","93","he-thong-boi-tron","https://vongbicongnghiep.vn/san-pham/mo-boi-tron-skf-lghq-2-1/","https://vongbicongnghiep.vn/wp-content/uploads/2023/01/094bca9b2b599eeb.png","[""https://vongbicongnghiep.vn/wp-content/uploads/2023/01/094bca9b2b599eeb.png""]","Mỡ bôi trơn SKF LGHQ 2/1","Mỡ bôi trơn SKF LGHQ 2/1 SKF LGHQ 2 là loại mỡ gốc dầu khoáng sử dụng chất làm đặc di-urê. Nó phù hợp cho động cơ điện và các ứng dụng tương tự. Nó được thiết kế đặc biệt để sử dụng với chất bôi trơn một điểm. Các tính năng và lợi ích • Khả năng phân phối tuyệt vời trong chất bôi trơn • Tuổi thọ dầu mỡ cực cao • Phạm vi nhiệt độ rộng • Độ ổn định nhiệt và cơ học cao • Bảo vệ chống ăn mòn tuyệt vời Các ứng dụng tiêu biểu • Động cơ điện: Nhỏ, vừa và lớn • Quạt công nghiệp, bao gồm cả quạt tốc độ cao • Máy bơm nước • Vòng bi lăn trong máy dệt, xử lý giấy và sấy khô • Các ứng dụng trục dọc Performance Base oil viscosity DIN 51562 at 100 °C 12 mm²/s Base oil viscosity DIN 51562 at 40 °C 110 mm²/s Copper corrosion (max.) DIN 51811 /ASTM D4048, 24 hrs at 100°C 1b max. at 100°C Corrosion protection, Emcor, ISO 11007 modified, 0.5% NaCl – Corrosion protection, Emcor, ISO 11007 modified, Water washout 0-1 Corrosion protection, Emcor, ISO 11007, Distilled water 0-0 Dropping point (min) ISO 2176 260 °C EP performance – 4 ball – Wear scar (max.) DIN 51350/5, 1400N 1 mm EP performance – 4 ball – Weld load (min.) DIN 51350/4 2 600 N Low temperature torque, Start/Running, mNm 550/100 at -30°C Lubrication ability, R2F test B at 120°C Pass at 100°C Mechanical stability – Roll stability, ASTM D1831 (max.) 50 hrs at 80°C, 10-1mm 385 max. Mechanical stability, V2F test, 144 hrs – Oil separation DIN 51817, 40°C, % 1-3 Penetration DIN ISO 2137, Prolonged (max.), 100 000 strokes, 10-1mm 385 max. Penetration DIN ISO 2137, Worked, 60 strokes (10-1mm) 265 – 295 Product weight 1 kg Rolling beraing grease life (max.) ROF test, L50 life, 10000 r/min, hrs at °C 1000 at 160°C Speed (max.) n x dm (x 1000) 500 Water resistance (max.) DIN 51807/1, 3 hrs at 90 °C 1 Properties Base oil type Mineral Colour Blue DIN 51825 code K2P-30 NLGI consistency class 2 Operating temperature range -30 to +160 °C Recommended applications Electric motors;Industrial fans;Water pumps;Vertical shaft applications Shelf life 5 a Thickener Polyurea","[]","1160000","out_of_stock","vongbicongnghiep.vn-wc-store-api-category-search-skf","2026-04-29T13:49:31.437Z"
"36057","SKF","LGLT 2/25-SKF","LGLT 2/25-SKF","LGLT225SKF","Mỡ bôi trơn SKF LGLT 2/25","Mỡ bôi trơn SKF","Mỡ bôi trơn SKF","93","he-thong-boi-tron","https://vongbicongnghiep.vn/san-pham/mo-boi-tron-skf-lglt-2-25/","https://vongbicongnghiep.vn/wp-content/uploads/2023/01/0901d196809a8799.png","[""https://vongbicongnghiep.vn/wp-content/uploads/2023/01/0901d196809a8799.png""]","Mỡ bôi trơn SKF LGLT 2/25","Mỡ bôi trơn SKF LGLT 2/25 SKF LGLT 2 là mỡ gốc dầu tổng hợp hoàn toàn sử dụng xà phòng lithium. Công nghệ làm đặc độc đáo và dầu có độ nhớt thấp (PAO) mang lại hiệu suất bôi trơn tuyệt vời ở nhiệt độ thấp -50 °C (-60 °F) và tốc độ cực cao (có thể đạt tới giá trị ndm là 1,6 * 106). Các ứng dụng tiêu biểu: • Cọc kéo sợi dệt • Cọc máy công cụ • Dụng cụ và thiết bị điều khiển • Trục chính máy công cụ • Thiết bị kiểm tra • Động cơ điện nhỏ được sử dụng trong thiết bị y tế và nha khoa – Giày trượt trong dây chuyền – Xi lanh in – Rô-bốt Mô-men xoắn ma sát thấp chạy êm Ổn định oxy hóa cực tốt và khả năng chống nước Mỡ SKF LGLT 2 Mỡ dùng cho vòng bi có tốc độ rất cao, tiếng ồn thấp hoặc trong môi trường nhiệt độ thấp Tài liệu kỹ thuật LGLT 2: LGLT_2.pdf Tài liệu tham khảo về mỡ SKF (E): Tài liệu kỹ thuật mỡ LGHP 2: LGHP_2.pdf Tài liệu kỹ thuật mỡ LDTS 1:LDTS_1.pdf Tài liệu kỹ thuật mỡ LESA 2: LESA_2.pdf Tài liệu kỹ thuật mỡ LGBB 2: LGBB_2.pdf Tài liệu kỹ thuật mỡ LGEM 2: LGEM_2.pdf Tài liệu kỹ thuật mỡ LGEP 2: LGEP_2.pdf Tài liệu kỹ thuật mỡ LGET 2: LGET_2.pdf Tài liệu kỹ thuật mỡ LGEV 2: LGEV_2.pdf Tài liệu kỹ thuật mỡ LGFP 2:LGFP_2.pdf Tài liệu kỹ thuật mỡ LGGB 2:LGGB_2.pdf Tài liệu kỹ thuật mỡ LGHB 2:LGHB_2.pdf Tài liệu kỹ thuật mỡ LGMT 2:LGMT_2.pdf Tài liệu kỹ thuật mỡ LGLT 2:LGLT_2.pdf Tài liệu kỹ thuật mỡ LGMT 2:LGMT_2.pdf Tài liệu kỹ thuật mỡ LGMT 2:LGMT_3.pdf Tài liệu kỹ thuật mỡ LGWA 2:LGWA_2.pdf Tài liệu kỹ thuật mỡ LGWM 1:LGWM_1.pdf Tài liệu kỹ thuật mỡ LGWM 2:LGWM_2.pdf Tài liệu kỹ thuật mỡ LGCG 1:LMCG_1.pdf Tài liệu kỹ thuật mỡ SKF:Thong_so_mo_SKF.pdf","[]","50166000","out_of_stock","vongbicongnghiep.vn-wc-store-api-category-search-skf","2026-04-29T13:49:31.438Z"
"36054","SKF","LGLT 2/1-SKF","LGLT 2/1-SKF","LGLT21SKF","Mỡ bôi trơn SKF LGLT 2/1","Mỡ bôi trơn SKF","Mỡ bôi trơn SKF","93","he-thong-boi-tron","https://vongbicongnghiep.vn/san-pham/mo-boi-tron-skf-lglt-2-1/","https://vongbicongnghiep.vn/wp-content/uploads/2023/01/0901d196809a8797.png","[""https://vongbicongnghiep.vn/wp-content/uploads/2023/01/0901d196809a8797.png""]","Mỡ bôi trơn SKF LGLT 2/1","Mỡ bôi trơn SKF LGLT 2/1 SKF LGLT 2 là mỡ gốc dầu tổng hợp hoàn toàn sử dụng xà phòng lithium. Công nghệ làm đặc độc đáo và dầu có độ nhớt thấp (PAO) mang lại hiệu suất bôi trơn tuyệt vời ở nhiệt độ thấp -50 °C (-60 °F) và tốc độ cực cao (có thể đạt tới giá trị ndm là 1,6 * 106). Các ứng dụng tiêu biểu: • Cọc kéo sợi dệt • Cọc máy công cụ • Dụng cụ và thiết bị điều khiển • Trục chính máy công cụ • Thiết bị kiểm tra • Động cơ điện nhỏ được sử dụng trong thiết bị y tế và nha khoa – Giày trượt trong dây chuyền – Xi lanh in – Rô-bốt Mô-men xoắn ma sát thấp chạy êm Ổn định oxy hóa cực tốt và khả năng chống nước Mỡ SKF LGLT 2 Mỡ dùng cho vòng bi có tốc độ rất cao, tiếng ồn thấp hoặc trong môi trường nhiệt độ thấp Tài liệu kỹ thuật LGLT 2: LGLT_2.pdf Tài liệu tham khảo về mỡ SKF (E): Tài liệu kỹ thuật mỡ LGHP 2: LGHP_2.pdf Tài liệu kỹ thuật mỡ LDTS 1:LDTS_1.pdf Tài liệu kỹ thuật mỡ LESA 2: LESA_2.pdf Tài liệu kỹ thuật mỡ LGBB 2: LGBB_2.pdf Tài liệu kỹ thuật mỡ LGEM 2: LGEM_2.pdf Tài liệu kỹ thuật mỡ LGEP 2: LGEP_2.pdf Tài liệu kỹ thuật mỡ LGET 2: LGET_2.pdf Tài liệu kỹ thuật mỡ LGEV 2: LGEV_2.pdf Tài liệu kỹ thuật mỡ LGFP 2:LGFP_2.pdf Tài liệu kỹ thuật mỡ LGGB 2:LGGB_2.pdf Tài liệu kỹ thuật mỡ LGHB 2:LGHB_2.pdf Tài liệu kỹ thuật mỡ LGMT 2:LGMT_2.pdf Tài liệu kỹ thuật mỡ LGLT 2:LGLT_2.pdf Tài liệu kỹ thuật mỡ LGMT 2:LGMT_2.pdf Tài liệu kỹ thuật mỡ LGMT 2:LGMT_3.pdf Tài liệu kỹ thuật mỡ LGWA 2:LGWA_2.pdf Tài liệu kỹ thuật mỡ LGWM 1:LGWM_1.pdf Tài liệu kỹ thuật mỡ LGWM 2:LGWM_2.pdf Tài liệu kỹ thuật mỡ LGCG 1:LMCG_1.pdf Tài liệu kỹ thuật mỡ SKF:Thong_so_mo_SKF.pdf","[]","2046000","in_stock","vongbicongnghiep.vn-wc-store-api-category-search-skf","2026-04-29T13:49:31.438Z"
"36051","SKF","LGLT 2/0.2-SKF","LGLT 2/0.2-SKF","LGLT202SKF","Mỡ bôi trơn SKF LGLT 2/0.2","Mỡ bôi trơn SKF","Mỡ bôi trơn SKF","93","he-thong-boi-tron","https://vongbicongnghiep.vn/san-pham/mo-boi-tron-skf-lglt-2-0-2/","https://vongbicongnghiep.vn/wp-content/uploads/2023/01/0901d196809a8798.png","[""https://vongbicongnghiep.vn/wp-content/uploads/2023/01/0901d196809a8798.png""]","Mỡ bôi trơn SKF LGLT 2/0.2","Mỡ bôi trơn SKF LGLT 2/0.2 SKF LGLT 2 là mỡ gốc dầu tổng hợp hoàn toàn sử dụng xà phòng lithium. Công nghệ làm đặc độc đáo và dầu có độ nhớt thấp (PAO) mang lại hiệu suất bôi trơn tuyệt vời ở nhiệt độ thấp -50 °C (-60 °F) và tốc độ cực cao (có thể đạt tới giá trị ndm là 1,6 * 106). Các ứng dụng tiêu biểu: • Cọc kéo sợi dệt • Cọc máy công cụ • Dụng cụ và thiết bị điều khiển • Trục chính máy công cụ • Thiết bị kiểm tra • Động cơ điện nhỏ được sử dụng trong thiết bị y tế và nha khoa – Giày trượt trong dây chuyền – Xi lanh in – Rô-bốt Mô-men xoắn ma sát thấp chạy êm Ổn định oxy hóa cực tốt và khả năng chống nước Mỡ SKF LGLT 2 Mỡ dùng cho vòng bi có tốc độ rất cao, tiếng ồn thấp hoặc trong môi trường nhiệt độ thấp Tài liệu kỹ thuật LGLT 2: LGLT_2.pdf Tài liệu tham khảo về mỡ SKF (E): Tài liệu kỹ thuật mỡ LGHP 2: LGHP_2.pdf Tài liệu kỹ thuật mỡ LDTS 1:LDTS_1.pdf Tài liệu kỹ thuật mỡ LESA 2: LESA_2.pdf Tài liệu kỹ thuật mỡ LGBB 2: LGBB_2.pdf Tài liệu kỹ thuật mỡ LGEM 2: LGEM_2.pdf Tài liệu kỹ thuật mỡ LGEP 2: LGEP_2.pdf Tài liệu kỹ thuật mỡ LGET 2: LGET_2.pdf Tài liệu kỹ thuật mỡ LGEV 2: LGEV_2.pdf Tài liệu kỹ thuật mỡ LGFP 2:LGFP_2.pdf Tài liệu kỹ thuật mỡ LGGB 2:LGGB_2.pdf Tài liệu kỹ thuật mỡ LGHB 2:LGHB_2.pdf Tài liệu kỹ thuật mỡ LGMT 2:LGMT_2.pdf Tài liệu kỹ thuật mỡ LGLT 2:LGLT_2.pdf Tài liệu kỹ thuật mỡ LGMT 2:LGMT_2.pdf Tài liệu kỹ thuật mỡ LGMT 2:LGMT_3.pdf Tài liệu kỹ thuật mỡ LGWA 2:LGWA_2.pdf Tài liệu kỹ thuật mỡ LGWM 1:LGWM_1.pdf Tài liệu kỹ thuật mỡ LGWM 2:LGWM_2.pdf Tài liệu kỹ thuật mỡ LGCG 1:LMCG_1.pdf Tài liệu kỹ thuật mỡ SKF:Thong_so_mo_SKF.pdf","[]","563000","out_of_stock","vongbicongnghiep.vn-wc-store-api-category-search-skf","2026-04-29T13:49:31.439Z"
"36048","SKF","LGHQ 2/SD250-SKF","LGHQ 2/SD250-SKF","LGHQ2SD250SKF","Bôi trơn tự động SKF LGHQ 2/SD250","Mỡ bôi trơn SKF","Mỡ bôi trơn SKF","93","he-thong-boi-tron","https://vongbicongnghiep.vn/san-pham/boi-tron-tu-dong-skf-lghq-2-sd250/","https://vongbicongnghiep.vn/wp-content/uploads/2023/01/0901d19680a8c6bb.png","[""https://vongbicongnghiep.vn/wp-content/uploads/2023/01/0901d19680a8c6bb.png""]","Bôi trơn tự động SKF LGHQ 2/SD250","Bôi trơn tự động SKF LGHQ 2/SD250 Bộ nạp lại SKF SYSTEM 24 TLSD Bộ này chứa đầy mỡ SKF LGHQ 2 dành cho nhiệt độ cao và tốc độ cao được khuyên dùng cho động cơ điện, quạt và máy bơm. Bộ nạp lại của chúng tôi dành cho chất bôi trơn SKF SYSTEM 24 chứa đầy mỡ/dầu và có thể được sử dụng với mọi chất bôi trơn TLSD. Để sử dụng bộ nạp dầu, bạn cần có một tấm đỡ có van hồi lưu tích hợp phải được đặt hàng riêng. Lãi suất trả góp linh hoạt từ 1 đến 12 tháng Bộ nạp lại sẵn sàng để sử dụng Có thể được sử dụng với tất cả các chất bôi trơn TLSD Đổ đầy mỡ hoặc dầu SKF Cài đặt nhanh chóng và dễ dàng","[]","996000","in_stock","vongbicongnghiep.vn-wc-store-api-category-search-skf","2026-04-29T13:49:31.439Z"
"36044","SKF","LGHB 2/SD250-SKF","LGHB 2/SD250-SKF","LGHB2SD250SKF","Bôi trơn tự động SKF LGHB 2/SD250","Mỡ bôi trơn SKF","Mỡ bôi trơn SKF","93","he-thong-boi-tron","https://vongbicongnghiep.vn/san-pham/boi-tron-tu-dong-skf-lghb-2-sd250/","https://vongbicongnghiep.vn/wp-content/uploads/2023/01/0901d196807e2556.png","[""https://vongbicongnghiep.vn/wp-content/uploads/2023/01/0901d196807e2556.png""]","Bôi trơn tự động SKF LGHB 2/SD250","Bôi trơn tự động SKF LGHB 2/SD250 Bộ nạp lại SKF SYSTEM 24 TLSD Bộ này chứa đầy mỡ SKF LGHB 2 dành cho tải trọng cao, môi trường ẩm ướt và nhiệt độ cao, được khuyên dùng cho ổ trượt trơn, băng tải và các ứng dụng có tải trọng cao và tốc độ thấp. Bộ nạp lại của chúng tôi dành cho chất bôi trơn SKF SYSTEM 24 chứa đầy mỡ/dầu và có thể được sử dụng với mọi chất bôi trơn TLSD. Để sử dụng bộ nạp dầu, bạn cần có một tấm đỡ có van hồi lưu tích hợp phải được đặt hàng riêng. Mỡ có sẵn có thể dùng linh hoạt từ 1 đến 12 tháng Sẵn sàng sử dụng, có kèm theo pin Có thể được sử dụng với tất cả các chất bôi trơn TLSD Cài đặt nhanh chóng và dễ dàng","[]","967000","out_of_stock","vongbicongnghiep.vn-wc-store-api-category-search-skf","2026-04-29T13:49:31.439Z"
"36041","SKF","LGHB 2/SD125-SKF","LGHB 2/SD125-SKF","LGHB2SD125SKF","Bôi trơn tự động SKF LGHB 2/SD125","Mỡ bôi trơn SKF","Mỡ bôi trơn SKF","93","he-thong-boi-tron","https://vongbicongnghiep.vn/san-pham/boi-tron-tu-dong-skf-lghb-2-sd125/","https://vongbicongnghiep.vn/wp-content/uploads/2023/01/0901d196807e2557.png","[""https://vongbicongnghiep.vn/wp-content/uploads/2023/01/0901d196807e2557.png""]","Bôi trơn tự động SKF LGHB 2/SD125","Bôi trơn tự động SKF LGHB 2/SD125 Bộ nạp lại SKF SYSTEM 24 TLSD Bộ này chứa đầy mỡ SKF LGHB 2 dành cho tải trọng cao, môi trường ẩm ướt và nhiệt độ cao, được khuyên dùng cho ổ trượt trơn, băng tải và các ứng dụng có tải trọng cao và tốc độ thấp. Bộ nạp lại của chúng tôi dành cho chất bôi trơn SKF SYSTEM 24 chứa đầy mỡ/dầu và có thể được sử dụng với mọi chất bôi trơn TLSD. Để sử dụng bộ nạp dầu, bạn cần có một tấm đỡ có van hồi lưu tích hợp phải được đặt hàng riêng. Mỡ có sẵn có thể dùng linh hoạt từ 1 đến 12 tháng Sẵn sàng sử dụng, có kèm theo pin Có thể được sử dụng với tất cả các chất bôi trơn TLSD Cài đặt nhanh chóng và dễ dàng","[]","730000","out_of_stock","vongbicongnghiep.vn-wc-store-api-category-search-skf","2026-04-29T13:49:31.439Z"
"36038","SKF","LGHB 2/180-SKF","LGHB 2/180-SKF","LGHB2180SKF","Mỡ bôi trơn SKF LGHB 2/180","Mỡ bôi trơn SKF","Mỡ bôi trơn SKF","93","he-thong-boi-tron","https://vongbicongnghiep.vn/san-pham/mo-boi-tron-skf-lghb-2-180/","https://vongbicongnghiep.vn/wp-content/uploads/2023/01/0901d196809a8757.png","[""https://vongbicongnghiep.vn/wp-content/uploads/2023/01/0901d196809a8757.png""]","Mỡ bôi trơn SKF LGHB 2/180","Mỡ bôi trơn SKF LGHB 2/180 SKF LGHB 2 là mỡ bôi trơn gốc dầu khoáng, có độ nhớt cao, sử dụng công nghệ Lithium canxi-sulphonat phức hợp mới nhất. Được pha chế để chịu được nhiệt độ cao và tải trọng khắc nghiệt, nó thích hợp cho nhiều ứng dụng, đặc biệt là trong phân đoạn xi măng, khai thác mỏ và kim loại. Mỡ này không chứa chất phụ gia và đặc tính chịu cực áp phát sinh từ cấu trúc Lithium. •Khả năng chịu tải tuyệt vời, chống oxy hóa và bảo vệ ăn mòn ngay cả khi nước xâm nhập lớn •Chịu được nhiệt độ cao nhất là 200 ° C (390 ° F) Các ứng dụng tiêu biểu •Ổ bi có bề mặt thép tiếp xúc thép •Máy làm giấy và bột giấy •Xe lu rải nhựa đường •Máy đúc liên tục •Vòng bi lăn hình cầu có nắp phớt hoạt động lên đến 150 ° C (300 ° F) •Vòng bi đũa việc trong ngành thép •Con lăn của xe nâng Quy cách đóng gói sản phẩm Thông số kỹ thuật sản phẩm Link download Tài liệu sản phẩm mỡ bôi trơn","[]","88499000","out_of_stock","vongbicongnghiep.vn-wc-store-api-category-search-skf","2026-04-29T13:49:31.439Z"
"36035","SKF","LGHB 2/50-SKF","LGHB 2/50-SKF","LGHB250SKF","Mỡ bôi trơn SKF LGHB 2/50","Mỡ bôi trơn SKF","Mỡ bôi trơn SKF","93","he-thong-boi-tron","https://vongbicongnghiep.vn/san-pham/mo-boi-tron-skf-lghb-2-50/","https://vongbicongnghiep.vn/wp-content/uploads/2023/01/0901d196809a8756.png","[""https://vongbicongnghiep.vn/wp-content/uploads/2023/01/0901d196809a8756.png""]","Mỡ bôi trơn SKF LGHB 2/50","Mỡ bôi trơn SKF LGHB 2/50 SKF LGHB 2 là mỡ bôi trơn gốc dầu khoáng, có độ nhớt cao, sử dụng công nghệ Lithium canxi-sulphonat phức hợp mới nhất. Được pha chế để chịu được nhiệt độ cao và tải trọng khắc nghiệt, nó thích hợp cho nhiều ứng dụng, đặc biệt là trong phân đoạn xi măng, khai thác mỏ và kim loại. Mỡ này không chứa chất phụ gia và đặc tính chịu cực áp phát sinh từ cấu trúc Lithium. •Khả năng chịu tải tuyệt vời, chống oxy hóa và bảo vệ ăn mòn ngay cả khi nước xâm nhập lớn •Chịu được nhiệt độ cao nhất là 200 ° C (390 ° F) Các ứng dụng tiêu biểu •Ổ bi có bề mặt thép tiếp xúc thép •Máy làm giấy và bột giấy •Xe lu rải nhựa đường •Máy đúc liên tục •Vòng bi lăn hình cầu có nắp phớt hoạt động lên đến 150 ° C (300 ° F) •Vòng bi đũa việc trong ngành thép •Con lăn của xe nâng Quy cách đóng gói sản phẩm Thông số kỹ thuật sản phẩm Link download Tài liệu sản phẩm mỡ bôi trơn","[]","31970000","out_of_stock","vongbicongnghiep.vn-wc-store-api-category-search-skf","2026-04-29T13:49:31.439Z"
"36032","SKF","LGHB 2/18-SKF","LGHB 2/18-SKF","LGHB218SKF","Mỡ bôi trơn SKF LGHB 2/18","Mỡ bôi trơn SKF","Mỡ bôi trơn SKF","93","he-thong-boi-tron","https://vongbicongnghiep.vn/san-pham/mo-boi-tron-skf-lghb-2-18/","https://vongbicongnghiep.vn/wp-content/uploads/2023/01/0901d196809a8755.png","[""https://vongbicongnghiep.vn/wp-content/uploads/2023/01/0901d196809a8755.png""]","Mỡ bôi trơn SKF LGHB 2/18","Mỡ bôi trơn SKF LGHB 2/18 SKF LGHB 2 là mỡ bôi trơn gốc dầu khoáng, có độ nhớt cao, sử dụng công nghệ Lithium canxi-sulphonat phức hợp mới nhất. Được pha chế để chịu được nhiệt độ cao và tải trọng khắc nghiệt, nó thích hợp cho nhiều ứng dụng, đặc biệt là trong phân đoạn xi măng, khai thác mỏ và kim loại. Mỡ này không chứa chất phụ gia và đặc tính chịu cực áp phát sinh từ cấu trúc Lithium. •Khả năng chịu tải tuyệt vời, chống oxy hóa và bảo vệ ăn mòn ngay cả khi nước xâm nhập lớn •Chịu được nhiệt độ cao nhất là 200 ° C (390 ° F) Các ứng dụng tiêu biểu •Ổ bi có bề mặt thép tiếp xúc thép •Máy làm giấy và bột giấy •Xe lu rải nhựa đường •Máy đúc liên tục •Vòng bi lăn hình cầu có nắp phớt hoạt động lên đến 150 ° C (300 ° F) •Vòng bi đũa việc trong ngành thép •Con lăn của xe nâng Quy cách đóng gói sản phẩm Thông số kỹ thuật sản phẩm Link download Tài liệu sản phẩm mỡ bôi trơn","[]","12235000","in_stock","vongbicongnghiep.vn-wc-store-api-category-search-skf","2026-04-29T13:49:31.439Z"
"36031","SKF","LGHB 2/5-SKF","LGHB 2/5-SKF","LGHB25SKF","Mỡ bôi trơn SKF LGHB 2/5","Mỡ bôi trơn SKF","Mỡ bôi trơn SKF","93","he-thong-boi-tron","https://vongbicongnghiep.vn/san-pham/mo-boi-tron-skf-lghb-2-5/","https://vongbicongnghiep.vn/wp-content/uploads/2023/01/0901d196809a8754.png","[""https://vongbicongnghiep.vn/wp-content/uploads/2023/01/0901d196809a8754.png""]","Mỡ bôi trơn SKF LGHB 2/5","Mỡ bôi trơn SKF LGHB 2/5 SKF LGHB 2 là mỡ bôi trơn gốc dầu khoáng, có độ nhớt cao, sử dụng công nghệ Lithium canxi-sulphonat phức hợp mới nhất. Được pha chế để chịu được nhiệt độ cao và tải trọng khắc nghiệt, nó thích hợp cho nhiều ứng dụng, đặc biệt là trong phân đoạn xi măng, khai thác mỏ và kim loại. Mỡ này không chứa chất phụ gia và đặc tính chịu cực áp phát sinh từ cấu trúc Lithium. •Khả năng chịu tải tuyệt vời, chống oxy hóa và bảo vệ ăn mòn ngay cả khi nước xâm nhập lớn •Chịu được nhiệt độ cao nhất là 200 ° C (390 ° F) Các ứng dụng tiêu biểu •Ổ bi có bề mặt thép tiếp xúc thép •Máy làm giấy và bột giấy •Xe lu rải nhựa đường •Máy đúc liên tục •Vòng bi lăn hình cầu có nắp phớt hoạt động lên đến 150 ° C (300 ° F) •Vòng bi đũa việc trong ngành thép •Con lăn của xe nâng Quy cách đóng gói sản phẩm Thông số kỹ thuật sản phẩm Link download Tài liệu sản phẩm mỡ bôi trơn","[]","3835000","in_stock","vongbicongnghiep.vn-wc-store-api-category-search-skf","2026-04-29T13:49:31.439Z"
"36028","SKF","LGHB 2/0.4-SKF","LGHB 2/0.4-SKF","LGHB204SKF","Mỡ bôi trơn SKF LGHB 2/0.4","Mỡ bôi trơn SKF","Mỡ bôi trơn SKF","93","he-thong-boi-tron","https://vongbicongnghiep.vn/san-pham/mo-boi-tron-skf-lghb-2-0-4/","https://vongbicongnghiep.vn/wp-content/uploads/2023/01/0901d196809a8753.png","[""https://vongbicongnghiep.vn/wp-content/uploads/2023/01/0901d196809a8753.png""]","Mỡ bôi trơn SKF LGHB 2/0.4","Mỡ bôi trơn SKF LGHB 2/0.4 SKF LGHB 2 là mỡ bôi trơn gốc dầu khoáng, có độ nhớt cao, sử dụng công nghệ Lithium canxi-sulphonat phức hợp mới nhất. Được pha chế để chịu được nhiệt độ cao và tải trọng khắc nghiệt, nó thích hợp cho nhiều ứng dụng, đặc biệt là trong phân đoạn xi măng, khai thác mỏ và kim loại. Mỡ này không chứa chất phụ gia và đặc tính chịu cực áp phát sinh từ cấu trúc Lithium. •Khả năng chịu tải tuyệt vời, chống oxy hóa và bảo vệ ăn mòn ngay cả khi nước xâm nhập lớn •Chịu được nhiệt độ cao nhất là 200 ° C (390 ° F) Các ứng dụng tiêu biểu •Ổ bi có bề mặt thép tiếp xúc thép •Máy làm giấy và bột giấy •Xe lu rải nhựa đường •Máy đúc liên tục •Vòng bi lăn hình cầu có nắp phớt hoạt động lên đến 150 ° C (300 ° F) •Vòng bi đũa việc trong ngành thép •Con lăn của xe nâng Quy cách đóng gói sản phẩm Thông số kỹ thuật sản phẩm Link download Tài liệu sản phẩm mỡ bôi trơn","[]","364000","in_stock","vongbicongnghiep.vn-wc-store-api-category-search-skf","2026-04-29T13:49:32.989Z"
"36025","SKF","LGFQ 2/18-SKF","LGFQ 2/18-SKF","LGFQ218SKF","Mỡ bôi trơn SKF LGFQ 2/18","Mỡ bôi trơn SKF","Mỡ bôi trơn SKF","93","he-thong-boi-tron","https://vongbicongnghiep.vn/san-pham/mo-boi-tron-skf-lgfq-2-18/","https://vongbicongnghiep.vn/wp-content/uploads/2023/01/0901d196809a872e.png","[""https://vongbicongnghiep.vn/wp-content/uploads/2023/01/0901d196809a872e.png""]","Mỡ bôi trơn SKF LGFQ 2/18","Mỡ bôi trơn SKF: LGFQ 2 trong thùng 18 kg, Cho ngành thực phẩm, đồ uống SKF LGFQ 2 là mỡ gốc dầu tổng hợp sử dụng công nghệ chất làm đặc canxi sunfat phức tạp mới nhất. Nó phù hợp cho các ứng dụng chịu tải trọng cao, môi trường ẩm ướt và nhiệt độ dao động trong ngành thực phẩm và đồ uống. Các ứng dụng tiêu biểu: • Máy ép viên • Máy trộn • Máy nghiền • Hệ thống bôi trơn tập trung Bảo vệ chống ăn mòn tuyệt vời • Ổn định cơ học tuyệt vời Khả năng bôi trơn tải cao tuyệt vời • Bảo vệ nước muối giả tốt • Khả năng bơm tốt xuống nhiệt độ thấp • NSF H1 đã đăng ký và chứng nhận Halal và Kosher Performance Base oil viscosity DIN 51562 at 100 °C 30 mm²/s Base oil viscosity DIN 51562 at 40 °C 320 mm²/s Copper corrosion (max.) DIN 51811 /ASTM D4048, 24 hrs at 100°C 1b Corrosion protection, Emcor, ISO 11007 modified, 0.5% NaCl 1-1 Corrosion protection, Emcor, ISO 11007 modified, Water washout 0-0 Corrosion protection, Emcor, ISO 11007, Distilled water 0-0 Dropping point (min) ISO 2176 300 °C EP performance – 4 ball – Wear scar (max.) DIN 51350/5, 1400N 1 mm EP performance – 4 ball – Weld load (min.) DIN 51350/4 4 000 N Low temperature torque, Start/Running, mNm 369/223 at -40°C Lubrication ability, R2F test B at 120°C Pass Mechanical stability – Roll stability, ASTM D1831 (max.) 50 hrs at 80°C, 10-1mm +30 Mechanical stability, V2F test, 144 hrs – Oil separation DIN 51817, 40°C, % 1-3 Penetration DIN ISO 2137, Prolonged (max.), 100 000 strokes, 10-1mm +30 Penetration DIN ISO 2137, Worked, 60 strokes (10-1mm) 280-310 Product weight 18 kg Rolling beraing grease life (max.) ROF test, L50 life, 10000 r/min, hrs at °C 1000 at 130°C Speed (max.) n x dm (x 1000) 300 Water resistance (max.) DIN 51807/1, 3 hrs at 90 °C 1 Properties Base oil type Synthetic (PAO) Certifications NSF H1;Halal;Kosher Colour Brown DIN 51825 code KP1/2N-40 NLGI consistency class 1-2 NSF Registration no. 153759 Operating temperature range -40 to +140 °C Recommended applications Pellet presses;Mills;Mixers Shelf life 2 a Thickener Calcium sulphonate complex","[]","23421000","in_stock","vongbicongnghiep.vn-wc-store-api-category-search-skf","2026-04-29T13:49:32.989Z"
"36021","SKF","LGFQ 2/SD250-SKF","LGFQ 2/SD250-SKF","LGFQ2SD250SKF","Mỡ bôi trơn tự động SKF LGFQ 2/SD250","Mỡ bôi trơn SKF","Mỡ bôi trơn SKF","93","he-thong-boi-tron","https://vongbicongnghiep.vn/san-pham/mo-boi-tron-tu-dong-skf-lgfq-2-sd250/","https://vongbicongnghiep.vn/wp-content/uploads/2023/01/0901d196807e2554.png","[""https://vongbicongnghiep.vn/wp-content/uploads/2023/01/0901d196807e2554.png""]","Mỡ bôi trơn tự động SKF LGFQ 2/SD250","Bộ nạp lại SKF SYSTEM 24 TLSD – Mỡ bôi trơn tự động SKF LGFQ 2/SD250 Bộ này chứa đầy mỡ ổ trục dùng cho thực phẩm chịu tải trọng cao và nhiệt độ rộng SKF LGFQ 2, thích hợp cho băng tải. Bộ nạp lại của chúng tôi dành cho chất bôi trơn SKF SYSTEM 24 chứa đầy mỡ/dầu và có thể được sử dụng với mọi chất bôi trơn TLSD. Để sử dụng bộ nạp dầu, bạn cần có một tấm đỡ có van hồi lưu tích hợp phải được đặt hàng riêng. Mỡ có sẵn có thể dùng linh hoạt từ 1 đến 12 tháng Bộ nạp lại sẵn sàng để sử dụng Có thể được sử dụng với tất cả các chất bôi trơn TLSD Đổ đầy mỡ hoặc dầu SKF Cài đặt nhanh chóng và dễ dàng","[]","1149000","out_of_stock","vongbicongnghiep.vn-wc-store-api-category-search-skf","2026-04-29T13:49:32.990Z"
"36016","SKF","LGFP 2/18-SKF","LGFP 2/18-SKF","LGFP218SKF","Mỡ bôi trơn SKF LGFP 2/18","Mỡ bôi trơn SKF","Mỡ bôi trơn SKF","93","he-thong-boi-tron","https://vongbicongnghiep.vn/san-pham/mo-boi-tron-skf-lgfp-2-18/","https://vongbicongnghiep.vn/wp-content/uploads/2023/01/0901d196809a8727.png","[""https://vongbicongnghiep.vn/wp-content/uploads/2023/01/0901d196809a8727.png""]","Mỡ bôi trơn SKF LGFP 2/18","Mỡ bôi trơn SKF: LGFP 2/18 dùng cho ngành thực phẩm Mỡ thực phẩm đa năng SKF LGFP 2 là loại mỡ chịu lực sạch, không độc hại, được sản xuất dựa trên tiêu chuẩn ngành y tế. • Khả năng chống nước cao • Tuổi thọ dầu mỡ tuyệt vời • Chống ăn mòn tuyệt vời • Giá trị pH trung tính về cơ bản • NSF H1 đã đăng ký và được chứng nhận Halal và Kosher Các ứng dụng tiêu biểu • Vòng bi cassette nhiều gói • Máy đóng gói • Vòng bi băng tải • Máy đóng chai Quy cách đóng gói mỡ LGFP 2 Quy cách đóng gói Ký hiệu Đóng gói hộp 420 ml LGFP 2/0.4 Đóng gói hộp 1 Kg LGFP 2/1 Đối gói thùng 18 Kg LGFP 2/18 Đóng gói thùng 180 Kg LGFP 2/180 Thông số kỹ thuật của mỡ LGFP 2 Các chứng chỉ về an toàn thực phẩm của mỡ LGFP 2 được các tổ chức độc lập xác thực – Datasheet của mỡ LGFP 2 – Chứng chỉ NSF cấp cho mỡ LGFP 2 – Chứng chỉ Halal certificate LGFP 2 – Safety data sheet LGFP2 (MSDS LGFP 2 ) – Kosher certificate LGFP 2 – Chứng chỉ HALAL cấp co mỡ LGFP 2 – Chứng chỉ Kosher cấp co mỡ LGFP 2","[]","13211000","out_of_stock","vongbicongnghiep.vn-wc-store-api-category-search-skf","2026-04-29T13:49:32.990Z"
"36013","SKF","LGFP 2/1-SKF","LGFP 2/1-SKF","LGFP21SKF","Mỡ bôi trơn SKF LGFP 2/1","Mỡ bôi trơn SKF","Mỡ bôi trơn SKF","93","he-thong-boi-tron","https://vongbicongnghiep.vn/san-pham/mo-boi-tron-skf-lgfp-2-1/","https://vongbicongnghiep.vn/wp-content/uploads/2023/01/0901d196809a8725.png","[""https://vongbicongnghiep.vn/wp-content/uploads/2023/01/0901d196809a8725.png""]","Mỡ bôi trơn SKF LGFP 2/1","Mỡ bôi trơn SKF: LGFP 2/1 dùng cho ngành thực phẩm Mỡ thực phẩm đa năng SKF LGFP 2 là loại mỡ chịu lực sạch, không độc hại, được sản xuất dựa trên tiêu chuẩn ngành y tế. • Khả năng chống nước cao • Tuổi thọ dầu mỡ tuyệt vời • Chống ăn mòn tuyệt vời • Giá trị pH trung tính về cơ bản • NSF H1 đã đăng ký và được chứng nhận Halal và Kosher Các ứng dụng tiêu biểu • Vòng bi cassette nhiều gói • Máy đóng gói • Vòng bi băng tải • Máy đóng chai Quy cách đóng gói mỡ LGFP 2 Quy cách đóng gói Ký hiệu Đóng gói hộp 420 ml LGFP 2/0.4 Đóng gói hộp 1 Kg LGFP 2/1 Đối gói thùng 18 Kg LGFP 2/18 Đóng gói thùng 180 Kg LGFP 2/180 Thông số kỹ thuật của mỡ LGFP 2 Các chứng chỉ về an toàn thực phẩm của mỡ LGFP 2 được các tổ chức độc lập xác thực – Datasheet của mỡ LGFP 2 – Chứng chỉ NSF cấp cho mỡ LGFP 2 – Chứng chỉ Halal certificate LGFP 2 – Safety data sheet LGFP2 (MSDS LGFP 2 ) – Kosher certificate LGFP 2 – Chứng chỉ HALAL cấp co mỡ LGFP 2 – Chứng chỉ Kosher cấp co mỡ LGFP 2","[]","829000","out_of_stock","vongbicongnghiep.vn-wc-store-api-category-search-skf","2026-04-29T13:49:32.991Z"
"36010","SKF","LGFP 2/0.4-SKF","LGFP 2/0.4-SKF","LGFP204SKF","Mỡ bôi trơn SKF LGFP 2/0.4","Mỡ bôi trơn SKF","Mỡ bôi trơn SKF","93","he-thong-boi-tron","https://vongbicongnghiep.vn/san-pham/mo-boi-tron-skf-lgfp-2-0-4/","https://vongbicongnghiep.vn/wp-content/uploads/2023/01/0901d196809a8726.png","[""https://vongbicongnghiep.vn/wp-content/uploads/2023/01/0901d196809a8726.png""]","Mỡ bôi trơn SKF LGFP 2/0.4","Mỡ bôi trơn SKF: LGFP 2/0.4 dùng cho ngành thực phẩm Mỡ thực phẩm đa năng SKF LGFP 2 là loại mỡ chịu lực sạch, không độc hại, được sản xuất dựa trên tiêu chuẩn ngành y tế. • Khả năng chống nước cao • Tuổi thọ dầu mỡ tuyệt vời • Chống ăn mòn tuyệt vời • Giá trị pH trung tính về cơ bản • NSF H1 đã đăng ký và được chứng nhận Halal và Kosher Các ứng dụng tiêu biểu • Vòng bi cassette nhiều gói • Máy đóng gói • Vòng bi băng tải • Máy đóng chai Quy cách đóng gói mỡ LGFP 2 Quy cách đóng gói Ký hiệu Đóng gói hộp 420 ml LGFP 2/0.4 Đóng gói hộp 1 Kg LGFP 2/1 Đối gói thùng 18 Kg LGFP 2/18 Đóng gói thùng 180 Kg LGFP 2/180 Thông số kỹ thuật của mỡ LGFP 2 Các chứng chỉ về an toàn thực phẩm của mỡ LGFP 2 được các tổ chức độc lập xác thực – Datasheet của mỡ LGFP 2 – Chứng chỉ NSF cấp cho mỡ LGFP 2 – Chứng chỉ Halal certificate LGFP 2 – Safety data sheet LGFP2 (MSDS LGFP 2 ) – Kosher certificate LGFP 2 – Chứng chỉ HALAL cấp co mỡ LGFP 2 – Chứng chỉ Kosher cấp co mỡ LGFP 2","[]","343000","out_of_stock","vongbicongnghiep.vn-wc-store-api-category-search-skf","2026-04-29T13:49:32.991Z"
"36007","SKF","LGEV 2/180-SKF","LGEV 2/180-SKF","LGEV2180SKF","Mỡ bôi trơn SKF LGEV 2/180","Mỡ bôi trơn SKF","Mỡ bôi trơn SKF","93","he-thong-boi-tron","https://vongbicongnghiep.vn/san-pham/mo-boi-tron-skf-lgev-2-180/","https://vongbicongnghiep.vn/wp-content/uploads/2023/01/0901d196809a8721.png","[""https://vongbicongnghiep.vn/wp-content/uploads/2023/01/0901d196809a8721.png""]","Mỡ bôi trơn SKF LGEV 2/180","Mỡ bôi trơn SKF: LGEV 2/180 Mỡ bôi trơn vòng bi có độ nhớt cực cao với chất bôi trơn rắn SKF LGEV 2 là mỡ bôi trơn gốc dầu khoáng, sử dụng xà phòng liti-canxi. Hàm lượng cao molybdenum disulphide và than chì, kết hợp với dầu có độ nhớt cực cao, cung cấp khả năng bảo vệ vượt trội trong các điều kiện khắc nghiệt nhất liên quan đến tải trọng cao, quay chậm và rung động nghiêm trọng. Rất thích hợp để bôi trơn các ổ lăn hình cầu có kích thước lớn chịu tải cao và quay chậm, dễ xảy ra tình trạng trượt nhỏ Cơ học cực kỳ ổn định cung cấp khả năng chống nước tốt và chống ăn mòn Các ứng dụng tiêu biểu • Vòng bi trục trên trống quay • Hỗ trợ và đẩy con lăn trên lò quay và máy sấy • Máy xúc bánh lốp • Vòng bi quay • Máy nghiền con lăn áp suất cao • Máy nghiền Quy cách đóng gói mỡ LGEV 2 Thông số kỹ thuật của mỡ LGEV 2 Catalog sản phẩm mỡ LGEV 2 Datasheet sản phẩm LGEV 2","[]","151785000","in_stock","vongbicongnghiep.vn-wc-store-api-category-search-skf","2026-04-29T13:49:32.991Z"
"36004","SKF","LGEV 2/18-SKF","LGEV 2/18-SKF","LGEV218SKF","Mỡ bôi trơn SKF LGEV 2/18","Mỡ bôi trơn SKF","Mỡ bôi trơn SKF","93","he-thong-boi-tron","https://vongbicongnghiep.vn/san-pham/mo-boi-tron-skf-lgev-2-18/","https://vongbicongnghiep.vn/wp-content/uploads/2023/01/0901d196809a871e.png","[""https://vongbicongnghiep.vn/wp-content/uploads/2023/01/0901d196809a871e.png""]","Mỡ bôi trơn SKF LGEV 2/18","Mỡ bôi trơn SKF: LGEV 2/18 Mỡ bôi trơn vòng bi có độ nhớt cực cao với chất bôi trơn rắn SKF LGEV 2 là mỡ bôi trơn gốc dầu khoáng, sử dụng xà phòng liti-canxi. Hàm lượng cao molybdenum disulphide và than chì, kết hợp với dầu có độ nhớt cực cao, cung cấp khả năng bảo vệ vượt trội trong các điều kiện khắc nghiệt nhất liên quan đến tải trọng cao, quay chậm và rung động nghiêm trọng. Rất thích hợp để bôi trơn các ổ lăn hình cầu có kích thước lớn chịu tải cao và quay chậm, dễ xảy ra tình trạng trượt nhỏ Cơ học cực kỳ ổn định cung cấp khả năng chống nước tốt và chống ăn mòn Các ứng dụng tiêu biểu • Vòng bi trục trên trống quay • Hỗ trợ và đẩy con lăn trên lò quay và máy sấy • Máy xúc bánh lốp • Vòng bi quay • Máy nghiền con lăn áp suất cao • Máy nghiền Quy cách đóng gói mỡ LGEV 2 Thông số kỹ thuật của mỡ LGEV 2 Catalog sản phẩm mỡ LGEV 2 Datasheet sản phẩm LGEV 2","[]","16914000","in_stock","vongbicongnghiep.vn-wc-store-api-category-search-skf","2026-04-29T13:49:32.991Z"
"36001","SKF","LGEV 2/5-SKF","LGEV 2/5-SKF","LGEV25SKF","Mỡ bôi trơn SKF LGEV 2/5","Mỡ bôi trơn SKF","Mỡ bôi trơn SKF","93","he-thong-boi-tron","https://vongbicongnghiep.vn/san-pham/mo-boi-tron-skf-lgev-2-5/","https://vongbicongnghiep.vn/wp-content/uploads/2023/01/0901d196809a8702.png","[""https://vongbicongnghiep.vn/wp-content/uploads/2023/01/0901d196809a8702.png""]","Mỡ bôi trơn SKF LGEV 2/5","Mỡ bôi trơn SKF: LGEV 2/5 Mỡ bôi trơn vòng bi có độ nhớt cực cao với chất bôi trơn rắn SKF LGEV 2 là mỡ bôi trơn gốc dầu khoáng, sử dụng xà phòng liti-canxi. Hàm lượng cao molybdenum disulphide và than chì, kết hợp với dầu có độ nhớt cực cao, cung cấp khả năng bảo vệ vượt trội trong các điều kiện khắc nghiệt nhất liên quan đến tải trọng cao, quay chậm và rung động nghiêm trọng. Rất thích hợp để bôi trơn các ổ lăn hình cầu có kích thước lớn chịu tải cao và quay chậm, dễ xảy ra tình trạng trượt nhỏ Cơ học cực kỳ ổn định cung cấp khả năng chống nước tốt và chống ăn mòn Các ứng dụng tiêu biểu • Vòng bi trục trên trống quay • Hỗ trợ và đẩy con lăn trên lò quay và máy sấy • Máy xúc bánh lốp • Vòng bi quay • Máy nghiền con lăn áp suất cao • Máy nghiền Quy cách đóng gói mỡ LGEV 2 Thông số kỹ thuật của mỡ LGEV 2 Catalog sản phẩm mỡ LGEV 2 Datasheet sản phẩm LGEV 2","[]","4866000","in_stock","vongbicongnghiep.vn-wc-store-api-category-search-skf","2026-04-29T13:49:32.991Z"
"35997","SKF","LGEV 2/0.4-SKF","LGEV 2/0.4-SKF","LGEV204SKF","Mỡ bôi trơn SKF LGEV 2/0.4","Mỡ bôi trơn SKF","Mỡ bôi trơn SKF","93","he-thong-boi-tron","https://vongbicongnghiep.vn/san-pham/mo-boi-tron-skf-lgev-2-0-4/","https://vongbicongnghiep.vn/wp-content/uploads/2023/01/0901d196809a8701.png","[""https://vongbicongnghiep.vn/wp-content/uploads/2023/01/0901d196809a8701.png""]","Mỡ bôi trơn SKF LGEV 2/0.4","Mỡ bôi trơn SKF: LGEV 2/0.4 Mỡ bôi trơn vòng bi có độ nhớt cực cao với chất bôi trơn rắn SKF LGEV 2 là mỡ bôi trơn gốc dầu khoáng, sử dụng xà phòng liti-canxi. Hàm lượng cao molybdenum disulphide và than chì, kết hợp với dầu có độ nhớt cực cao, cung cấp khả năng bảo vệ vượt trội trong các điều kiện khắc nghiệt nhất liên quan đến tải trọng cao, quay chậm và rung động nghiêm trọng. Rất thích hợp để bôi trơn các ổ lăn hình cầu có kích thước lớn chịu tải cao và quay chậm, dễ xảy ra tình trạng trượt nhỏ Cơ học cực kỳ ổn định cung cấp khả năng chống nước tốt và chống ăn mòn Các ứng dụng tiêu biểu • Vòng bi trục trên trống quay • Hỗ trợ và đẩy con lăn trên lò quay và máy sấy • Máy xúc bánh lốp • Vòng bi quay • Máy nghiền con lăn áp suất cao • Máy nghiền Quy cách đóng gói mỡ LGEV 2 Thông số kỹ thuật của mỡ LGEV 2 Catalog sản phẩm mỡ LGEV 2 Datasheet sản phẩm LGEV 2","[]","430000","in_stock","vongbicongnghiep.vn-wc-store-api-category-search-skf","2026-04-29T13:49:32.992Z"
"35994","SKF","LGEP 2/50-SKF","LGEP 2/50-SKF","LGEP250SKF","Mỡ bôi trơn SKF LGEP 2/50","Mỡ bôi trơn SKF","Mỡ bôi trơn SKF","93","he-thong-boi-tron","https://vongbicongnghiep.vn/san-pham/mo-boi-tron-skf-lgep-2-50/","https://vongbicongnghiep.vn/wp-content/uploads/2023/01/0901d196809a86fc.png","[""https://vongbicongnghiep.vn/wp-content/uploads/2023/01/0901d196809a86fc.png""]","Mỡ bôi trơn SKF LGEP 2/50","Mỡ SKF LGEP 2/50 chịu tải cao, chịu áp lớn SKF LGEP 2 là mỡ gốc dầu khoáng, làm đặc bằng litilium với phụ gia chịu áp lực lớn. Mỡ này cung cấp khả năng bôi trơn tốt trong các ứng dụng thông thường chịu các điều kiện khắc nghiệt và rung động. • Độ ổn định cơ học tuyệt vời • Đặc tính ức chế ăn mòn cực tốt • Hiệu suất EP xuất sắc Các ứng dụng tiêu biểu • Máy làm giấy và bột giấy • Máy nghiền hàm • Cửa đập • Vòng bi lăn làm việc trong ngành thép • Máy móc hạng nặng, ứng dụng rung động • Bánh xe cẩu, puly • Vòng đu quay lớn Đóng gói LGEP 2/0.4 Hộp 400 g LGEP 2/1 Hộp 1 Kg LGEP 2/5 Hộp 5 Kg LGEP 2/18 Thùng 18 Kg LGEP 2/50 Thùng 50 Kg LGEP 2/180 Thùng 180 Kg Thông số kỹ thuật sản phẩm Link Catalog mỡ LGEP 2 ( bản tiếng Anh)","[]","20846000","out_of_stock","vongbicongnghiep.vn-wc-store-api-category-search-skf","2026-04-29T13:49:32.992Z"
"35991","SKF","LGEP 2/180-SKF","LGEP 2/180-SKF","LGEP2180SKF","Mỡ bôi trơn SKF LGEP 2/180","Mỡ bôi trơn SKF","Mỡ bôi trơn SKF","93","he-thong-boi-tron","https://vongbicongnghiep.vn/san-pham/mo-boi-tron-skf-lgep-2-180/","https://vongbicongnghiep.vn/wp-content/uploads/2023/01/0901d196809a86fd.png","[""https://vongbicongnghiep.vn/wp-content/uploads/2023/01/0901d196809a86fd.png""]","Mỡ bôi trơn SKF LGEP 2/180","Mỡ SKF LGEP 2/180 chịu tải cao, chịu áp lớn SKF LGEP 2 là mỡ gốc dầu khoáng, làm đặc bằng litilium với phụ gia chịu áp lực lớn. Mỡ này cung cấp khả năng bôi trơn tốt trong các ứng dụng thông thường chịu các điều kiện khắc nghiệt và rung động. • Độ ổn định cơ học tuyệt vời • Đặc tính ức chế ăn mòn cực tốt • Hiệu suất EP xuất sắc Các ứng dụng tiêu biểu • Máy làm giấy và bột giấy • Máy nghiền hàm • Cửa đập • Vòng bi lăn làm việc trong ngành thép • Máy móc hạng nặng, ứng dụng rung động • Bánh xe cẩu, puly • Vòng đu quay lớn Đóng gói LGEP 2/0.4 Hộp 400 g LGEP 2/1 Hộp 1 Kg LGEP 2/5 Hộp 5 Kg LGEP 2/18 Thùng 18 Kg LGEP 2/50 Thùng 50 Kg LGEP 2/180 Thùng 180 Kg Thông số kỹ thuật sản phẩm Link Catalog mỡ LGEP 2 ( bản tiếng Anh)","[]","49532000","out_of_stock","vongbicongnghiep.vn-wc-store-api-category-search-skf","2026-04-29T13:49:32.992Z"
"35988","SKF","LGEP 2/18-SKF","LGEP 2/18-SKF","LGEP218SKF","Mỡ bôi trơn SKF LGEP 2/18","Mỡ bôi trơn SKF","Mỡ bôi trơn SKF","93","he-thong-boi-tron","https://vongbicongnghiep.vn/san-pham/mo-boi-tron-skf-lgep-2-18/","https://vongbicongnghiep.vn/wp-content/uploads/2023/01/0901d196809a86fb.png","[""https://vongbicongnghiep.vn/wp-content/uploads/2023/01/0901d196809a86fb.png""]","Mỡ bôi trơn SKF LGEP 2/18","Mỡ SKF LGEP 2/18 chịu tải cao, chịu áp lớn SKF LGEP 2/18 là mỡ gốc dầu khoáng, làm đặc bằng litilium với phụ gia chịu áp lực lớn. Mỡ này cung cấp khả năng bôi trơn tốt trong các ứng dụng thông thường chịu các điều kiện khắc nghiệt và rung động. • Độ ổn định cơ học tuyệt vời • Đặc tính ức chế ăn mòn cực tốt • Hiệu suất EP xuất sắc Các ứng dụng tiêu biểu • Máy làm giấy và bột giấy • Máy nghiền hàm • Cửa đập • Vòng bi lăn làm việc trong ngành thép • Máy móc hạng nặng, ứng dụng rung động • Bánh xe cẩu, puly • Vòng đu quay lớn Đóng gói LGEP 2/0.4 Hộp 400 g LGEP 2/1 Hộp 1 Kg LGEP 2/5 Hộp 5 Kg LGEP 2/18 Thùng 18 Kg LGEP 2/50 Thùng 50 Kg LGEP 2/180 Thùng 180 Kg Thông số kỹ thuật sản phẩm Link Catalog mỡ LGEP 2 ( bản tiếng Anh)","[]","8096000","in_stock","vongbicongnghiep.vn-wc-store-api-category-search-skf","2026-04-29T13:49:32.992Z"
"35984","SKF","LGEP 2/5-SKF","LGEP 2/5-SKF","LGEP25SKF","Mỡ bôi trơn SKF LGEP 2/5","Mỡ bôi trơn SKF","Mỡ bôi trơn SKF","93","he-thong-boi-tron","https://vongbicongnghiep.vn/san-pham/mo-boi-tron-skf-lgep-2-5/","https://vongbicongnghiep.vn/wp-content/uploads/2023/01/0901d196809a86fa.png","[""https://vongbicongnghiep.vn/wp-content/uploads/2023/01/0901d196809a86fa.png""]","Mỡ bôi trơn SKF LGEP 2/5","Mỡ SKF LGEP 2/5 chịu tải cao, chịu áp lớn SKF LGEP 2/5 là mỡ gốc dầu khoáng, làm đặc bằng litilium với phụ gia chịu áp lực lớn. Mỡ này cung cấp khả năng bôi trơn tốt trong các ứng dụng thông thường chịu các điều kiện khắc nghiệt và rung động. • Độ ổn định cơ học tuyệt vời • Đặc tính ức chế ăn mòn cực tốt • Hiệu suất EP xuất sắc Các ứng dụng tiêu biểu • Máy làm giấy và bột giấy • Máy nghiền hàm • Cửa đập • Vòng bi lăn làm việc trong ngành thép • Máy móc hạng nặng, ứng dụng rung động • Bánh xe cẩu, puly • Vòng đu quay lớn Đóng gói LGEP 2/0.4 Hộp 400 g LGEP 2/1 Hộp 1 Kg LGEP 2/5 Hộp 5 Kg LGEP 2/18 Thùng 18 Kg LGEP 2/50 Thùng 50 Kg LGEP 2/180 Thùng 180 Kg Thông số kỹ thuật sản phẩm Link Catalog mỡ LGEP 2 ( bản tiếng Anh)","[]","2352000","in_stock","vongbicongnghiep.vn-wc-store-api-category-search-skf","2026-04-29T13:49:32.992Z"
"35981","SKF","LGEP 2/1-SKF","LGEP 2/1-SKF","LGEP21SKF","Mỡ bôi trơn SKF LGEP 2/1","Mỡ bôi trơn SKF","Mỡ bôi trơn SKF","93","he-thong-boi-tron","https://vongbicongnghiep.vn/san-pham/mo-boi-tron-skf-lgep-2-1/","https://vongbicongnghiep.vn/wp-content/uploads/2023/01/0901d196809a86e4.png","[""https://vongbicongnghiep.vn/wp-content/uploads/2023/01/0901d196809a86e4.png""]","Mỡ bôi trơn SKF LGEP 2/1","Mỡ SKF LGEP 2/1 chịu tải cao, chịu áp lớn SKF LGEP 2/1 là mỡ gốc dầu khoáng, làm đặc bằng litilium với phụ gia chịu áp lực lớn. Mỡ này cung cấp khả năng bôi trơn tốt trong các ứng dụng thông thường chịu các điều kiện khắc nghiệt và rung động. • Độ ổn định cơ học tuyệt vời • Đặc tính ức chế ăn mòn cực tốt • Hiệu suất EP xuất sắc Các ứng dụng tiêu biểu • Máy làm giấy và bột giấy • Máy nghiền hàm • Cửa đập • Vòng bi lăn làm việc trong ngành thép • Máy móc hạng nặng, ứng dụng rung động • Bánh xe cẩu, puly • Vòng đu quay lớn Đóng gói LGEP 2/0.4 Hộp 400 g LGEP 2/1 Hộp 1 Kg LGEP 2/5 Hộp 5 Kg LGEP 2/18 Thùng 18 Kg LGEP 2/50 Thùng 50 Kg LGEP 2/180 Thùng 180 Kg Thông số kỹ thuật sản phẩm Link Catalog mỡ LGEP 2 ( bản tiếng Anh)","[]","545000","in_stock","vongbicongnghiep.vn-wc-store-api-category-search-skf","2026-04-29T13:49:32.992Z"
"35978","SKF","LGEP 2/0.4-SKF","LGEP 2/0.4-SKF","LGEP204SKF","Mỡ bôi trơn SKF LGEP 2/0.4","Mỡ bôi trơn SKF","Mỡ bôi trơn SKF","93","he-thong-boi-tron","https://vongbicongnghiep.vn/san-pham/mo-boi-tron-skf-lgep-2-0-4/","https://vongbicongnghiep.vn/wp-content/uploads/2023/01/0901d196809a86f9.png","[""https://vongbicongnghiep.vn/wp-content/uploads/2023/01/0901d196809a86f9.png""]","Mỡ bôi trơn SKF LGEP 2/0.4","Mỡ SKF LGEP 2/0.4 chịu tải cao, chịu áp lớn SKF LGEP 2/0.4 là mỡ gốc dầu khoáng, làm đặc bằng litilium với phụ gia chịu áp lực lớn. Mỡ này cung cấp khả năng bôi trơn tốt trong các ứng dụng thông thường chịu các điều kiện khắc nghiệt và rung động. • Độ ổn định cơ học tuyệt vời • Đặc tính ức chế ăn mòn cực tốt • Hiệu suất EP xuất sắc Các ứng dụng tiêu biểu • Máy làm giấy và bột giấy • Máy nghiền hàm • Cửa đập • Vòng bi lăn làm việc trong ngành thép • Máy móc hạng nặng, ứng dụng rung động • Bánh xe cẩu, puly • Vòng đu quay lớn Đóng gói LGEP 2/0.4 Hộp 400 g LGEP 2/1 Hộp 1 Kg LGEP 2/5 Hộp 5 Kg LGEP 2/18 Thùng 18 Kg LGEP 2/50 Thùng 50 Kg LGEP 2/180 Thùng 180 Kg Thông số kỹ thuật sản phẩm Link Catalog mỡ LGEP 2 ( bản tiếng Anh)","[]","240000","out_of_stock","vongbicongnghiep.vn-wc-store-api-category-search-skf","2026-04-29T13:49:32.992Z"
"35974","SKF","LGEM 2/18-SKF","LGEM 2/18-SKF","LGEM218SKF","Mỡ bôi trơn SKF LGEM 2/18","Mỡ bôi trơn SKF","Mỡ bôi trơn SKF","93","he-thong-boi-tron","https://vongbicongnghiep.vn/san-pham/mo-boi-tron-skf-lgem-2-18/","https://vongbicongnghiep.vn/wp-content/uploads/2023/01/0901d196809a86e0.png","[""https://vongbicongnghiep.vn/wp-content/uploads/2023/01/0901d196809a86e0.png""]","Mỡ bôi trơn SKF LGEM 2/18","Mỡ vòng bi SKF độ nhớt cao với chất bôi trơn rắn SKF LGEM 2/18 là mỡ bôi trơn gốc dầu khoáng, có độ nhớt cao, sử dụng chất làm đặc là Lithium. Hàm lượng molybdenum disulphide và than chì của nó cung cấp khả năng bảo vệ bổ sung cho các ứng dụng khắc nghiệt chịu tải cao, rung động nặng và quay chậm •Độ bền oxy hóa cao •Molybdenum đisulphide và than chì giúp bôi trơn ngay cả khi dầu bị hỏng Các ứng dụng tiêu biểu •Vòng bi con lăn chạy ở tốc độ thấp, tải trọng rất cao •Máy nghiền hàm •Bánh xe nâng •Máy xây dựng như mâm cơ khí, tay cẩu và móc cẩu Quy cách đóng gói sản phẩm Thông số kỹ thuật sản phẩm Link download Tài liệu sản phẩm mỡ bôi trơn","[]","12042000","out_of_stock","vongbicongnghiep.vn-wc-store-api-category-search-skf","2026-04-29T13:49:32.992Z"
"35971","SKF","LGEM 2/5-SKF","LGEM 2/5-SKF","LGEM25SKF","Mỡ bôi trơn SKF LGEM 2/5","Mỡ bôi trơn SKF","Mỡ bôi trơn SKF","93","he-thong-boi-tron","https://vongbicongnghiep.vn/san-pham/mo-boi-tron-skf-lgem-2-5/","https://vongbicongnghiep.vn/wp-content/uploads/2023/01/0901d196809a86df.png","[""https://vongbicongnghiep.vn/wp-content/uploads/2023/01/0901d196809a86df.png""]","Mỡ bôi trơn SKF LGEM 2/5","Mỡ vòng bi SKF độ nhớt cao với chất bôi trơn rắn SKF LGEM 2 là mỡ bôi trơn gốc dầu khoáng, có độ nhớt cao, sử dụng chất làm đặc là Lithium. Hàm lượng molybdenum disulphide và than chì của nó cung cấp khả năng bảo vệ bổ sung cho các ứng dụng khắc nghiệt chịu tải cao, rung động nặng và quay chậm •Độ bền oxy hóa cao •Molybdenum đisulphide và than chì giúp bôi trơn ngay cả khi dầu bị hỏng Các ứng dụng tiêu biểu •Vòng bi con lăn chạy ở tốc độ thấp, tải trọng rất cao •Máy nghiền hàm •Bánh xe nâng •Máy xây dựng như mâm cơ khí, tay cẩu và móc cẩu Quy cách đóng gói sản phẩm Thông số kỹ thuật sản phẩm Link download Tài liệu sản phẩm mỡ bôi trơn","[]","3552000","in_stock","vongbicongnghiep.vn-wc-store-api-category-search-skf","2026-04-29T13:49:32.992Z"
"35968","SKF","LGAF 3E/0.5-SKF","LGAF 3E/0.5-SKF","LGAF3E05SKF","Mỡ chống mòn SKF LGAF 3E/0.5","Mỡ bôi trơn SKF","Mỡ bôi trơn SKF","93","he-thong-boi-tron","https://vongbicongnghiep.vn/san-pham/mo-chong-mon-skf-lgaf-3e-0-5/","https://vongbicongnghiep.vn/wp-content/uploads/2023/01/0901d1968052818b.webp","[""https://vongbicongnghiep.vn/wp-content/uploads/2023/01/0901d1968052818b.webp""]","Mỡ chống mòn SKF LGAF 3E/0.5","Mỡ chống Mòn SKF LGAF 3E trong lon 0.5 kg SKF LGAF 3E là một loại mỡ bôi trơn, mịn để ngăn chặn sự ăn mòn của mối nối do dao động nhẹ hoặc chấn động. Những hư hỏng ăn mòn như vậy có thể làm phức tạp việc tháo vòng bi và dẫn đến hư hỏng vỏ hoặc trục. Thích hợp cho các bề mặt ổ trục và kim loại được sắp xếp lỏng lẻo như màn hình rung, ổ trục bánh xe tải và ô tô Giảm ăn mòn khó chịu và giúp việc tháo vòng bi dễ dàng hơn Hỗ trợ tháo dễ dàng hơn các bộ phận công nghiệp nói chung trong nhiều ứng dụng như đai ốc, bu lông, mặt bích, đinh tán, vòng bi, chốt dẫn hướng, khớp nối, vít kích, trung tâm máy tiện, thanh đẩy và trục spline Performance Base oil viscosity DIN 51562 at 100 °C 50 mm²/s Base oil viscosity DIN 51562 at 40 °C 500 mm²/s Copper corrosion (max.) DIN 51811 /ASTM D4048, 24 hrs at 100°C 2 Corrosion protection, Emcor, ISO 11007 modified, 0.5% NaCl 2-2 Corrosion protection, Emcor, ISO 11007 modified, Water washout 0-0 Corrosion protection, Emcor, ISO 11007, Distilled water 0-0 Dropping point (min) ISO 2176 140 °C EP performance – 4 ball – Wear scar (max.) DIN 51350/5, 1400N 2 mm EP performance – 4 ball – Weld load (min.) DIN 51350/4 3 200 N Penetration DIN ISO 2137, Prolonged (max.), 100 000 strokes, 10-1mm +35 Penetration DIN ISO 2137, Worked, 60 strokes (10-1mm) 265-295 Product weight 0.5 kg Water resistance (max.) DIN 51807/1, 3 hrs at 90 °C 1 Properties Base oil type Mineral/Synthetic Colour Beige DIN 51825 code KPE2G-40 NLGI consistency class 2 Operating temperature range -25 to +250 °C Thickener Lithium","[]","1515000","in_stock","vongbicongnghiep.vn-wc-store-api-category-search-skf","2026-04-29T13:49:32.993Z"
"35965","SKF","LGWA 2/SD250-SKF","LGWA 2/SD250-SKF","LGWA2SD250SKF","Bôi trơn tự động SKF LGWA 2/SD250","Mỡ bôi trơn SKF","Mỡ bôi trơn SKF","93","he-thong-boi-tron","https://vongbicongnghiep.vn/san-pham/boi-tron-tu-dong-skf-lgwa-2-sd250/","https://vongbicongnghiep.vn/wp-content/uploads/2023/01/0901d196807e255b.png","[""https://vongbicongnghiep.vn/wp-content/uploads/2023/01/0901d196807e255b.png""]","","Bộ bôi trơn tự động có thể dùng lại SKF LGWA 2/SD250 LGWA 2/SD250 Bộ LGWA 2/SD250 này chứa đầy mỡ SKF LGWA 2 cho dải nhiệt độ rộng và áp suất cực cao, được khuyên dùng cho động cơ điện, băng tải, quạt và máy bơm. Bộ nạp lại của chúng tôi dành cho chất bôi trơn SKF SYSTEM 24 chứa đầy mỡ/dầu và có thể được sử dụng với mọi chất bôi trơn TLSD. Để sử dụng bộ nạp dầu, bạn cần có một tấm đỡ có van hồi lưu tích hợp phải được đặt hàng riêng. cài đặt sử dụng linh hoạt từ 1 đến 12 tháng Sẵn sàng sử dụng, có kèm theo pin Có thể được sử dụng với tất cả các chất bôi trơn TLSD Cài đặt nhanh chóng và dễ dàng SKF LGWA 2 là loại mỡ bôi trơn gốc liti, gốc dầu khoáng chất lượng cao với hiệu suất cực áp (EP). LGWA 2 được khuyến nghị cho các ứng dụng công nghiệp và ô tô nói chung, khi tải trọng hoặc nhiệt độ vượt quá phạm vi của mỡ bôi trơn đa năng.. Bôi trơn tuyệt vời ở nhiệt độ cao nhất lên đến 220 ° C (430 ° F) trong thời gian ngắn • Bảo vệ ổ trục bánh xe hoạt động trong điều kiện khắc nghiệt • Bôi trơn hiệu quả trong điều kiện ẩm ướt • Chống nước và chống ăn mòn tốt • Bôi trơn tuyệt vời dưới tải cao và tốc độ thấp Các ứng dụng tiêu biểu • Vòng bi bánh xe ô tô, rơ moóc và xe tải • Máy giặt • Quạt và động cơ điện Đóng gói mỡ LGWA 2 Đóng gói Ký hiệu 250 ml cartridge LGWA 2/SD250 Thông số kỹ thuật mỡ bôi trơn SKF: LGWA 2","[]","893000","in_stock","vongbicongnghiep.vn-wc-store-api-category-search-skf","2026-04-29T13:49:32.993Z"
"35961","SKF","LGWA 2/SD125-SKF","LGWA 2/SD125-SKF","LGWA2SD125SKF","Bôi trơn tự động SKF LGWA 2/SD125","Mỡ bôi trơn SKF","Mỡ bôi trơn SKF","93","he-thong-boi-tron","https://vongbicongnghiep.vn/san-pham/boi-tron-tu-dong-skf-lgwa-2-sd125/","https://vongbicongnghiep.vn/wp-content/uploads/2023/01/0901d196807e255c.png","[""https://vongbicongnghiep.vn/wp-content/uploads/2023/01/0901d196807e255c.png""]","","Bộ bôi trơn tự động có thể dùng lại SKF LGWA 2/SD125 LGWA 2/SD125 Bộ LGWA 2/SD125 này chứa đầy mỡ SKF LGWA 2 cho dải nhiệt độ rộng và áp suất cực cao, được khuyên dùng cho động cơ điện, băng tải, quạt và máy bơm. Bộ nạp lại của chúng tôi dành cho chất bôi trơn SKF SYSTEM 24 chứa đầy mỡ/dầu và có thể được sử dụng với mọi chất bôi trơn TLSD. Để sử dụng bộ nạp dầu, bạn cần có một tấm đỡ có van hồi lưu tích hợp phải được đặt hàng riêng. cài đặt sử dụng linh hoạt từ 1 đến 12 tháng Sẵn sàng sử dụng, có kèm theo pin Có thể được sử dụng với tất cả các chất bôi trơn TLSD Cài đặt nhanh chóng và dễ dàng SKF LGWA 2 là loại mỡ bôi trơn gốc liti, gốc dầu khoáng chất lượng cao với hiệu suất cực áp (EP). LGWA 2 được khuyến nghị cho các ứng dụng công nghiệp và ô tô nói chung, khi tải trọng hoặc nhiệt độ vượt quá phạm vi của mỡ bôi trơn đa năng.. Bôi trơn tuyệt vời ở nhiệt độ cao nhất lên đến 220 ° C (430 ° F) trong thời gian ngắn • Bảo vệ ổ trục bánh xe hoạt động trong điều kiện khắc nghiệt • Bôi trơn hiệu quả trong điều kiện ẩm ướt • Chống nước và chống ăn mòn tốt • Bôi trơn tuyệt vời dưới tải cao và tốc độ thấp Các ứng dụng tiêu biểu • Vòng bi bánh xe ô tô, rơ moóc và xe tải • Máy giặt • Quạt và động cơ điện Đóng gói mỡ LGWA 2 Đóng gói Ký hiệu 125 ml cartridge LGWA 2/SD125 Thông số kỹ thuật mỡ bôi trơn SKF: LGWA 2","[]","763000","out_of_stock","vongbicongnghiep.vn-wc-store-api-category-search-skf","2026-04-29T13:49:32.993Z"
"35958","SKF","LGWA 2/180-SKF","LGWA 2/180-SKF","LGWA2180SKF","Mỡ bôi trơn SKF LGWA 2/180","Mỡ bôi trơn SKF","Mỡ bôi trơn SKF","93","he-thong-boi-tron","https://vongbicongnghiep.vn/san-pham/mo-boi-tron-skf-lgwa-2-180/","https://vongbicongnghiep.vn/wp-content/uploads/2023/01/0901d196809a87dc.png","[""https://vongbicongnghiep.vn/wp-content/uploads/2023/01/0901d196809a87dc.png""]","Mỡ bôi trơn SKF LGWA 2/180","Mỡ SKF LGWA 2/180 chịu tải cao, cực áp, dải nhiệt độ rộng SKF LGWA 2 là loại mỡ bôi trơn gốc liti, gốc dầu khoáng chất lượng cao với hiệu suất cực áp (EP). LGWA 2 được khuyến nghị cho các ứng dụng công nghiệp và ô tô nói chung, khi tải trọng hoặc nhiệt độ vượt quá phạm vi của mỡ bôi trơn đa năng.. Bôi trơn tuyệt vời ở nhiệt độ cao nhất lên đến 220 ° C (430 ° F) trong thời gian ngắn • Bảo vệ ổ trục bánh xe hoạt động trong điều kiện khắc nghiệt • Bôi trơn hiệu quả trong điều kiện ẩm ướt • Chống nước và chống ăn mòn tốt • Bôi trơn tuyệt vời dưới tải cao và tốc độ thấp Các ứng dụng tiêu biểu • Vòng bi bánh xe ô tô, rơ moóc và xe tải • Máy giặt • Quạt và động cơ điện Đóng gói mỡ LGWA 2 Đóng gói Ký hiệu 180 kg drum LGWA 2/180 Thông số kỹ thuật mỡ bôi trơn SKF: LGWA 2","[]","82085000","out_of_stock","vongbicongnghiep.vn-wc-store-api-category-search-skf","2026-04-29T13:49:32.993Z"
"35955","SKF","LGWA 2/18-SKF","LGWA 2/18-SKF","LGWA218SKF","Mỡ bôi trơn SKF LGWA 2/18","Mỡ bôi trơn SKF","Mỡ bôi trơn SKF","93","he-thong-boi-tron","https://vongbicongnghiep.vn/san-pham/mo-boi-tron-skf-lgwa-2-18/","https://vongbicongnghiep.vn/wp-content/uploads/2023/01/0901d196809a87ce.png","[""https://vongbicongnghiep.vn/wp-content/uploads/2023/01/0901d196809a87ce.png""]","Mỡ bôi trơn SKF LGWA 2/18","Mỡ SKF LGWA 2/18 chịu tải cao, cực áp, dải nhiệt độ rộng SKF LGWA 2 là loại mỡ bôi trơn gốc liti, gốc dầu khoáng chất lượng cao với hiệu suất cực áp (EP). LGWA 2 được khuyến nghị cho các ứng dụng công nghiệp và ô tô nói chung, khi tải trọng hoặc nhiệt độ vượt quá phạm vi của mỡ bôi trơn đa năng.. Bôi trơn tuyệt vời ở nhiệt độ cao nhất lên đến 220 ° C (430 ° F) trong thời gian ngắn • Bảo vệ ổ trục bánh xe hoạt động trong điều kiện khắc nghiệt • Bôi trơn hiệu quả trong điều kiện ẩm ướt • Chống nước và chống ăn mòn tốt • Bôi trơn tuyệt vời dưới tải cao và tốc độ thấp Các ứng dụng tiêu biểu • Vòng bi bánh xe ô tô, rơ moóc và xe tải • Máy giặt • Quạt và động cơ điện Đóng gói mỡ LGWA 2 Đóng gói Ký hiệu 18 kg drum LGWA 2/18 Thông số kỹ thuật mỡ bôi trơn SKF: LGWA 2","[]","7478000","in_stock","vongbicongnghiep.vn-wc-store-api-category-search-skf","2026-04-29T13:49:32.993Z"
"35952","SKF","LGWA 2/50-SKF","LGWA 2/50-SKF","LGWA250SKF","Mỡ bôi trơn SKF LGWA 2/50","Mỡ bôi trơn SKF","Mỡ bôi trơn SKF","93","he-thong-boi-tron","https://vongbicongnghiep.vn/san-pham/mo-boi-tron-skf-lgwa-2-50/","https://vongbicongnghiep.vn/wp-content/uploads/2023/01/0901d196809a87db.png","[""https://vongbicongnghiep.vn/wp-content/uploads/2023/01/0901d196809a87db.png""]","Mỡ bôi trơn SKF LGWA 2/50","Mỡ SKF LGWA 2/50 chịu tải cao, cực áp, dải nhiệt độ rộng SKF LGWA 2 là loại mỡ bôi trơn gốc liti, gốc dầu khoáng chất lượng cao với hiệu suất cực áp (EP). LGWA 2 được khuyến nghị cho các ứng dụng công nghiệp và ô tô nói chung, khi tải trọng hoặc nhiệt độ vượt quá phạm vi của mỡ bôi trơn đa năng.. Bôi trơn tuyệt vời ở nhiệt độ cao nhất lên đến 220 ° C (430 ° F) trong thời gian ngắn • Bảo vệ ổ trục bánh xe hoạt động trong điều kiện khắc nghiệt • Bôi trơn hiệu quả trong điều kiện ẩm ướt • Chống nước và chống ăn mòn tốt • Bôi trơn tuyệt vời dưới tải cao và tốc độ thấp Các ứng dụng tiêu biểu • Vòng bi bánh xe ô tô, rơ moóc và xe tải • Máy giặt • Quạt và động cơ điện Đóng gói mỡ LGWA 2 Đóng gói Ký hiệu 50 kg drum LGWA 2/50 Thông số kỹ thuật mỡ bôi trơn SKF: LGWA 2","[]","26114000","out_of_stock","vongbicongnghiep.vn-wc-store-api-category-search-skf","2026-04-29T13:49:32.993Z"
"35949","SKF","LGWA 2/1-SKF","LGWA 2/1-SKF","LGWA21SKF","Mỡ bôi trơn SKF LGWA 2/1","Mỡ bôi trơn SKF","Mỡ bôi trơn SKF","93","he-thong-boi-tron","https://vongbicongnghiep.vn/san-pham/mo-boi-tron-skf-lgwa-2-1/","https://vongbicongnghiep.vn/wp-content/uploads/2023/01/0901d196809a87ca.png","[""https://vongbicongnghiep.vn/wp-content/uploads/2023/01/0901d196809a87ca.png""]","Mỡ bôi trơn SKF LGWA 2/1","Mỡ SKF LGWA 2/1 chịu tải cao, cực áp, dải nhiệt độ rộng SKF LGWA 2 là loại mỡ bôi trơn gốc liti, gốc dầu khoáng chất lượng cao với hiệu suất cực áp (EP). LGWA 2 được khuyến nghị cho các ứng dụng công nghiệp và ô tô nói chung, khi tải trọng hoặc nhiệt độ vượt quá phạm vi của mỡ bôi trơn đa năng.. Bôi trơn tuyệt vời ở nhiệt độ cao nhất lên đến 220 ° C (430 ° F) trong thời gian ngắn • Bảo vệ ổ trục bánh xe hoạt động trong điều kiện khắc nghiệt • Bôi trơn hiệu quả trong điều kiện ẩm ướt • Chống nước và chống ăn mòn tốt • Bôi trơn tuyệt vời dưới tải cao và tốc độ thấp Các ứng dụng tiêu biểu • Vòng bi bánh xe ô tô, rơ moóc và xe tải • Máy giặt • Quạt và động cơ điện Đóng gói mỡ LGWA 2 Đóng gói Ký hiệu 1 kg can LGWA 2/1 Thông số kỹ thuật mỡ bôi trơn SKF: LGWA 2","[]","640000","in_stock","vongbicongnghiep.vn-wc-store-api-category-search-skf","2026-04-29T13:49:32.994Z"
"35945","SKF","LGWA 2/5-SKF","LGWA 2/5-SKF","LGWA25SKF","Mỡ bôi trơn SKF LGWA 2/5","Mỡ bôi trơn SKF","Mỡ bôi trơn SKF","93","he-thong-boi-tron","https://vongbicongnghiep.vn/san-pham/mo-boi-tron-skf-lgwa-2-5/","https://vongbicongnghiep.vn/wp-content/uploads/2023/01/lgwa-7.jpg","[""https://vongbicongnghiep.vn/wp-content/uploads/2023/01/lgwa-7.jpg""]","Mỡ bôi trơn SKF LGWA 2/5","Mỡ SKF LGWA 2/5 chịu tải cao, cực áp, dải nhiệt độ rộng SKF LGWA 2 là loại mỡ bôi trơn gốc liti, gốc dầu khoáng chất lượng cao với hiệu suất cực áp (EP). LGWA 2 được khuyến nghị cho các ứng dụng công nghiệp và ô tô nói chung, khi tải trọng hoặc nhiệt độ vượt quá phạm vi của mỡ bôi trơn đa năng.. Bôi trơn tuyệt vời ở nhiệt độ cao nhất lên đến 220 ° C (430 ° F) trong thời gian ngắn • Bảo vệ ổ trục bánh xe hoạt động trong điều kiện khắc nghiệt • Bôi trơn hiệu quả trong điều kiện ẩm ướt • Chống nước và chống ăn mòn tốt • Bôi trơn tuyệt vời dưới tải cao và tốc độ thấp Các ứng dụng tiêu biểu • Vòng bi bánh xe ô tô, rơ moóc và xe tải • Máy giặt • Quạt và động cơ điện Đóng gói mỡ LGWA 2 Đóng gói Ký hiệu 5 kg can LGWA 2/5 Thông số kỹ thuật mỡ bôi trơn SKF: LGWA 2","[]","2711000","in_stock","vongbicongnghiep.vn-wc-store-api-category-search-skf","2026-04-29T13:49:32.994Z"
"35939","SKF","LGWA 2/0.4-SKF","LGWA 2/0.4-SKF","LGWA204SKF","Mỡ bôi trơn SKF LGWA 2/0.4","Mỡ bôi trơn SKF","Mỡ bôi trơn SKF","93","he-thong-boi-tron","https://vongbicongnghiep.vn/san-pham/mo-boi-tron-vong-bi-skf-lgwa-2-0-4/","https://vongbicongnghiep.vn/wp-content/uploads/2023/01/360_360_0901d196809a879f-1-copy.png","[""https://vongbicongnghiep.vn/wp-content/uploads/2023/01/360_360_0901d196809a879f-1-copy.png""]","Mỡ bôi trơn vòng bi SKF LGWA 2/0.4","SKF Mỡ chịu tải cao, cực áp, dải nhiệt độ rộng SKF LGWA 2/0.4 là loại mỡ bôi trơn gốc liti, gốc dầu khoáng chất lượng cao với hiệu suất cực áp (EP). LGWA 2/0.4 được khuyến nghị cho các ứng dụng công nghiệp và ô tô nói chung, khi tải trọng hoặc nhiệt độ vượt quá phạm vi của mỡ bôi trơn đa năng.. Bôi trơn tuyệt vời ở nhiệt độ cao nhất lên đến 220 ° C (430 ° F) trong thời gian ngắn • Bảo vệ ổ trục bánh xe hoạt động trong điều kiện khắc nghiệt • Bôi trơn hiệu quả trong điều kiện ẩm ướt • Chống nước và chống ăn mòn tốt • Bôi trơn tuyệt vời dưới tải cao và tốc độ thấp Các ứng dụng tiêu biểu • Vòng bi bánh xe ô tô, rơ moóc và xe tải • Máy giặt • Quạt và động cơ điện Đóng gói mỡ LGWA 2 Đóng gói Ký hiệu 420 ml cartridge LGWA 2/0.4 Thông số kỹ thuật mỡ bôi trơn SKF: LGWA 2","[]","315000","in_stock","vongbicongnghiep.vn-wc-store-api-category-search-skf","2026-04-29T13:49:32.994Z"
"35936","SKF","LGMT 3/180-SKF","LGMT 3/180-SKF","LGMT3180SKF","Mỡ bôi trơn vòng bi SKF LGMT 3/180","Mỡ bôi trơn SKF","Mỡ bôi trơn SKF","93","he-thong-boi-tron","https://vongbicongnghiep.vn/san-pham/mo-boi-tron-vong-bi-skf-lgmt-3-180/","https://vongbicongnghiep.vn/wp-content/uploads/2023/01/0901d196809a87c6.png","[""https://vongbicongnghiep.vn/wp-content/uploads/2023/01/0901d196809a87c6.png""]","Mỡ bôi trơn vòng bi SKF LGMT 3/180","Mỡ đa năng SKF LGMT 3/180 dùng cho bôi trơn vòng bi Công nghiệp và vòng bi ô tô Ứng dụng: -Trục quay thẳng đứng -Vòng ngoài quay -Trục chân vịt -Con lăn băng tải, gối đỡ vòng bi tang trống. -Motor điện, nhiệt độ vừa. -Máy bơm d>75mm, Tốc độ nhanh/ vòng bi đũa. -Bôi trơn vòng bi ô tô. -Bôi trơn vòng bi thiết bị nông nghiệp. Đóng gói mỡ bôi trơn LGMT 3 – Thùng 180 Kg, Ký hiệu LGMT 3/180 Thông số kỹ thuât: Chất làm đặc: Lithium Màu sắc: Màu hổ phách Nhiệt độ làm việc: – 30°C đến 120°C Điểm chảy (Dropt point): > 180°C Độ nhớt: 40 °C, mm2/s :125 100 °C, mm2/s : 12","[]","52621000","out_of_stock","vongbicongnghiep.vn-wc-store-api-category-search-skf","2026-04-29T13:49:32.994Z"
"35933","SKF","LGMT 3/50-SKF","LGMT 3/50-SKF","LGMT350SKF","Mỡ bôi trơn vòng bi SKF LGMT 3/50","Mỡ bôi trơn SKF","Mỡ bôi trơn SKF","93","he-thong-boi-tron","https://vongbicongnghiep.vn/san-pham/mo-boi-tron-vong-bi-skf-lgmt-3-50/","https://vongbicongnghiep.vn/wp-content/uploads/2023/01/0901d196809a87c5.webp","[""https://vongbicongnghiep.vn/wp-content/uploads/2023/01/0901d196809a87c5.webp""]","Mỡ bôi trơn vòng bi SKF LGMT 3/50","Mỡ đa năng SKF LGMT 3/50 dùng cho bôi trơn vòng bi Công nghiệp và vòng bi ô tô Ứng dụng: -Trục quay thẳng đứng -Vòng ngoài quay -Trục chân vịt -Con lăn băng tải, gối đỡ vòng bi tang trống. -Motor điện, nhiệt độ vừa. -Máy bơm d>75mm, Tốc độ nhanh/ vòng bi đũa. -Bôi trơn vòng bi ô tô. -Bôi trơn vòng bi thiết bị nông nghiệp. Đóng gói mỡ bôi trơn LGMT 3 – Thùng 50 Kg, Ký hiệu LGMT 3/50 Thông số kỹ thuât: Chất làm đặc: Lithium Màu sắc: Màu hổ phách Nhiệt độ làm việc: – 30°C đến 120°C Điểm chảy (Dropt point): > 180°C Độ nhớt: 40 °C, mm2/s :125 100 °C, mm2/s : 12","[]","15125000","out_of_stock","vongbicongnghiep.vn-wc-store-api-category-search-skf","2026-04-29T13:49:32.994Z"
"35931","SKF","LGMT 3/18-SKF","LGMT 3/18-SKF","LGMT318SKF","Mỡ bôi trơn vòng bi SKF LGMT 3/18","Mỡ bôi trơn SKF","Mỡ bôi trơn SKF","93","he-thong-boi-tron","https://vongbicongnghiep.vn/san-pham/mo-boi-tron-vong-bi-skf-lgmt-3-18/","https://vongbicongnghiep.vn/wp-content/uploads/2023/01/0901d196809a87c2.webp","[""https://vongbicongnghiep.vn/wp-content/uploads/2023/01/0901d196809a87c2.webp""]","Mỡ bôi trơn vòng bi SKF LGMT 3/18","Mỡ đa năng SKF LGMT 3/18 dùng cho bôi trơn vòng bi Công nghiệp và vòng bi ô tô Ứng dụng: -Trục quay thẳng đứng -Vòng ngoài quay -Trục chân vịt -Con lăn băng tải, gối đỡ vòng bi tang trống. -Motor điện, nhiệt độ vừa. -Máy bơm d>75mm, Tốc độ nhanh/ vòng bi đũa. -Bôi trơn vòng bi ô tô. -Bôi trơn vòng bi thiết bị nông nghiệp. Đóng gói mỡ bôi trơn LGMT 3 – Thùng 18 Kg, Ký hiệu LGMT 3/18 Thông số kỹ thuât: Chất làm đặc: Lithium Màu sắc: Màu hổ phách Nhiệt độ làm việc: – 30°C đến 120°C Điểm chảy (Dropt point): > 180°C Độ nhớt: 40 °C, mm2/s :125 100 °C, mm2/s : 12","[]","6772000","in_stock","vongbicongnghiep.vn-wc-store-api-category-search-skf","2026-04-29T13:49:32.994Z"
"35928","SKF","LGMT 3/5-SKF","LGMT 3/5-SKF","LGMT35SKF","Mỡ bôi trơn vòng bi SKF LGMT 3/5","Mỡ bôi trơn SKF","Mỡ bôi trơn SKF","93","he-thong-boi-tron","https://vongbicongnghiep.vn/san-pham/mo-boi-tron-vong-bi-skf-lgmt-3-5/","https://vongbicongnghiep.vn/wp-content/uploads/2023/01/0901d196809a87c1.png","[""https://vongbicongnghiep.vn/wp-content/uploads/2023/01/0901d196809a87c1.png""]","Mỡ bôi trơn vòng bi SKF LGMT 3/5","Mỡ đa năng SKF LGMT 3/5 dùng cho bôi trơn vòng bi Công nghiệp và vòng bi ô tô Ứng dụng: -Trục quay thẳng đứng -Vòng ngoài quay -Trục chân vịt -Con lăn băng tải, gối đỡ vòng bi tang trống. -Motor điện, nhiệt độ vừa. -Máy bơm d>75mm, Tốc độ nhanh/ vòng bi đũa. -Bôi trơn vòng bi ô tô. -Bôi trơn vòng bi thiết bị nông nghiệp. Đóng gói mỡ bôi trơn LGMT 3 – Thùng 5 Kg, Ký hiệu LGMT 3/5 Thông số kỹ thuât: Chất làm đặc: Lithium Màu sắc: Màu hổ phách Nhiệt độ làm việc: – 30°C đến 120°C Điểm chảy (Dropt point): > 180°C Độ nhớt: 40 °C, mm2/s :125 100 °C, mm2/s : 12","[]","2039000","in_stock","vongbicongnghiep.vn-wc-store-api-category-search-skf","2026-04-29T13:49:32.994Z"
"35925","SKF","LGMT 3/1-SKF","LGMT 3/1-SKF","LGMT31SKF","Mỡ bôi trơn vòng bi SKF LGMT 3/1","Mỡ bôi trơn SKF","Mỡ bôi trơn SKF","93","he-thong-boi-tron","https://vongbicongnghiep.vn/san-pham/mo-boi-tron-vong-bi-skf-lgmt-3-1/","https://vongbicongnghiep.vn/wp-content/uploads/2023/01/0901d196809a87bf.png","[""https://vongbicongnghiep.vn/wp-content/uploads/2023/01/0901d196809a87bf.png""]","Mỡ bôi trơn vòng bi SKF LGMT 3/1","Mỡ đa năng SKF LGMT 3/1 dùng cho bôi trơn vòng bi Công nghiệp và vòng bi ô tô Ứng dụng: -Trục quay thẳng đứng -Vòng ngoài quay -Trục chân vịt -Con lăn băng tải, gối đỡ vòng bi tang trống. -Motor điện, nhiệt độ vừa. -Máy bơm d>75mm, Tốc độ nhanh/ vòng bi đũa. -Bôi trơn vòng bi ô tô. -Bôi trơn vòng bi thiết bị nông nghiệp. Đóng gói mỡ bôi trơn LGMT 3 – Hộp 1 Kg, Ký hiệu LGMT 3/1 Thông số kỹ thuât: Chất làm đặc: Lithium Màu sắc: Màu hổ phách Nhiệt độ làm việc: – 30°C đến 120°C Điểm chảy (Dropt point): > 180°C Độ nhớt: 40 °C, mm2/s :125 100 °C, mm2/s : 12","[]","436000","in_stock","vongbicongnghiep.vn-wc-store-api-category-search-skf","2026-04-29T13:49:32.995Z"
"35922","SKF","LGMT 3/0.4-SKF","LGMT 3/0.4-SKF","LGMT304SKF","Mỡ bôi trơn vòng bi SKF LGMT 3/0.4","Mỡ bôi trơn SKF","Mỡ bôi trơn SKF","93","he-thong-boi-tron","https://vongbicongnghiep.vn/san-pham/mo-boi-tron-vong-bi-skf-lgmt-3-0-4/","https://vongbicongnghiep.vn/wp-content/uploads/2023/01/0901d196809a87c9.png","[""https://vongbicongnghiep.vn/wp-content/uploads/2023/01/0901d196809a87c9.png""]","Mỡ bôi trơn vòng bi SKF LGMT 3/0.4","Mỡ đa năng SKF LGMT 3/0.4 dùng cho bôi trơn vòng bi Công nghiệp và vòng bi ô tô Ứng dụng: -Trục quay thẳng đứng -Vòng ngoài quay -Trục chân vịt -Con lăn băng tải, gối đỡ vòng bi tang trống. -Motor điện, nhiệt độ vừa. -Máy bơm d>75mm, Tốc độ nhanh/ vòng bi đũa. -Bôi trơn vòng bi ô tô. -Bôi trơn vòng bi thiết bị nông nghiệp. Đóng gói mỡ bôi trơn LGMT 3 – Hộp 400 g, Ký hiệu LGMT 3/0.4 Thông số kỹ thuât: Chất làm đặc: Lithium Màu sắc: Màu hổ phách Nhiệt độ làm việc: – 30°C đến 120°C Điểm chảy (Dropt point): > 180°C Độ nhớt: 40 °C, mm2/s :125 100 °C, mm2/s : 12","[]","224000","in_stock","vongbicongnghiep.vn-wc-store-api-category-search-skf","2026-04-29T13:49:32.995Z"
"35918","SKF","LGMT 2/180-SKF","LGMT 2/180-SKF","LGMT2180SKF","Mỡ bôi trơn SKF LGMT 2/180","Mỡ bôi trơn SKF","Mỡ bôi trơn SKF","93","he-thong-boi-tron","https://vongbicongnghiep.vn/san-pham/mo-boi-tron-skf-lgmt-2-180/","https://vongbicongnghiep.vn/wp-content/uploads/2023/01/0901d196809a87bc.png","[""https://vongbicongnghiep.vn/wp-content/uploads/2023/01/0901d196809a87bc.png""]","Mỡ bôi trơn SKF LGMT 2/180","LGMT 2/180: Mỡ dùng cho ô tô và là loại mỡ đa dụng SKF LGMT 2/180 là mỡ gốc dầu khoáng, làm đặc litilium với độ ổn định nhiệt tuyệt vời trong dải nhiệt độ hoạt động của nó. Mỡ đa dụng, chất lượng cao này phù hợp với nhiều ứng dụng công nghiệp và ô tô. •Tính ổn định oxy hóa tuyệt vời •Ổn định cơ học tốt •Khả năng chống nước tuyệt vời và đặc tính ức chế rỉ sét Quy cách đóng gói: LGMT 2/180 Thùng 180 Kg Thông số kỹ thuật sản phẩm: Tài liệu Catalog sản phẩm – tiếng Anh","[]","54371000","out_of_stock","vongbicongnghiep.vn-wc-store-api-category-search-skf","2026-04-29T13:49:32.995Z"
"35913","SKF","LGMT 2/50-SKF","LGMT 2/50-SKF","LGMT250SKF","Mỡ bôi trơn SKF LGMT 2/50","Mỡ bôi trơn SKF","Mỡ bôi trơn SKF","93","he-thong-boi-tron","https://vongbicongnghiep.vn/san-pham/mo-boi-tron-skf-lgmt-2-50/","https://vongbicongnghiep.vn/wp-content/uploads/2023/01/360_360_0901d196809a87bb-2.png","[""https://vongbicongnghiep.vn/wp-content/uploads/2023/01/360_360_0901d196809a87bb-2.png""]","","LGMT 2/50: Mỡ dùng cho ô tô và là loại mỡ đa dụng SKF LGMT 2/50 là mỡ gốc dầu khoáng, làm đặc litilium với độ ổn định nhiệt tuyệt vời trong dải nhiệt độ hoạt động của nó. Mỡ đa dụng, chất lượng cao này phù hợp với nhiều ứng dụng công nghiệp và ô tô. •Tính ổn định oxy hóa tuyệt vời •Ổn định cơ học tốt •Khả năng chống nước tuyệt vời và đặc tính ức chế rỉ sét Quy cách đóng gói: LGMT 2/50 Thùng 50 Kg LGMT 2/180 Thùng 180 Kg Thông số kỹ thuật sản phẩm: Tài liệu Catalog sản phẩm – tiếng Anh","[]","18708000","out_of_stock","vongbicongnghiep.vn-wc-store-api-category-search-skf","2026-04-29T13:49:32.995Z"
"35911","SKF","LGMT 2/18-SKF","LGMT 2/18-SKF","LGMT218SKF","Mỡ bôi trơn SKF LGMT 2/18","Mỡ bôi trơn SKF","Mỡ bôi trơn SKF","93","he-thong-boi-tron","https://vongbicongnghiep.vn/san-pham/mo-boi-tron-skf-lgmt-2-18/","https://vongbicongnghiep.vn/wp-content/uploads/2023/01/360_360_lgmt2.jpg","[""https://vongbicongnghiep.vn/wp-content/uploads/2023/01/360_360_lgmt2.jpg""]","Mỡ bôi trơn SKF LGMT 2/18","LGMT 2/18: Mỡ dùng cho ô tô và là loại mỡ đa dụng SKF LGMT 2 là mỡ gốc dầu khoáng, làm đặc litilium với độ ổn định nhiệt tuyệt vời trong dải nhiệt độ hoạt động của nó. Mỡ đa dụng, chất lượng cao này phù hợp với nhiều ứng dụng công nghiệp và ô tô. •Tính ổn định oxy hóa tuyệt vời •Ổn định cơ học tốt •Khả năng chống nước tuyệt vời và đặc tính ức chế rỉ sét Quy cách đóng gói: LGMT 2/18 Thùng 18 Kg Thông số kỹ thuật sản phẩm: Tài liệu Catalog sản phẩm – tiếng Anh","[]","7232000","in_stock","vongbicongnghiep.vn-wc-store-api-category-search-skf","2026-04-29T13:49:32.995Z"
"35908","SKF","LGMT 2/5-SKF","LGMT 2/5-SKF","LGMT25SKF","Mỡ bôi trơn SKF LGMT 2/5","Mỡ bôi trơn SKF","Mỡ bôi trơn SKF","93","he-thong-boi-tron","https://vongbicongnghiep.vn/san-pham/mo-boi-tron-skf-lgmt-2-5/","https://vongbicongnghiep.vn/wp-content/uploads/2023/01/360_360_0901d196809a87a0-1.png","[""https://vongbicongnghiep.vn/wp-content/uploads/2023/01/360_360_0901d196809a87a0-1.png""]","","LGMT 2/5: Mỡ dùng cho ô tô và là loại mỡ đa dụng SKF LGMT 2/5 là mỡ gốc dầu khoáng, làm đặc litilium với độ ổn định nhiệt tuyệt vời trong dải nhiệt độ hoạt động của nó. Mỡ đa dụng, chất lượng cao này phù hợp với nhiều ứng dụng công nghiệp và ô tô. •Tính ổn định oxy hóa tuyệt vời •Ổn định cơ học tốt •Khả năng chống nước tuyệt vời và đặc tính ức chế rỉ sét Quy cách đóng gói: LGMT 2/5 Hộp 5 Kg Thông số kỹ thuật sản phẩm: Tài liệu Catalog sản phẩm – tiếng Anh","[]","2207000","in_stock","vongbicongnghiep.vn-wc-store-api-category-search-skf","2026-04-29T13:49:32.995Z"
"35904","SKF","LGMT 2/1-SKF","LGMT 2/1-SKF","LGMT21SKF","Mỡ bôi trơn SKF LGMT 2/1","Mỡ bôi trơn SKF","Mỡ bôi trơn SKF","93","he-thong-boi-tron","https://vongbicongnghiep.vn/san-pham/mo-boi-tron-skf-lgmt-2-1/","https://vongbicongnghiep.vn/wp-content/uploads/2023/01/360_360_0901d196809a879d-1.png","[""https://vongbicongnghiep.vn/wp-content/uploads/2023/01/360_360_0901d196809a879d-1.png""]","Mỡ bôi trơn SKF LGMT 2/1","LGMT 2: Mỡ dùng cho ô tô và là loại mỡ đa dụng SKF LGMT 2 là mỡ gốc dầu khoáng, làm đặc litilium với độ ổn định nhiệt tuyệt vời trong dải nhiệt độ hoạt động của nó. Mỡ đa dụng, chất lượng cao này phù hợp với nhiều ứng dụng công nghiệp và ô tô. •Tính ổn định oxy hóa tuyệt vời •Ổn định cơ học tốt •Khả năng chống nước tuyệt vời và đặc tính ức chế rỉ sét Quy cách đóng gói: LGMT 2/1 Hộp 1 Kg Thông số kỹ thuật sản phẩm: Tài liệu Catalog sản phẩm – tiếng Anh","[]","485000","in_stock","vongbicongnghiep.vn-wc-store-api-category-search-skf","2026-04-29T13:49:32.995Z"
"35901","SKF","LGMT 2/0.4-SKF","LGMT 2/0.4-SKF","LGMT204SKF","Mỡ bôi trơn SKF LGMT 2/0.4","Mỡ bôi trơn SKF","Mỡ bôi trơn SKF","93","he-thong-boi-tron","https://vongbicongnghiep.vn/san-pham/mo-boi-tron-skf-lgmt-2-0-4/","https://vongbicongnghiep.vn/wp-content/uploads/2023/01/360_360_0901d196809a879f-1.png","[""https://vongbicongnghiep.vn/wp-content/uploads/2023/01/360_360_0901d196809a879f-1.png""]","","LGMT 2/0.4: Mỡ dùng cho ô tô và là loại mỡ đa dụng SKF LGMT 2 là mỡ gốc dầu khoáng, làm đặc litilium với độ ổn định nhiệt tuyệt vời trong dải nhiệt độ hoạt động của nó. Mỡ đa dụng, chất lượng cao này phù hợp với nhiều ứng dụng công nghiệp và ô tô. •Tính ổn định oxy hóa tuyệt vời •Ổn định cơ học tốt •Khả năng chống nước tuyệt vời và đặc tính ức chế rỉ sét Quy cách đóng gói: LGMT 2/0.4 Hộp 400 g Thông số kỹ thuật sản phẩm: Tài liệu Catalog sản phẩm – tiếng Anh","[]","230000","out_of_stock","vongbicongnghiep.vn-wc-store-api-category-search-skf","2026-04-29T13:49:32.995Z"
"35898","SKF","LGHP 2/180-SKF","LGHP 2/180-SKF","LGHP2180SKF","Mỡ bôi trơn vòng bi SKF LGHP 2/180","Mỡ bôi trơn SKF","Mỡ bôi trơn SKF","93","he-thong-boi-tron","https://vongbicongnghiep.vn/san-pham/mo-boi-tron-vong-bi-skf-lghp-2-180/","https://vongbicongnghiep.vn/wp-content/uploads/2023/01/0901d196809a877b.png","[""https://vongbicongnghiep.vn/wp-content/uploads/2023/01/0901d196809a877b.png""]","","Mỡ SKF LGHP 2/180 cho vòng bi, hiệu suất cao, nhiệt độ cao Mỡ SKF LGHP 2/180 có gốc khoáng chất lượng cao, sử dụng chất làm đặc Polyurea (di-urea) hiện đại. Nó phù hợp cho động cơ điện và các ứng dụng tương tự. •Làm việc được ở nhiệt độ cao trong thời gian dài •Dải nhiệt độ làm việc rộng •Bảo vệ chống ăn mòn tuyệt vời •Độ ổn định nhiệt và cơ học cao •Hiệu suất khởi động tốt ở nhiệt độ thấp •Khả năng tương thích với mỡ polyurea và lithium thông thường •Thiết bị làm việc êm Các ứng dụng tiêu biểu •Động cơ điện: Nhỏ, vừa và lớn •Quạt công nghiệp, kể cả quạt tốc độ cao •Máy bơm nước •Vòng bi trong máy dệt, xử lý giấy và máy sấy •Xe tải và con lăn lò nung Tải MSDS LGHP 2 Bảng thông số kỹ thuật của mỡ LGHP 2 Bao bì đóng gói mỡ LGHP 2 – Thùng 180 Kg, Ký hiệu LGHP 2/180","[]","105820000","out_of_stock","vongbicongnghiep.vn-wc-store-api-category-search-skf","2026-04-29T13:49:32.995Z"
"35895","SKF","LGHP 2/50-SKF","LGHP 2/50-SKF","LGHP250SKF","Mỡ bôi trơn vòng bi SKF LGHP 2/50","Mỡ bôi trơn SKF","Mỡ bôi trơn SKF","93","he-thong-boi-tron","https://vongbicongnghiep.vn/san-pham/mo-boi-tron-vong-bi-skf-lghp-2-50/","https://vongbicongnghiep.vn/wp-content/uploads/2023/01/360_360_0901d196809a8771-1.png","[""https://vongbicongnghiep.vn/wp-content/uploads/2023/01/360_360_0901d196809a8771-1.png""]","Mỡ bôi trơn vòng bi SKF LGHP 2/50","Mỡ SKF LGHP 2/50 cho vòng bi, hiệu suất cao, nhiệt độ cao Mỡ SKF LGHP 2/50 có gốc khoáng chất lượng cao, sử dụng chất làm đặc Polyurea (di-urea) hiện đại. Nó phù hợp cho động cơ điện và các ứng dụng tương tự. •Làm việc được ở nhiệt độ cao trong thời gian dài •Dải nhiệt độ làm việc rộng •Bảo vệ chống ăn mòn tuyệt vời •Độ ổn định nhiệt và cơ học cao •Hiệu suất khởi động tốt ở nhiệt độ thấp •Khả năng tương thích với mỡ polyurea và lithium thông thường •Thiết bị làm việc êm Các ứng dụng tiêu biểu •Động cơ điện: Nhỏ, vừa và lớn •Quạt công nghiệp, kể cả quạt tốc độ cao •Máy bơm nước •Vòng bi trong máy dệt, xử lý giấy và máy sấy •Xe tải và con lăn lò nung Bảng thông số kỹ thuật của mỡ LGHP 2 Tải MSDS LGHP 2 Bao bì đóng gói mỡ LGHP 2 – Thùng 50 Kg, Ký hiệu LGHP 2/50","[]","34263000","in_stock","vongbicongnghiep.vn-wc-store-api-category-search-skf","2026-04-29T13:49:32.995Z"
"35890","SKF","LGHP 2/18-SKF","LGHP 2/18-SKF","LGHP218SKF","Mỡ bôi trơn vòng bi SKF LGHP 2/18","Mỡ bôi trơn SKF","Mỡ bôi trơn SKF","93","he-thong-boi-tron","https://vongbicongnghiep.vn/san-pham/mo-boi-tron-vong-bi-skf-lghp-2-18/","https://vongbicongnghiep.vn/wp-content/uploads/2023/01/360_360_0901d196809a8770-1.png","[""https://vongbicongnghiep.vn/wp-content/uploads/2023/01/360_360_0901d196809a8770-1.png""]","","Mỡ SKF LGHP 2/18 cho vòng bi, hiệu suất cao, nhiệt độ cao Mỡ SKF LGHP 2/18 có gốc khoáng chất lượng cao, sử dụng chất làm đặc Polyurea (di-urea) hiện đại. Nó phù hợp cho động cơ điện và các ứng dụng tương tự. •Làm việc được ở nhiệt độ cao trong thời gian dài •Dải nhiệt độ làm việc rộng •Bảo vệ chống ăn mòn tuyệt vời •Độ ổn định nhiệt và cơ học cao •Hiệu suất khởi động tốt ở nhiệt độ thấp •Khả năng tương thích với mỡ polyurea và lithium thông thường •Thiết bị làm việc êm Các ứng dụng tiêu biểu •Động cơ điện: Nhỏ, vừa và lớn •Quạt công nghiệp, kể cả quạt tốc độ cao •Máy bơm nước •Vòng bi trong máy dệt, xử lý giấy và máy sấy •Xe tải và con lăn lò nung Bảng thông số kỹ thuật của mỡ LGHP 2 Tải MSDS LGHP 2 Bao bì đóng gói mỡ LGHP 2 – Thùng 18 Kg, Ký hiệu LGHP 2/18","[]","12844000","in_stock","vongbicongnghiep.vn-wc-store-api-category-search-skf","2026-04-29T13:49:32.996Z"
"35889","SKF","LGHP 2/5-SKF","LGHP 2/5-SKF","LGHP25SKF","Mỡ bôi trơn vòng bi SKF LGHP 2/5","Mỡ bôi trơn SKF","Mỡ bôi trơn SKF","93","he-thong-boi-tron","https://vongbicongnghiep.vn/san-pham/mo-boi-tron-vong-bi-skf-lghp-2-5/","https://vongbicongnghiep.vn/wp-content/uploads/2023/01/360_360_0901d196809a876f.png","[""https://vongbicongnghiep.vn/wp-content/uploads/2023/01/360_360_0901d196809a876f.png""]","","Mỡ SKF LGHP 2/5 cho vòng bi, hiệu suất cao, nhiệt độ cao Mỡ SKF LGHP 2/5 có gốc khoáng chất lượng cao, sử dụng chất làm đặc Polyurea (di-urea) hiện đại. Nó phù hợp cho động cơ điện và các ứng dụng tương tự. •Làm việc được ở nhiệt độ cao trong thời gian dài •Dải nhiệt độ làm việc rộng •Bảo vệ chống ăn mòn tuyệt vời •Độ ổn định nhiệt và cơ học cao •Hiệu suất khởi động tốt ở nhiệt độ thấp •Khả năng tương thích với mỡ polyurea và lithium thông thường •Thiết bị làm việc êm Các ứng dụng tiêu biểu •Động cơ điện: Nhỏ, vừa và lớn •Quạt công nghiệp, kể cả quạt tốc độ cao •Máy bơm nước •Vòng bi trong máy dệt, xử lý giấy và máy sấy •Xe tải và con lăn lò nung Bảng thông số kỹ thuật của mỡ LGHP 2 Tải MSDS LGHP 2 Bao bì đóng gói mỡ LGHP 2 – Thùng 5 Kg, Ký hiệu LGHP 2/5","[]","3782000","in_stock","vongbicongnghiep.vn-wc-store-api-category-search-skf","2026-04-29T13:49:32.996Z"
"35875","SKF","LGHP 2/1-SKF","LGHP 2/1-SKF","LGHP21SKF","Mỡ bôi trơn vòng bi SKF LGHP 2/1","Mỡ bôi trơn SKF","Mỡ bôi trơn SKF","93","he-thong-boi-tron","https://vongbicongnghiep.vn/san-pham/mo-boi-tron-vong-bi-skf-lghp-2-1/","https://vongbicongnghiep.vn/wp-content/uploads/2023/01/348_348_0901d196809a876d.png","[""https://vongbicongnghiep.vn/wp-content/uploads/2023/01/348_348_0901d196809a876d.png""]","","Mỡ SKF LGHP 2/1 cho vòng bi, hiệu suất cao, nhiệt độ cao Mỡ SKF LGHP 2/1 có gốc khoáng chất lượng cao, sử dụng chất làm đặc Polyurea (di-urea) hiện đại. Nó phù hợp cho động cơ điện và các ứng dụng tương tự. •Làm việc được ở nhiệt độ cao trong thời gian dài •Dải nhiệt độ làm việc rộng •Bảo vệ chống ăn mòn tuyệt vời •Độ ổn định nhiệt và cơ học cao •Hiệu suất khởi động tốt ở nhiệt độ thấp •Khả năng tương thích với mỡ polyurea và lithium thông thường •Thiết bị làm việc êm Các ứng dụng tiêu biểu •Động cơ điện: Nhỏ, vừa và lớn •Quạt công nghiệp, kể cả quạt tốc độ cao •Máy bơm nước •Vòng bi trong máy dệt, xử lý giấy và máy sấy •Xe tải và con lăn lò nung Bảng thông số kỹ thuật của mỡ LGHP 2 Tải MSDS LGHP 2 Bao bì đóng gói mỡ LGHP 2/1 – Thùng 1 Kg, Ký hiệu LGHP 2/1","[]","854000","in_stock","vongbicongnghiep.vn-wc-store-api-category-search-skf","2026-04-29T13:49:32.996Z"
"35871","SKF","LGHP 2/0.4-SKF","LGHP 2/0.4-SKF","LGHP204SKF","Mỡ bôi trơn vòng bi SKF LGHP 2/0.4","Mỡ bôi trơn SKF","Mỡ bôi trơn SKF","93","he-thong-boi-tron","https://vongbicongnghiep.vn/san-pham/mo-boi-tron-vong-bi-skf-lghp-2-0-4/","https://vongbicongnghiep.vn/wp-content/uploads/2021/11/LGHP2-6.jpg","[""https://vongbicongnghiep.vn/wp-content/uploads/2021/11/LGHP2-6.jpg"",""https://vongbicongnghiep.vn/wp-content/uploads/2022/04/LGHP2-6.jpg""]","","Mỡ SKF LGHP 2/0.4 cho vòng bi, hiệu suất cao, nhiệt độ cao Mỡ SKF LGHP 2/0.4 có gốc khoáng chất lượng cao, sử dụng chất làm đặc Polyurea (di-urea) hiện đại. Nó phù hợp cho động cơ điện và các ứng dụng tương tự. •Làm việc được ở nhiệt độ cao trong thời gian dài •Dải nhiệt độ làm việc rộng •Bảo vệ chống ăn mòn tuyệt vời •Độ ổn định nhiệt và cơ học cao •Hiệu suất khởi động tốt ở nhiệt độ thấp •Khả năng tương thích với mỡ polyurea và lithium thông thường •Thiết bị làm việc êm Các ứng dụng tiêu biểu •Động cơ điện: Nhỏ, vừa và lớn •Quạt công nghiệp, kể cả quạt tốc độ cao •Máy bơm nước •Vòng bi trong máy dệt, xử lý giấy và máy sấy •Xe tải và con lăn lò nung Bảng thông số kỹ thuật của mỡ LGHP 2 Bao bì đóng gói mỡ LGHP 2/0.4 – Hộp 400 g, Ký hiệu LGHP 2/0.4","[]","411000","in_stock","vongbicongnghiep.vn-wc-store-api-category-search-skf","2026-04-29T13:49:32.996Z"
"34968","SKF","LGED 2/1-SKF","LGED 2/1-SKF","LGED21SKF","Mỡ Bôi Trơn SKF LGED 2/1","Mỡ bôi trơn SKF","Mỡ bôi trơn SKF | HỆ THỐNG BÔI TRƠN","93","he-thong-boi-tron","https://vongbicongnghiep.vn/san-pham/mo-boi-tron-skf-lged-2/","https://vongbicongnghiep.vn/wp-content/uploads/2022/10/lged2.jpg","[""https://vongbicongnghiep.vn/wp-content/uploads/2022/10/lged2.jpg""]","Mỡ Bôi Trơn SKF LGED 2","Mỡ bôi trơn SKF LGED 2/1 SKF LGED 2 là loại mỡ được chứng nhận NSF H1 cấp thực phẩm dựa trên dầu flo tổng hợp sử dụng chất làm đặc PTFE. Nó phù hợp với nhiệt độ cực cao từ 180 ° C (392 ° F) đến 240 ° C (464 ° F) và / hoặc môi trường xâm thực như axit / kiềm, chân không, oxy, v.v. Các tính năng và lợi ích • Chống oxy hóa tuyệt vời • Tổn thất do bay hơi rất thấp ở nhiệt độ cao • Chống ăn mòn tốt • Tuổi thọ cao trong môi trường xâm thực chẳng hạn như các khu vực rất dễ phản ứng với sự hiện diện của oxy và hexan dạng khí có độ tinh khiết cao • NSF H1 đã đăng ký Các ứng dụng tiêu biểu • Thiết bị làm bánh / lò gạch • Công nghiệp thủy tinh • Bánh xe tải lò nung • Tải con lăn trong máy sao chép • Thiết bị nướng bánh wafer • Máy sấy dệt • Đấu thầu căng phim • Quạt nhiệt độ cao • Máy bơm chân không Sản phẩm mỡ Bôi trơn Lựa chọn mỡ Bôi trơn Các thiết bị bơm mỡ bôi trơn bằng tay","[]","22928000","out_of_stock","vongbicongnghiep.vn-wc-store-api-category-search-skf","2026-04-29T13:49:32.996Z"
"33720","SKF","","y b","YB","Máy bơm mỡ SKF khí nén MPB","Bơm mỡ Lincoln","Bơm mỡ Lincoln","93","he-thong-boi-tron","https://vongbicongnghiep.vn/san-pham/may-bom-mo-skf-khi-nen-mpb/","https://vongbicongnghiep.vn/wp-content/uploads/2022/06/mbp1.jpg","[""https://vongbicongnghiep.vn/wp-content/uploads/2022/06/mbp1.jpg""]","Máy bơm mỡ SKF khí nén MPB Để sử dụng trong các hệ thống bôi trơn tiến bộ, dòng kép và dòng đơn Bộ phận bơm MPB được thiết kế đặc biệt cho các hệ thống bôi trơn tự động.","Máy bơm mỡ SKF khí nén MPB Để sử dụng trong các hệ thống bôi trơn tiến bộ, dòng kép và dòng đơn Bộ phận bơm MPB được thiết kế đặc biệt cho các hệ thống bôi trơn tự động. Điểm độc đáo của nó so với các loại máy bơm thùng hoạt động bằng không khí truyền thống với van động cơ khí cơ khí là van động cơ khí hoạt động bằng từ tính của nó. Điều này sẽ làm giảm số lượng các thành phần cơ học trong động cơ không khí và cũng loại bỏ nhu cầu bôi trơn trong động cơ không khí. Máy bơm phù hợp để sử dụng với các thùng dầu nhớt 18, 50 và 180 kg (40, 120 và 400 lb). Và, khi được trang bị bộ chuyển đổi phù hợp, đơn vị bơm MPB cũng có thể được sử dụng trong các thùng chứa chất bôi trơn số lượng lớn. Tính năng và lợi ích • Động cơ không khí, không cần bôi trơn • Ít thành phần cơ khí hơn kéo dài tuổi thọ của động cơ không khí • Hoạt động hiệu quả ở nhiều nhiệt độ • Xếp hạng bảo vệ IP 65 Các ứng dụng • Công nghiệp giấy và bột giấy • Ngành thép • Công nghiệp nặng Thông số Kỹ thuật Chức năng Bơm mỡ sử dụng khí nén Nhiệt độ vận hành -10 to +55 °C +14 to 131 °F Áp suất bơm mỡ max. 300 bar 4350 psi Áp suất vận hành 2–4,5 bar 29–65 psi Hệ số nén 65:1 Mỡ bôi trơn Grease up to NLGI 2 Lượng mỡ bơm/phút 850 g 30 oz Lượng mỡ trên/hành trình Piston 5,5 g 0.2 oz Kích cỡ thùng chưa 1/8 18 kg 40 lb 1/4 50 kg 120 lb 1/1 180 kg 400 lb Trọng lượng 1/8 pump 6,3 kg 14 lb 1/4 pump 7,6 kg 17 lb 1/1 pump 8,8 kg 19 lb Vật liêu aluminum, plastic and steel Nguồn điện 115/230 V AC Cấp kháng nước IP 65 Đường kính bơm 50 mm Đường kính ống khí đầu vào 8 mm G 1/4 Đường kính ống mỡ đầu ra 12 mm G 1/4 Đường kính ống mỡ quay lại bình 12 mm G 1/4 Kích thước 1/8 pump 650 x 130 x 130 mm 26 x 5 x 5 in 1/4 pump 920 x 130 x 130 mm 36 x 5 x 5 in 1/1 pump 1020 x 130 x 130 mm 40 x 5 x 5 in Vị trí lắp đặt Thẳng đứng Tài liệu liên quan Catalog sản phẩm (110.4 KB) Hướng dẫn lắp đặt, vận hành và bảo trì (1.0 MB) Giải pháp SKF Maxilube (501.5 KB)","[]","0","in_stock","vongbicongnghiep.vn-wc-store-api-category-search-skf","2026-04-29T13:49:32.996Z"
"33472","SKF","","m m","MM","Bơm mỡ Lincoln &#8211; SKF P 205","Bơm mỡ Lincoln","Bơm mỡ Lincoln","93","he-thong-boi-tron","https://vongbicongnghiep.vn/san-pham/bom-mo-lincoln-skf-p-205/","https://vongbicongnghiep.vn/wp-content/uploads/2022/06/p205-1-1.jpg","[""https://vongbicongnghiep.vn/wp-content/uploads/2022/06/p205-1-1.jpg""]","Bơm mỡ P 205 sử dụng trong các hệ thống bôi trơn đa dòng và tiến bộ Bơm mỡ P 205 dùng cho hệ thống bôi trơn đa dòng, áp suất cao có thể cung cấp chất bôi trơn trực tiếp đến các điểm bôi trơn hoặc có thể được sử dụng như một máy bơm bôi trơn tập trung trong các hệ thống bôi trơn tiên tiến có kích thước lớn. Nó có thể điều khiển tối đa năm phần tử, có sẵn với các kích thước khác nhau để có khả năng điều chỉnh tối ưu. Truyền động của máy bơm và thiết kế trục lệch tâm, bánh răng sâu hiệu suất cao. Nhiều tỷ số truyền và kích thước bình chứa có hoặc không có kiểm soát mức mỡ.","Bơm mỡ Lincoln – SKF P 205 / Bơm phân phối mỡ bôi trơn hoạt động bằng điện P205 Bơm mỡ P 205 sử dụng trong các hệ thống bôi trơn đa dòng và tiến bộ Bơm mỡ P 205 dùng cho hệ thống bôi trơn đa dòng, áp suất cao có thể cung cấp chất bôi trơn trực tiếp đến các điểm bôi trơn hoặc có thể được sử dụng như một máy bơm bôi trơn tập trung trong các hệ thống bôi trơn tiên tiến có kích thước lớn. Nó có thể điều khiển tối đa năm phần tử, có sẵn với các kích thước khác nhau để có khả năng điều chỉnh tối ưu. Truyền động của máy bơm và thiết kế trục lệch tâm, bánh răng sâu hiệu suất cao. Nhiều tỷ số truyền và kích thước bình chứa có hoặc không có kiểm soát mức mỡ. Đặc điểm và Lợi ích • Dòng máy bơm bền bỉ, linh hoạt và đáng tin cậy • Thích hợp cho dầu mỡ • Được thiết kế để bôi trơn liên tục cho các máy móc và hệ thống hoạt động trong môi trường khắc nghiệt • Nhiều tùy chọn đầu ra • Thiết kế mô-đun và bảo trì dễ dàng Ứng dụng • Tua bin trong nhà máy thủy điện • Máy sàng và máy nghiền trong mỏ đá • Thiết bị xử lý vật liệu 2 3 Thông số Kỹ thuật Chức năng Bơm Piston hoạt động bằng điện Chất được bơm Mỡ có NLGI 2 Dầu, có độ nhớt Số đầu ra của bơm 1 đến 5 Lưu lượng bơm 0,08–4,20 cm³/phút 0.005–0.256 in3/phút Nhiệt độ môi trường xung quanh –20 to +70 ° -4 to +158 °F Hệ ren kết nối đường ống G 1/4 Nguồn điện 380–420 V AC/50 Hz, 440–480 V AC/60 Hz 500 V AC/50Hz Cấp kháng nước IP 55 Tốc độ truyền trục chính Mỡ: < 25 min-1 Dầu: < 25 min-1 Áp suất vận hành 350 bar 5075 psi Bình chứa mỡ Nhựa 4 và 8 kg 8.8 và 17.6 lb Thép 5, 10 và 30 kg 11; 22 và 66 lb Kích thước phụ thuộc vào model của bơm Kích thước nhỏ nhất 406 × 280 × 230 mm 160 × 110 × 91 in Kích thước lớn nhất 507 × 365 × 300 mm 200 × 144 × 118 in Vị trị đặt bớm Theo hướng thẳng đứng Lựa chọn một số công tắc mức độ khác nhau; Các phiên bản ATEX Ví dụ đặt hàng: Sản phẩm có thể được định cấu hình bằng mã cấu hình. Ví dụ đơn đặt hàng hiển thị một số bộ phận có thể có và giải thích của nó. P205-M280-8XL-4K6-500 Bơm bánh răng, nguồn điện AC Tỷ số truyền 280:1 Bình nhựa, dung tích 8 lít Dùng cho mỡ và dầu 4 phần tử bơm K6 Động cơ điện 1 chiều, điện áp cấp danh định 500 V/50 Hz Phần tử bơm Part number Mô tả Lưu lượng bơm cm3/hành trình in3/hành trình 600-26875-2 Phần tử bơm K 5 0,11 0.0067 600-26876-2 Phần tử bơm K 6 0,16 0.0098 600-26877-2 Phần tử bơm K 7 0,23 0.014 655-28716-1 Điều chỉnh phần tử bơm KR (7) 0,04-0,18 0.0024-0.011 303-19285-1 Vít đóng Van áp lực và các đầu nối Part number 624-29056-1 Van áp lực, 350 bar, hệ ren G 1/4 D 6 cho ống ø 6 mm OD 624-29054-1 Van áp lực, 350 bar, hệ ren G 1/4 D 8 cho ống ø 8 mm OD 304-17571-1 Kết nối G 1/4 Ren trong 304-17574-1 Kết nối G 1/2 Ren trong Tài liệu sản phẩm và Hướng dẫn Catalog sản phẩm P 205 và P215 Hệ thống bôi trơn tập trung cho nước và xử lý nước thải Hướng dẫn lắp đặt bơm P 205 Hướn dẫn vận hành bớm P 205 Hệ thống liên quan Hệ thống bôi trơn tiến tiến Hệ thống bôi trơn đa đường Sản phẩm liên quan Bộ chia SSV Bộ chia SSVD","[]","0","in_stock","vongbicongnghiep.vn-wc-store-api-category-search-skf","2026-04-29T13:49:32.997Z"
"33399","SKF","TMJL 50-SKF","TMJL 50-SKF","TMJL50SKF","Bơm Thủy lực TMJL 50","Bơm dầu mỡ SKF","Bơm dầu mỡ SKF","93","he-thong-boi-tron","https://vongbicongnghiep.vn/san-pham/bom-thuy-luc-tmjl-50/","https://vongbicongnghiep.vn/wp-content/uploads/2022/05/tmjl50.jpg","[""https://vongbicongnghiep.vn/wp-content/uploads/2022/05/tmjl50.jpg""]","Bơm Thủy lực TMJL 50 50 MPa – (7 250 psi) Máy bơm TMJL 50 chủ yếu được thiết kế để sử dụng ở phía áp suất thấp của khớp nối SKF OK, nhưng cũng thích hợp cho các ứng dụng yêu cầu áp suất tối đa là 50 MPa (7 250 psi). Máy bơm được cung cấp một ống áp lực cao dài 3 000 mm (118 in) với khớp nối nhanh và núm bơm dầu. Nó chứa đầy chất lỏng gắn SKF LHMF 300 và được cung cấp thêm một lít chất lỏng.","Bơm Thủy lực TMJL 50 50 MPa – (7 250 psi) Máy bơm TMJL 50 chủ yếu được thiết kế để sử dụng ở phía áp suất thấp của khớp nối SKF OK, nhưng cũng thích hợp cho các ứng dụng yêu cầu áp suất tối đa là 50 MPa (7 250 psi). Máy bơm được cung cấp một ống áp lực cao dài 3 000 mm (118 in) với khớp nối nhanh và núm bơm dầu. Nó chứa đầy chất lỏng gắn SKF LHMF 300 và được cung cấp thêm một lít chất lỏng. Sự đặc đặc biệt của TMJL 50DU TMJL 50 bao gồm cả đồng hồ đo áp suất kỹ thuật số THGD 100 tương thích với phương pháp tháo lăp vòng bi bằng phương pháp thủy lực của SKF. Đặc điểm và Lợi ích • Hộp đựng dầu lớn (nắp 2 700 cm³, 165 in.³) • Van quá áp và cổng kết nối cho đồng hồ đo áp suất • Được đóng gói trong một hộp bảo vệ chắc chắn Ứng dụng • Buồng thủy lực khớp nối SKF OK • Tất cả các kích cỡ đai ốc thủy lực SKF • Ứng dụng phun dầu khi áp suất tối đa là 50 MPa (7 250 psi) Bảng thông số Kỹ thuật Ký hiệu TMJL 50 Áp suất lớn nhất 50 MPa (7 250 psi) Thể tích/1 lần bơm 3,5 cm3 (0.21 in.3) Dung tích bình chứa dầu 2 700 cm3 (165 in.3) Chiều dài đường ống áp suất cao 3 000 mm (118 in.) Đầu kết nối Ren kết nối nhanh G1/4 Trọng lượng 12 kg (26 lb) Ký hiệu TMJL 50DU TMJL 50 including THGD 100 Kỹ thuật tháo lắp vòng bi bằng phương phps Thủy lực Tháo lắp vòng bi băng bơm dầu Tháo lắp dùng đai ốc Thủy lực Phụ tùng thay thế Ký hiệu Mô tả TMJL 50-1 Bơm tay (sub-assembly) TMJL 50-2 Bộ Kit sửa chữa TMJL 100-3 Đồng hồ đo áp suất 729831 A Khớp nối nhanh ren G1/4 729832 A Đầu kết nối nhanh ren G1/4 729834 Ống mềm áp suất cao 150 MPa, dài 3m 1077587 Đồng hồ áp suất (120 MPa, 100 mm) LHMF 300/5 Dầu lắp – can 5 lít, 300 mm/s at 20 °C (68 F) LHDF 900/5 Dầu tháo – can 5 lít, 900 mm/s at 20 °C (68 F) 728245/3 A Hộp đựng Tài liệu liên quan Hướng dẫn sử dụng TMJL 50 (1.3 MB)","[]","56310000","out_of_stock","vongbicongnghiep.vn-wc-store-api-category-search-skf","2026-04-29T13:49:32.997Z"
"33397","SKF","728619 E-SKF","728619 E-SKF","728619ESKF","Bơm dầu thủy lực 728619 E","Bơm dầu mỡ SKF","Bơm dầu mỡ SKF","93","he-thong-boi-tron","https://vongbicongnghiep.vn/san-pham/bom-dau-thuy-luc-728619-e/","https://vongbicongnghiep.vn/wp-content/uploads/2022/05/728619e.jpg","[""https://vongbicongnghiep.vn/wp-content/uploads/2022/05/728619e.jpg""]","Bơm dầu thủy lực 728619 E 150 MPa – (21 750 psi) 728619 E là bơm thủy lực hai cấp phù hợp để sử dụng với bu lông SKF Supergrip và để lắp và tháo các vòng bi hoặc các bộ phận cần áp suất tối đa 150 MPa (21 750 psi).","Bơm dầu thủy lực 728619 E 150 MPa – (21 750 psi) 728619 E là bơm thủy lực hai cấp phù hợp để sử dụng với bu lông SKF Supergrip và để lắp và tháo các vòng bi hoặc các bộ phận cần áp suất tối đa 150 MPa (21 750 psi). Máy bơm được cung cấp với một ống áp suất dài 3000 mm (118 in.), Khớp nối nhanh và núm tra mỡ kết nối và đồng hồ đo áp suất. Máy bơm được đổ đầy chất lỏng SKF LHMF 300, được cung cấp thêm một lít và được bảo vệ trong một hộp kim loại chắc chắn. Đặc điểm và Lợi ích • Dung tích thùng chứa dầu 2 400 cm³ (146,5 in.³) • Bơm áp suất hai giai đoạn • Được trang bị đồng hồ đo áp suất • Được đóng gói trong một hộp bảo vệ chắc chắn Ứng dụng • Bu lông SKF Supergrip • Ứng dụng phun dầu khi áp suất tối đa là 150 MPa (21 750 psi) • Tất cả các kích cỡ đai ốc thủy lực SKF Thông số Kỹ thuật Ký hiệu 728619 E Áp suất lớn nhất 150 MPa (21 750 psi) Thể tích bơm/Một giai đoạn 20 cm3 dưới áp suất 2,5 MPa (1.2 in.3 below 362 psi) Thể tích bơm/Hai giai đoạn 1,00 cm3 dưới áp suất 2,5 MPa (0.06 in.3 above 362 psi) Dung tích chứa dầu 2 400 cm3 (146.5 in.3) Chiều dài của ống 3 000 mm (118 in.) Kết nối ống G1/4 quick connection Trọng lượng 11,4 kg (25 lb) Kỹ thuật tháo lắp bằng phương pháp thủy lực Phương pháp tháo lắp vòng bi bằng phương pháp thủy lực Phụ tùng Ký hiệu Mô tả 728619 E-1 Thân bơm thủy lực 728619 E-3 Đồng hồ áp suất 728619 E-4 Bộ chuyển đổi ổ cắm đôi 728619 E-7 Bộ kit sửa chữa 728619 E-9 Van xả 728619-1 A Bộ gồm 5 lò xo 729831 A Khớp nối nhanh G1/4 729832 A Núm bơm mỡ G1/4 729834 Ống áp suất cao, mềm 150 MPa, dài 3m LHMF 300/5 Dầu lắp (5 litre, 300 mm/s at 20 C) LHDF 900/5 Dầu tháo (5 litre, 900 mm/s at 20 C) Tài liệu liên quan Hướng dẫn sử dụng bơm thủy lực SKF 728619 E","[]","79434000","in_stock","vongbicongnghiep.vn-wc-store-api-category-search-skf","2026-04-29T13:49:32.997Z"
"33395","SKF","THAP 030E-SKF","THAP 030E-SKF","THAP030ESKF","Bơm thủy lực SKF THAP 030E","Bơm dầu mỡ SKF","Bơm dầu mỡ SKF","93","he-thong-boi-tron","https://vongbicongnghiep.vn/san-pham/bom-thuy-luc-skf-thap-030e/","https://vongbicongnghiep.vn/wp-content/uploads/2022/05/thape1.jpg","[""https://vongbicongnghiep.vn/wp-content/uploads/2022/05/thape1.jpg""]","Bơm thủy lực SKF THAP 030E 30 đến 400 MPa (4 350 đến 58 000 psi) Máy bơm dẫn động bằng không khí và kim phun dầu THAP E có sẵn trong bốn phiên bản áp suất khác nhau. Chúng được sử dụng để lắp và tháo các khớp nối OK, để tháo các khớp nối chịu áp lực lớn như ổ trục, bánh đà, khớp nối, bánh xe đường sắt và trong nhiều ứng dụng tương tự.","Bơm thủy lực SKF THAP 030E 30 đến 400 MPa (4 350 đến 58 000 psi) Máy bơm dẫn động bằng không khí và kim phun dầu THAP E có sẵn trong bốn phiên bản áp suất khác nhau. Chúng được sử dụng để lắp và tháo các khớp nối OK, để tháo các khớp nối chịu áp lực lớn như ổ trục, bánh đà, khớp nối, bánh xe đường sắt và trong nhiều ứng dụng tương tự. Máy bơm bao gồm một máy bơm thủy lực áp suất cao, được dẫn động bởi một piston không khí. Các thiết bị được cung cấp trong một hộp chắc chắn bao gồm ống hút và hồi dầu với các khớp nối kết nối nhanh. Máy bơm điều khiển bằng khí nén cũng có thể được cung cấp theo bộ hoàn chỉnh bao gồm máy bơm, đồng hồ đo áp suất, ống áp suất cao, khớp nối kết nối nhanh và núm điều chỉnh núm và ren để phù hợp với ứng dụng. Đặc điểm & Lợi ích • Tiết kiệm thời gian so với máy bơm vận hành bằng tay •Cầm tay, dễ di chuyển • Cung cấp dầu bơm liên tục • Bộ giới hạn áp suất không khí bên trong giúp đảm bảo vận hành an toàn • Tiêu thụ không khí thấp • Phạm vi nhiệt độ hoạt động rộng • Hộp đựng đồ chắc chắn • Đơn vị áp suất thấp, trung bình và cao • Dễ dàng kết nối với ứng dụng Ứng dụng • Lắp vòng bi • Khớp nối SKF OK • Gắn chân vịt tàu, bánh lái, bánh xe lửa và các ứng dụng tương tự khác Thông số Kỹ thuật Ký hiệu THAP 030E Áp suất thủy lực danh nghĩa 30 MPa ( 4 350 psi) Áp suất khí nén 7 bar* (102 psi) Lượng tiếu thụ không khí 200 lít / phút Dải nhiệt độ vận hành 0 °C đến 45 °C (32 °F đến 113 °F) với độ nhớt của dầu thủy lực là 1500 mm2/s Thể tích/ hành trình 10 cm3 (0.61 in.3) Khớp nối ren đầu ra G3/4 Chiều dài 350 mm (13.9 in.) Chiều cao 202 mm (8 in.) Chiều rộng 171mm (6.7 in.) Trọng lượng 11,5 kg (25.3 lb)","[]","118631000","out_of_stock","vongbicongnghiep.vn-wc-store-api-category-search-skf","2026-04-29T13:49:32.998Z"
"33393","SKF","THHP 300-SKF","THHP 300-SKF","THHP300SKF","Bơm Thủy lực THHP 300","Bơm dầu mỡ SKF","Bơm dầu mỡ SKF","93","he-thong-boi-tron","https://vongbicongnghiep.vn/san-pham/bom-thuy-luc-thhp-300/","https://vongbicongnghiep.vn/wp-content/uploads/2022/05/thhp300-2.jpg","[""https://vongbicongnghiep.vn/wp-content/uploads/2022/05/thhp300-2.jpg""]","Bơm Thủy lực THHP 300 THHP 300 Bơm thủy lực SKF 300 Mpa 300 MPa – (43 500 psi) Bơm thủy lực dễ dàng đạt áp suất dầu lên đến 300 MPa (43 500 psi)","Bơm Thủy lực THHP 300 THHP 300 Bơm thủy lực SKF 300 Mpa 300 MPa – (43 500 psi) Bơm thủy lực dễ dàng đạt áp suất dầu lên đến 300 MPa (43 500 psi) SKF THHP 300 là máy bơm thủy lực vận hành bằng tay, áp suất cao, phù hợp cho nhiều ứng dụng sử dụng Phương pháp phun dầu SKF. Nó có thể được sử dụng ngay từ trường hợp: gắn núm THPN thích hợp vào ứng dụng và sau đó vặn vào núm kết nối nhanh. Kết nối ống với núm vú trên ứng dụng cho phép cung cấp dầu áp suất cao. Máy bơm bao gồm đồng hồ đo áp suất 0-300 MPa (0-43 500 psi), ống áp suất cao và khớp nối kết nối nhanh. Núm kết nối cho phép cả kết nối G1 / 4 và G3 / 4. • Dễ sử dụng – với ống áp lực cao và khớp nối kết nối nhanh chóng đi kèm • Đồng hồ đo lớn, được gắn cho thấy áp suất từ 0 đến 300 MPa (0 đến 43 500 psi) • Áp dụng trong nhiều ngành công nghiệp bao gồm cả đường sắt và hàng hải. • Núm vú G1 / 4 và G3 / 4 được cung cấp, trong khi các kích cỡ khác có sẵn • Thiết kế giảm thiểu nguy cơ rò rỉ dầu ra môi trường • Có thể được sử dụng cho các ứng dụng yêu cầu áp suất tối đa lên đến 300 MPa (43 500 psi) Phương pháp tháo lắp vòng bi bằng bơm dầu thủy lực giúp kỹ thuật viên lắp đặt và tháo gỡ các thành phần với sự can thiệp phù hợp, một cách nhanh chóng, an toàn và có thể kiểm soát được. Việc bơm phun một lớp dầu mỏng – dưới áp lực – ngăn cách các bề mặt tiếp xúc với nhau, điều này hầu như loại bỏ ma sát giữa chúng. Điều này cho phép sử dụng lực lượng lắp và tháo nhỏ hơn. Máy bơm để cung cấp dầu áp suất cao này thường phức tạp khi lắp ráp, kết nối. Tuy nhiên, THHP 300 đã sẵn sàng để sử dụng với sự chuẩn bị tối thiểu – cho phép phun dầu ngay lập tức, tăng tốc độ lắp và tháo. Dầu sẽ tự động được đưa trở lại bình chứa khi áp suất đã được giải phóng, giảm thiểu nguy cơ rò rỉ. Máy bơm có thể được sử dụng để lắp và tháo các mặt hàng như bánh xe và lốp đường sắt, cánh quạt và bánh răng và các ứng dụng loại tương tự. Ví dụ, bánh xe đường sắt thường được đốt nóng và sau đó được gắn trên một trục hình trụ. Sau khi nguội bánh xe ăn khớp chặt với trục, không cần có then hoa. Sau đó, bánh xe có thể được tháo ra dễ dàng và nhanh chóng bằng cách sử dụng Phương pháp phun dầu SKF, bằng cách bơm dầu ở áp suất cao giữa bánh xe và trục. Áp suất dầu phá vỡ sự phù hợp giao thoa và sau đó làm giảm đáng kể ma sát. Điều này giúp đơn giản hóa công việc tháo bánh xe và giúp tránh hư hỏng trục. THHP 300 PHẠM VI GIAO HÀNG Mô tả Ký hiệu Bơm thủy lực Máy đo áp suất 1077589 Ống bảo vệ cho đồng hồ đo áp suất TMJG 100S Vòi áp lực cao THHP 300-2H Khớp nối kết nối nhanh chóng THPC 300-1 Núm kết nối M16 (m) – G1/4 (m) THPN M16G1/4 Núm kết nối M16 (m) – G3/4 (m) THPN M16G3/4 Núm kết nối nhanh THPN 300-1 Dầu thủy lực (1 litre) LHMF 300/1 Hộp đựng THHP 300-9 Tài liệu liên quan Catalog sản phẩm THHP 300 (120.3 KB) Hướng dẫn sử dụng THHP 300 (634.9 KB) Phương pháp tháo lắp vòng bi bằng phương pháp thủy lực","[]","93150000","out_of_stock","vongbicongnghiep.vn-wc-store-api-category-search-skf","2026-04-29T13:49:32.998Z"
"33389","SKF","729124-SKF","729124-SKF","729124SKF","Bơm thủy lực SKF 729124","Bơm dầu mỡ SKF","Bơm dầu mỡ SKF","93","he-thong-boi-tron","https://vongbicongnghiep.vn/san-pham/bom-thuy-luc-skf-729124/","https://vongbicongnghiep.vn/wp-content/uploads/2022/05/729124_1.jpg","[""https://vongbicongnghiep.vn/wp-content/uploads/2022/05/729124_1.jpg""]","Bơm thủy lực SKF 729124 100 MPa – (14 500 psi) Máy bơm 729124 thích hợp để sử dụng với đai ốc thủy lực (nhỏ hơn hoặc bằng HMV 54E) và để lắp và tháo các ổ trục hoặc các bộ phận cần áp suất tối đa 100 MPa (14 500 psi). Máy bơm được cung cấp với 1 ống áp suất 500 mm (59 in.), Khớp nối kết nối nhanh và núm vú giao phối và đồng hồ áp suất. Máy bơm được đổ đầy chất lỏng gắn SKF LHMF 300 và được cung cấp thêm một lít chất lỏng.","Bơm thủy lực SKF 729124 100 MPa – (14 500 psi) Máy bơm 729124 thích hợp để sử dụng với đai ốc thủy lực (nhỏ hơn hoặc bằng HMV 54E) và để lắp và tháo các ổ trục hoặc các bộ phận cần áp suất tối đa 100 MPa (14 500 psi). Máy bơm được cung cấp với 1 ống áp suất 500 mm (59 in.), Khớp nối kết nối nhanh và núm vú giao phối và đồng hồ áp suất. Máy bơm được đổ đầy chất lỏng gắn SKF LHMF 300 và được cung cấp thêm một lít chất lỏng. Thực thi đặc biệt 729124DU 729124 bao gồm cả đồng hồ đo áp suất kỹ thuật số THGD 100 để sử dụng với Phương pháp tháo lắp thủy lực SKF. Các tính năng và lợi ích Dung tích thùng chứa dầu 250 cm³ (15 in.³) Được trang bị đồng hồ đo áp suất Được đóng gói trong một hộp bảo vệ chắc chắn Các ứng dụng Đai ốc thủy lực SKF nhỏ hơn hoặc bằng HMV 54E Các ứng dụng phun dầu trong đó áp suất tối đa là 100 MPa (14 500 psi) 729124 với đồng hồ đo áp suất kỹ thuật số, đai ốc thủy lực và chỉ báo quay số cho phép sử dụng Phương pháp tháo lắp SKF 729124 trong hộp đựng Tài liệu liên quan Hướng dẫn sử dụng 729124 (2.5 MB) Thông số Kỹ thuật Ký hiệu 729124 Áp suất lớn nhất 100 MPa (14 500 psi) Thể tích bơm/hành trình 0,5 cm3 (0.03 in.3) Thể tích hộp chứa dầu 250 cm3 (15 in.3) Chiều dài ống dẫn 1 500 mm (59 in.) Khớp nối G1/4 quick connection Trọng lượng 3,5 kg (8 lb) Kỹ thuật tháo lắp bằng thủy lực Phương pháp tháo thủy lực","[]","29316000","out_of_stock","vongbicongnghiep.vn-wc-store-api-category-search-skf","2026-04-29T13:49:32.998Z"
"33385","SKF","226400 E-SKF","226400 E-SKF","226400ESKF","Bơm dầu SKF 226400 E","Bơm dầu mỡ SKF","Bơm dầu mỡ SKF","93","he-thong-boi-tron","https://vongbicongnghiep.vn/san-pham/bom-dau-skf-226400-e/","https://vongbicongnghiep.vn/wp-content/uploads/2022/05/226400-1.jpg","[""https://vongbicongnghiep.vn/wp-content/uploads/2022/05/226400-1.jpg""]","Bơm dầu SKF 226400 E 300 và 400 MPa (43 500 và 58 000 psi) Dòng 226400 E phù hợp với nhiều ứng dụng sử dụng phương pháp phun Dầu SKF. Bơm dầu được cung cấp một bình chứa dầu trong một hộp đựng nhỏ gọn.","Bơm dầu SKF 226400 E 300 và 400 MPa (43 500 và 58 000 psi) Dòng 226400 E phù hợp với nhiều ứng dụng sử dụng phương pháp phun Dầu SKF. Bơm dầu được cung cấp một bình chứa dầu trong một hộp đựng nhỏ gọn. Kim phun có thể được gắn trực tiếp vào chi tiết gia công. Kim phun cũng có thể được kết nối với một khối tiếp hợp để tạo thành mô hình đứng trên sàn, giúp dễ dàng kết nối đồng hồ đo áp suất và bộ chuyển đổi ống 729101-CK1 cho áp suất lên đến 300 MPa (43 500psi). Đối với các ứng dụng yêu cầu 400 MPa (58 000 psi), SKF 226400 E / 400 khả dụng. Các tính năng và lợi ích • Dễ dàng hoạt động • Hộp đựng nhỏ gọn • Khi áp suất được giải phóng, dầu không sử dụng sẽ tự động quay trở lại bình chứa, giảm thiểu nguy cơ rò rỉ dầu ra môi trường • Dung tích thùng chứa dầu 200 cm³ (12,2 in.³) • Có thể được sử dụng với nhiều loại phụ kiện, chẳng hạn như: o Khối tiếp hợp o Đồng hồ đo áp suất o Bộ chuyển đổi ống 729101-CKt o Núm ty nối dòng THPN M16 Các ứng dụng • Vòng bi • Khớp nối • Bánh xe lửa • Bánh răng • Bánh đà Hình ảnh bơm 226400 E Hộp đựng bơm Thông số Kỹ thuật Ký hiệu 226400 E Áp suất lớn nhất 300 MPa (43 500 psi) Thể tích bơm /hành trình 0,23 cm3 (0.014 in.3) Dung tích chứa của bình 200 cm3 (12.2 in.3) Hệ ren liên kết G3/4 Trọng lượng 2,2 kg (4.8 lb) Kích thước hộp đựng 530 x 85 x 180 mm (20.9 x 3.4 x 7.0 in.) Kỹ thuật tháo lắp vòng bi bằng phương pháp Thủy lực Sử dụng phương pháp bơm dầu Sử dụng đai ốc thủy lực Thông số Kỹ thuật 226400 E/400 Ký hiệu 226400 E/400 Áp suất lớn nhất 400 MPa (58 000 psi) Thể tích /hành trình 0,23 cm3 (0.014 in.3) Dung tích hộp chứa dầu 200 cm3 (12.2 in.3) Hệ ren liên kết G3/4 Trọng lượng 2,2 kg (4.8 lb) Kích thước hộp đựng 530 x 85 x 180 mm (20.9 x 3.4 x 7.0 in.) Tài liệu liên quan Tài liệu sản phẩm 226400 E (149.1 KB) Hướng dẫn sử dụng 226400 E (3.8 MB) Tài liệu liên quan Product data sheet 226400 E (149.1 KB) Instructions for use 226400 E (3.8 MB) SKF Maintenance and Lubrication products catalogue (20.5 MB) Mounting and dismounting of SKF bearings (video) Công cụ liên quan Hydraulic pump and injector selection table Drive-up Method Program Oil Injection Method Program Tool and Accessory Selector for sleeves and shafts Rolling bearings mounting and dismounting instructions Sản phẩm liên quan Mounting fluid Dismounting fluid Pressure gauges Adapter block Hose conversion kits Connection nipples","[]","27761000","out_of_stock","vongbicongnghiep.vn-wc-store-api-category-search-skf","2026-04-29T13:49:32.999Z"
"33383","SKF","THKI 300-SKF","THKI 300-SKF","THKI300SKF","Bộ phun dầu SKF THKI 300","Bơm dầu mỡ SKF","Bơm dầu mỡ SKF","93","he-thong-boi-tron","https://vongbicongnghiep.vn/san-pham/bo-phun-dau-skf-thki-300/","https://vongbicongnghiep.vn/wp-content/uploads/2022/05/THKI300.jpg","[""https://vongbicongnghiep.vn/wp-content/uploads/2022/05/THKI300.jpg""]","Bộ phun dầu SKF THKI 300 Áp suất phun 300 MPa (43 500 psi) Bộ phun dầu SKF THKI 300 được sử dụng để lắp và tháo các khớp nối chịu áp lực như ổ lăn, khớp nối, bánh răng, bánh đà và bánh xe đường sắt.","Bộ phun dầu SKF THKI 300 Áp suất phun 300 MPa (43 500 psi) Bộ phun dầu SKF THKI 300 được sử dụng để lắp và tháo các khớp nối chịu áp lực như ổ lăn, khớp nối, bánh răng, bánh đà và bánh xe đường sắt. Bộ phun dầu này đã ngừng sản xuất và được thay thế bằng Bơm thủy lực THHP 300. Cùng với THKI 300, ống cao áp, là một phần của bộ, đã bị ngừng sản xuất. Để giúp chủ sở hữu THKI 300 có thể thay thế đường ống cao áp một cách suôn sẻ, SKF cung cấp bộ chuyển đổi Vòi cho phép trang bị thêm bộ kim phun dầu với ống áp suất cao.","[]","85912000","out_of_stock","vongbicongnghiep.vn-wc-store-api-category-search-skf","2026-04-29T13:49:32.999Z"
"33378","SKF","TMCD 10R-SKF","TMCD 10R-SKF","TMCD10RSKF","Đồng hồ hiển thị hành trình Piston SKF: TMCD 10R","Bơm dầu mỡ SKF","Bơm dầu mỡ SKF","93","he-thong-boi-tron","https://vongbicongnghiep.vn/san-pham/dong-ho-hien-thi-hanh-trinh-piston-skf-tmcd/","https://vongbicongnghiep.vn/wp-content/uploads/2022/05/TMCD10.png","[""https://vongbicongnghiep.vn/wp-content/uploads/2022/05/TMCD10.png""]","Đồng hồ hiển thị hành trình Piston SKF: TMCD Thiết bị CMCD của SKF được sử dụng để đo hành trình dọc trục của piston trong thiết kế E-đai ốc thủy lực SKF. Chúng được sử dụng cùng với Phương pháp tăng tốc SKF. TMCD 10R: Chỉ báo quay số ngang (0–10 mm) TMCD 5P: Chỉ báo quay số dọc (0–5 mm)","Đồng hồ hiển thị hành trình Piston SKF: TMCD Thiết bị CMCD của SKF được sử dụng để đo hành trình dọc trục của piston trong thiết kế E-đai ốc thủy lực SKF. Chúng được sử dụng cùng với Phương pháp tăng tốc SKF. TMCD 10R: Chỉ báo quay số ngang (0–10 mm) TMCD 5P: Chỉ báo quay số dọc (0–5 mm) TMCD 1 / 2R: Chỉ báo quay số ngang (0–0,5 in.) TECHNICAL DATA TMCD 10R Designation TMCD 10R Measuring range 0 – 10 mm Resolution 0,01 mm Scaling 0 -100 Length of extension pieces 10, 20, 30, 40 mm (0.4, 0.8, 1.2, 1.6 in) Outside diameter 55 mm (2.2 in) Dial position Right angle to the side face of the hydraulic nut","[]","5070000","out_of_stock","vongbicongnghiep.vn-wc-store-api-category-search-skf","2026-04-29T13:49:32.999Z"
"33241","SKF","729101/300MPA-SKF","729101/300MPA-SKF","729101300MPASKF","Bộ phun dầu SKF 729101/300MPA","Dụng cụ bôi trơn","Dụng cụ bôi trơn","93","he-thong-boi-tron","https://vongbicongnghiep.vn/san-pham/bo-phun-dau-skf-729101-300mpa/","https://vongbicongnghiep.vn/wp-content/uploads/2022/05/oil-injection1.jpg","[""https://vongbicongnghiep.vn/wp-content/uploads/2022/05/oil-injection1.jpg""]","Bộ phun dầu SKF 729101 / 300MPA 300 MPa (43 500 psi) Bộ phun dầu SKF 729101 / 300MPA được sử dụng để lắp và tháo các khớp nối chịu áp lực như ổ lăn, khớp nối, bánh răng, bánh đà và bánh xe đường sắt.","Bộ phun dầu SKF 729101 / 300MPA 300 MPa (43 500 psi) Bộ phun dầu SKF 729101 / 300MPA được sử dụng để lắp và tháo các khớp nối chịu áp lực như ổ lăn, khớp nối, bánh răng, bánh đà và bánh xe đường sắt. Bộ phun dầu này đã ngừng sản xuất và được thay thế bằng Bơm thủy lực THHP 300. Cùng với 729101 / 300MPA, ống áp suất cao, là một phần của bộ, đã bị ngừng sản xuất. Để cho phép chủ sở hữu 729101 / 300MPA thay thế đường ống áp suất cao một cách suôn sẻ, SKF cung cấp bộ chuyển đổi ống cho phép bộ kim phun dầu được trang bị thêm với ống áp suất cao. Bơm Thủy Lực THHP 300 Bộ kit chuyển đổi ống","[]","61463000","out_of_stock","vongbicongnghiep.vn-wc-store-api-category-search-skf","2026-04-29T13:49:32.999Z"
"32830","SKF","LAGM 1000E-SKF","LAGM 1000E-SKF","LAGM1000ESKF","Thiết bị đo lưu lượng mỡ SKF LAGM 1000E","Dụng cụ bôi trơn","Dụng cụ bôi trơn","93","he-thong-boi-tron","https://vongbicongnghiep.vn/san-pham/thiet-bi-do-luu-luong-mo-skf-lagm-1000e/","https://vongbicongnghiep.vn/wp-content/uploads/2022/03/lagm1000e.webp","[""https://vongbicongnghiep.vn/wp-content/uploads/2022/03/lagm1000e.webp"",""https://vongbicongnghiep.vn/wp-content/uploads/2022/03/lagm1000e.webp""]","Đo lượng mỡ chính xác Số lượng phân phối mỗi hành trình bằng súng bắn mỡ phụ thuộc vào nhiều biến số. Nói chung, rất khó để cung cấp một lượng mỡ chính xác khi bôi trơn vòng bi bằng tay","Máy đo dầu mỡ SKF LAGM 1000E Đo lượng mỡ chính xác bằng LAGM 1000E Số lượng phân phối mỗi hành trình bằng súng bắn mỡ phụ thuộc vào nhiều biến số. Nói chung, rất khó để cung cấp một lượng mỡ chính xác khi bôi trơn vòng bi bằng tay. Tuy nhiên, đúng lượng mỡ bôi trơn rất quan trọng đối với tuổi thọ của vòng bi, vì bôi trơn quá nhiều hoặc quá ít có thể dẫn đến hỏng máy. Mặc dù thực tế phổ biến là cân lượng mỡ trên mỗi hành trình, quy trình này không xem xét áp suất ngược, sự mài mòn liên tục bên trong súng bắn mỡ hoặc bất kỳ biến số nào khác. Đồng hồ đo mỡ SKF LAGM 1000E đo chính xác lượng mỡ xả ra theo thể tích hoặc trọng lượng theo đơn vị mét (cm3 hoặc g) hoặc Hoa Kỳ (US fl. Oz hoặc oz), làm cho việc tính toán chuyển đổi không cần thiết. • Thích hợp với hầu hết các loại mỡ NLGI 0-3 • Một ống bọc cao su bảo vệ thiết bị điện tử trong trường hợp va đập và cũng có khả năng chống dầu và mỡ. • Màn hình LCD có đèn nền hiển thị các chữ số lớn và dễ đọc. • Áp suất tối đa 700 bar (10 000 psi). • Thiết kế nhỏ gọn và nhẹ. • Vỏ nhôm chống ăn mòn. • Phù hợp với tất cả súng bắn mỡ bằng tay SKF và máy bơm mỡ chạy bằng không khí • Có thể lắp đặt cố định kết hợp với hệ thống bôi trơn. Thông số kỹ thuật Ký hiệu LAGM 1000E Vật liệu vỏ Nhôm, anodised Trọng lượng 0.4 kg (0.88 lb) Lưu lượng mỡ lớn nhất 1 000 cm³/phút (34 US fl. oz/min) Cấp bảo vệ kháng nước IP 67 Loại mỡ phù hợp NLGI 0 – NLGI 3 Áp suất làm việc lớn nhất 700 bar (10 000 psi) Ren kết nối M10 x 1 Màn hình Lit LCD (4 digits / 9 mm) Cấp chính xác ±3% từ 0 – 300 bar ±5% từ 300 – 700 bar Chọn đơn vị đo cm³, g, US fl. oz or oz Đèn hiển thị tự động tắt 15 giây sau khi tắt máy Pin sắp hết Có đèn chỉ báo Kiểu Pin Pin Kiềm 1.5 V AA","[]","12179000","in_stock","vongbicongnghiep.vn-wc-store-api-category-search-skf","2026-04-29T13:49:32.999Z"