id,brand,sku,code,normalizedCode,name,category,categories,sourceCategoryId,sourceCategoryLabel,url,image,images,shortDescription,description,attributes,price,stockStatus,source,crawledAt
"79916","SKF","LGLT 2/0.4-SKF","LGLT 2/0.4-SKF","LGLT204SKF","Mỡ bôi trơn SKF LGLT 2/0.4","Mỡ bôi trơn SKF","Mỡ bôi trơn SKF","95","mo-boi-tron-skf","https://vongbicongnghiep.vn/san-pham/mo-boi-tron-skf-lglt-2-0-4/","https://vongbicongnghiep.vn/wp-content/uploads/2025/08/LGLT2-04.png","[""https://vongbicongnghiep.vn/wp-content/uploads/2025/08/LGLT2-04.png""]","Mỡ bôi trơn SKF LGLT 2/0.2","Mỡ bôi trơn SKF LGLT 2/0.4 SKF LGLT 2 là mỡ gốc dầu tổng hợp hoàn toàn sử dụng xà phòng lithium. Công nghệ làm đặc độc đáo và dầu có độ nhớt thấp (PAO) mang lại hiệu suất bôi trơn tuyệt vời ở nhiệt độ thấp -50 °C (-60 °F) và tốc độ cực cao (có thể đạt tới giá trị ndm là 1,6 * 106). Các ứng dụng tiêu biểu: • Cọc kéo sợi dệt • Cọc máy công cụ • Dụng cụ và thiết bị điều khiển • Trục chính máy công cụ • Thiết bị kiểm tra • Động cơ điện nhỏ được sử dụng trong thiết bị y tế và nha khoa – Giày trượt trong dây chuyền – Xi lanh in – Rô-bốt Mô-men xoắn ma sát thấp chạy êm Ổn định oxy hóa cực tốt và khả năng chống nước Mỡ SKF LGLT 2 Mỡ dùng cho vòng bi có tốc độ rất cao, tiếng ồn thấp hoặc trong môi trường nhiệt độ thấp Tài liệu kỹ thuật LGLT 2: LGLT_2.pdf Tài liệu tham khảo về mỡ SKF (E): Tài liệu kỹ thuật mỡ LGHP 2: LGHP_2.pdf Tài liệu kỹ thuật mỡ LDTS 1:LDTS_1.pdf Tài liệu kỹ thuật mỡ LESA 2: LESA_2.pdf Tài liệu kỹ thuật mỡ LGBB 2: LGBB_2.pdf Tài liệu kỹ thuật mỡ LGEM 2: LGEM_2.pdf Tài liệu kỹ thuật mỡ LGEP 2: LGEP_2.pdf Tài liệu kỹ thuật mỡ LGET 2: LGET_2.pdf Tài liệu kỹ thuật mỡ LGEV 2: LGEV_2.pdf Tài liệu kỹ thuật mỡ LGFP 2:LGFP_2.pdf Tài liệu kỹ thuật mỡ LGGB 2:LGGB_2.pdf Tài liệu kỹ thuật mỡ LGHB 2:LGHB_2.pdf Tài liệu kỹ thuật mỡ LGMT 2:LGMT_2.pdf Tài liệu kỹ thuật mỡ LGLT 2:LGLT_2.pdf Tài liệu kỹ thuật mỡ LGMT 2:LGMT_2.pdf Tài liệu kỹ thuật mỡ LGMT 2:LGMT_3.pdf Tài liệu kỹ thuật mỡ LGWA 2:LGWA_2.pdf Tài liệu kỹ thuật mỡ LGWM 1:LGWM_1.pdf Tài liệu kỹ thuật mỡ LGWM 2:LGWM_2.pdf Tài liệu kỹ thuật mỡ LGCG 1:LMCG_1.pdf Tài liệu kỹ thuật mỡ SKF:Thong_so_mo_SKF.pdf","[]","768000","out_of_stock","vongbicongnghiep.vn-wc-store-api-category-search-skf","2026-04-29T13:49:35.220Z"
"79915","SKF","LGLT 2/18-SKF","LGLT 2/18-SKF","LGLT218SKF","Mỡ bôi trơn SKF LGLT 2/18","Mỡ bôi trơn SKF","Mỡ bôi trơn SKF","95","mo-boi-tron-skf","https://vongbicongnghiep.vn/san-pham/mo-boi-tron-skf-lglt-2-18/","https://vongbicongnghiep.vn/wp-content/uploads/2025/08/LGLT2-18.png","[""https://vongbicongnghiep.vn/wp-content/uploads/2025/08/LGLT2-18.png""]","Mỡ bôi trơn SKF LGLT 2/0.2","Mỡ bôi trơn SKF LGLT 2/18 SKF LGLT 2 là mỡ gốc dầu tổng hợp hoàn toàn sử dụng xà phòng lithium. Công nghệ làm đặc độc đáo và dầu có độ nhớt thấp (PAO) mang lại hiệu suất bôi trơn tuyệt vời ở nhiệt độ thấp -50 °C (-60 °F) và tốc độ cực cao (có thể đạt tới giá trị ndm là 1,6 * 106). Các ứng dụng tiêu biểu: • Cọc kéo sợi dệt • Cọc máy công cụ • Dụng cụ và thiết bị điều khiển • Trục chính máy công cụ • Thiết bị kiểm tra • Động cơ điện nhỏ được sử dụng trong thiết bị y tế và nha khoa – Giày trượt trong dây chuyền – Xi lanh in – Rô-bốt Mô-men xoắn ma sát thấp chạy êm Ổn định oxy hóa cực tốt và khả năng chống nước Mỡ SKF LGLT 2 Mỡ dùng cho vòng bi có tốc độ rất cao, tiếng ồn thấp hoặc trong môi trường nhiệt độ thấp Tài liệu kỹ thuật LGLT 2: LGLT_2.pdf Tài liệu tham khảo về mỡ SKF (E): Tài liệu kỹ thuật mỡ LGHP 2: LGHP_2.pdf Tài liệu kỹ thuật mỡ LDTS 1:LDTS_1.pdf Tài liệu kỹ thuật mỡ LESA 2: LESA_2.pdf Tài liệu kỹ thuật mỡ LGBB 2: LGBB_2.pdf Tài liệu kỹ thuật mỡ LGEM 2: LGEM_2.pdf Tài liệu kỹ thuật mỡ LGEP 2: LGEP_2.pdf Tài liệu kỹ thuật mỡ LGET 2: LGET_2.pdf Tài liệu kỹ thuật mỡ LGEV 2: LGEV_2.pdf Tài liệu kỹ thuật mỡ LGFP 2:LGFP_2.pdf Tài liệu kỹ thuật mỡ LGGB 2:LGGB_2.pdf Tài liệu kỹ thuật mỡ LGHB 2:LGHB_2.pdf Tài liệu kỹ thuật mỡ LGMT 2:LGMT_2.pdf Tài liệu kỹ thuật mỡ LGLT 2:LGLT_2.pdf Tài liệu kỹ thuật mỡ LGMT 2:LGMT_2.pdf Tài liệu kỹ thuật mỡ LGMT 2:LGMT_3.pdf Tài liệu kỹ thuật mỡ LGWA 2:LGWA_2.pdf Tài liệu kỹ thuật mỡ LGWM 1:LGWM_1.pdf Tài liệu kỹ thuật mỡ LGWM 2:LGWM_2.pdf Tài liệu kỹ thuật mỡ LGCG 1:LMCG_1.pdf Tài liệu kỹ thuật mỡ SKF:Thong_so_mo_SKF.pdf","[]","25745000","out_of_stock","vongbicongnghiep.vn-wc-store-api-category-search-skf","2026-04-29T13:49:35.221Z"
"41939","SKF","TLSD 250/FG2-SKF","TLSD 250/FG2-SKF","TLSD250FG2SKF","Bôi trơn tự động SKF TLSD 250/FG2","Mỡ bôi trơn SKF","Mỡ bôi trơn SKF","95","mo-boi-tron-skf","https://vongbicongnghiep.vn/san-pham/boi-tron-tu-dong-skf-tlsd-250-fg2/","https://vongbicongnghiep.vn/wp-content/uploads/2023/04/TLSD-250-FG2.png","[""https://vongbicongnghiep.vn/wp-content/uploads/2023/04/TLSD-250-FG2.png""]","Bôi trơn tự động SKF LGHQ 2/SD250","Bôi trơn tự động SKF TLSD 250/FG2 Bộ nạp lại SKF SYSTEM 24 TLSD Bộ này chứa đầy mỡ SKF LGFG 2 dành cho nhiệt độ cao và tốc độ cao được khuyên dùng cho động cơ điện, quạt và máy bơm. Bộ nạp lại của chúng tôi dành cho chất bôi trơn SKF SYSTEM 24 chứa đầy mỡ/dầu và có thể được sử dụng với mọi chất bôi trơn TLSD. Để sử dụng bộ nạp dầu, bạn cần có một tấm đỡ có van hồi lưu tích hợp phải được đặt hàng riêng. Lãi suất trả góp linh hoạt từ 1 đến 12 tháng Bộ nạp lại sẵn sàng để sử dụng Có thể được sử dụng với tất cả các chất bôi trơn TLSD Đổ đầy mỡ hoặc dầu SKF Cài đặt nhanh chóng và dễ dàng","[]","3474000","out_of_stock","vongbicongnghiep.vn-wc-store-api-category-search-skf","2026-04-29T13:49:35.221Z"
"41936","SKF","LGHQ 2/SD125-SKF","LGHQ 2/SD125-SKF","LGHQ2SD125SKF","Bôi trơn tự động SKF LGHQ 2/SD125","Mỡ bôi trơn SKF","Mỡ bôi trơn SKF","95","mo-boi-tron-skf","https://vongbicongnghiep.vn/san-pham/boi-tron-tu-dong-skf-lghq-2-sd125/","https://vongbicongnghiep.vn/wp-content/uploads/2023/04/LGHQ-2-SD125.png","[""https://vongbicongnghiep.vn/wp-content/uploads/2023/04/LGHQ-2-SD125.png""]","Bôi trơn tự động SKF LGHQ 2/SD250","Bôi trơn tự động SKF LGHQ 2/SD125 Bộ nạp lại SKF SYSTEM 24 TLSD Bộ này chứa đầy mỡ SKF LGHQ 2 dành cho nhiệt độ cao và tốc độ cao được khuyên dùng cho động cơ điện, quạt và máy bơm. Bộ nạp lại của chúng tôi dành cho chất bôi trơn SKF SYSTEM 24 chứa đầy mỡ/dầu và có thể được sử dụng với mọi chất bôi trơn TLSD. Để sử dụng bộ nạp dầu, bạn cần có một tấm đỡ có van hồi lưu tích hợp phải được đặt hàng riêng. Lãi suất trả góp linh hoạt từ 1 đến 12 tháng Bộ nạp lại sẵn sàng để sử dụng Có thể được sử dụng với tất cả các chất bôi trơn TLSD Đổ đầy mỡ hoặc dầu SKF Cài đặt nhanh chóng và dễ dàng","[]","797000","in_stock","vongbicongnghiep.vn-wc-store-api-category-search-skf","2026-04-29T13:49:35.221Z"
"41933","SKF","LGFP 2/SD250-SKF","LGFP 2/SD250-SKF","LGFP2SD250SKF","Mỡ bôi trơn SKF LGFP 2/SD250","Mỡ bôi trơn SKF","Mỡ bôi trơn SKF","95","mo-boi-tron-skf","https://vongbicongnghiep.vn/san-pham/mo-boi-tron-skf-lgfp-2-sd250/","https://vongbicongnghiep.vn/wp-content/uploads/2023/04/LGFP-2-SD250.png","[""https://vongbicongnghiep.vn/wp-content/uploads/2023/04/LGFP-2-SD250.png""]","Mỡ bôi trơn SKF LGFP 2/1","Mỡ bôi trơn SKF:LGFP 2/SD250 dùng cho ngành thực phẩm Mỡ thực phẩm đa năng SKF LGFP 2 là loại mỡ chịu lực sạch, không độc hại, được sản xuất dựa trên tiêu chuẩn ngành y tế. • Khả năng chống nước cao • Tuổi thọ dầu mỡ tuyệt vời • Chống ăn mòn tuyệt vời • Giá trị pH trung tính về cơ bản • NSF H1 đã đăng ký và được chứng nhận Halal và Kosher Các ứng dụng tiêu biểu • Vòng bi cassette nhiều gói • Máy đóng gói • Vòng bi băng tải • Máy đóng chai Quy cách đóng gói mỡ LGFP 2 Quy cách đóng gói Ký hiệu Đóng gói hộp 250 ml LGFP 2/SD250 Đóng gói hộp 1 Kg LGFP 2/1 Đối gói thùng 18 Kg LGFP 2/18 Đóng gói thùng 180 Kg LGFP 2/180 Thông số kỹ thuật của mỡ LGFP 2 Các chứng chỉ về an toàn thực phẩm của mỡ LGFP 2 được các tổ chức độc lập xác thực – Datasheet của mỡ LGFP 2 – Chứng chỉ NSF cấp cho mỡ LGFP 2 – Chứng chỉ Halal certificate LGFP 2 – Safety data sheet LGFP2 (MSDS LGFP 2 ) – Kosher certificate LGFP 2 – Chứng chỉ HALAL cấp co mỡ LGFP 2 – Chứng chỉ Kosher cấp co mỡ LGFP 2","[]","1325000","out_of_stock","vongbicongnghiep.vn-wc-store-api-category-search-skf","2026-04-29T13:49:35.221Z"
"41187","SKF","LGFG 2/MR380-SKF","LGFG 2/MR380-SKF","LGFG2MR380SKF","Mỡ bôi trơn SKF LGFG 2/MR380","Mỡ bôi trơn SKF","Mỡ bôi trơn SKF","95","mo-boi-tron-skf","https://vongbicongnghiep.vn/san-pham/mo-boi-tron-skf-lgfg-2-mr380/","https://vongbicongnghiep.vn/wp-content/uploads/2023/02/094505bf4b5dc3fa.png","[""https://vongbicongnghiep.vn/wp-content/uploads/2023/02/094505bf4b5dc3fa.png""]","","Mỡ bôi trơn SKF LGFG 2/MR380 Bộ nạp tiền TLMR Bộ này chứa đầy mỡ ổ trục tương thích với thực phẩm SKF LGFG 2 được khuyên dùng cho các ứng dụng trong ngành thực phẩm và đồ uống. Bộ nạp lại SKF TLMR có hai phiên bản: dành cho TLMR 201 và TLMR 101. Bộ này chứa một hộp chứa đầy một lượng mỡ 120 hoặc 380 ml. Đối với bộ nạp tiền TLMR 101, một bộ pin được bao gồm và các ký hiệu kết thúc bằng B Dimensions Lubricant quantity 380 ml Performance Product weight 0.52 kg Properties Ambient temperature range –25 to +70 °C Lubricant LGFG 2 Lubricant description General purpose food grade grease Lubricant operating temperature range –30 to +140 °C NLGI consistency class 2 Shelf life 3 year","[]","1643000","in_stock","vongbicongnghiep.vn-wc-store-api-category-search-skf","2026-04-29T13:49:35.221Z"
"41180","SKF","LAGD 125/HP2-SKF","LAGD 125/HP2-SKF","LAGD125HP2SKF","Mỡ bôi trơn tự động LAGD 125/HP2","Mỡ bôi trơn SKF","Mỡ bôi trơn SKF","95","mo-boi-tron-skf","https://vongbicongnghiep.vn/san-pham/mo-boi-tron-tu-dong-lagd-125-hp2/","https://vongbicongnghiep.vn/wp-content/uploads/2023/02/PR16771BI16732_lagd125_hp2_skf_SKF_LAGD_125_HP2_High_Performance_LGHP_2_Grease_125_IMD__62102.1672761731.png","[""https://vongbicongnghiep.vn/wp-content/uploads/2023/02/PR16771BI16732_lagd125_hp2_skf_SKF_LAGD_125_HP2_High_Performance_LGHP_2_Grease_125_IMD__62102.1672761731.png""]","","Bộ bôi trơn tự động một điểm điều khiển bằng khí SKF LAGD 125/HP2 SKF SYSTEM 24 chất bôi trơn tự động một điểm điều khiển bằng khí LAGD 125/HP2 chứa đầy mỡ SKF LGHP 2 dành cho nhiệt độ cao và tốc độ cao được khuyên dùng cho động cơ điện, quạt và máy bơm. Chất bôi trơn tự động một điểm dẫn động bằng khí của chúng tôi có nhiều cấu hình, được đổ sẵn chất bôi trơn SKF hoặc rỗng, thích hợp để đổ đầy dầu. Với kích hoạt không cần công cụ và cài đặt thời gian, chúng cho phép tái bôi trơn dễ dàng, an toàn và chính xác. SKF SYSTEM 24 Các thiết bị được cung cấp sẵn sàng để sử dụng ngay từ hộp và chứa đầy đủ loại chất bôi trơn SKF hiệu suất cao. Kích hoạt không cần dụng cụ và cài đặt thời gian cho phép điều chỉnh lưu lượng bôi trơn dễ dàng và chính xác. Các tính năng và lợi ích • Tỷ lệ phân phối linh hoạt từ 1 đến 12 tháng • ATEX vùng 0 đã được phê duyệt • Hộp chứa chất bôi trơn trong suốt cho phép kiểm tra trực quan tỷ lệ phân phối • Kích thước nhỏ gọn, cho phép lắp đặt ở những khu vực hạn chế Video sử dụng sản phẩm Tài liệu liên quan: Catalog mỡ bôi trơn tự động System 24 Catalog LAGD series Hướng dẫn sử dụng nhanh LAGD Hướng dẫn sử dụng LAGD Thông số Kỹ thuật của dòng mỡ LAGD Chi tiết đặt hàng Mô tả Mô tả Mô tả Mỡ Dung tích 60 ml Dung tích 120 ml LGWA 2 Mỡ đa năng LAGD 60/WA2 LAGD 125/WA2 LGEM 2 Mỡ tải trọng cao, tốc độ chậm LAGD 60/EM2 LAGD 125/EM2 LGGB 2 Mỡ Phân hủy sinh học – LAGD 125/GB2 LGHB 2 Mỡ dùng cho ứng dụng nhiệt độ cao, tải cao, phù hợp vòng bi GE LAGD 60/HB2 LAGD 125/HB2 LGHQ 2 Mỡ hiệu suất cao, nhiệt độ cao LAGD 60/HQ2 LAGD 125/HQ2 LGFP 2 Mỡ thực phẩm, đa năng LAGD 60/FP2 LAGD 125/FP2 LGWM 2 Mỡ chịu tải cao, dải nhiệt độ rộng – LAGD 125/WM2 LGFQ 2 Mỡ thực phẩm, tải cao, nhiệt độ rộng – LAGD 125/FQ2 Dầu xích LHMT 68 Dầu có nhiệt độ trung bình LAGD 60/HMT68* LAGD 125/HMT68* LHHT 250 Dầu nhiệt độ cao – LAGD 125/HT250* LFFM 100 Dầu cho ngành thực phẩm, NSF H1 – LAGD 125/FM100* LFFT 220 Dầu cho ngành thực phẩm, NSF H1 – LAGD 125/FT220* Thông số Kỹ thuật Ký hiệu LAGD 60 và LAGD 125 Dung tích hộp mỡ LAGD 60 60 ml (2 US fl. oz) LAGD 125 125 ml (4.2 US fl. oz) Thời gian hộp mỡ hoạt động Điều chỉnh; 1–12 tháng Nhiệt độ môi trường xung quanh –20 đến +60 °C (–5 đến +140 °F) Áp suất hoạt động lớn nhất 5 bar (75 psi) Cơ chế hoạt động Pin khí, khí trơ Ren liên kết R1/4 Độ dài đường cấp tối đa Mỡ 300 mm (11.8 in.) dầu 1 500 mm (59.1 in.) Chứng chỉ kiểm tra EC DEKRA 21ATEX0015 X Khả năng kháng nước IP 68 Nhiệt độ bảo quản 20 °C (70 °F) Thời gian lưu kho 2 years Trọng lượng LAGD 125 approx 200 g (7.1 oz) LAGD 60 approx 130 g (4.6 oz) Đã bao gồm mỡ bên trong","[]","801000","out_of_stock","vongbicongnghiep.vn-wc-store-api-category-search-skf","2026-04-29T13:49:35.222Z"
"41176","SKF","LAGD 125/HQ2-SKF","LAGD 125/HQ2-SKF","LAGD125HQ2SKF","Mỡ bôi trơn tự động LAGD 125/HQ2","Mỡ bôi trơn SKF","Mỡ bôi trơn SKF","95","mo-boi-tron-skf","https://vongbicongnghiep.vn/san-pham/mo-boi-tron-tu-dong-lagd-125-hq2/","https://vongbicongnghiep.vn/wp-content/uploads/2023/02/LAGD125HQ.png","[""https://vongbicongnghiep.vn/wp-content/uploads/2023/02/LAGD125HQ.png""]","","Bộ bôi trơn tự động một điểm điều khiển bằng khí SKF LAGD 125/HQ2 SKF SYSTEM 24 chất bôi trơn tự động một điểm điều khiển bằng khí LAGD 125/HQ2 chứa đầy mỡ SKF LGHQ 2 dành cho nhiệt độ cao và tốc độ cao được khuyên dùng cho động cơ điện, quạt và máy bơm. Chất bôi trơn tự động một điểm dẫn động bằng khí của chúng tôi có nhiều cấu hình, được đổ sẵn chất bôi trơn SKF hoặc rỗng, thích hợp để đổ đầy dầu. Với kích hoạt không cần công cụ và cài đặt thời gian, chúng cho phép tái bôi trơn dễ dàng, an toàn và chính xác. SKF SYSTEM 24 Các thiết bị được cung cấp sẵn sàng để sử dụng ngay từ hộp và chứa đầy đủ loại chất bôi trơn SKF hiệu suất cao. Kích hoạt không cần dụng cụ và cài đặt thời gian cho phép điều chỉnh lưu lượng bôi trơn dễ dàng và chính xác. Các tính năng và lợi ích • Tỷ lệ phân phối linh hoạt từ 1 đến 12 tháng • ATEX vùng 0 đã được phê duyệt • Hộp chứa chất bôi trơn trong suốt cho phép kiểm tra trực quan tỷ lệ phân phối • Kích thước nhỏ gọn, cho phép lắp đặt ở những khu vực hạn chế Video sử dụng sản phẩm Tài liệu liên quan: Catalog mỡ bôi trơn tự động System 24 Catalog LAGD series Hướng dẫn sử dụng nhanh LAGD Hướng dẫn sử dụng LAGD Thông số Kỹ thuật của dòng mỡ LAGD Chi tiết đặt hàng Mô tả Mô tả Mô tả Mỡ Dung tích 60 ml Dung tích 120 ml LGWA 2 Mỡ đa năng LAGD 60/WA2 LAGD 125/WA2 LGEM 2 Mỡ tải trọng cao, tốc độ chậm LAGD 60/EM2 LAGD 125/EM2 LGGB 2 Mỡ Phân hủy sinh học – LAGD 125/GB2 LGHB 2 Mỡ dùng cho ứng dụng nhiệt độ cao, tải cao, phù hợp vòng bi GE LAGD 60/HB2 LAGD 125/HB2 LGHQ 2 Mỡ hiệu suất cao, nhiệt độ cao LAGD 60/HQ2 LAGD 125/HQ2 LGFP 2 Mỡ thực phẩm, đa năng LAGD 60/FP2 LAGD 125/FP2 LGWM 2 Mỡ chịu tải cao, dải nhiệt độ rộng – LAGD 125/WM2 LGFQ 2 Mỡ thực phẩm, tải cao, nhiệt độ rộng – LAGD 125/FQ2 Dầu xích LHMT 68 Dầu có nhiệt độ trung bình LAGD 60/HMT68* LAGD 125/HMT68* LHHT 250 Dầu nhiệt độ cao – LAGD 125/HT250* LFFM 100 Dầu cho ngành thực phẩm, NSF H1 – LAGD 125/FM100* LFFT 220 Dầu cho ngành thực phẩm, NSF H1 – LAGD 125/FT220* Thông số Kỹ thuật Ký hiệu LAGD 60 và LAGD 125 Dung tích hộp mỡ LAGD 60 60 ml (2 US fl. oz) LAGD 125 125 ml (4.2 US fl. oz) Thời gian hộp mỡ hoạt động Điều chỉnh; 1–12 tháng Nhiệt độ môi trường xung quanh –20 đến +60 °C (–5 đến +140 °F) Áp suất hoạt động lớn nhất 5 bar (75 psi) Cơ chế hoạt động Pin khí, khí trơ Ren liên kết R1/4 Độ dài đường cấp tối đa Mỡ 300 mm (11.8 in.) dầu 1 500 mm (59.1 in.) Chứng chỉ kiểm tra EC DEKRA 21ATEX0015 X Khả năng kháng nước IP 68 Nhiệt độ bảo quản 20 °C (70 °F) Thời gian lưu kho 2 years Trọng lượng LAGD 125 approx 200 g (7.1 oz) LAGD 60 approx 130 g (4.6 oz) Đã bao gồm mỡ bên trong","[]","835000","in_stock","vongbicongnghiep.vn-wc-store-api-category-search-skf","2026-04-29T13:49:35.223Z"
"40713","SKF","LAGD 125/HMT68-SKF","LAGD 125/HMT68-SKF","LAGD125HMT68SKF","Mỡ LAGD 125/HMT68","Mỡ bôi trơn SKF","Mỡ bôi trơn SKF","95","mo-boi-tron-skf","https://vongbicongnghiep.vn/san-pham/mo-lagd-125-hmt68/","https://vongbicongnghiep.vn/wp-content/uploads/2023/02/LAGD-HMT.png","[""https://vongbicongnghiep.vn/wp-content/uploads/2023/02/LAGD-HMT.png""]","","Mơ bôi trơn LAGD 125/HMT68 SKF SYSTEM 24 chất bôi trơn tự động một điểm điều khiển bằng khí LAGD 125/HMT68 chứa đầy dầu xích khoáng chất lượng cao SKF LHMT 68 với khả năng bảo vệ chống mài mòn cao. Chất bôi trơn tự động một điểm dẫn động bằng khí của chúng tôi có nhiều cấu hình, được đổ sẵn chất bôi trơn SKF hoặc rỗng, thích hợp để đổ đầy dầu. Với kích hoạt không cần công cụ và cài đặt thời gian, chúng cho phép tái bôi trơn dễ dàng, an toàn và chính xác. Lãi suất trả góp linh hoạt từ 1 đến 12 tháng ATEX vùng 0 đã được phê duyệt Bình chứa chất bôi trơn trong suốt cho phép kiểm tra trực quan tốc độ phân phối Kích thước nhỏ gọn, phù hợp với những khu vực hạn chế Cải thiện độ tin cậy và bảo trì tối ưu Dimensions Lubricant quantity 125 ml Performance Degree of protection (IP) IP 68 Maximum feed line length 1.5 m Maximum pressure 5 bar Nominal emptying time Adjustable, 1–12 months Product weight 0.18 kg Properties Ambient temperature range –20 to +60 °C Connecting thread R 1/4 Drive mechanism Gas cell producing inert gas Intrinsically safe approval II 1G Ex ia IIC T6 Ga, II 1D Ex ia IIIC T200 85°C Da, I M1 Ex ia I Ma Lubricant LHMT 68 Lubricant description High-performance mineral chain oil Lubricant operating temperature range –20 to +100 °C Power source Gas cell Recommended applications Conveyor, Drive and Lift chains operating at medium temperatures;Ovens Recommended storage temperature 20 °C Shelf life 2 year Special features Non-return valve included","[{""name"":""brand"",""terms"":[""SKF""]}]","840000","in_stock","vongbicongnghiep.vn-wc-store-api-category-search-skf","2026-04-29T13:49:35.223Z"
"40712","SKF","LHMF 300/5-SKF","LHMF 300/5-SKF","LHMF3005SKF","Dầu bôi trơn LHMF 300/5","Mỡ bôi trơn SKF","Mỡ bôi trơn SKF","95","mo-boi-tron-skf","https://vongbicongnghiep.vn/san-pham/dau-boi-tron-lhmf-300-5/","https://vongbicongnghiep.vn/wp-content/uploads/2023/02/LHMF-1.png","[""https://vongbicongnghiep.vn/wp-content/uploads/2023/02/LHMF-1.png"",""https://vongbicongnghiep.vn/wp-content/uploads/2023/02/lhmf-300-2.jpg""]","","Khi sử dụng các thiết bị thủy lực của SKF như bơm thủy lực, kim phun dầu và HMV đai ốc thủy lực, điều quan trọng là phải sử dụng đúng loại dầu để đạt hiệu suất tối ưu. Đối với các ứng dụng áp suất cao, lên đến 400 MPa (58 000 psi), SKF đã phát triển một chất lỏng lắp và chất lỏng tháo. Các chất lỏng có chỉ số độ nhớt cao, chứa chất chống ăn mòn và không tích cực đối với hầu hết các vật liệu bịt kín phổ biến như cao su nitrile, Buna N (Perbunan), da chrome, da va PTFE. • Chỉ số độ nhớt cao • Không xâm lấn đối với hầu hết các vật liệu bịt kín phổ biến • LHMF 300 có sẵn trong can 1 và 5 lít và phuy 205 lít • LHDF 900 có dạng can 5 lít và phuy 205 lít","[{""name"":""brand"",""terms"":[""SKF""]}]","3353000","in_stock","vongbicongnghiep.vn-wc-store-api-category-search-skf","2026-04-29T13:49:35.223Z"
"40711","SKF","LHMT 68/5-SKF","LHMT 68/5-SKF","LHMT685SKF","Dầu bôi trơn LHMT 68/5","Mỡ bôi trơn SKF","Mỡ bôi trơn SKF","95","mo-boi-tron-skf","https://vongbicongnghiep.vn/san-pham/dau-boi-tron-lhmt-68-5/","https://vongbicongnghiep.vn/wp-content/uploads/2023/02/LHMT.png","[""https://vongbicongnghiep.vn/wp-content/uploads/2023/02/LHMT.png""]","","LHMT 68/5 Dầu xích SKF LHMT 68 SKF LHMT 68 là dầu xích gốc khoáng. Đó là lý tưởng cho nhiệt độ trung bình và môi trường nhiều bụi như xi măng và các ngành xử lý vật liệu, nơi yêu cầu độ xuyên thấu cao và màng nhẹ. Các ứng dụng điển hình:• Xích băng tải• Xích dẫn động• Xích nâng hạ Tăng tuổi thọ dây chuyền Tăng khoảng thời gian bôi trơn lại Giảm tiêu thụ dầu Giảm tiêu thụ năng lượng Recommended product SKF SYSTEM 24 gas driven single point automatic lubricator LAGD 125/HMT68 SKF SYSTEM 24 gas driven single point automatic lubricator LAGD 60/HMT68 SKF SYSTEM 24 TLSD refill set LHMT 68/SD125 SKF SYSTEM 24 TLSD refill set LHMT 68/SD250 SKF SYSTEM 24 electro-mechanical single point automatic lubricator TLSD 125/HMT68 SKF SYSTEM 24 electro-mechanical single point automatic lubricator TLSD 250/HMT68","[{""name"":""brand"",""terms"":[""SKF""]}]","2805000","out_of_stock","vongbicongnghiep.vn-wc-store-api-category-search-skf","2026-04-29T13:49:35.223Z"
"40710","SKF","LGWA 2/MR120-SKF","LGWA 2/MR120-SKF","LGWA2MR120SKF","Mỡ bôi trơn LGWA 2/MR120","Mỡ bôi trơn SKF","Mỡ bôi trơn SKF","95","mo-boi-tron-skf","https://vongbicongnghiep.vn/san-pham/mo-boi-tron-lgwa-2-mr120/","https://vongbicongnghiep.vn/wp-content/uploads/2023/02/LGWA120.png","[""https://vongbicongnghiep.vn/wp-content/uploads/2023/02/LGWA120.png""]","","Bộ nạp lại TLMR Bộ này chứa đầy mỡ SKF LGWA 2 cho dải nhiệt độ rộng và áp suất cực cao, được khuyên dùng cho động cơ điện, băng tải, quạt và máy bơm. Bộ nạp lại SKF TLMR có hai phiên bản: dành cho TLMR 201 và TLMR 101. Bộ này chứa một hộp chứa đầy một lượng mỡ 120 hoặc 380 ml. Đối với bộ nạp tiền TLMR 101, một bộ pin được bao gồm và các ký hiệu kết thúc bằng B. Vặn nút sử dụng linh hoạt từ 1 đến 24 tháng Sẵn sàng sử dụng Có thể được sử dụng với tất cả các chất bôi trơn TLMR 201 Cài đặt nhanh chóng và dễ dàng","[{""name"":""brand"",""terms"":[""SKF""]}]","730000","in_stock","vongbicongnghiep.vn-wc-store-api-category-search-skf","2026-04-29T13:49:35.223Z"
"40709","SKF","LAGD 125/HB2-SKF","LAGD 125/HB2-SKF","LAGD125HB2SKF","Mỡ bôi trơn LAGD 125/HB2","Mỡ bôi trơn SKF","Mỡ bôi trơn SKF","95","mo-boi-tron-skf","https://vongbicongnghiep.vn/san-pham/mo-boi-tron-lagd-125-hb2/","https://vongbicongnghiep.vn/wp-content/uploads/2023/02/LAGD-HB.png","[""https://vongbicongnghiep.vn/wp-content/uploads/2023/02/LAGD-HB.png""]","","LAGD 125/HB2 SKF SYSTEM 24 chất bôi trơn tự động một điểm điều khiển bằng khí LAGD 125/HB2 chứa đầy mỡ SKF LGHB 2 dành cho tải trọng cao, môi trường ẩm ướt và nhiệt độ cao, được khuyên dùng cho ổ trượt trơn, băng tải và các ứng dụng có tải trọng cao và tốc độ thấp. Chất bôi trơn tự động một điểm dẫn động bằng khí của chúng tôi có nhiều cấu hình, được đổ sẵn chất bôi trơn SKF hoặc rỗng, thích hợp để đổ đầy dầu. Với kích hoạt không cần công cụ và cài đặt thời gian, chúng cho phép tái bôi trơn dễ dàng, an toàn và chính xác. Lãi suất trả góp linh hoạt từ 1 đến 12 tháng ATEX vùng 0 đã được phê duyệt Bình chứa chất bôi trơn trong suốt cho phép kiểm tra trực quan tốc độ phân phối Kích thước nhỏ gọn, phù hợp với những khu vực hạn chế Cải thiện độ tin cậy và bảo trì tối ưu Dimensions Lubricant quantity 125 ml Performance Degree of protection (IP) IP 68 Maximum feed line length 0.3 m Maximum pressure 5 bar Nominal emptying time Adjustable, 1–12 months Product weight 0.2 kg Properties Ambient temperature range –20 to +60 °C Connecting thread R 1/4 Drive mechanism Gas cell producing inert gas Intrinsically safe approval II 1G Ex ia IIC T6 Ga, II 1D Ex ia IIIC T200 85°C Da, I M1 Ex ia I Ma Lubricant LGHB 2 Lubricant description High viscosity, high loads and high temperatures grease Lubricant operating temperature range –20 to +150 °C Power source Gas cell Recommended applications Plain bearings;Conveyors;Applications with high loads and low speed Recommended storage temperature 20 °C Shelf life 2 year","[{""name"":""brand"",""terms"":[""SKF""]}]","813000","in_stock","vongbicongnghiep.vn-wc-store-api-category-search-skf","2026-04-29T13:49:35.223Z"
"36167","SKF","LNMT 3A/180-SKF","LNMT 3A/180-SKF","LNMT3A180SKF","Mỡ bôi trơn SKF LNMT 3A/180","Mỡ bôi trơn SKF","Mỡ bôi trơn SKF","95","mo-boi-tron-skf","https://vongbicongnghiep.vn/san-pham/mo-boi-tron-skf-lnmt-3a-180/","https://vongbicongnghiep.vn/wp-content/uploads/2023/01/0901d196809a87c6.png","[""https://vongbicongnghiep.vn/wp-content/uploads/2023/01/0901d196809a87c6.png""]","Mỡ bôi trơn SKF LNMT 3A/180","Mỡ bôi trơn SKF LNMT 3A/180 Mỡ đa năng SKF dùng cho bôi trơn vòng bi Công nghiệp và vòng bi ô tô Ứng dụng – Trục quay thẳng đứng – Vòng ngoài quay – Trục chân vịt – Con lăn băng tải , gối đỡ vòng bi tang trống – Motor điện, nhiệt độ vừa – Máy bơm d>75mm, Tốc độ nhanh / vòng bi đũa – Bôi trơn vòng bi ô tô – Bôi trơn vòng bi thiết bị nông nghiệp Ký hiệu Quy cách đóng gói Hộp LNMT 3A/180 180 Kg/Thùng Thông số kỹ thuât Chất làm đặc : Lithium Màu sắc : Màu hổ phách Nhiệt độ làm việc : 30°C đến 120°C Điểm chảy Dropt point): > 180°C Độ nhớt : 40 °C, mm2/s :125 100°C, mm2/s : 12 Mỡ LNMT 3A dùng thay thế được cho LGMT3","[]","48810000","in_stock","vongbicongnghiep.vn-wc-store-api-category-search-skf","2026-04-29T13:49:35.223Z"
"36163","SKF","LNMT 3A/18-SKF","LNMT 3A/18-SKF","LNMT3A18SKF","Mỡ bôi trơn SKF LNMT 3A/18","Mỡ bôi trơn SKF","Mỡ bôi trơn SKF","95","mo-boi-tron-skf","https://vongbicongnghiep.vn/san-pham/mo-boi-tron-skf-lnmt-3a-18/","https://vongbicongnghiep.vn/wp-content/uploads/2023/02/skf_lnmt_3a_18kg_d972.jpg","[""https://vongbicongnghiep.vn/wp-content/uploads/2023/02/skf_lnmt_3a_18kg_d972.jpg""]","Mỡ bôi trơn SKF LNMT 3A/18","Mỡ bôi trơn SKF LNMT 3A/18 Mỡ đa năng SKF dùng cho bôi trơn vòng bi Công nghiệp và vòng bi ô tô Ứng dụng – Trục quay thẳng đứng – Vòng ngoài quay – Trục chân vịt – Con lăn băng tải , gối đỡ vòng bi tang trống – Motor điện, nhiệt độ vừa – Máy bơm d>75mm, Tốc độ nhanh / vòng bi đũa – Bôi trơn vòng bi ô tô – Bôi trơn vòng bi thiết bị nông nghiệp Ký hiệu Quy cách đóng gói Hộp LNMT 3A/1 Hộp nhựa 1 Kg/Thùng LNMT 3A/5 Hộp nhựa 5 Kg/Thùng LNMT 3A/18 Hộp nhựa 18 Kg/Thùng Thông số kỹ thuât Chất làm đặc : Lithium Màu sắc : Màu hổ phách Nhiệt độ làm việc : 30°C đến 120°C Điểm chảy Dropt point): > 180°C Độ nhớt : 40 °C, mm2/s :125 100°C, mm2/s : 12 Mỡ LNMT 3A dùng thay thế được cho LGMT3","[]","4884000","in_stock","vongbicongnghiep.vn-wc-store-api-category-search-skf","2026-04-29T13:49:35.223Z"
"36159","SKF","LNMT 3A/5-SKF","LNMT 3A/5-SKF","LNMT3A5SKF","Mỡ bôi trơn SKF LNMT 3A/5","Mỡ bôi trơn SKF","Mỡ bôi trơn SKF","95","mo-boi-tron-skf","https://vongbicongnghiep.vn/san-pham/mo-boi-tron-skf-lnmt-3a-5/","https://vongbicongnghiep.vn/wp-content/uploads/2023/02/skf_lnmt_3a_5kg_560e.jpg","[""https://vongbicongnghiep.vn/wp-content/uploads/2023/02/skf_lnmt_3a_5kg_560e.jpg""]","Mỡ bôi trơn SKF LNMT 3A/5","Mỡ bôi trơn SKF LNMT 3A/5 Mỡ đa năng SKF dùng cho bôi trơn vòng bi Công nghiệp và vòng bi ô tô Ứng dụng – Trục quay thẳng đứng – Vòng ngoài quay – Trục chân vịt – Con lăn băng tải , gối đỡ vòng bi tang trống – Motor điện, nhiệt độ vừa – Máy bơm d>75mm, Tốc độ nhanh / vòng bi đũa – Bôi trơn vòng bi ô tô – Bôi trơn vòng bi thiết bị nông nghiệp Ký hiệu Quy cách đóng gói Hộp LNMT 3A/1 Hộp nhựa 1 Kg Thùng LNMT 3A/5 Hộp nhựa 5 Kg Thùng LNMT 3A/18 Hộp nhựa 18 Kg Thông số kỹ thuât Chất làm đặc : Lithium Màu sắc : Màu hổ phách Nhiệt độ làm việc : 30°C đến 120°C Điểm chảy Dropt point): > 180°C Độ nhớt : 40 °C, mm2/s :125 100°C, mm2/s : 12 Mỡ LNMT 3A dùng thay thế được cho LGMT3","[]","1436000","out_of_stock","vongbicongnghiep.vn-wc-store-api-category-search-skf","2026-04-29T13:49:35.223Z"
"36156","SKF","LNMT 3A/1-SKF","LNMT 3A/1-SKF","LNMT3A1SKF","Mỡ bôi trơn SKF LNMT 3A/1","Mỡ bôi trơn SKF","Mỡ bôi trơn SKF","95","mo-boi-tron-skf","https://vongbicongnghiep.vn/san-pham/mo-boi-tron-skf-lnmt-3a-1/","https://vongbicongnghiep.vn/wp-content/uploads/2023/02/14ba82f3c98b655b1f133382c7082689.jpg","[""https://vongbicongnghiep.vn/wp-content/uploads/2023/02/14ba82f3c98b655b1f133382c7082689.jpg""]","Mỡ bôi trơn SKF LNMT 3A/1","Mỡ bôi trơn SKF LNMT 3A/1 Mỡ đa năng SKF dùng cho bôi trơn vòng bi Công nghiệp và vòng bi ô tô Ứng dụng – Trục quay thẳng đứng – Vòng ngoài quay – Trục chân vịt – Con lăn băng tải , gối đỡ vòng bi tang trống – Motor điện, nhiệt độ vừa – Máy bơm d>75mm, Tốc độ nhanh / vòng bi đũa – Bôi trơn vòng bi ô tô – Bôi trơn vòng bi thiết bị nông nghiệp Ký hiệu Quy cách đóng gói Hộp LNMT 3A/1 Hộp nhựa 1 Kg/Thùng LNMT 3A/5 Hộp nhựa 5 Kg/Thùng LNMT 3A/18 Hộp nhựa 18 Kg/Thùng Thông số kỹ thuât Chất làm đặc : Lithium Màu sắc : Màu hổ phách Nhiệt độ làm việc : 30°C đến 120°C Điểm chảy Dropt point): > 180°C Độ nhớt : 40 °C, mm2/s :125 100°C, mm2/s : 12 Mỡ LNMT 3A dùng thay thế được cho LGMT3","[]","289000","in_stock","vongbicongnghiep.vn-wc-store-api-category-search-skf","2026-04-29T13:49:35.223Z"
"36152","SKF","LAGD 125/FG2-SKF","LAGD 125/FG2-SKF","LAGD125FG2SKF","Mỡ bôi trơn tự động LAGD 125/FG2","Mỡ bôi trơn SKF","Mỡ bôi trơn SKF","95","mo-boi-tron-skf","https://vongbicongnghiep.vn/san-pham/mo-boi-tron-tu-dong-lagd-125-fg2/","https://vongbicongnghiep.vn/wp-content/uploads/2023/02/0947a38b9677722d.png","[""https://vongbicongnghiep.vn/wp-content/uploads/2023/02/0947a38b9677722d.png""]","Mỡ bôi trơn tự động LAGD 125/FG2","Bộ bôi trơn tự động một điểm điều khiển bằng khí SKF LAGD 125/FG2 125/FG2 SKF SYSTEM 24 chất bôi trơn tự động một điểm điều khiển bằng khí LAGD 125/FG2 chứa đầy mỡ ổ trục tương thích với thực phẩm SKF LGFG 2 được khuyên dùng cho các ứng dụng trong ngành thực phẩm và đồ uống. Chất bôi trơn tự động một điểm dẫn động bằng khí của chúng tôi có nhiều cấu hình, được đổ sẵn chất bôi trơn SKF hoặc rỗng, thích hợp để đổ đầy dầu. Với kích hoạt không cần công cụ và cài đặt thời gian, chúng cho phép tái bôi trơn dễ dàng, an toàn và chính xác. SKF SYSTEM 24 Các thiết bị được cung cấp sẵn sàng để sử dụng ngay từ hộp và chứa đầy đủ loại chất bôi trơn SKF hiệu suất cao. Kích hoạt không cần dụng cụ và cài đặt thời gian cho phép điều chỉnh lưu lượng bôi trơn dễ dàng và chính xác. Các tính năng và lợi ích • Tỷ lệ phân phối linh hoạt từ 1 đến 12 tháng • ATEX vùng 0 đã được phê duyệt • Hộp chứa chất bôi trơn trong suốt cho phép kiểm tra trực quan tỷ lệ phân phối • Kích thước nhỏ gọn, cho phép lắp đặt ở những khu vực hạn chế Video sử dụng sản phẩm Tài liệu liên quan: Catalog mỡ bôi trơn tự động System 24 Catalog LAGD series Hướng dẫn sử dụng nhanh LAGD Hướng dẫn sử dụng LAGD Thông số Kỹ thuật của dòng mỡ LAGD Chi tiết đặt hàng Mô tả Mô tả Mô tả Mỡ Dung tích 60 ml Dung tích 120 ml LGWA 2 Mỡ đa năng LAGD 60/WA2 LAGD 125/WA2 LGEM 2 Mỡ tải trọng cao, tốc độ chậm LAGD 60/EM2 LAGD 125/EM2 LGGB 2 Mỡ Phân hủy sinh học – LAGD 125/GB2 LGHB 2 Mỡ dùng cho ứng dụng nhiệt độ cao, tải cao, phù hợp vòng bi GE LAGD 60/HB2 LAGD 125/HB2 LGHQ 2 Mỡ hiệu suất cao, nhiệt độ cao LAGD 60/HQ2 LAGD 125/HQ2 LGFP 2 Mỡ thực phẩm, đa năng LAGD 60/FP2 LAGD 125/FP2 LGWM 2 Mỡ chịu tải cao, dải nhiệt độ rộng – LAGD 125/WM2 LGFQ 2 Mỡ thực phẩm, tải cao, nhiệt độ rộng – LAGD 125/FQ2 Dầu xích LHMT 68 Dầu có nhiệt độ trung bình LAGD 60/HMT68* LAGD 125/HMT68* LHHT 250 Dầu nhiệt độ cao – LAGD 125/HT250* LFFM 100 Dầu cho ngành thực phẩm, NSF H1 – LAGD 125/FM100* LFFT 220 Dầu cho ngành thực phẩm, NSF H1 – LAGD 125/FT220* Thông số Kỹ thuật Ký hiệu LAGD 60 và LAGD 125 Dung tích hộp mỡ LAGD 60 60 ml (2 US fl. oz) LAGD 125 125 ml (4.2 US fl. oz) Thời gian hộp mỡ hoạt động Điều chỉnh; 1–12 tháng Nhiệt độ môi trường xung quanh –20 đến +60 °C (–5 đến +140 °F) Áp suất hoạt động lớn nhất 5 bar (75 psi) Cơ chế hoạt động Pin khí, khí trơ Ren liên kết R1/4 Độ dài đường cấp tối đa Mỡ 300 mm (11.8 in.) dầu 1 500 mm (59.1 in.) Chứng chỉ kiểm tra EC DEKRA 21ATEX0015 X Khả năng kháng nước IP 68 Nhiệt độ bảo quản 20 °C (70 °F) Thời gian lưu kho 2 years Trọng lượng LAGD 125 approx 200 g (7.1 oz) LAGD 60 approx 130 g (4.6 oz) Đã bao gồm mỡ bên trong","[]","756000","out_of_stock","vongbicongnghiep.vn-wc-store-api-category-search-skf","2026-04-29T13:49:35.224Z"
"36119","SKF","LAGD 125/EM2-SKF","LAGD 125/EM2-SKF","LAGD125EM2SKF","Mỡ bôi trơn tự động LAGD 125/EM2","Mỡ bôi trơn SKF","Mỡ bôi trơn SKF","95","mo-boi-tron-skf","https://vongbicongnghiep.vn/san-pham/bo-boi-tron-tu-dong-mot-diem-skf-lagd-125-em2/","https://vongbicongnghiep.vn/wp-content/uploads/2023/01/0901d196801b4386.png","[""https://vongbicongnghiep.vn/wp-content/uploads/2023/01/0901d196801b4386.png""]","Bộ bôi trơn tự động một điểm SKF LAGD 125/EM2","Bộ bôi trơn tự động một điểm điều khiển bằng khí SKF LAGD 125/EM2 SKF SYSTEM 24 chất bôi trơn tự động một điểm điều khiển bằng khí LAGD 125/EM2 chứa đầy mỡ ổ trục có độ nhớt cao SKF LGEM 2 với chất bôi trơn rắn, được khuyên dùng cho tốc độ thấp, tải trọng và rung động cao. Chất bôi trơn tự động một điểm dẫn động bằng khí của chúng tôi có nhiều cấu hình, được đổ sẵn chất bôi trơn SKF hoặc rỗng, thích hợp để đổ đầy dầu. Với kích hoạt không cần công cụ và cài đặt thời gian, chúng cho phép tái bôi trơn dễ dàng, an toàn và chính xác. SKF SYSTEM 24 Các thiết bị được cung cấp sẵn sàng để sử dụng ngay từ hộp và chứa đầy đủ loại chất bôi trơn SKF hiệu suất cao. Kích hoạt không cần dụng cụ và cài đặt thời gian cho phép điều chỉnh lưu lượng bôi trơn dễ dàng và chính xác. Các tính năng và lợi ích • Tỷ lệ phân phối linh hoạt từ 1 đến 12 tháng • Có thể dừng lại hoặc có thể điều chỉnh nếu cần • Xếp hạng an toàn nội tại: ATEX đã được phê duyệt • Hộp chứa chất bôi trơn trong suốt cho phép kiểm tra trực quan tỷ lệ phân phối • Kích thước nhỏ gọn, cho phép lắp đặt ở những khu vực hạn chế • Cải thiện độ tin cậy và bảo trì tối ưu • Có sẵn mỡ và dầu xích • Phần mềm SKF DialSet giúp tính toán tỷ lệ phân phối chính xác • Nhiều loại phụ kiện. Các ứng dụng tiêu biểu • Ứng dụng ở các vị trí hạn chế và nguy hiểm • Bôi trơn vỏ ổ trục • Xe máy điện • Quạt và máy bơm • Băng tải • Cần cẩu • Chuỗi (dầu) • Thang máy và thang cuốn (dầu) Video sử dụng sản phẩm Tài liệu liên quan: Catalog mỡ bôi trơn tự động System 24 Catalog LAGD series Hướng dẫn sử dụng nhanh LAGD Hướng dẫn sử dụng LAGD Thông số Kỹ thuật của dòng mỡ LAGD Chi tiết đặt hàng Mô tả Mô tả Mô tả Mỡ Dung tích 60 ml Dung tích 120 ml LGWA 2 Mỡ đa năng LAGD 60/WA2 LAGD 125/WA2 LGEM 2 Mỡ tải trọng cao, tốc độ chậm LAGD 60/EM2 LAGD 125/EM2 LGGB 2 Mỡ Phân hủy sinh học – LAGD 125/GB2 LGHB 2 Mỡ dùng cho ứng dụng nhiệt độ cao, tải cao, phù hợp vòng bi GE LAGD 60/HB2 LAGD 125/HB2 LGHQ 2 Mỡ hiệu suất cao, nhiệt độ cao LAGD 60/HQ2 LAGD 125/HQ2 LGFP 2 Mỡ thực phẩm, đa năng LAGD 60/FP2 LAGD 125/FP2 LGWM 2 Mỡ chịu tải cao, dải nhiệt độ rộng – LAGD 125/WM2 LGFQ 2 Mỡ thực phẩm, tải cao, nhiệt độ rộng – LAGD 125/FQ2 Dầu xích LHMT 68 Dầu có nhiệt độ trung bình LAGD 60/HMT68* LAGD 125/HMT68* LHHT 250 Dầu nhiệt độ cao – LAGD 125/HT250* LFFM 100 Dầu cho ngành thực phẩm, NSF H1 – LAGD 125/FM100* LFFT 220 Dầu cho ngành thực phẩm, NSF H1 – LAGD 125/FT220* Thông số Kỹ thuật Ký hiệu LAGD 60 và LAGD 125 Dung tích hộp mỡ LAGD 60 60 ml (2 US fl. oz) LAGD 125 125 ml (4.2 US fl. oz) Thời gian hộp mỡ hoạt động Điều chỉnh; 1–12 tháng Nhiệt độ môi trường xung quanh –20 đến +60 °C (–5 đến +140 °F) Áp suất hoạt động lớn nhất 5 bar (75 psi) Cơ chế hoạt động Pin khí, khí trơ Ren liên kết R1/4 Độ dài đường cấp tối đa Mỡ 300 mm (11.8 in.) dầu 1 500 mm (59.1 in.) Chứng chỉ kiểm tra EC DEKRA 21ATEX0015 X Khả năng kháng nước IP 68 Nhiệt độ bảo quản 20 °C (70 °F) Thời gian lưu kho 2 years Trọng lượng LAGD 125 approx 200 g (7.1 oz) LAGD 60 approx 130 g (4.6 oz) Đã bao gồm mỡ bên trong Ứng dụng của hộp bôi trơn tự động trong công nghiệp xi măng","[]","829000","out_of_stock","vongbicongnghiep.vn-wc-store-api-category-search-skf","2026-04-29T13:49:35.224Z"
"36115","SKF","LAGD 60/WA2-SKF","LAGD 60/WA2-SKF","LAGD60WA2SKF","Mỡ bôi trơn tự động LAGD 60/WA2","Mỡ bôi trơn SKF","Mỡ bôi trơn SKF","95","mo-boi-tron-skf","https://vongbicongnghiep.vn/san-pham/bo-boi-tron-tu-dong-mot-diem-skf-lagd-60-wa2/","https://vongbicongnghiep.vn/wp-content/uploads/2023/01/0901d196801b4394.png","[""https://vongbicongnghiep.vn/wp-content/uploads/2023/01/0901d196801b4394.png""]","Bộ bôi trơn tự động một điểm SKF LAGD 60/WA2","Bộ bôi trơn tự động một điểm điều khiển bằng khí SKF LAGD 60/WA2 SKF SYSTEM 24 chất bôi trơn tự động một điểm điều khiển bằng khí LAGD 60/WA2 chứa đầy mỡ SKF LGWA 2 cho dải nhiệt độ rộng và áp suất cực cao, được khuyên dùng cho động cơ điện, băng tải, quạt và máy bơm. Chất bôi trơn tự động một điểm dẫn động bằng khí của chúng tôi có nhiều cấu hình, được đổ sẵn chất bôi trơn SKF hoặc rỗng, thích hợp để đổ đầy dầu. Với kích hoạt không cần công cụ và cài đặt thời gian, chúng cho phép tái bôi trơn dễ dàng, an toàn và chính xác. SKF SYSTEM 24 Các thiết bị được cung cấp sẵn sàng để sử dụng ngay từ hộp và chứa đầy đủ loại chất bôi trơn SKF hiệu suất cao. Kích hoạt không cần dụng cụ và cài đặt thời gian cho phép điều chỉnh lưu lượng bôi trơn dễ dàng và chính xác. Các tính năng và lợi ích • Tỷ lệ phân phối linh hoạt từ 1 đến 12 tháng • Có thể dừng lại hoặc có thể điều chỉnh nếu cần • Xếp hạng an toàn nội tại: ATEX đã được phê duyệt • Hộp chứa chất bôi trơn trong suốt cho phép kiểm tra trực quan tỷ lệ phân phối • Kích thước nhỏ gọn, cho phép lắp đặt ở những khu vực hạn chế • Cải thiện độ tin cậy và bảo trì tối ưu • Có sẵn mỡ và dầu xích • Phần mềm SKF DialSet giúp tính toán tỷ lệ phân phối chính xác • Nhiều loại phụ kiện. Các ứng dụng tiêu biểu • Ứng dụng ở các vị trí hạn chế và nguy hiểm • Bôi trơn vỏ ổ trục • Xe máy điện • Quạt và máy bơm • Băng tải • Cần cẩu • Chuỗi (dầu) • Thang máy và thang cuốn (dầu) Video sử dụng sản phẩm Tài liệu liên quan: Catalog mỡ bôi trơn tự động System 24 Catalog LAGD series Hướng dẫn sử dụng nhanh LAGD Hướng dẫn sử dụng LAGD Thông số Kỹ thuật của dòng mỡ LAGD Chi tiết đặt hàng Mô tả Mô tả Mô tả Mỡ Dung tích 60 ml Dung tích 120 ml LGWA 2 Mỡ đa năng LAGD 60/WA2 LAGD 125/WA2 LGEM 2 Mỡ tải trọng cao, tốc độ chậm LAGD 60/EM2 LAGD 125/EM2 LGGB 2 Mỡ Phân hủy sinh học – LAGD 125/GB2 LGHB 2 Mỡ dùng cho ứng dụng nhiệt độ cao, tải cao, phù hợp vòng bi GE LAGD 60/HB2 LAGD 125/HB2 LGHQ 2 Mỡ hiệu suất cao, nhiệt độ cao LAGD 60/HQ2 LAGD 125/HQ2 LGFP 2 Mỡ thực phẩm, đa năng LAGD 60/FP2 LAGD 125/FP2 LGWM 2 Mỡ chịu tải cao, dải nhiệt độ rộng – LAGD 125/WM2 LGFQ 2 Mỡ thực phẩm, tải cao, nhiệt độ rộng – LAGD 125/FQ2 Dầu xích LHMT 68 Dầu có nhiệt độ trung bình LAGD 60/HMT68* LAGD 125/HMT68* LHHT 250 Dầu nhiệt độ cao – LAGD 125/HT250* LFFM 100 Dầu cho ngành thực phẩm, NSF H1 – LAGD 125/FM100* LFFT 220 Dầu cho ngành thực phẩm, NSF H1 – LAGD 125/FT220* Thông số Kỹ thuật Ký hiệu LAGD 60 và LAGD 125 Dung tích hộp mỡ LAGD 60 60 ml (2 US fl. oz) LAGD 125 125 ml (4.2 US fl. oz) Thời gian hộp mỡ hoạt động Điều chỉnh; 1–12 tháng Nhiệt độ môi trường xung quanh –20 đến +60 °C (–5 đến +140 °F) Áp suất hoạt động lớn nhất 5 bar (75 psi) Cơ chế hoạt động Pin khí, khí trơ Ren liên kết R1/4 Độ dài đường cấp tối đa Mỡ 300 mm (11.8 in.) dầu 1 500 mm (59.1 in.) Chứng chỉ kiểm tra EC DEKRA 21ATEX0015 X Khả năng kháng nước IP 68 Nhiệt độ bảo quản 20 °C (70 °F) Thời gian lưu kho 2 years Trọng lượng LAGD 125 approx 200 g (7.1 oz) LAGD 60 approx 130 g (4.6 oz) Đã bao gồm mỡ bên trong Ứng dụng của hộp bôi trơn tự động trong công nghiệp xi măng","[]","718000","out_of_stock","vongbicongnghiep.vn-wc-store-api-category-search-skf","2026-04-29T13:49:35.225Z"
"36110","SKF","LAGD 125/WA2-SKF","LAGD 125/WA2-SKF","LAGD125WA2SKF","Mỡ bôi trơn tự động LAGD 125/WA2","Mỡ bôi trơn SKF","Mỡ bôi trơn SKF","95","mo-boi-tron-skf","https://vongbicongnghiep.vn/san-pham/bo-boi-tron-tu-dong-mot-diem-skf-lagd-125-wa2/","https://vongbicongnghiep.vn/wp-content/uploads/2023/01/0901d196801b4392.png","[""https://vongbicongnghiep.vn/wp-content/uploads/2023/01/0901d196801b4392.png""]","Bộ bôi trơn tự động một điểm SKF LAGD 125/WA2","Bộ bôi trơn tự động một điểm điều khiển bằng khí SKF LAGD 125/WA2 SKF SYSTEM 24 chất bôi trơn tự động một điểm điều khiển bằng khí LAGD 125/WA2 chứa đầy mỡ SKF LGWA 2 cho dải nhiệt độ rộng và áp suất cực cao, được khuyên dùng cho động cơ điện, băng tải, quạt và máy bơm. Chất bôi trơn tự động một điểm dẫn động bằng khí của chúng tôi có nhiều cấu hình, được đổ sẵn chất bôi trơn SKF hoặc rỗng, thích hợp để đổ đầy dầu. Với kích hoạt không cần công cụ và cài đặt thời gian, chúng cho phép tái bôi trơn dễ dàng, an toàn và chính xác. SKF SYSTEM 24 Các thiết bị được cung cấp sẵn sàng để sử dụng ngay từ hộp và chứa đầy đủ loại chất bôi trơn SKF hiệu suất cao. Kích hoạt không cần dụng cụ và cài đặt thời gian cho phép điều chỉnh lưu lượng bôi trơn dễ dàng và chính xác. Các tính năng và lợi ích • Tỷ lệ phân phối linh hoạt từ 1 đến 12 tháng • Có thể dừng lại hoặc có thể điều chỉnh nếu cần • Xếp hạng an toàn nội tại: ATEX đã được phê duyệt • Hộp chứa chất bôi trơn trong suốt cho phép kiểm tra trực quan tỷ lệ phân phối • Kích thước nhỏ gọn, cho phép lắp đặt ở những khu vực hạn chế • Cải thiện độ tin cậy và bảo trì tối ưu • Có sẵn mỡ và dầu xích • Phần mềm SKF DialSet giúp tính toán tỷ lệ phân phối chính xác • Nhiều loại phụ kiện. Các ứng dụng tiêu biểu • Ứng dụng ở các vị trí hạn chế và nguy hiểm • Bôi trơn vỏ ổ trục • Xe máy điện • Quạt và máy bơm • Băng tải • Cần cẩu • Chuỗi (dầu) • Thang máy và thang cuốn (dầu) Video sử dụng sản phẩm Tài liệu liên quan: Catalog mỡ bôi trơn tự động System 24 Catalog LAGD series Hướng dẫn sử dụng nhanh LAGD Hướng dẫn sử dụng LAGD Thông số Kỹ thuật của dòng mỡ LAGD Chi tiết đặt hàng Mô tả Mô tả Mô tả Mỡ Dung tích 60 ml Dung tích 120 ml LGWA 2 Mỡ đa năng LAGD 60/WA2 LAGD 125/WA2 LGEM 2 Mỡ tải trọng cao, tốc độ chậm LAGD 60/EM2 LAGD 125/EM2 LGGB 2 Mỡ Phân hủy sinh học – LAGD 125/GB2 LGHB 2 Mỡ dùng cho ứng dụng nhiệt độ cao, tải cao, phù hợp vòng bi GE LAGD 60/HB2 LAGD 125/HB2 LGHQ 2 Mỡ hiệu suất cao, nhiệt độ cao LAGD 60/HQ2 LAGD 125/HQ2 LGFP 2 Mỡ thực phẩm, đa năng LAGD 60/FP2 LAGD 125/FP2 LGWM 2 Mỡ chịu tải cao, dải nhiệt độ rộng – LAGD 125/WM2 LGFQ 2 Mỡ thực phẩm, tải cao, nhiệt độ rộng – LAGD 125/FQ2 Dầu xích LHMT 68 Dầu có nhiệt độ trung bình LAGD 60/HMT68* LAGD 125/HMT68* LHHT 250 Dầu nhiệt độ cao – LAGD 125/HT250* LFFM 100 Dầu cho ngành thực phẩm, NSF H1 – LAGD 125/FM100* LFFT 220 Dầu cho ngành thực phẩm, NSF H1 – LAGD 125/FT220* Thông số Kỹ thuật Ký hiệu LAGD 60 và LAGD 125 Dung tích hộp mỡ LAGD 60 60 ml (2 US fl. oz) LAGD 125 125 ml (4.2 US fl. oz) Thời gian hộp mỡ hoạt động Điều chỉnh; 1–12 tháng Nhiệt độ môi trường xung quanh –20 đến +60 °C (–5 đến +140 °F) Áp suất hoạt động lớn nhất 5 bar (75 psi) Cơ chế hoạt động Pin khí, khí trơ Ren liên kết R1/4 Độ dài đường cấp tối đa Mỡ 300 mm (11.8 in.) dầu 1 500 mm (59.1 in.) Chứng chỉ kiểm tra EC DEKRA 21ATEX0015 X Khả năng kháng nước IP 68 Nhiệt độ bảo quản 20 °C (70 °F) Thời gian lưu kho 2 years Trọng lượng LAGD 125 approx 200 g (7.1 oz) LAGD 60 approx 130 g (4.6 oz) Đã bao gồm mỡ bên trong Ứng dụng của hộp bôi trơn tự động trong công nghiệp xi măng","[]","744000","in_stock","vongbicongnghiep.vn-wc-store-api-category-search-skf","2026-04-29T13:49:35.225Z"
"36101","SKF","LGGB 2/18-SKF","LGGB 2/18-SKF","LGGB218SKF","Mỡ Bôi Trơn SKF LGGB 2/18","Mỡ bôi trơn SKF","Mỡ bôi trơn SKF","95","mo-boi-tron-skf","https://vongbicongnghiep.vn/san-pham/mo-boi-tron-skf-lggb-2-18/","https://vongbicongnghiep.vn/wp-content/uploads/2023/01/0901d196809a874f.png","[""https://vongbicongnghiep.vn/wp-content/uploads/2023/01/0901d196809a874f.png""]","Mỡ Bôi Trơn SKF LGGB 2/18","Mỡ Bôi trơn SKF LGGB 2/18 Mỡ phân hủy sinh học SKF LGGB 2 là mỡ gốc dầu este tổng hợp có thể phân hủy sinh học, ít độc tính, sử dụng chất làm đặc lithium-canxi. Công thức đặc biệt của nó làm cho nó phù hợp nhất cho các ứng dụng mà ô nhiễm môi trường là mối quan tâm. Các tính năng và lợi ích • Hiệu suất tốt trong các ứng dụng với ổ trượt hình cầu bằng thép trên thép, ổ bi và ổ lăn • Hiệu suất khởi động ở nhiệt độ thấp tốt • Tính chất ức chế ăn mòn tốt • Thích hợp cho tải trung bình đến cao Các ứng dụng tiêu biểu • Thiết bị nông nghiệp và lâm nghiệp • Thiết bị xây dựng và động đất • Thiết bị khai thác và vận chuyển • Xử lý nước và tưới tiêu • Khóa, đập, cầu TECHNICAL DATA Designation LGGB 2/(pack size) DIN 51825 code KPE 2K-40 NLGI consistency class 2 Thickener Lithium/calcium Colour Off white Base oil type Synthetic ester Operating temperature range –40 to +90 °C (–40 to +195 °F) Dropping point DIN ISO 2176 >170 °C (>340 °F) Base oil viscosity 40 °C, mm²/s 110 100 °C, mm²/s 13 Penetration DIN ISO 2137 60 strokes, 10–1 mm 265–295 100 000 strokes, 10–1 mm +50 max. Mechanical stability Roll stability, 50 hrs at 80 °C, 10–1 mm +70 max. Corrosion protection Emcor: – standard ISO 11007 0–0 Water resistance DIN 51 807/1, 3 hrs at 90 °C 0 max. Oil separation DIN 51 817, 7 days at 40 °C, static, % 0,8–3 Lubrication ability R2F, running test B at 120 °C Pass at 100 °C (210 °F) Rolling bearing grease life R0F test L50 life at 10 000 r/min., hrs >1000 at 100 °C (210 °F) EP performance Wear scar DIN 51350/5, 1 400 N, mm 1,8 max. 4–ball test, welding load DIN 51350/4, N 2 600 min. Shelf life 2 years These characteristics represent typical values. Sản phẩm mỡ Bôi trơn Lựa chọn mỡ Bôi trơn Các thiết bị bơm mỡ bôi trơn bằng tay","[]","27676000","out_of_stock","vongbicongnghiep.vn-wc-store-api-category-search-skf","2026-04-29T13:49:35.225Z"
"36098","SKF","LGGB 2/5-SKF","LGGB 2/5-SKF","LGGB25SKF","Mỡ Bôi Trơn SKF LGGB 2/5","Mỡ bôi trơn SKF","Mỡ bôi trơn SKF","95","mo-boi-tron-skf","https://vongbicongnghiep.vn/san-pham/mo-boi-tron-skf-lggb-2-5/","https://vongbicongnghiep.vn/wp-content/uploads/2023/01/0901d196809a874e.png","[""https://vongbicongnghiep.vn/wp-content/uploads/2023/01/0901d196809a874e.png""]","Mỡ Bôi Trơn SKF LGGB 2/5","Mỡ Bôi trơn SKF LGGB 2/5 Mỡ phân hủy sinh học SKF LGGB 2 là mỡ gốc dầu este tổng hợp có thể phân hủy sinh học, ít độc tính, sử dụng chất làm đặc lithium-canxi. Công thức đặc biệt của nó làm cho nó phù hợp nhất cho các ứng dụng mà ô nhiễm môi trường là mối quan tâm. Các tính năng và lợi ích • Hiệu suất tốt trong các ứng dụng với ổ trượt hình cầu bằng thép trên thép, ổ bi và ổ lăn • Hiệu suất khởi động ở nhiệt độ thấp tốt • Tính chất ức chế ăn mòn tốt • Thích hợp cho tải trung bình đến cao Các ứng dụng tiêu biểu • Thiết bị nông nghiệp và lâm nghiệp • Thiết bị xây dựng và động đất • Thiết bị khai thác và vận chuyển • Xử lý nước và tưới tiêu • Khóa, đập, cầu TECHNICAL DATA Designation LGGB 2/(pack size) DIN 51825 code KPE 2K-40 NLGI consistency class 2 Thickener Lithium/calcium Colour Off white Base oil type Synthetic ester Operating temperature range –40 to +90 °C (–40 to +195 °F) Dropping point DIN ISO 2176 >170 °C (>340 °F) Base oil viscosity 40 °C, mm²/s 110 100 °C, mm²/s 13 Penetration DIN ISO 2137 60 strokes, 10–1 mm 265–295 100 000 strokes, 10–1 mm +50 max. Mechanical stability Roll stability, 50 hrs at 80 °C, 10–1 mm +70 max. Corrosion protection Emcor: – standard ISO 11007 0–0 Water resistance DIN 51 807/1, 3 hrs at 90 °C 0 max. Oil separation DIN 51 817, 7 days at 40 °C, static, % 0,8–3 Lubrication ability R2F, running test B at 120 °C Pass at 100 °C (210 °F) Rolling bearing grease life R0F test L50 life at 10 000 r/min., hrs >1000 at 100 °C (210 °F) EP performance Wear scar DIN 51350/5, 1 400 N, mm 1,8 max. 4–ball test, welding load DIN 51350/4, N 2 600 min. Shelf life 2 years These characteristics represent typical values. Sản phẩm mỡ Bôi trơn Lựa chọn mỡ Bôi trơn Các thiết bị bơm mỡ bôi trơn bằng tay","[]","5509000","out_of_stock","vongbicongnghiep.vn-wc-store-api-category-search-skf","2026-04-29T13:49:35.226Z"
"36095","SKF","LGGB 2/0.4-SKF","LGGB 2/0.4-SKF","LGGB204SKF","Mỡ Bôi Trơn SKF LGGB 2/0.4","Mỡ bôi trơn SKF","Mỡ bôi trơn SKF","95","mo-boi-tron-skf","https://vongbicongnghiep.vn/san-pham/mo-boi-tron-skf-lggb-2-0-4/","https://vongbicongnghiep.vn/wp-content/uploads/2023/01/0901d196809a8733.png","[""https://vongbicongnghiep.vn/wp-content/uploads/2023/01/0901d196809a8733.png""]","Mỡ Bôi trơn SKF LGGB 2/0.4","Mỡ Bôi trơn SKF LGGB 2/0.4 Mỡ phân hủy sinh học SKF LGGB 2 là mỡ gốc dầu este tổng hợp có thể phân hủy sinh học, ít độc tính, sử dụng chất làm đặc lithium-canxi. Công thức đặc biệt của nó làm cho nó phù hợp nhất cho các ứng dụng mà ô nhiễm môi trường là mối quan tâm. Các tính năng và lợi ích • Hiệu suất tốt trong các ứng dụng với ổ trượt hình cầu bằng thép trên thép, ổ bi và ổ lăn • Hiệu suất khởi động ở nhiệt độ thấp tốt • Tính chất ức chế ăn mòn tốt • Thích hợp cho tải trung bình đến cao Các ứng dụng tiêu biểu • Thiết bị nông nghiệp và lâm nghiệp • Thiết bị xây dựng và động đất • Thiết bị khai thác và vận chuyển • Xử lý nước và tưới tiêu • Khóa, đập, cầu TECHNICAL DATA Designation LGGB 2/(pack size) DIN 51825 code KPE 2K-40 NLGI consistency class 2 Thickener Lithium/calcium Colour Off white Base oil type Synthetic ester Operating temperature range –40 to +90 °C (–40 to +195 °F) Dropping point DIN ISO 2176 >170 °C (>340 °F) Base oil viscosity 40 °C, mm²/s 110 100 °C, mm²/s 13 Penetration DIN ISO 2137 60 strokes, 10–1 mm 265–295 100 000 strokes, 10–1 mm +50 max. Mechanical stability Roll stability, 50 hrs at 80 °C, 10–1 mm +70 max. Corrosion protection Emcor: – standard ISO 11007 0–0 Water resistance DIN 51 807/1, 3 hrs at 90 °C 0 max. Oil separation DIN 51 817, 7 days at 40 °C, static, % 0,8–3 Lubrication ability R2F, running test B at 120 °C Pass at 100 °C (210 °F) Rolling bearing grease life R0F test L50 life at 10 000 r/min., hrs >1000 at 100 °C (210 °F) EP performance Wear scar DIN 51350/5, 1 400 N, mm 1,8 max. 4–ball test, welding load DIN 51350/4, N 2 600 min. Shelf life 2 years These characteristics represent typical values. Sản phẩm mỡ Bôi trơn Lựa chọn mỡ Bôi trơn Các thiết bị bơm mỡ bôi trơn bằng tay","[]","556000","out_of_stock","vongbicongnghiep.vn-wc-store-api-category-search-skf","2026-04-29T13:49:35.226Z"
"36092","SKF","LGWM 2/50-SKF","LGWM 2/50-SKF","LGWM250SKF","Mỡ bôi trơn SKF LGWM 2/50","Mỡ bôi trơn SKF","Mỡ bôi trơn SKF","95","mo-boi-tron-skf","https://vongbicongnghiep.vn/san-pham/mo-boi-tron-skf-lgwm-2-50/","https://vongbicongnghiep.vn/wp-content/uploads/2023/01/0901d196809a87f2.png","[""https://vongbicongnghiep.vn/wp-content/uploads/2023/01/0901d196809a87f2.png""]","Mỡ bôi trơn SKF LGWM 2/50","Mỡ bôi trơn SKF LGWM 2/50 SKF Mỡ chịu tải cao, nhiệt độ rộng SKF LGWM 2 là loại mỡ gốc dầu khoáng tổng hợp sử dụng công nghệ làm đặc canxi sulphonat phức hợp mới nhất. Nó phù hợp cho các ứng dụng chịu tải trọng cao, môi trường ẩm ướt và nhiệt độ dao động. • Chống ăn mòn tuyệt vời • Độ ổn định cơ học tuyệt vời • Khả năng bôi trơn tải cao tuyệt vời • Bảo vệ ngâm nước muối giả tốt • Khả năng bơm tốt xuống nhiệt độ thấp Các ứng dụng tiêu biểu • Trục chính của tuabin gió • Các ứng dụng đường bộ nặng • Các ứng dụng tiếp xúc với tuyết • Các ứng dụng hàng hải và ngoài khơi • Các ứng dụng ổ trục lăn hình cầu Quy cách đóng gói mỡ LGWM 2 Thông số kỹ thuật mỡ LGWM 2 Catalog sản phẩm mỡ LGWM 2 Datasheet sản phẩm LGWM 2","[]","39752000","out_of_stock","vongbicongnghiep.vn-wc-store-api-category-search-skf","2026-04-29T13:49:35.227Z"
"36088","SKF","LGWM 2/18-SKF","LGWM 2/18-SKF","LGWM218SKF","Mỡ bôi trơn SKF LGWM 2/18","Mỡ bôi trơn SKF","Mỡ bôi trơn SKF","95","mo-boi-tron-skf","https://vongbicongnghiep.vn/san-pham/mo-boi-tron-skf-lgwm-2-18/","https://vongbicongnghiep.vn/wp-content/uploads/2023/01/0901d196809a87f1.png","[""https://vongbicongnghiep.vn/wp-content/uploads/2023/01/0901d196809a87f1.png""]","Mỡ bôi trơn SKF LGWM 2/18","Mỡ bôi trơn SKF LGWM 2/18 SKF Mỡ chịu tải cao, nhiệt độ rộng SKF LGWM 2 là loại mỡ gốc dầu khoáng tổng hợp sử dụng công nghệ làm đặc canxi sulphonat phức hợp mới nhất. Nó phù hợp cho các ứng dụng chịu tải trọng cao, môi trường ẩm ướt và nhiệt độ dao động. • Chống ăn mòn tuyệt vời • Độ ổn định cơ học tuyệt vời • Khả năng bôi trơn tải cao tuyệt vời • Bảo vệ ngâm nước muối giả tốt • Khả năng bơm tốt xuống nhiệt độ thấp Các ứng dụng tiêu biểu • Trục chính của tuabin gió • Các ứng dụng đường bộ nặng • Các ứng dụng tiếp xúc với tuyết • Các ứng dụng hàng hải và ngoài khơi • Các ứng dụng ổ trục lăn hình cầu Quy cách đóng gói mỡ LGWM 2 Thông số kỹ thuật mỡ LGWM 2 Catalog sản phẩm mỡ LGWM 2 Datasheet sản phẩm LGWM 2","[]","13345000","out_of_stock","vongbicongnghiep.vn-wc-store-api-category-search-skf","2026-04-29T13:49:35.227Z"
"36086","SKF","LGWM 2/5-SKF","LGWM 2/5-SKF","LGWM25SKF","Mỡ bôi trơn SKF LGWM 2/5","Mỡ bôi trơn SKF","Mỡ bôi trơn SKF","95","mo-boi-tron-skf","https://vongbicongnghiep.vn/san-pham/mo-boi-tron-skf-lgwm-2-5/","https://vongbicongnghiep.vn/wp-content/uploads/2023/01/0901d196809a87f0.png","[""https://vongbicongnghiep.vn/wp-content/uploads/2023/01/0901d196809a87f0.png""]","Mỡ bôi trơn SKF LGWM 2/5","Mỡ bôi trơn SKF LGWM 2/5 SKF Mỡ chịu tải cao, nhiệt độ rộng SKF LGWM 2 là loại mỡ gốc dầu khoáng tổng hợp sử dụng công nghệ làm đặc canxi sulphonat phức hợp mới nhất. Nó phù hợp cho các ứng dụng chịu tải trọng cao, môi trường ẩm ướt và nhiệt độ dao động. • Chống ăn mòn tuyệt vời • Độ ổn định cơ học tuyệt vời • Khả năng bôi trơn tải cao tuyệt vời • Bảo vệ ngâm nước muối giả tốt • Khả năng bơm tốt xuống nhiệt độ thấp Các ứng dụng tiêu biểu • Trục chính của tuabin gió • Các ứng dụng đường bộ nặng • Các ứng dụng tiếp xúc với tuyết • Các ứng dụng hàng hải và ngoài khơi • Các ứng dụng ổ trục lăn hình cầu Quy cách đóng gói mỡ LGWM 2 Thông số kỹ thuật mỡ LGWM 2 Catalog sản phẩm mỡ LGWM 2 Datasheet sản phẩm LGWM 2","[]","4222000","out_of_stock","vongbicongnghiep.vn-wc-store-api-category-search-skf","2026-04-29T13:49:35.228Z"
"36083","SKF","LGWM 2/0.4-SKF","LGWM 2/0.4-SKF","LGWM204SKF","Mỡ bôi trơn SKF LGWM 2/0.4","Mỡ bôi trơn SKF","Mỡ bôi trơn SKF","95","mo-boi-tron-skf","https://vongbicongnghiep.vn/san-pham/mo-boi-tron-skf-lgwm-2-0-4/","https://vongbicongnghiep.vn/wp-content/uploads/2023/01/0901d196809a87ef.png","[""https://vongbicongnghiep.vn/wp-content/uploads/2023/01/0901d196809a87ef.png""]","Mỡ bôi trơn SKF LGWM 2/0.4","Mỡ bôi trơn SKF LGWM 2/0.4 SKF Mỡ chịu tải cao, nhiệt độ rộng SKF LGWM 2 là loại mỡ gốc dầu khoáng tổng hợp sử dụng công nghệ làm đặc canxi sulphonat phức hợp mới nhất. Nó phù hợp cho các ứng dụng chịu tải trọng cao, môi trường ẩm ướt và nhiệt độ dao động. • Chống ăn mòn tuyệt vời • Độ ổn định cơ học tuyệt vời • Khả năng bôi trơn tải cao tuyệt vời • Bảo vệ ngâm nước muối giả tốt • Khả năng bơm tốt xuống nhiệt độ thấp Các ứng dụng tiêu biểu • Trục chính của tuabin gió • Các ứng dụng đường bộ nặng • Các ứng dụng tiếp xúc với tuyết • Các ứng dụng hàng hải và ngoài khơi • Các ứng dụng ổ trục lăn hình cầu Quy cách đóng gói mỡ LGWM 2 Thông số kỹ thuật mỡ LGWM 2 Catalog sản phẩm mỡ LGWM 2 Datasheet sản phẩm LGWM 2","[]","468000","out_of_stock","vongbicongnghiep.vn-wc-store-api-category-search-skf","2026-04-29T13:49:35.228Z"
"36080","SKF","LGWM 1/5-SKF","LGWM 1/5-SKF","LGWM15SKF","Mỡ bôi trơn SKF LGWM 1/5","Mỡ bôi trơn SKF","Mỡ bôi trơn SKF","95","mo-boi-tron-skf","https://vongbicongnghiep.vn/san-pham/mo-boi-tron-skf-lgwm-1-5/","https://vongbicongnghiep.vn/wp-content/uploads/2023/01/0901d196809b08d6.png","[""https://vongbicongnghiep.vn/wp-content/uploads/2023/01/0901d196809b08d6.png""]","Mỡ bôi trơn SKF LGWM 1/5","Mỡ bôi trơn vòng bi SKF: LGWM 1/5 Mỡ bôi trơn vòng bi cực áp làm việc ở nhiệt độ thấp SKF LGWM 1 là loại mỡ gốc dầu khoáng có độ đặc thấp, sử dụng chất làm đặc lithium và có chứa phụ gia chịu cực áp. Nó cực kỳ thích hợp cho việc bôi trơn các vòng bi hoạt động dưới cả tải trọng hướng tâm và hướng trục. Tạo màng dầu tốt ở nhiệt độ thấp đến –30 ° C (–20 ° F) • Khả năng bơm tốt xuống nhiệt độ thấp • Chống ăn mòn tốt • Chống nước tốt Các ứng dụng tiêu biểu • Trục chính của tuabin gió • Băng tải trục vít • Hệ thống bôi trơn tập trung • Các ứng dụng ổ trục lăn hình cầu Quy cách đóng gói mỡ LGWM 1 Thông số kỹ thuật mỡ LGWM 1 Catalog sản phẩm mỡ LGWM 1 Datasheet sản phẩm LGWM 1","[]","3087000","out_of_stock","vongbicongnghiep.vn-wc-store-api-category-search-skf","2026-04-29T13:49:35.228Z"
"36076","SKF","LGWM 1/0.4-SKF","LGWM 1/0.4-SKF","LGWM104SKF","Mỡ bôi trơn SKF LGWM 1/0.4","Mỡ bôi trơn SKF","Mỡ bôi trơn SKF","95","mo-boi-tron-skf","https://vongbicongnghiep.vn/san-pham/mo-boi-tron-skf-lgwm-1-0-4/","https://vongbicongnghiep.vn/wp-content/uploads/2023/01/0901d196809b08d5.png","[""https://vongbicongnghiep.vn/wp-content/uploads/2023/01/0901d196809b08d5.png""]","Mỡ bôi trơn SKF LGWM 1/0.4","Mỡ bôi trơn vòng bi SKF: LGWM 1/0.4 Mỡ bôi trơn vòng bi cực áp làm việc ở nhiệt độ thấp SKF LGWM 1 là loại mỡ gốc dầu khoáng có độ đặc thấp, sử dụng chất làm đặc lithium và có chứa phụ gia chịu cực áp. Nó cực kỳ thích hợp cho việc bôi trơn các vòng bi hoạt động dưới cả tải trọng hướng tâm và hướng trục. Tạo màng dầu tốt ở nhiệt độ thấp đến –30 ° C (–20 ° F) • Khả năng bơm tốt xuống nhiệt độ thấp • Chống ăn mòn tốt • Chống nước tốt Các ứng dụng tiêu biểu • Trục chính của tuabin gió • Băng tải trục vít • Hệ thống bôi trơn tập trung • Các ứng dụng ổ trục lăn hình cầu Quy cách đóng gói mỡ LGWM 1 Thông số kỹ thuật mỡ LGWM 1 Catalog sản phẩm mỡ LGWM 1 Datasheet sản phẩm LGWM 1","[]","376000","out_of_stock","vongbicongnghiep.vn-wc-store-api-category-search-skf","2026-04-29T13:49:35.229Z"
"36073","SKF","LGET 2/1-SKF","LGET 2/1-SKF","LGET21SKF","Mỡ bôi trơn SKF LGET 2/1","Mỡ bôi trơn SKF","Mỡ bôi trơn SKF","95","mo-boi-tron-skf","https://vongbicongnghiep.vn/san-pham/mo-boi-tron-skf-lget-2-1/","https://vongbicongnghiep.vn/wp-content/uploads/2023/01/0901d196809a86fe.png","[""https://vongbicongnghiep.vn/wp-content/uploads/2023/01/0901d196809a86fe.png""]","Mỡ bôi trơn SKF LGET 2/1","Mỡ bôi trơn SKF LGET 2/1 Mỡ bôi trơn vòng bi chịu nhiệt độ cao, điều kiện khắc nghiệt SKF LGET 2 là loại mỡ tổng hợp gốc dầu có flo, sử dụng chất làm đặc PTFE. Nó đặc biệt thích hợp cho các ứng dụng ở nhiệt độ cực cao từ 200 ° C (390 ° F) đến 260 ° C (500 ° F). •Tuổi thọ cao trong môi trường xâm thực như các khu vực rất dễ phản ứng với sự hiện diện của oxy và hexan ở dạng khí có độ tinh khiết cao •Chống oxy hóa tuyệt vời •Chống ăn mòn tốt •Khả năng chống nước và hơi nước tuyệt vời Các ứng dụng tiêu biểu •Thiết bị làm bánh (lò nướng) •Bánh xe tải lò nung •Tải con lăn trong máy sao chép •Máy nướng bánh wafer •Máy sấy dệt •Động cơ điện chạy ở nhiệt độ khắc nghiệt •Quạt sưởi / khẩn cấp •Máy bơm chân không Đóng gói LGET 2/0.050 Hộp 50 g LGET 2/1 Hộp 1 Kg Thông số kỹ thuật sản phẩm","[]","35084000","out_of_stock","vongbicongnghiep.vn-wc-store-api-category-search-skf","2026-04-29T13:49:35.229Z"
"36070","SKF","LGET 2/0.05-SKF","LGET 2/0.05-SKF","LGET2005SKF","Mỡ bôi trơn SKF LGET 2/0.05","Mỡ bôi trơn SKF","Mỡ bôi trơn SKF","95","mo-boi-tron-skf","https://vongbicongnghiep.vn/san-pham/mo-boi-tron-skf-lget-2-0-05/","https://vongbicongnghiep.vn/wp-content/uploads/2023/01/0901d196809a86ff.png","[""https://vongbicongnghiep.vn/wp-content/uploads/2023/01/0901d196809a86ff.png""]","Mỡ bôi trơn SKF LGET 2/0.05","Mỡ bôi trơn SKF LGET 2/0.05 Mỡ bôi trơn vòng bi chịu nhiệt độ cao, điều kiện khắc nghiệt SKF LGET 2 là loại mỡ tổng hợp gốc dầu có flo, sử dụng chất làm đặc PTFE. Nó đặc biệt thích hợp cho các ứng dụng ở nhiệt độ cực cao từ 200 ° C (390 ° F) đến 260 ° C (500 ° F). •Tuổi thọ cao trong môi trường xâm thực như các khu vực rất dễ phản ứng với sự hiện diện của oxy và hexan ở dạng khí có độ tinh khiết cao •Chống oxy hóa tuyệt vời •Chống ăn mòn tốt •Khả năng chống nước và hơi nước tuyệt vời Các ứng dụng tiêu biểu •Thiết bị làm bánh (lò nướng) •Bánh xe tải lò nung •Tải con lăn trong máy sao chép •Máy nướng bánh wafer •Máy sấy dệt •Động cơ điện chạy ở nhiệt độ khắc nghiệt •Quạt sưởi / khẩn cấp •Máy bơm chân không Đóng gói LGET 2/0.050 Hộp 50 g LGET 2/1 Hộp 1 Kg Thông số kỹ thuật sản phẩm","[]","3088000","in_stock","vongbicongnghiep.vn-wc-store-api-category-search-skf","2026-04-29T13:49:35.230Z"
"36066","SKF","LGHQ 2/18-SKF","LGHQ 2/18-SKF","LGHQ218SKF","Mỡ bôi trơn SKF LGHQ 2/18","Mỡ bôi trơn SKF","Mỡ bôi trơn SKF","95","mo-boi-tron-skf","https://vongbicongnghiep.vn/san-pham/mo-boi-tron-skf-lghq-2-18/","https://vongbicongnghiep.vn/wp-content/uploads/2023/01/0901d19680a8c5ae.png","[""https://vongbicongnghiep.vn/wp-content/uploads/2023/01/0901d19680a8c5ae.png""]","Mỡ bôi trơn SKF LGHQ 2/18","Mỡ bôi trơn SKF LGHQ 2/18 SKF LGHQ 2 là loại mỡ gốc dầu khoáng sử dụng chất làm đặc di-urê. Nó phù hợp cho động cơ điện và các ứng dụng tương tự. Nó được thiết kế đặc biệt để sử dụng với chất bôi trơn một điểm. Các tính năng và lợi ích • Khả năng phân phối tuyệt vời trong chất bôi trơn • Tuổi thọ dầu mỡ cực cao • Phạm vi nhiệt độ rộng • Độ ổn định nhiệt và cơ học cao • Bảo vệ chống ăn mòn tuyệt vời Các ứng dụng tiêu biểu • Động cơ điện: Nhỏ, vừa và lớn • Quạt công nghiệp, bao gồm cả quạt tốc độ cao • Máy bơm nước • Vòng bi lăn trong máy dệt, xử lý giấy và sấy khô • Các ứng dụng trục dọc Performance Base oil viscosity DIN 51562 at 100 °C 12 mm²/s Base oil viscosity DIN 51562 at 40 °C 110 mm²/s Copper corrosion (max.) DIN 51811 /ASTM D4048, 24 hrs at 100°C 1b max. at 100°C Corrosion protection, Emcor, ISO 11007 modified, 0.5% NaCl – Corrosion protection, Emcor, ISO 11007 modified, Water washout 0-1 Corrosion protection, Emcor, ISO 11007, Distilled water 0-0 Dropping point (min) ISO 2176 260 °C EP performance – 4 ball – Wear scar (max.) DIN 51350/5, 1400N 1 mm EP performance – 4 ball – Weld load (min.) DIN 51350/4 2 600 N Low temperature torque, Start/Running, mNm 550/100 at -30°C Lubrication ability, R2F test B at 120°C Pass at 100°C Mechanical stability – Roll stability, ASTM D1831 (max.) 50 hrs at 80°C, 10-1mm 385 max. Mechanical stability, V2F test, 144 hrs – Oil separation DIN 51817, 40°C, % 1-3 Penetration DIN ISO 2137, Prolonged (max.), 100 000 strokes, 10-1mm 385 max. Penetration DIN ISO 2137, Worked, 60 strokes (10-1mm) 265 – 295 Product weight 1 kg Rolling beraing grease life (max.) ROF test, L50 life, 10000 r/min, hrs at °C 1000 at 160°C Speed (max.) n x dm (x 1000) 500 Water resistance (max.) DIN 51807/1, 3 hrs at 90 °C 1 Properties Base oil type Mineral Colour Blue DIN 51825 code K2P-30 NLGI consistency class 2 Operating temperature range -30 to +160 °C Recommended applications Electric motors;Industrial fans;Water pumps;Vertical shaft applications Shelf life 5 a Thickener Polyurea","[]","16558000","out_of_stock","vongbicongnghiep.vn-wc-store-api-category-search-skf","2026-04-29T13:49:35.230Z"
"36063","SKF","LGHQ 2/5-SKF","LGHQ 2/5-SKF","LGHQ25SKF","Mỡ bôi trơn SKF LGHQ 2/5","Mỡ bôi trơn SKF","Mỡ bôi trơn SKF","95","mo-boi-tron-skf","https://vongbicongnghiep.vn/san-pham/mo-boi-tron-skf-lghq-2-5/","https://vongbicongnghiep.vn/wp-content/uploads/2023/01/0943288058e6f6c5.png","[""https://vongbicongnghiep.vn/wp-content/uploads/2023/01/0943288058e6f6c5.png""]","Mỡ bôi trơn SKF LGHQ 2/5","Mỡ bôi trơn SKF LGHQ 2/5 SKF LGHQ 2 là loại mỡ gốc dầu khoáng sử dụng chất làm đặc di-urê. Nó phù hợp cho động cơ điện và các ứng dụng tương tự. Nó được thiết kế đặc biệt để sử dụng với chất bôi trơn một điểm. Các tính năng và lợi ích • Khả năng phân phối tuyệt vời trong chất bôi trơn • Tuổi thọ dầu mỡ cực cao • Phạm vi nhiệt độ rộng • Độ ổn định nhiệt và cơ học cao • Bảo vệ chống ăn mòn tuyệt vời Các ứng dụng tiêu biểu • Động cơ điện: Nhỏ, vừa và lớn • Quạt công nghiệp, bao gồm cả quạt tốc độ cao • Máy bơm nước • Vòng bi lăn trong máy dệt, xử lý giấy và sấy khô • Các ứng dụng trục dọc Performance Base oil viscosity DIN 51562 at 100 °C 12 mm²/s Base oil viscosity DIN 51562 at 40 °C 110 mm²/s Copper corrosion (max.) DIN 51811 /ASTM D4048, 24 hrs at 100°C 1b max. at 100°C Corrosion protection, Emcor, ISO 11007 modified, 0.5% NaCl – Corrosion protection, Emcor, ISO 11007 modified, Water washout 0-1 Corrosion protection, Emcor, ISO 11007, Distilled water 0-0 Dropping point (min) ISO 2176 260 °C EP performance – 4 ball – Wear scar (max.) DIN 51350/5, 1400N 1 mm EP performance – 4 ball – Weld load (min.) DIN 51350/4 2 600 N Low temperature torque, Start/Running, mNm 550/100 at -30°C Lubrication ability, R2F test B at 120°C Pass at 100°C Mechanical stability – Roll stability, ASTM D1831 (max.) 50 hrs at 80°C, 10-1mm 385 max. Mechanical stability, V2F test, 144 hrs – Oil separation DIN 51817, 40°C, % 1-3 Penetration DIN ISO 2137, Prolonged (max.), 100 000 strokes, 10-1mm 385 max. Penetration DIN ISO 2137, Worked, 60 strokes (10-1mm) 265 – 295 Product weight 1 kg Rolling beraing grease life (max.) ROF test, L50 life, 10000 r/min, hrs at °C 1000 at 160°C Speed (max.) n x dm (x 1000) 500 Water resistance (max.) DIN 51807/1, 3 hrs at 90 °C 1 Properties Base oil type Mineral Colour Blue DIN 51825 code K2P-30 NLGI consistency class 2 Operating temperature range -30 to +160 °C Recommended applications Electric motors;Industrial fans;Water pumps;Vertical shaft applications Shelf life 5 a Thickener Polyurea","[]","4805000","out_of_stock","vongbicongnghiep.vn-wc-store-api-category-search-skf","2026-04-29T13:49:35.231Z"
"36060","SKF","LGHQ 2/1-SKF","LGHQ 2/1-SKF","LGHQ21SKF","Mỡ bôi trơn SKF LGHQ 2/1","Mỡ bôi trơn SKF","Mỡ bôi trơn SKF","95","mo-boi-tron-skf","https://vongbicongnghiep.vn/san-pham/mo-boi-tron-skf-lghq-2-1/","https://vongbicongnghiep.vn/wp-content/uploads/2023/01/094bca9b2b599eeb.png","[""https://vongbicongnghiep.vn/wp-content/uploads/2023/01/094bca9b2b599eeb.png""]","Mỡ bôi trơn SKF LGHQ 2/1","Mỡ bôi trơn SKF LGHQ 2/1 SKF LGHQ 2 là loại mỡ gốc dầu khoáng sử dụng chất làm đặc di-urê. Nó phù hợp cho động cơ điện và các ứng dụng tương tự. Nó được thiết kế đặc biệt để sử dụng với chất bôi trơn một điểm. Các tính năng và lợi ích • Khả năng phân phối tuyệt vời trong chất bôi trơn • Tuổi thọ dầu mỡ cực cao • Phạm vi nhiệt độ rộng • Độ ổn định nhiệt và cơ học cao • Bảo vệ chống ăn mòn tuyệt vời Các ứng dụng tiêu biểu • Động cơ điện: Nhỏ, vừa và lớn • Quạt công nghiệp, bao gồm cả quạt tốc độ cao • Máy bơm nước • Vòng bi lăn trong máy dệt, xử lý giấy và sấy khô • Các ứng dụng trục dọc Performance Base oil viscosity DIN 51562 at 100 °C 12 mm²/s Base oil viscosity DIN 51562 at 40 °C 110 mm²/s Copper corrosion (max.) DIN 51811 /ASTM D4048, 24 hrs at 100°C 1b max. at 100°C Corrosion protection, Emcor, ISO 11007 modified, 0.5% NaCl – Corrosion protection, Emcor, ISO 11007 modified, Water washout 0-1 Corrosion protection, Emcor, ISO 11007, Distilled water 0-0 Dropping point (min) ISO 2176 260 °C EP performance – 4 ball – Wear scar (max.) DIN 51350/5, 1400N 1 mm EP performance – 4 ball – Weld load (min.) DIN 51350/4 2 600 N Low temperature torque, Start/Running, mNm 550/100 at -30°C Lubrication ability, R2F test B at 120°C Pass at 100°C Mechanical stability – Roll stability, ASTM D1831 (max.) 50 hrs at 80°C, 10-1mm 385 max. Mechanical stability, V2F test, 144 hrs – Oil separation DIN 51817, 40°C, % 1-3 Penetration DIN ISO 2137, Prolonged (max.), 100 000 strokes, 10-1mm 385 max. Penetration DIN ISO 2137, Worked, 60 strokes (10-1mm) 265 – 295 Product weight 1 kg Rolling beraing grease life (max.) ROF test, L50 life, 10000 r/min, hrs at °C 1000 at 160°C Speed (max.) n x dm (x 1000) 500 Water resistance (max.) DIN 51807/1, 3 hrs at 90 °C 1 Properties Base oil type Mineral Colour Blue DIN 51825 code K2P-30 NLGI consistency class 2 Operating temperature range -30 to +160 °C Recommended applications Electric motors;Industrial fans;Water pumps;Vertical shaft applications Shelf life 5 a Thickener Polyurea","[]","1160000","out_of_stock","vongbicongnghiep.vn-wc-store-api-category-search-skf","2026-04-29T13:49:35.231Z"
"36057","SKF","LGLT 2/25-SKF","LGLT 2/25-SKF","LGLT225SKF","Mỡ bôi trơn SKF LGLT 2/25","Mỡ bôi trơn SKF","Mỡ bôi trơn SKF","95","mo-boi-tron-skf","https://vongbicongnghiep.vn/san-pham/mo-boi-tron-skf-lglt-2-25/","https://vongbicongnghiep.vn/wp-content/uploads/2023/01/0901d196809a8799.png","[""https://vongbicongnghiep.vn/wp-content/uploads/2023/01/0901d196809a8799.png""]","Mỡ bôi trơn SKF LGLT 2/25","Mỡ bôi trơn SKF LGLT 2/25 SKF LGLT 2 là mỡ gốc dầu tổng hợp hoàn toàn sử dụng xà phòng lithium. Công nghệ làm đặc độc đáo và dầu có độ nhớt thấp (PAO) mang lại hiệu suất bôi trơn tuyệt vời ở nhiệt độ thấp -50 °C (-60 °F) và tốc độ cực cao (có thể đạt tới giá trị ndm là 1,6 * 106). Các ứng dụng tiêu biểu: • Cọc kéo sợi dệt • Cọc máy công cụ • Dụng cụ và thiết bị điều khiển • Trục chính máy công cụ • Thiết bị kiểm tra • Động cơ điện nhỏ được sử dụng trong thiết bị y tế và nha khoa – Giày trượt trong dây chuyền – Xi lanh in – Rô-bốt Mô-men xoắn ma sát thấp chạy êm Ổn định oxy hóa cực tốt và khả năng chống nước Mỡ SKF LGLT 2 Mỡ dùng cho vòng bi có tốc độ rất cao, tiếng ồn thấp hoặc trong môi trường nhiệt độ thấp Tài liệu kỹ thuật LGLT 2: LGLT_2.pdf Tài liệu tham khảo về mỡ SKF (E): Tài liệu kỹ thuật mỡ LGHP 2: LGHP_2.pdf Tài liệu kỹ thuật mỡ LDTS 1:LDTS_1.pdf Tài liệu kỹ thuật mỡ LESA 2: LESA_2.pdf Tài liệu kỹ thuật mỡ LGBB 2: LGBB_2.pdf Tài liệu kỹ thuật mỡ LGEM 2: LGEM_2.pdf Tài liệu kỹ thuật mỡ LGEP 2: LGEP_2.pdf Tài liệu kỹ thuật mỡ LGET 2: LGET_2.pdf Tài liệu kỹ thuật mỡ LGEV 2: LGEV_2.pdf Tài liệu kỹ thuật mỡ LGFP 2:LGFP_2.pdf Tài liệu kỹ thuật mỡ LGGB 2:LGGB_2.pdf Tài liệu kỹ thuật mỡ LGHB 2:LGHB_2.pdf Tài liệu kỹ thuật mỡ LGMT 2:LGMT_2.pdf Tài liệu kỹ thuật mỡ LGLT 2:LGLT_2.pdf Tài liệu kỹ thuật mỡ LGMT 2:LGMT_2.pdf Tài liệu kỹ thuật mỡ LGMT 2:LGMT_3.pdf Tài liệu kỹ thuật mỡ LGWA 2:LGWA_2.pdf Tài liệu kỹ thuật mỡ LGWM 1:LGWM_1.pdf Tài liệu kỹ thuật mỡ LGWM 2:LGWM_2.pdf Tài liệu kỹ thuật mỡ LGCG 1:LMCG_1.pdf Tài liệu kỹ thuật mỡ SKF:Thong_so_mo_SKF.pdf","[]","50166000","out_of_stock","vongbicongnghiep.vn-wc-store-api-category-search-skf","2026-04-29T13:49:35.232Z"
"36054","SKF","LGLT 2/1-SKF","LGLT 2/1-SKF","LGLT21SKF","Mỡ bôi trơn SKF LGLT 2/1","Mỡ bôi trơn SKF","Mỡ bôi trơn SKF","95","mo-boi-tron-skf","https://vongbicongnghiep.vn/san-pham/mo-boi-tron-skf-lglt-2-1/","https://vongbicongnghiep.vn/wp-content/uploads/2023/01/0901d196809a8797.png","[""https://vongbicongnghiep.vn/wp-content/uploads/2023/01/0901d196809a8797.png""]","Mỡ bôi trơn SKF LGLT 2/1","Mỡ bôi trơn SKF LGLT 2/1 SKF LGLT 2 là mỡ gốc dầu tổng hợp hoàn toàn sử dụng xà phòng lithium. Công nghệ làm đặc độc đáo và dầu có độ nhớt thấp (PAO) mang lại hiệu suất bôi trơn tuyệt vời ở nhiệt độ thấp -50 °C (-60 °F) và tốc độ cực cao (có thể đạt tới giá trị ndm là 1,6 * 106). Các ứng dụng tiêu biểu: • Cọc kéo sợi dệt • Cọc máy công cụ • Dụng cụ và thiết bị điều khiển • Trục chính máy công cụ • Thiết bị kiểm tra • Động cơ điện nhỏ được sử dụng trong thiết bị y tế và nha khoa – Giày trượt trong dây chuyền – Xi lanh in – Rô-bốt Mô-men xoắn ma sát thấp chạy êm Ổn định oxy hóa cực tốt và khả năng chống nước Mỡ SKF LGLT 2 Mỡ dùng cho vòng bi có tốc độ rất cao, tiếng ồn thấp hoặc trong môi trường nhiệt độ thấp Tài liệu kỹ thuật LGLT 2: LGLT_2.pdf Tài liệu tham khảo về mỡ SKF (E): Tài liệu kỹ thuật mỡ LGHP 2: LGHP_2.pdf Tài liệu kỹ thuật mỡ LDTS 1:LDTS_1.pdf Tài liệu kỹ thuật mỡ LESA 2: LESA_2.pdf Tài liệu kỹ thuật mỡ LGBB 2: LGBB_2.pdf Tài liệu kỹ thuật mỡ LGEM 2: LGEM_2.pdf Tài liệu kỹ thuật mỡ LGEP 2: LGEP_2.pdf Tài liệu kỹ thuật mỡ LGET 2: LGET_2.pdf Tài liệu kỹ thuật mỡ LGEV 2: LGEV_2.pdf Tài liệu kỹ thuật mỡ LGFP 2:LGFP_2.pdf Tài liệu kỹ thuật mỡ LGGB 2:LGGB_2.pdf Tài liệu kỹ thuật mỡ LGHB 2:LGHB_2.pdf Tài liệu kỹ thuật mỡ LGMT 2:LGMT_2.pdf Tài liệu kỹ thuật mỡ LGLT 2:LGLT_2.pdf Tài liệu kỹ thuật mỡ LGMT 2:LGMT_2.pdf Tài liệu kỹ thuật mỡ LGMT 2:LGMT_3.pdf Tài liệu kỹ thuật mỡ LGWA 2:LGWA_2.pdf Tài liệu kỹ thuật mỡ LGWM 1:LGWM_1.pdf Tài liệu kỹ thuật mỡ LGWM 2:LGWM_2.pdf Tài liệu kỹ thuật mỡ LGCG 1:LMCG_1.pdf Tài liệu kỹ thuật mỡ SKF:Thong_so_mo_SKF.pdf","[]","2046000","in_stock","vongbicongnghiep.vn-wc-store-api-category-search-skf","2026-04-29T13:49:35.232Z"
"36051","SKF","LGLT 2/0.2-SKF","LGLT 2/0.2-SKF","LGLT202SKF","Mỡ bôi trơn SKF LGLT 2/0.2","Mỡ bôi trơn SKF","Mỡ bôi trơn SKF","95","mo-boi-tron-skf","https://vongbicongnghiep.vn/san-pham/mo-boi-tron-skf-lglt-2-0-2/","https://vongbicongnghiep.vn/wp-content/uploads/2023/01/0901d196809a8798.png","[""https://vongbicongnghiep.vn/wp-content/uploads/2023/01/0901d196809a8798.png""]","Mỡ bôi trơn SKF LGLT 2/0.2","Mỡ bôi trơn SKF LGLT 2/0.2 SKF LGLT 2 là mỡ gốc dầu tổng hợp hoàn toàn sử dụng xà phòng lithium. Công nghệ làm đặc độc đáo và dầu có độ nhớt thấp (PAO) mang lại hiệu suất bôi trơn tuyệt vời ở nhiệt độ thấp -50 °C (-60 °F) và tốc độ cực cao (có thể đạt tới giá trị ndm là 1,6 * 106). Các ứng dụng tiêu biểu: • Cọc kéo sợi dệt • Cọc máy công cụ • Dụng cụ và thiết bị điều khiển • Trục chính máy công cụ • Thiết bị kiểm tra • Động cơ điện nhỏ được sử dụng trong thiết bị y tế và nha khoa – Giày trượt trong dây chuyền – Xi lanh in – Rô-bốt Mô-men xoắn ma sát thấp chạy êm Ổn định oxy hóa cực tốt và khả năng chống nước Mỡ SKF LGLT 2 Mỡ dùng cho vòng bi có tốc độ rất cao, tiếng ồn thấp hoặc trong môi trường nhiệt độ thấp Tài liệu kỹ thuật LGLT 2: LGLT_2.pdf Tài liệu tham khảo về mỡ SKF (E): Tài liệu kỹ thuật mỡ LGHP 2: LGHP_2.pdf Tài liệu kỹ thuật mỡ LDTS 1:LDTS_1.pdf Tài liệu kỹ thuật mỡ LESA 2: LESA_2.pdf Tài liệu kỹ thuật mỡ LGBB 2: LGBB_2.pdf Tài liệu kỹ thuật mỡ LGEM 2: LGEM_2.pdf Tài liệu kỹ thuật mỡ LGEP 2: LGEP_2.pdf Tài liệu kỹ thuật mỡ LGET 2: LGET_2.pdf Tài liệu kỹ thuật mỡ LGEV 2: LGEV_2.pdf Tài liệu kỹ thuật mỡ LGFP 2:LGFP_2.pdf Tài liệu kỹ thuật mỡ LGGB 2:LGGB_2.pdf Tài liệu kỹ thuật mỡ LGHB 2:LGHB_2.pdf Tài liệu kỹ thuật mỡ LGMT 2:LGMT_2.pdf Tài liệu kỹ thuật mỡ LGLT 2:LGLT_2.pdf Tài liệu kỹ thuật mỡ LGMT 2:LGMT_2.pdf Tài liệu kỹ thuật mỡ LGMT 2:LGMT_3.pdf Tài liệu kỹ thuật mỡ LGWA 2:LGWA_2.pdf Tài liệu kỹ thuật mỡ LGWM 1:LGWM_1.pdf Tài liệu kỹ thuật mỡ LGWM 2:LGWM_2.pdf Tài liệu kỹ thuật mỡ LGCG 1:LMCG_1.pdf Tài liệu kỹ thuật mỡ SKF:Thong_so_mo_SKF.pdf","[]","563000","out_of_stock","vongbicongnghiep.vn-wc-store-api-category-search-skf","2026-04-29T13:49:35.232Z"
"36048","SKF","LGHQ 2/SD250-SKF","LGHQ 2/SD250-SKF","LGHQ2SD250SKF","Bôi trơn tự động SKF LGHQ 2/SD250","Mỡ bôi trơn SKF","Mỡ bôi trơn SKF","95","mo-boi-tron-skf","https://vongbicongnghiep.vn/san-pham/boi-tron-tu-dong-skf-lghq-2-sd250/","https://vongbicongnghiep.vn/wp-content/uploads/2023/01/0901d19680a8c6bb.png","[""https://vongbicongnghiep.vn/wp-content/uploads/2023/01/0901d19680a8c6bb.png""]","Bôi trơn tự động SKF LGHQ 2/SD250","Bôi trơn tự động SKF LGHQ 2/SD250 Bộ nạp lại SKF SYSTEM 24 TLSD Bộ này chứa đầy mỡ SKF LGHQ 2 dành cho nhiệt độ cao và tốc độ cao được khuyên dùng cho động cơ điện, quạt và máy bơm. Bộ nạp lại của chúng tôi dành cho chất bôi trơn SKF SYSTEM 24 chứa đầy mỡ/dầu và có thể được sử dụng với mọi chất bôi trơn TLSD. Để sử dụng bộ nạp dầu, bạn cần có một tấm đỡ có van hồi lưu tích hợp phải được đặt hàng riêng. Lãi suất trả góp linh hoạt từ 1 đến 12 tháng Bộ nạp lại sẵn sàng để sử dụng Có thể được sử dụng với tất cả các chất bôi trơn TLSD Đổ đầy mỡ hoặc dầu SKF Cài đặt nhanh chóng và dễ dàng","[]","996000","in_stock","vongbicongnghiep.vn-wc-store-api-category-search-skf","2026-04-29T13:49:35.232Z"
"36044","SKF","LGHB 2/SD250-SKF","LGHB 2/SD250-SKF","LGHB2SD250SKF","Bôi trơn tự động SKF LGHB 2/SD250","Mỡ bôi trơn SKF","Mỡ bôi trơn SKF","95","mo-boi-tron-skf","https://vongbicongnghiep.vn/san-pham/boi-tron-tu-dong-skf-lghb-2-sd250/","https://vongbicongnghiep.vn/wp-content/uploads/2023/01/0901d196807e2556.png","[""https://vongbicongnghiep.vn/wp-content/uploads/2023/01/0901d196807e2556.png""]","Bôi trơn tự động SKF LGHB 2/SD250","Bôi trơn tự động SKF LGHB 2/SD250 Bộ nạp lại SKF SYSTEM 24 TLSD Bộ này chứa đầy mỡ SKF LGHB 2 dành cho tải trọng cao, môi trường ẩm ướt và nhiệt độ cao, được khuyên dùng cho ổ trượt trơn, băng tải và các ứng dụng có tải trọng cao và tốc độ thấp. Bộ nạp lại của chúng tôi dành cho chất bôi trơn SKF SYSTEM 24 chứa đầy mỡ/dầu và có thể được sử dụng với mọi chất bôi trơn TLSD. Để sử dụng bộ nạp dầu, bạn cần có một tấm đỡ có van hồi lưu tích hợp phải được đặt hàng riêng. Mỡ có sẵn có thể dùng linh hoạt từ 1 đến 12 tháng Sẵn sàng sử dụng, có kèm theo pin Có thể được sử dụng với tất cả các chất bôi trơn TLSD Cài đặt nhanh chóng và dễ dàng","[]","967000","out_of_stock","vongbicongnghiep.vn-wc-store-api-category-search-skf","2026-04-29T13:49:35.232Z"
"36041","SKF","LGHB 2/SD125-SKF","LGHB 2/SD125-SKF","LGHB2SD125SKF","Bôi trơn tự động SKF LGHB 2/SD125","Mỡ bôi trơn SKF","Mỡ bôi trơn SKF","95","mo-boi-tron-skf","https://vongbicongnghiep.vn/san-pham/boi-tron-tu-dong-skf-lghb-2-sd125/","https://vongbicongnghiep.vn/wp-content/uploads/2023/01/0901d196807e2557.png","[""https://vongbicongnghiep.vn/wp-content/uploads/2023/01/0901d196807e2557.png""]","Bôi trơn tự động SKF LGHB 2/SD125","Bôi trơn tự động SKF LGHB 2/SD125 Bộ nạp lại SKF SYSTEM 24 TLSD Bộ này chứa đầy mỡ SKF LGHB 2 dành cho tải trọng cao, môi trường ẩm ướt và nhiệt độ cao, được khuyên dùng cho ổ trượt trơn, băng tải và các ứng dụng có tải trọng cao và tốc độ thấp. Bộ nạp lại của chúng tôi dành cho chất bôi trơn SKF SYSTEM 24 chứa đầy mỡ/dầu và có thể được sử dụng với mọi chất bôi trơn TLSD. Để sử dụng bộ nạp dầu, bạn cần có một tấm đỡ có van hồi lưu tích hợp phải được đặt hàng riêng. Mỡ có sẵn có thể dùng linh hoạt từ 1 đến 12 tháng Sẵn sàng sử dụng, có kèm theo pin Có thể được sử dụng với tất cả các chất bôi trơn TLSD Cài đặt nhanh chóng và dễ dàng","[]","730000","out_of_stock","vongbicongnghiep.vn-wc-store-api-category-search-skf","2026-04-29T13:49:35.232Z"
"36038","SKF","LGHB 2/180-SKF","LGHB 2/180-SKF","LGHB2180SKF","Mỡ bôi trơn SKF LGHB 2/180","Mỡ bôi trơn SKF","Mỡ bôi trơn SKF","95","mo-boi-tron-skf","https://vongbicongnghiep.vn/san-pham/mo-boi-tron-skf-lghb-2-180/","https://vongbicongnghiep.vn/wp-content/uploads/2023/01/0901d196809a8757.png","[""https://vongbicongnghiep.vn/wp-content/uploads/2023/01/0901d196809a8757.png""]","Mỡ bôi trơn SKF LGHB 2/180","Mỡ bôi trơn SKF LGHB 2/180 SKF LGHB 2 là mỡ bôi trơn gốc dầu khoáng, có độ nhớt cao, sử dụng công nghệ Lithium canxi-sulphonat phức hợp mới nhất. Được pha chế để chịu được nhiệt độ cao và tải trọng khắc nghiệt, nó thích hợp cho nhiều ứng dụng, đặc biệt là trong phân đoạn xi măng, khai thác mỏ và kim loại. Mỡ này không chứa chất phụ gia và đặc tính chịu cực áp phát sinh từ cấu trúc Lithium. •Khả năng chịu tải tuyệt vời, chống oxy hóa và bảo vệ ăn mòn ngay cả khi nước xâm nhập lớn •Chịu được nhiệt độ cao nhất là 200 ° C (390 ° F) Các ứng dụng tiêu biểu •Ổ bi có bề mặt thép tiếp xúc thép •Máy làm giấy và bột giấy •Xe lu rải nhựa đường •Máy đúc liên tục •Vòng bi lăn hình cầu có nắp phớt hoạt động lên đến 150 ° C (300 ° F) •Vòng bi đũa việc trong ngành thép •Con lăn của xe nâng Quy cách đóng gói sản phẩm Thông số kỹ thuật sản phẩm Link download Tài liệu sản phẩm mỡ bôi trơn","[]","88499000","out_of_stock","vongbicongnghiep.vn-wc-store-api-category-search-skf","2026-04-29T13:49:35.233Z"
"36035","SKF","LGHB 2/50-SKF","LGHB 2/50-SKF","LGHB250SKF","Mỡ bôi trơn SKF LGHB 2/50","Mỡ bôi trơn SKF","Mỡ bôi trơn SKF","95","mo-boi-tron-skf","https://vongbicongnghiep.vn/san-pham/mo-boi-tron-skf-lghb-2-50/","https://vongbicongnghiep.vn/wp-content/uploads/2023/01/0901d196809a8756.png","[""https://vongbicongnghiep.vn/wp-content/uploads/2023/01/0901d196809a8756.png""]","Mỡ bôi trơn SKF LGHB 2/50","Mỡ bôi trơn SKF LGHB 2/50 SKF LGHB 2 là mỡ bôi trơn gốc dầu khoáng, có độ nhớt cao, sử dụng công nghệ Lithium canxi-sulphonat phức hợp mới nhất. Được pha chế để chịu được nhiệt độ cao và tải trọng khắc nghiệt, nó thích hợp cho nhiều ứng dụng, đặc biệt là trong phân đoạn xi măng, khai thác mỏ và kim loại. Mỡ này không chứa chất phụ gia và đặc tính chịu cực áp phát sinh từ cấu trúc Lithium. •Khả năng chịu tải tuyệt vời, chống oxy hóa và bảo vệ ăn mòn ngay cả khi nước xâm nhập lớn •Chịu được nhiệt độ cao nhất là 200 ° C (390 ° F) Các ứng dụng tiêu biểu •Ổ bi có bề mặt thép tiếp xúc thép •Máy làm giấy và bột giấy •Xe lu rải nhựa đường •Máy đúc liên tục •Vòng bi lăn hình cầu có nắp phớt hoạt động lên đến 150 ° C (300 ° F) •Vòng bi đũa việc trong ngành thép •Con lăn của xe nâng Quy cách đóng gói sản phẩm Thông số kỹ thuật sản phẩm Link download Tài liệu sản phẩm mỡ bôi trơn","[]","31970000","out_of_stock","vongbicongnghiep.vn-wc-store-api-category-search-skf","2026-04-29T13:49:35.233Z"
"36032","SKF","LGHB 2/18-SKF","LGHB 2/18-SKF","LGHB218SKF","Mỡ bôi trơn SKF LGHB 2/18","Mỡ bôi trơn SKF","Mỡ bôi trơn SKF","95","mo-boi-tron-skf","https://vongbicongnghiep.vn/san-pham/mo-boi-tron-skf-lghb-2-18/","https://vongbicongnghiep.vn/wp-content/uploads/2023/01/0901d196809a8755.png","[""https://vongbicongnghiep.vn/wp-content/uploads/2023/01/0901d196809a8755.png""]","Mỡ bôi trơn SKF LGHB 2/18","Mỡ bôi trơn SKF LGHB 2/18 SKF LGHB 2 là mỡ bôi trơn gốc dầu khoáng, có độ nhớt cao, sử dụng công nghệ Lithium canxi-sulphonat phức hợp mới nhất. Được pha chế để chịu được nhiệt độ cao và tải trọng khắc nghiệt, nó thích hợp cho nhiều ứng dụng, đặc biệt là trong phân đoạn xi măng, khai thác mỏ và kim loại. Mỡ này không chứa chất phụ gia và đặc tính chịu cực áp phát sinh từ cấu trúc Lithium. •Khả năng chịu tải tuyệt vời, chống oxy hóa và bảo vệ ăn mòn ngay cả khi nước xâm nhập lớn •Chịu được nhiệt độ cao nhất là 200 ° C (390 ° F) Các ứng dụng tiêu biểu •Ổ bi có bề mặt thép tiếp xúc thép •Máy làm giấy và bột giấy •Xe lu rải nhựa đường •Máy đúc liên tục •Vòng bi lăn hình cầu có nắp phớt hoạt động lên đến 150 ° C (300 ° F) •Vòng bi đũa việc trong ngành thép •Con lăn của xe nâng Quy cách đóng gói sản phẩm Thông số kỹ thuật sản phẩm Link download Tài liệu sản phẩm mỡ bôi trơn","[]","12235000","in_stock","vongbicongnghiep.vn-wc-store-api-category-search-skf","2026-04-29T13:49:35.233Z"
"36031","SKF","LGHB 2/5-SKF","LGHB 2/5-SKF","LGHB25SKF","Mỡ bôi trơn SKF LGHB 2/5","Mỡ bôi trơn SKF","Mỡ bôi trơn SKF","95","mo-boi-tron-skf","https://vongbicongnghiep.vn/san-pham/mo-boi-tron-skf-lghb-2-5/","https://vongbicongnghiep.vn/wp-content/uploads/2023/01/0901d196809a8754.png","[""https://vongbicongnghiep.vn/wp-content/uploads/2023/01/0901d196809a8754.png""]","Mỡ bôi trơn SKF LGHB 2/5","Mỡ bôi trơn SKF LGHB 2/5 SKF LGHB 2 là mỡ bôi trơn gốc dầu khoáng, có độ nhớt cao, sử dụng công nghệ Lithium canxi-sulphonat phức hợp mới nhất. Được pha chế để chịu được nhiệt độ cao và tải trọng khắc nghiệt, nó thích hợp cho nhiều ứng dụng, đặc biệt là trong phân đoạn xi măng, khai thác mỏ và kim loại. Mỡ này không chứa chất phụ gia và đặc tính chịu cực áp phát sinh từ cấu trúc Lithium. •Khả năng chịu tải tuyệt vời, chống oxy hóa và bảo vệ ăn mòn ngay cả khi nước xâm nhập lớn •Chịu được nhiệt độ cao nhất là 200 ° C (390 ° F) Các ứng dụng tiêu biểu •Ổ bi có bề mặt thép tiếp xúc thép •Máy làm giấy và bột giấy •Xe lu rải nhựa đường •Máy đúc liên tục •Vòng bi lăn hình cầu có nắp phớt hoạt động lên đến 150 ° C (300 ° F) •Vòng bi đũa việc trong ngành thép •Con lăn của xe nâng Quy cách đóng gói sản phẩm Thông số kỹ thuật sản phẩm Link download Tài liệu sản phẩm mỡ bôi trơn","[]","3835000","in_stock","vongbicongnghiep.vn-wc-store-api-category-search-skf","2026-04-29T13:49:35.233Z"
"36028","SKF","LGHB 2/0.4-SKF","LGHB 2/0.4-SKF","LGHB204SKF","Mỡ bôi trơn SKF LGHB 2/0.4","Mỡ bôi trơn SKF","Mỡ bôi trơn SKF","95","mo-boi-tron-skf","https://vongbicongnghiep.vn/san-pham/mo-boi-tron-skf-lghb-2-0-4/","https://vongbicongnghiep.vn/wp-content/uploads/2023/01/0901d196809a8753.png","[""https://vongbicongnghiep.vn/wp-content/uploads/2023/01/0901d196809a8753.png""]","Mỡ bôi trơn SKF LGHB 2/0.4","Mỡ bôi trơn SKF LGHB 2/0.4 SKF LGHB 2 là mỡ bôi trơn gốc dầu khoáng, có độ nhớt cao, sử dụng công nghệ Lithium canxi-sulphonat phức hợp mới nhất. Được pha chế để chịu được nhiệt độ cao và tải trọng khắc nghiệt, nó thích hợp cho nhiều ứng dụng, đặc biệt là trong phân đoạn xi măng, khai thác mỏ và kim loại. Mỡ này không chứa chất phụ gia và đặc tính chịu cực áp phát sinh từ cấu trúc Lithium. •Khả năng chịu tải tuyệt vời, chống oxy hóa và bảo vệ ăn mòn ngay cả khi nước xâm nhập lớn •Chịu được nhiệt độ cao nhất là 200 ° C (390 ° F) Các ứng dụng tiêu biểu •Ổ bi có bề mặt thép tiếp xúc thép •Máy làm giấy và bột giấy •Xe lu rải nhựa đường •Máy đúc liên tục •Vòng bi lăn hình cầu có nắp phớt hoạt động lên đến 150 ° C (300 ° F) •Vòng bi đũa việc trong ngành thép •Con lăn của xe nâng Quy cách đóng gói sản phẩm Thông số kỹ thuật sản phẩm Link download Tài liệu sản phẩm mỡ bôi trơn","[]","364000","in_stock","vongbicongnghiep.vn-wc-store-api-category-search-skf","2026-04-29T13:49:35.234Z"
"36025","SKF","LGFQ 2/18-SKF","LGFQ 2/18-SKF","LGFQ218SKF","Mỡ bôi trơn SKF LGFQ 2/18","Mỡ bôi trơn SKF","Mỡ bôi trơn SKF","95","mo-boi-tron-skf","https://vongbicongnghiep.vn/san-pham/mo-boi-tron-skf-lgfq-2-18/","https://vongbicongnghiep.vn/wp-content/uploads/2023/01/0901d196809a872e.png","[""https://vongbicongnghiep.vn/wp-content/uploads/2023/01/0901d196809a872e.png""]","Mỡ bôi trơn SKF LGFQ 2/18","Mỡ bôi trơn SKF: LGFQ 2 trong thùng 18 kg, Cho ngành thực phẩm, đồ uống SKF LGFQ 2 là mỡ gốc dầu tổng hợp sử dụng công nghệ chất làm đặc canxi sunfat phức tạp mới nhất. Nó phù hợp cho các ứng dụng chịu tải trọng cao, môi trường ẩm ướt và nhiệt độ dao động trong ngành thực phẩm và đồ uống. Các ứng dụng tiêu biểu: • Máy ép viên • Máy trộn • Máy nghiền • Hệ thống bôi trơn tập trung Bảo vệ chống ăn mòn tuyệt vời • Ổn định cơ học tuyệt vời Khả năng bôi trơn tải cao tuyệt vời • Bảo vệ nước muối giả tốt • Khả năng bơm tốt xuống nhiệt độ thấp • NSF H1 đã đăng ký và chứng nhận Halal và Kosher Performance Base oil viscosity DIN 51562 at 100 °C 30 mm²/s Base oil viscosity DIN 51562 at 40 °C 320 mm²/s Copper corrosion (max.) DIN 51811 /ASTM D4048, 24 hrs at 100°C 1b Corrosion protection, Emcor, ISO 11007 modified, 0.5% NaCl 1-1 Corrosion protection, Emcor, ISO 11007 modified, Water washout 0-0 Corrosion protection, Emcor, ISO 11007, Distilled water 0-0 Dropping point (min) ISO 2176 300 °C EP performance – 4 ball – Wear scar (max.) DIN 51350/5, 1400N 1 mm EP performance – 4 ball – Weld load (min.) DIN 51350/4 4 000 N Low temperature torque, Start/Running, mNm 369/223 at -40°C Lubrication ability, R2F test B at 120°C Pass Mechanical stability – Roll stability, ASTM D1831 (max.) 50 hrs at 80°C, 10-1mm +30 Mechanical stability, V2F test, 144 hrs – Oil separation DIN 51817, 40°C, % 1-3 Penetration DIN ISO 2137, Prolonged (max.), 100 000 strokes, 10-1mm +30 Penetration DIN ISO 2137, Worked, 60 strokes (10-1mm) 280-310 Product weight 18 kg Rolling beraing grease life (max.) ROF test, L50 life, 10000 r/min, hrs at °C 1000 at 130°C Speed (max.) n x dm (x 1000) 300 Water resistance (max.) DIN 51807/1, 3 hrs at 90 °C 1 Properties Base oil type Synthetic (PAO) Certifications NSF H1;Halal;Kosher Colour Brown DIN 51825 code KP1/2N-40 NLGI consistency class 1-2 NSF Registration no. 153759 Operating temperature range -40 to +140 °C Recommended applications Pellet presses;Mills;Mixers Shelf life 2 a Thickener Calcium sulphonate complex","[]","23421000","in_stock","vongbicongnghiep.vn-wc-store-api-category-search-skf","2026-04-29T13:49:35.234Z"
"36021","SKF","LGFQ 2/SD250-SKF","LGFQ 2/SD250-SKF","LGFQ2SD250SKF","Mỡ bôi trơn tự động SKF LGFQ 2/SD250","Mỡ bôi trơn SKF","Mỡ bôi trơn SKF","95","mo-boi-tron-skf","https://vongbicongnghiep.vn/san-pham/mo-boi-tron-tu-dong-skf-lgfq-2-sd250/","https://vongbicongnghiep.vn/wp-content/uploads/2023/01/0901d196807e2554.png","[""https://vongbicongnghiep.vn/wp-content/uploads/2023/01/0901d196807e2554.png""]","Mỡ bôi trơn tự động SKF LGFQ 2/SD250","Bộ nạp lại SKF SYSTEM 24 TLSD – Mỡ bôi trơn tự động SKF LGFQ 2/SD250 Bộ này chứa đầy mỡ ổ trục dùng cho thực phẩm chịu tải trọng cao và nhiệt độ rộng SKF LGFQ 2, thích hợp cho băng tải. Bộ nạp lại của chúng tôi dành cho chất bôi trơn SKF SYSTEM 24 chứa đầy mỡ/dầu và có thể được sử dụng với mọi chất bôi trơn TLSD. Để sử dụng bộ nạp dầu, bạn cần có một tấm đỡ có van hồi lưu tích hợp phải được đặt hàng riêng. Mỡ có sẵn có thể dùng linh hoạt từ 1 đến 12 tháng Bộ nạp lại sẵn sàng để sử dụng Có thể được sử dụng với tất cả các chất bôi trơn TLSD Đổ đầy mỡ hoặc dầu SKF Cài đặt nhanh chóng và dễ dàng","[]","1149000","out_of_stock","vongbicongnghiep.vn-wc-store-api-category-search-skf","2026-04-29T13:49:35.234Z"
"36016","SKF","LGFP 2/18-SKF","LGFP 2/18-SKF","LGFP218SKF","Mỡ bôi trơn SKF LGFP 2/18","Mỡ bôi trơn SKF","Mỡ bôi trơn SKF","95","mo-boi-tron-skf","https://vongbicongnghiep.vn/san-pham/mo-boi-tron-skf-lgfp-2-18/","https://vongbicongnghiep.vn/wp-content/uploads/2023/01/0901d196809a8727.png","[""https://vongbicongnghiep.vn/wp-content/uploads/2023/01/0901d196809a8727.png""]","Mỡ bôi trơn SKF LGFP 2/18","Mỡ bôi trơn SKF: LGFP 2/18 dùng cho ngành thực phẩm Mỡ thực phẩm đa năng SKF LGFP 2 là loại mỡ chịu lực sạch, không độc hại, được sản xuất dựa trên tiêu chuẩn ngành y tế. • Khả năng chống nước cao • Tuổi thọ dầu mỡ tuyệt vời • Chống ăn mòn tuyệt vời • Giá trị pH trung tính về cơ bản • NSF H1 đã đăng ký và được chứng nhận Halal và Kosher Các ứng dụng tiêu biểu • Vòng bi cassette nhiều gói • Máy đóng gói • Vòng bi băng tải • Máy đóng chai Quy cách đóng gói mỡ LGFP 2 Quy cách đóng gói Ký hiệu Đóng gói hộp 420 ml LGFP 2/0.4 Đóng gói hộp 1 Kg LGFP 2/1 Đối gói thùng 18 Kg LGFP 2/18 Đóng gói thùng 180 Kg LGFP 2/180 Thông số kỹ thuật của mỡ LGFP 2 Các chứng chỉ về an toàn thực phẩm của mỡ LGFP 2 được các tổ chức độc lập xác thực – Datasheet của mỡ LGFP 2 – Chứng chỉ NSF cấp cho mỡ LGFP 2 – Chứng chỉ Halal certificate LGFP 2 – Safety data sheet LGFP2 (MSDS LGFP 2 ) – Kosher certificate LGFP 2 – Chứng chỉ HALAL cấp co mỡ LGFP 2 – Chứng chỉ Kosher cấp co mỡ LGFP 2","[]","13211000","out_of_stock","vongbicongnghiep.vn-wc-store-api-category-search-skf","2026-04-29T13:49:35.235Z"
"36013","SKF","LGFP 2/1-SKF","LGFP 2/1-SKF","LGFP21SKF","Mỡ bôi trơn SKF LGFP 2/1","Mỡ bôi trơn SKF","Mỡ bôi trơn SKF","95","mo-boi-tron-skf","https://vongbicongnghiep.vn/san-pham/mo-boi-tron-skf-lgfp-2-1/","https://vongbicongnghiep.vn/wp-content/uploads/2023/01/0901d196809a8725.png","[""https://vongbicongnghiep.vn/wp-content/uploads/2023/01/0901d196809a8725.png""]","Mỡ bôi trơn SKF LGFP 2/1","Mỡ bôi trơn SKF: LGFP 2/1 dùng cho ngành thực phẩm Mỡ thực phẩm đa năng SKF LGFP 2 là loại mỡ chịu lực sạch, không độc hại, được sản xuất dựa trên tiêu chuẩn ngành y tế. • Khả năng chống nước cao • Tuổi thọ dầu mỡ tuyệt vời • Chống ăn mòn tuyệt vời • Giá trị pH trung tính về cơ bản • NSF H1 đã đăng ký và được chứng nhận Halal và Kosher Các ứng dụng tiêu biểu • Vòng bi cassette nhiều gói • Máy đóng gói • Vòng bi băng tải • Máy đóng chai Quy cách đóng gói mỡ LGFP 2 Quy cách đóng gói Ký hiệu Đóng gói hộp 420 ml LGFP 2/0.4 Đóng gói hộp 1 Kg LGFP 2/1 Đối gói thùng 18 Kg LGFP 2/18 Đóng gói thùng 180 Kg LGFP 2/180 Thông số kỹ thuật của mỡ LGFP 2 Các chứng chỉ về an toàn thực phẩm của mỡ LGFP 2 được các tổ chức độc lập xác thực – Datasheet của mỡ LGFP 2 – Chứng chỉ NSF cấp cho mỡ LGFP 2 – Chứng chỉ Halal certificate LGFP 2 – Safety data sheet LGFP2 (MSDS LGFP 2 ) – Kosher certificate LGFP 2 – Chứng chỉ HALAL cấp co mỡ LGFP 2 – Chứng chỉ Kosher cấp co mỡ LGFP 2","[]","829000","out_of_stock","vongbicongnghiep.vn-wc-store-api-category-search-skf","2026-04-29T13:49:35.235Z"
"36010","SKF","LGFP 2/0.4-SKF","LGFP 2/0.4-SKF","LGFP204SKF","Mỡ bôi trơn SKF LGFP 2/0.4","Mỡ bôi trơn SKF","Mỡ bôi trơn SKF","95","mo-boi-tron-skf","https://vongbicongnghiep.vn/san-pham/mo-boi-tron-skf-lgfp-2-0-4/","https://vongbicongnghiep.vn/wp-content/uploads/2023/01/0901d196809a8726.png","[""https://vongbicongnghiep.vn/wp-content/uploads/2023/01/0901d196809a8726.png""]","Mỡ bôi trơn SKF LGFP 2/0.4","Mỡ bôi trơn SKF: LGFP 2/0.4 dùng cho ngành thực phẩm Mỡ thực phẩm đa năng SKF LGFP 2 là loại mỡ chịu lực sạch, không độc hại, được sản xuất dựa trên tiêu chuẩn ngành y tế. • Khả năng chống nước cao • Tuổi thọ dầu mỡ tuyệt vời • Chống ăn mòn tuyệt vời • Giá trị pH trung tính về cơ bản • NSF H1 đã đăng ký và được chứng nhận Halal và Kosher Các ứng dụng tiêu biểu • Vòng bi cassette nhiều gói • Máy đóng gói • Vòng bi băng tải • Máy đóng chai Quy cách đóng gói mỡ LGFP 2 Quy cách đóng gói Ký hiệu Đóng gói hộp 420 ml LGFP 2/0.4 Đóng gói hộp 1 Kg LGFP 2/1 Đối gói thùng 18 Kg LGFP 2/18 Đóng gói thùng 180 Kg LGFP 2/180 Thông số kỹ thuật của mỡ LGFP 2 Các chứng chỉ về an toàn thực phẩm của mỡ LGFP 2 được các tổ chức độc lập xác thực – Datasheet của mỡ LGFP 2 – Chứng chỉ NSF cấp cho mỡ LGFP 2 – Chứng chỉ Halal certificate LGFP 2 – Safety data sheet LGFP2 (MSDS LGFP 2 ) – Kosher certificate LGFP 2 – Chứng chỉ HALAL cấp co mỡ LGFP 2 – Chứng chỉ Kosher cấp co mỡ LGFP 2","[]","343000","out_of_stock","vongbicongnghiep.vn-wc-store-api-category-search-skf","2026-04-29T13:49:35.236Z"
"36007","SKF","LGEV 2/180-SKF","LGEV 2/180-SKF","LGEV2180SKF","Mỡ bôi trơn SKF LGEV 2/180","Mỡ bôi trơn SKF","Mỡ bôi trơn SKF","95","mo-boi-tron-skf","https://vongbicongnghiep.vn/san-pham/mo-boi-tron-skf-lgev-2-180/","https://vongbicongnghiep.vn/wp-content/uploads/2023/01/0901d196809a8721.png","[""https://vongbicongnghiep.vn/wp-content/uploads/2023/01/0901d196809a8721.png""]","Mỡ bôi trơn SKF LGEV 2/180","Mỡ bôi trơn SKF: LGEV 2/180 Mỡ bôi trơn vòng bi có độ nhớt cực cao với chất bôi trơn rắn SKF LGEV 2 là mỡ bôi trơn gốc dầu khoáng, sử dụng xà phòng liti-canxi. Hàm lượng cao molybdenum disulphide và than chì, kết hợp với dầu có độ nhớt cực cao, cung cấp khả năng bảo vệ vượt trội trong các điều kiện khắc nghiệt nhất liên quan đến tải trọng cao, quay chậm và rung động nghiêm trọng. Rất thích hợp để bôi trơn các ổ lăn hình cầu có kích thước lớn chịu tải cao và quay chậm, dễ xảy ra tình trạng trượt nhỏ Cơ học cực kỳ ổn định cung cấp khả năng chống nước tốt và chống ăn mòn Các ứng dụng tiêu biểu • Vòng bi trục trên trống quay • Hỗ trợ và đẩy con lăn trên lò quay và máy sấy • Máy xúc bánh lốp • Vòng bi quay • Máy nghiền con lăn áp suất cao • Máy nghiền Quy cách đóng gói mỡ LGEV 2 Thông số kỹ thuật của mỡ LGEV 2 Catalog sản phẩm mỡ LGEV 2 Datasheet sản phẩm LGEV 2","[]","151785000","in_stock","vongbicongnghiep.vn-wc-store-api-category-search-skf","2026-04-29T13:49:35.236Z"
"36004","SKF","LGEV 2/18-SKF","LGEV 2/18-SKF","LGEV218SKF","Mỡ bôi trơn SKF LGEV 2/18","Mỡ bôi trơn SKF","Mỡ bôi trơn SKF","95","mo-boi-tron-skf","https://vongbicongnghiep.vn/san-pham/mo-boi-tron-skf-lgev-2-18/","https://vongbicongnghiep.vn/wp-content/uploads/2023/01/0901d196809a871e.png","[""https://vongbicongnghiep.vn/wp-content/uploads/2023/01/0901d196809a871e.png""]","Mỡ bôi trơn SKF LGEV 2/18","Mỡ bôi trơn SKF: LGEV 2/18 Mỡ bôi trơn vòng bi có độ nhớt cực cao với chất bôi trơn rắn SKF LGEV 2 là mỡ bôi trơn gốc dầu khoáng, sử dụng xà phòng liti-canxi. Hàm lượng cao molybdenum disulphide và than chì, kết hợp với dầu có độ nhớt cực cao, cung cấp khả năng bảo vệ vượt trội trong các điều kiện khắc nghiệt nhất liên quan đến tải trọng cao, quay chậm và rung động nghiêm trọng. Rất thích hợp để bôi trơn các ổ lăn hình cầu có kích thước lớn chịu tải cao và quay chậm, dễ xảy ra tình trạng trượt nhỏ Cơ học cực kỳ ổn định cung cấp khả năng chống nước tốt và chống ăn mòn Các ứng dụng tiêu biểu • Vòng bi trục trên trống quay • Hỗ trợ và đẩy con lăn trên lò quay và máy sấy • Máy xúc bánh lốp • Vòng bi quay • Máy nghiền con lăn áp suất cao • Máy nghiền Quy cách đóng gói mỡ LGEV 2 Thông số kỹ thuật của mỡ LGEV 2 Catalog sản phẩm mỡ LGEV 2 Datasheet sản phẩm LGEV 2","[]","16914000","in_stock","vongbicongnghiep.vn-wc-store-api-category-search-skf","2026-04-29T13:49:35.236Z"
"36001","SKF","LGEV 2/5-SKF","LGEV 2/5-SKF","LGEV25SKF","Mỡ bôi trơn SKF LGEV 2/5","Mỡ bôi trơn SKF","Mỡ bôi trơn SKF","95","mo-boi-tron-skf","https://vongbicongnghiep.vn/san-pham/mo-boi-tron-skf-lgev-2-5/","https://vongbicongnghiep.vn/wp-content/uploads/2023/01/0901d196809a8702.png","[""https://vongbicongnghiep.vn/wp-content/uploads/2023/01/0901d196809a8702.png""]","Mỡ bôi trơn SKF LGEV 2/5","Mỡ bôi trơn SKF: LGEV 2/5 Mỡ bôi trơn vòng bi có độ nhớt cực cao với chất bôi trơn rắn SKF LGEV 2 là mỡ bôi trơn gốc dầu khoáng, sử dụng xà phòng liti-canxi. Hàm lượng cao molybdenum disulphide và than chì, kết hợp với dầu có độ nhớt cực cao, cung cấp khả năng bảo vệ vượt trội trong các điều kiện khắc nghiệt nhất liên quan đến tải trọng cao, quay chậm và rung động nghiêm trọng. Rất thích hợp để bôi trơn các ổ lăn hình cầu có kích thước lớn chịu tải cao và quay chậm, dễ xảy ra tình trạng trượt nhỏ Cơ học cực kỳ ổn định cung cấp khả năng chống nước tốt và chống ăn mòn Các ứng dụng tiêu biểu • Vòng bi trục trên trống quay • Hỗ trợ và đẩy con lăn trên lò quay và máy sấy • Máy xúc bánh lốp • Vòng bi quay • Máy nghiền con lăn áp suất cao • Máy nghiền Quy cách đóng gói mỡ LGEV 2 Thông số kỹ thuật của mỡ LGEV 2 Catalog sản phẩm mỡ LGEV 2 Datasheet sản phẩm LGEV 2","[]","4866000","in_stock","vongbicongnghiep.vn-wc-store-api-category-search-skf","2026-04-29T13:49:35.237Z"
"35997","SKF","LGEV 2/0.4-SKF","LGEV 2/0.4-SKF","LGEV204SKF","Mỡ bôi trơn SKF LGEV 2/0.4","Mỡ bôi trơn SKF","Mỡ bôi trơn SKF","95","mo-boi-tron-skf","https://vongbicongnghiep.vn/san-pham/mo-boi-tron-skf-lgev-2-0-4/","https://vongbicongnghiep.vn/wp-content/uploads/2023/01/0901d196809a8701.png","[""https://vongbicongnghiep.vn/wp-content/uploads/2023/01/0901d196809a8701.png""]","Mỡ bôi trơn SKF LGEV 2/0.4","Mỡ bôi trơn SKF: LGEV 2/0.4 Mỡ bôi trơn vòng bi có độ nhớt cực cao với chất bôi trơn rắn SKF LGEV 2 là mỡ bôi trơn gốc dầu khoáng, sử dụng xà phòng liti-canxi. Hàm lượng cao molybdenum disulphide và than chì, kết hợp với dầu có độ nhớt cực cao, cung cấp khả năng bảo vệ vượt trội trong các điều kiện khắc nghiệt nhất liên quan đến tải trọng cao, quay chậm và rung động nghiêm trọng. Rất thích hợp để bôi trơn các ổ lăn hình cầu có kích thước lớn chịu tải cao và quay chậm, dễ xảy ra tình trạng trượt nhỏ Cơ học cực kỳ ổn định cung cấp khả năng chống nước tốt và chống ăn mòn Các ứng dụng tiêu biểu • Vòng bi trục trên trống quay • Hỗ trợ và đẩy con lăn trên lò quay và máy sấy • Máy xúc bánh lốp • Vòng bi quay • Máy nghiền con lăn áp suất cao • Máy nghiền Quy cách đóng gói mỡ LGEV 2 Thông số kỹ thuật của mỡ LGEV 2 Catalog sản phẩm mỡ LGEV 2 Datasheet sản phẩm LGEV 2","[]","430000","in_stock","vongbicongnghiep.vn-wc-store-api-category-search-skf","2026-04-29T13:49:35.237Z"
"35994","SKF","LGEP 2/50-SKF","LGEP 2/50-SKF","LGEP250SKF","Mỡ bôi trơn SKF LGEP 2/50","Mỡ bôi trơn SKF","Mỡ bôi trơn SKF","95","mo-boi-tron-skf","https://vongbicongnghiep.vn/san-pham/mo-boi-tron-skf-lgep-2-50/","https://vongbicongnghiep.vn/wp-content/uploads/2023/01/0901d196809a86fc.png","[""https://vongbicongnghiep.vn/wp-content/uploads/2023/01/0901d196809a86fc.png""]","Mỡ bôi trơn SKF LGEP 2/50","Mỡ SKF LGEP 2/50 chịu tải cao, chịu áp lớn SKF LGEP 2 là mỡ gốc dầu khoáng, làm đặc bằng litilium với phụ gia chịu áp lực lớn. Mỡ này cung cấp khả năng bôi trơn tốt trong các ứng dụng thông thường chịu các điều kiện khắc nghiệt và rung động. • Độ ổn định cơ học tuyệt vời • Đặc tính ức chế ăn mòn cực tốt • Hiệu suất EP xuất sắc Các ứng dụng tiêu biểu • Máy làm giấy và bột giấy • Máy nghiền hàm • Cửa đập • Vòng bi lăn làm việc trong ngành thép • Máy móc hạng nặng, ứng dụng rung động • Bánh xe cẩu, puly • Vòng đu quay lớn Đóng gói LGEP 2/0.4 Hộp 400 g LGEP 2/1 Hộp 1 Kg LGEP 2/5 Hộp 5 Kg LGEP 2/18 Thùng 18 Kg LGEP 2/50 Thùng 50 Kg LGEP 2/180 Thùng 180 Kg Thông số kỹ thuật sản phẩm Link Catalog mỡ LGEP 2 ( bản tiếng Anh)","[]","20846000","out_of_stock","vongbicongnghiep.vn-wc-store-api-category-search-skf","2026-04-29T13:49:35.237Z"
"35991","SKF","LGEP 2/180-SKF","LGEP 2/180-SKF","LGEP2180SKF","Mỡ bôi trơn SKF LGEP 2/180","Mỡ bôi trơn SKF","Mỡ bôi trơn SKF","95","mo-boi-tron-skf","https://vongbicongnghiep.vn/san-pham/mo-boi-tron-skf-lgep-2-180/","https://vongbicongnghiep.vn/wp-content/uploads/2023/01/0901d196809a86fd.png","[""https://vongbicongnghiep.vn/wp-content/uploads/2023/01/0901d196809a86fd.png""]","Mỡ bôi trơn SKF LGEP 2/180","Mỡ SKF LGEP 2/180 chịu tải cao, chịu áp lớn SKF LGEP 2 là mỡ gốc dầu khoáng, làm đặc bằng litilium với phụ gia chịu áp lực lớn. Mỡ này cung cấp khả năng bôi trơn tốt trong các ứng dụng thông thường chịu các điều kiện khắc nghiệt và rung động. • Độ ổn định cơ học tuyệt vời • Đặc tính ức chế ăn mòn cực tốt • Hiệu suất EP xuất sắc Các ứng dụng tiêu biểu • Máy làm giấy và bột giấy • Máy nghiền hàm • Cửa đập • Vòng bi lăn làm việc trong ngành thép • Máy móc hạng nặng, ứng dụng rung động • Bánh xe cẩu, puly • Vòng đu quay lớn Đóng gói LGEP 2/0.4 Hộp 400 g LGEP 2/1 Hộp 1 Kg LGEP 2/5 Hộp 5 Kg LGEP 2/18 Thùng 18 Kg LGEP 2/50 Thùng 50 Kg LGEP 2/180 Thùng 180 Kg Thông số kỹ thuật sản phẩm Link Catalog mỡ LGEP 2 ( bản tiếng Anh)","[]","49532000","out_of_stock","vongbicongnghiep.vn-wc-store-api-category-search-skf","2026-04-29T13:49:35.237Z"
"35988","SKF","LGEP 2/18-SKF","LGEP 2/18-SKF","LGEP218SKF","Mỡ bôi trơn SKF LGEP 2/18","Mỡ bôi trơn SKF","Mỡ bôi trơn SKF","95","mo-boi-tron-skf","https://vongbicongnghiep.vn/san-pham/mo-boi-tron-skf-lgep-2-18/","https://vongbicongnghiep.vn/wp-content/uploads/2023/01/0901d196809a86fb.png","[""https://vongbicongnghiep.vn/wp-content/uploads/2023/01/0901d196809a86fb.png""]","Mỡ bôi trơn SKF LGEP 2/18","Mỡ SKF LGEP 2/18 chịu tải cao, chịu áp lớn SKF LGEP 2/18 là mỡ gốc dầu khoáng, làm đặc bằng litilium với phụ gia chịu áp lực lớn. Mỡ này cung cấp khả năng bôi trơn tốt trong các ứng dụng thông thường chịu các điều kiện khắc nghiệt và rung động. • Độ ổn định cơ học tuyệt vời • Đặc tính ức chế ăn mòn cực tốt • Hiệu suất EP xuất sắc Các ứng dụng tiêu biểu • Máy làm giấy và bột giấy • Máy nghiền hàm • Cửa đập • Vòng bi lăn làm việc trong ngành thép • Máy móc hạng nặng, ứng dụng rung động • Bánh xe cẩu, puly • Vòng đu quay lớn Đóng gói LGEP 2/0.4 Hộp 400 g LGEP 2/1 Hộp 1 Kg LGEP 2/5 Hộp 5 Kg LGEP 2/18 Thùng 18 Kg LGEP 2/50 Thùng 50 Kg LGEP 2/180 Thùng 180 Kg Thông số kỹ thuật sản phẩm Link Catalog mỡ LGEP 2 ( bản tiếng Anh)","[]","8096000","in_stock","vongbicongnghiep.vn-wc-store-api-category-search-skf","2026-04-29T13:49:35.237Z"
"35984","SKF","LGEP 2/5-SKF","LGEP 2/5-SKF","LGEP25SKF","Mỡ bôi trơn SKF LGEP 2/5","Mỡ bôi trơn SKF","Mỡ bôi trơn SKF","95","mo-boi-tron-skf","https://vongbicongnghiep.vn/san-pham/mo-boi-tron-skf-lgep-2-5/","https://vongbicongnghiep.vn/wp-content/uploads/2023/01/0901d196809a86fa.png","[""https://vongbicongnghiep.vn/wp-content/uploads/2023/01/0901d196809a86fa.png""]","Mỡ bôi trơn SKF LGEP 2/5","Mỡ SKF LGEP 2/5 chịu tải cao, chịu áp lớn SKF LGEP 2/5 là mỡ gốc dầu khoáng, làm đặc bằng litilium với phụ gia chịu áp lực lớn. Mỡ này cung cấp khả năng bôi trơn tốt trong các ứng dụng thông thường chịu các điều kiện khắc nghiệt và rung động. • Độ ổn định cơ học tuyệt vời • Đặc tính ức chế ăn mòn cực tốt • Hiệu suất EP xuất sắc Các ứng dụng tiêu biểu • Máy làm giấy và bột giấy • Máy nghiền hàm • Cửa đập • Vòng bi lăn làm việc trong ngành thép • Máy móc hạng nặng, ứng dụng rung động • Bánh xe cẩu, puly • Vòng đu quay lớn Đóng gói LGEP 2/0.4 Hộp 400 g LGEP 2/1 Hộp 1 Kg LGEP 2/5 Hộp 5 Kg LGEP 2/18 Thùng 18 Kg LGEP 2/50 Thùng 50 Kg LGEP 2/180 Thùng 180 Kg Thông số kỹ thuật sản phẩm Link Catalog mỡ LGEP 2 ( bản tiếng Anh)","[]","2352000","in_stock","vongbicongnghiep.vn-wc-store-api-category-search-skf","2026-04-29T13:49:35.238Z"
"35981","SKF","LGEP 2/1-SKF","LGEP 2/1-SKF","LGEP21SKF","Mỡ bôi trơn SKF LGEP 2/1","Mỡ bôi trơn SKF","Mỡ bôi trơn SKF","95","mo-boi-tron-skf","https://vongbicongnghiep.vn/san-pham/mo-boi-tron-skf-lgep-2-1/","https://vongbicongnghiep.vn/wp-content/uploads/2023/01/0901d196809a86e4.png","[""https://vongbicongnghiep.vn/wp-content/uploads/2023/01/0901d196809a86e4.png""]","Mỡ bôi trơn SKF LGEP 2/1","Mỡ SKF LGEP 2/1 chịu tải cao, chịu áp lớn SKF LGEP 2/1 là mỡ gốc dầu khoáng, làm đặc bằng litilium với phụ gia chịu áp lực lớn. Mỡ này cung cấp khả năng bôi trơn tốt trong các ứng dụng thông thường chịu các điều kiện khắc nghiệt và rung động. • Độ ổn định cơ học tuyệt vời • Đặc tính ức chế ăn mòn cực tốt • Hiệu suất EP xuất sắc Các ứng dụng tiêu biểu • Máy làm giấy và bột giấy • Máy nghiền hàm • Cửa đập • Vòng bi lăn làm việc trong ngành thép • Máy móc hạng nặng, ứng dụng rung động • Bánh xe cẩu, puly • Vòng đu quay lớn Đóng gói LGEP 2/0.4 Hộp 400 g LGEP 2/1 Hộp 1 Kg LGEP 2/5 Hộp 5 Kg LGEP 2/18 Thùng 18 Kg LGEP 2/50 Thùng 50 Kg LGEP 2/180 Thùng 180 Kg Thông số kỹ thuật sản phẩm Link Catalog mỡ LGEP 2 ( bản tiếng Anh)","[]","545000","in_stock","vongbicongnghiep.vn-wc-store-api-category-search-skf","2026-04-29T13:49:35.238Z"
"35978","SKF","LGEP 2/0.4-SKF","LGEP 2/0.4-SKF","LGEP204SKF","Mỡ bôi trơn SKF LGEP 2/0.4","Mỡ bôi trơn SKF","Mỡ bôi trơn SKF","95","mo-boi-tron-skf","https://vongbicongnghiep.vn/san-pham/mo-boi-tron-skf-lgep-2-0-4/","https://vongbicongnghiep.vn/wp-content/uploads/2023/01/0901d196809a86f9.png","[""https://vongbicongnghiep.vn/wp-content/uploads/2023/01/0901d196809a86f9.png""]","Mỡ bôi trơn SKF LGEP 2/0.4","Mỡ SKF LGEP 2/0.4 chịu tải cao, chịu áp lớn SKF LGEP 2/0.4 là mỡ gốc dầu khoáng, làm đặc bằng litilium với phụ gia chịu áp lực lớn. Mỡ này cung cấp khả năng bôi trơn tốt trong các ứng dụng thông thường chịu các điều kiện khắc nghiệt và rung động. • Độ ổn định cơ học tuyệt vời • Đặc tính ức chế ăn mòn cực tốt • Hiệu suất EP xuất sắc Các ứng dụng tiêu biểu • Máy làm giấy và bột giấy • Máy nghiền hàm • Cửa đập • Vòng bi lăn làm việc trong ngành thép • Máy móc hạng nặng, ứng dụng rung động • Bánh xe cẩu, puly • Vòng đu quay lớn Đóng gói LGEP 2/0.4 Hộp 400 g LGEP 2/1 Hộp 1 Kg LGEP 2/5 Hộp 5 Kg LGEP 2/18 Thùng 18 Kg LGEP 2/50 Thùng 50 Kg LGEP 2/180 Thùng 180 Kg Thông số kỹ thuật sản phẩm Link Catalog mỡ LGEP 2 ( bản tiếng Anh)","[]","240000","out_of_stock","vongbicongnghiep.vn-wc-store-api-category-search-skf","2026-04-29T13:49:35.238Z"
"35974","SKF","LGEM 2/18-SKF","LGEM 2/18-SKF","LGEM218SKF","Mỡ bôi trơn SKF LGEM 2/18","Mỡ bôi trơn SKF","Mỡ bôi trơn SKF","95","mo-boi-tron-skf","https://vongbicongnghiep.vn/san-pham/mo-boi-tron-skf-lgem-2-18/","https://vongbicongnghiep.vn/wp-content/uploads/2023/01/0901d196809a86e0.png","[""https://vongbicongnghiep.vn/wp-content/uploads/2023/01/0901d196809a86e0.png""]","Mỡ bôi trơn SKF LGEM 2/18","Mỡ vòng bi SKF độ nhớt cao với chất bôi trơn rắn SKF LGEM 2/18 là mỡ bôi trơn gốc dầu khoáng, có độ nhớt cao, sử dụng chất làm đặc là Lithium. Hàm lượng molybdenum disulphide và than chì của nó cung cấp khả năng bảo vệ bổ sung cho các ứng dụng khắc nghiệt chịu tải cao, rung động nặng và quay chậm •Độ bền oxy hóa cao •Molybdenum đisulphide và than chì giúp bôi trơn ngay cả khi dầu bị hỏng Các ứng dụng tiêu biểu •Vòng bi con lăn chạy ở tốc độ thấp, tải trọng rất cao •Máy nghiền hàm •Bánh xe nâng •Máy xây dựng như mâm cơ khí, tay cẩu và móc cẩu Quy cách đóng gói sản phẩm Thông số kỹ thuật sản phẩm Link download Tài liệu sản phẩm mỡ bôi trơn","[]","12042000","out_of_stock","vongbicongnghiep.vn-wc-store-api-category-search-skf","2026-04-29T13:49:35.238Z"
"35971","SKF","LGEM 2/5-SKF","LGEM 2/5-SKF","LGEM25SKF","Mỡ bôi trơn SKF LGEM 2/5","Mỡ bôi trơn SKF","Mỡ bôi trơn SKF","95","mo-boi-tron-skf","https://vongbicongnghiep.vn/san-pham/mo-boi-tron-skf-lgem-2-5/","https://vongbicongnghiep.vn/wp-content/uploads/2023/01/0901d196809a86df.png","[""https://vongbicongnghiep.vn/wp-content/uploads/2023/01/0901d196809a86df.png""]","Mỡ bôi trơn SKF LGEM 2/5","Mỡ vòng bi SKF độ nhớt cao với chất bôi trơn rắn SKF LGEM 2 là mỡ bôi trơn gốc dầu khoáng, có độ nhớt cao, sử dụng chất làm đặc là Lithium. Hàm lượng molybdenum disulphide và than chì của nó cung cấp khả năng bảo vệ bổ sung cho các ứng dụng khắc nghiệt chịu tải cao, rung động nặng và quay chậm •Độ bền oxy hóa cao •Molybdenum đisulphide và than chì giúp bôi trơn ngay cả khi dầu bị hỏng Các ứng dụng tiêu biểu •Vòng bi con lăn chạy ở tốc độ thấp, tải trọng rất cao •Máy nghiền hàm •Bánh xe nâng •Máy xây dựng như mâm cơ khí, tay cẩu và móc cẩu Quy cách đóng gói sản phẩm Thông số kỹ thuật sản phẩm Link download Tài liệu sản phẩm mỡ bôi trơn","[]","3552000","in_stock","vongbicongnghiep.vn-wc-store-api-category-search-skf","2026-04-29T13:49:35.238Z"
"35968","SKF","LGAF 3E/0.5-SKF","LGAF 3E/0.5-SKF","LGAF3E05SKF","Mỡ chống mòn SKF LGAF 3E/0.5","Mỡ bôi trơn SKF","Mỡ bôi trơn SKF","95","mo-boi-tron-skf","https://vongbicongnghiep.vn/san-pham/mo-chong-mon-skf-lgaf-3e-0-5/","https://vongbicongnghiep.vn/wp-content/uploads/2023/01/0901d1968052818b.webp","[""https://vongbicongnghiep.vn/wp-content/uploads/2023/01/0901d1968052818b.webp""]","Mỡ chống mòn SKF LGAF 3E/0.5","Mỡ chống Mòn SKF LGAF 3E trong lon 0.5 kg SKF LGAF 3E là một loại mỡ bôi trơn, mịn để ngăn chặn sự ăn mòn của mối nối do dao động nhẹ hoặc chấn động. Những hư hỏng ăn mòn như vậy có thể làm phức tạp việc tháo vòng bi và dẫn đến hư hỏng vỏ hoặc trục. Thích hợp cho các bề mặt ổ trục và kim loại được sắp xếp lỏng lẻo như màn hình rung, ổ trục bánh xe tải và ô tô Giảm ăn mòn khó chịu và giúp việc tháo vòng bi dễ dàng hơn Hỗ trợ tháo dễ dàng hơn các bộ phận công nghiệp nói chung trong nhiều ứng dụng như đai ốc, bu lông, mặt bích, đinh tán, vòng bi, chốt dẫn hướng, khớp nối, vít kích, trung tâm máy tiện, thanh đẩy và trục spline Performance Base oil viscosity DIN 51562 at 100 °C 50 mm²/s Base oil viscosity DIN 51562 at 40 °C 500 mm²/s Copper corrosion (max.) DIN 51811 /ASTM D4048, 24 hrs at 100°C 2 Corrosion protection, Emcor, ISO 11007 modified, 0.5% NaCl 2-2 Corrosion protection, Emcor, ISO 11007 modified, Water washout 0-0 Corrosion protection, Emcor, ISO 11007, Distilled water 0-0 Dropping point (min) ISO 2176 140 °C EP performance – 4 ball – Wear scar (max.) DIN 51350/5, 1400N 2 mm EP performance – 4 ball – Weld load (min.) DIN 51350/4 3 200 N Penetration DIN ISO 2137, Prolonged (max.), 100 000 strokes, 10-1mm +35 Penetration DIN ISO 2137, Worked, 60 strokes (10-1mm) 265-295 Product weight 0.5 kg Water resistance (max.) DIN 51807/1, 3 hrs at 90 °C 1 Properties Base oil type Mineral/Synthetic Colour Beige DIN 51825 code KPE2G-40 NLGI consistency class 2 Operating temperature range -25 to +250 °C Thickener Lithium","[]","1515000","in_stock","vongbicongnghiep.vn-wc-store-api-category-search-skf","2026-04-29T13:49:35.239Z"
"35965","SKF","LGWA 2/SD250-SKF","LGWA 2/SD250-SKF","LGWA2SD250SKF","Bôi trơn tự động SKF LGWA 2/SD250","Mỡ bôi trơn SKF","Mỡ bôi trơn SKF","95","mo-boi-tron-skf","https://vongbicongnghiep.vn/san-pham/boi-tron-tu-dong-skf-lgwa-2-sd250/","https://vongbicongnghiep.vn/wp-content/uploads/2023/01/0901d196807e255b.png","[""https://vongbicongnghiep.vn/wp-content/uploads/2023/01/0901d196807e255b.png""]","","Bộ bôi trơn tự động có thể dùng lại SKF LGWA 2/SD250 LGWA 2/SD250 Bộ LGWA 2/SD250 này chứa đầy mỡ SKF LGWA 2 cho dải nhiệt độ rộng và áp suất cực cao, được khuyên dùng cho động cơ điện, băng tải, quạt và máy bơm. Bộ nạp lại của chúng tôi dành cho chất bôi trơn SKF SYSTEM 24 chứa đầy mỡ/dầu và có thể được sử dụng với mọi chất bôi trơn TLSD. Để sử dụng bộ nạp dầu, bạn cần có một tấm đỡ có van hồi lưu tích hợp phải được đặt hàng riêng. cài đặt sử dụng linh hoạt từ 1 đến 12 tháng Sẵn sàng sử dụng, có kèm theo pin Có thể được sử dụng với tất cả các chất bôi trơn TLSD Cài đặt nhanh chóng và dễ dàng SKF LGWA 2 là loại mỡ bôi trơn gốc liti, gốc dầu khoáng chất lượng cao với hiệu suất cực áp (EP). LGWA 2 được khuyến nghị cho các ứng dụng công nghiệp và ô tô nói chung, khi tải trọng hoặc nhiệt độ vượt quá phạm vi của mỡ bôi trơn đa năng.. Bôi trơn tuyệt vời ở nhiệt độ cao nhất lên đến 220 ° C (430 ° F) trong thời gian ngắn • Bảo vệ ổ trục bánh xe hoạt động trong điều kiện khắc nghiệt • Bôi trơn hiệu quả trong điều kiện ẩm ướt • Chống nước và chống ăn mòn tốt • Bôi trơn tuyệt vời dưới tải cao và tốc độ thấp Các ứng dụng tiêu biểu • Vòng bi bánh xe ô tô, rơ moóc và xe tải • Máy giặt • Quạt và động cơ điện Đóng gói mỡ LGWA 2 Đóng gói Ký hiệu 250 ml cartridge LGWA 2/SD250 Thông số kỹ thuật mỡ bôi trơn SKF: LGWA 2","[]","893000","in_stock","vongbicongnghiep.vn-wc-store-api-category-search-skf","2026-04-29T13:49:35.240Z"
"35961","SKF","LGWA 2/SD125-SKF","LGWA 2/SD125-SKF","LGWA2SD125SKF","Bôi trơn tự động SKF LGWA 2/SD125","Mỡ bôi trơn SKF","Mỡ bôi trơn SKF","95","mo-boi-tron-skf","https://vongbicongnghiep.vn/san-pham/boi-tron-tu-dong-skf-lgwa-2-sd125/","https://vongbicongnghiep.vn/wp-content/uploads/2023/01/0901d196807e255c.png","[""https://vongbicongnghiep.vn/wp-content/uploads/2023/01/0901d196807e255c.png""]","","Bộ bôi trơn tự động có thể dùng lại SKF LGWA 2/SD125 LGWA 2/SD125 Bộ LGWA 2/SD125 này chứa đầy mỡ SKF LGWA 2 cho dải nhiệt độ rộng và áp suất cực cao, được khuyên dùng cho động cơ điện, băng tải, quạt và máy bơm. Bộ nạp lại của chúng tôi dành cho chất bôi trơn SKF SYSTEM 24 chứa đầy mỡ/dầu và có thể được sử dụng với mọi chất bôi trơn TLSD. Để sử dụng bộ nạp dầu, bạn cần có một tấm đỡ có van hồi lưu tích hợp phải được đặt hàng riêng. cài đặt sử dụng linh hoạt từ 1 đến 12 tháng Sẵn sàng sử dụng, có kèm theo pin Có thể được sử dụng với tất cả các chất bôi trơn TLSD Cài đặt nhanh chóng và dễ dàng SKF LGWA 2 là loại mỡ bôi trơn gốc liti, gốc dầu khoáng chất lượng cao với hiệu suất cực áp (EP). LGWA 2 được khuyến nghị cho các ứng dụng công nghiệp và ô tô nói chung, khi tải trọng hoặc nhiệt độ vượt quá phạm vi của mỡ bôi trơn đa năng.. Bôi trơn tuyệt vời ở nhiệt độ cao nhất lên đến 220 ° C (430 ° F) trong thời gian ngắn • Bảo vệ ổ trục bánh xe hoạt động trong điều kiện khắc nghiệt • Bôi trơn hiệu quả trong điều kiện ẩm ướt • Chống nước và chống ăn mòn tốt • Bôi trơn tuyệt vời dưới tải cao và tốc độ thấp Các ứng dụng tiêu biểu • Vòng bi bánh xe ô tô, rơ moóc và xe tải • Máy giặt • Quạt và động cơ điện Đóng gói mỡ LGWA 2 Đóng gói Ký hiệu 125 ml cartridge LGWA 2/SD125 Thông số kỹ thuật mỡ bôi trơn SKF: LGWA 2","[]","763000","out_of_stock","vongbicongnghiep.vn-wc-store-api-category-search-skf","2026-04-29T13:49:35.241Z"
"35958","SKF","LGWA 2/180-SKF","LGWA 2/180-SKF","LGWA2180SKF","Mỡ bôi trơn SKF LGWA 2/180","Mỡ bôi trơn SKF","Mỡ bôi trơn SKF","95","mo-boi-tron-skf","https://vongbicongnghiep.vn/san-pham/mo-boi-tron-skf-lgwa-2-180/","https://vongbicongnghiep.vn/wp-content/uploads/2023/01/0901d196809a87dc.png","[""https://vongbicongnghiep.vn/wp-content/uploads/2023/01/0901d196809a87dc.png""]","Mỡ bôi trơn SKF LGWA 2/180","Mỡ SKF LGWA 2/180 chịu tải cao, cực áp, dải nhiệt độ rộng SKF LGWA 2 là loại mỡ bôi trơn gốc liti, gốc dầu khoáng chất lượng cao với hiệu suất cực áp (EP). LGWA 2 được khuyến nghị cho các ứng dụng công nghiệp và ô tô nói chung, khi tải trọng hoặc nhiệt độ vượt quá phạm vi của mỡ bôi trơn đa năng.. Bôi trơn tuyệt vời ở nhiệt độ cao nhất lên đến 220 ° C (430 ° F) trong thời gian ngắn • Bảo vệ ổ trục bánh xe hoạt động trong điều kiện khắc nghiệt • Bôi trơn hiệu quả trong điều kiện ẩm ướt • Chống nước và chống ăn mòn tốt • Bôi trơn tuyệt vời dưới tải cao và tốc độ thấp Các ứng dụng tiêu biểu • Vòng bi bánh xe ô tô, rơ moóc và xe tải • Máy giặt • Quạt và động cơ điện Đóng gói mỡ LGWA 2 Đóng gói Ký hiệu 180 kg drum LGWA 2/180 Thông số kỹ thuật mỡ bôi trơn SKF: LGWA 2","[]","82085000","out_of_stock","vongbicongnghiep.vn-wc-store-api-category-search-skf","2026-04-29T13:49:35.241Z"
"35955","SKF","LGWA 2/18-SKF","LGWA 2/18-SKF","LGWA218SKF","Mỡ bôi trơn SKF LGWA 2/18","Mỡ bôi trơn SKF","Mỡ bôi trơn SKF","95","mo-boi-tron-skf","https://vongbicongnghiep.vn/san-pham/mo-boi-tron-skf-lgwa-2-18/","https://vongbicongnghiep.vn/wp-content/uploads/2023/01/0901d196809a87ce.png","[""https://vongbicongnghiep.vn/wp-content/uploads/2023/01/0901d196809a87ce.png""]","Mỡ bôi trơn SKF LGWA 2/18","Mỡ SKF LGWA 2/18 chịu tải cao, cực áp, dải nhiệt độ rộng SKF LGWA 2 là loại mỡ bôi trơn gốc liti, gốc dầu khoáng chất lượng cao với hiệu suất cực áp (EP). LGWA 2 được khuyến nghị cho các ứng dụng công nghiệp và ô tô nói chung, khi tải trọng hoặc nhiệt độ vượt quá phạm vi của mỡ bôi trơn đa năng.. Bôi trơn tuyệt vời ở nhiệt độ cao nhất lên đến 220 ° C (430 ° F) trong thời gian ngắn • Bảo vệ ổ trục bánh xe hoạt động trong điều kiện khắc nghiệt • Bôi trơn hiệu quả trong điều kiện ẩm ướt • Chống nước và chống ăn mòn tốt • Bôi trơn tuyệt vời dưới tải cao và tốc độ thấp Các ứng dụng tiêu biểu • Vòng bi bánh xe ô tô, rơ moóc và xe tải • Máy giặt • Quạt và động cơ điện Đóng gói mỡ LGWA 2 Đóng gói Ký hiệu 18 kg drum LGWA 2/18 Thông số kỹ thuật mỡ bôi trơn SKF: LGWA 2","[]","7478000","in_stock","vongbicongnghiep.vn-wc-store-api-category-search-skf","2026-04-29T13:49:35.242Z"
"35952","SKF","LGWA 2/50-SKF","LGWA 2/50-SKF","LGWA250SKF","Mỡ bôi trơn SKF LGWA 2/50","Mỡ bôi trơn SKF","Mỡ bôi trơn SKF","95","mo-boi-tron-skf","https://vongbicongnghiep.vn/san-pham/mo-boi-tron-skf-lgwa-2-50/","https://vongbicongnghiep.vn/wp-content/uploads/2023/01/0901d196809a87db.png","[""https://vongbicongnghiep.vn/wp-content/uploads/2023/01/0901d196809a87db.png""]","Mỡ bôi trơn SKF LGWA 2/50","Mỡ SKF LGWA 2/50 chịu tải cao, cực áp, dải nhiệt độ rộng SKF LGWA 2 là loại mỡ bôi trơn gốc liti, gốc dầu khoáng chất lượng cao với hiệu suất cực áp (EP). LGWA 2 được khuyến nghị cho các ứng dụng công nghiệp và ô tô nói chung, khi tải trọng hoặc nhiệt độ vượt quá phạm vi của mỡ bôi trơn đa năng.. Bôi trơn tuyệt vời ở nhiệt độ cao nhất lên đến 220 ° C (430 ° F) trong thời gian ngắn • Bảo vệ ổ trục bánh xe hoạt động trong điều kiện khắc nghiệt • Bôi trơn hiệu quả trong điều kiện ẩm ướt • Chống nước và chống ăn mòn tốt • Bôi trơn tuyệt vời dưới tải cao và tốc độ thấp Các ứng dụng tiêu biểu • Vòng bi bánh xe ô tô, rơ moóc và xe tải • Máy giặt • Quạt và động cơ điện Đóng gói mỡ LGWA 2 Đóng gói Ký hiệu 50 kg drum LGWA 2/50 Thông số kỹ thuật mỡ bôi trơn SKF: LGWA 2","[]","26114000","out_of_stock","vongbicongnghiep.vn-wc-store-api-category-search-skf","2026-04-29T13:49:35.242Z"
"35949","SKF","LGWA 2/1-SKF","LGWA 2/1-SKF","LGWA21SKF","Mỡ bôi trơn SKF LGWA 2/1","Mỡ bôi trơn SKF","Mỡ bôi trơn SKF","95","mo-boi-tron-skf","https://vongbicongnghiep.vn/san-pham/mo-boi-tron-skf-lgwa-2-1/","https://vongbicongnghiep.vn/wp-content/uploads/2023/01/0901d196809a87ca.png","[""https://vongbicongnghiep.vn/wp-content/uploads/2023/01/0901d196809a87ca.png""]","Mỡ bôi trơn SKF LGWA 2/1","Mỡ SKF LGWA 2/1 chịu tải cao, cực áp, dải nhiệt độ rộng SKF LGWA 2 là loại mỡ bôi trơn gốc liti, gốc dầu khoáng chất lượng cao với hiệu suất cực áp (EP). LGWA 2 được khuyến nghị cho các ứng dụng công nghiệp và ô tô nói chung, khi tải trọng hoặc nhiệt độ vượt quá phạm vi của mỡ bôi trơn đa năng.. Bôi trơn tuyệt vời ở nhiệt độ cao nhất lên đến 220 ° C (430 ° F) trong thời gian ngắn • Bảo vệ ổ trục bánh xe hoạt động trong điều kiện khắc nghiệt • Bôi trơn hiệu quả trong điều kiện ẩm ướt • Chống nước và chống ăn mòn tốt • Bôi trơn tuyệt vời dưới tải cao và tốc độ thấp Các ứng dụng tiêu biểu • Vòng bi bánh xe ô tô, rơ moóc và xe tải • Máy giặt • Quạt và động cơ điện Đóng gói mỡ LGWA 2 Đóng gói Ký hiệu 1 kg can LGWA 2/1 Thông số kỹ thuật mỡ bôi trơn SKF: LGWA 2","[]","640000","in_stock","vongbicongnghiep.vn-wc-store-api-category-search-skf","2026-04-29T13:49:35.242Z"
"35945","SKF","LGWA 2/5-SKF","LGWA 2/5-SKF","LGWA25SKF","Mỡ bôi trơn SKF LGWA 2/5","Mỡ bôi trơn SKF","Mỡ bôi trơn SKF","95","mo-boi-tron-skf","https://vongbicongnghiep.vn/san-pham/mo-boi-tron-skf-lgwa-2-5/","https://vongbicongnghiep.vn/wp-content/uploads/2023/01/lgwa-7.jpg","[""https://vongbicongnghiep.vn/wp-content/uploads/2023/01/lgwa-7.jpg""]","Mỡ bôi trơn SKF LGWA 2/5","Mỡ SKF LGWA 2/5 chịu tải cao, cực áp, dải nhiệt độ rộng SKF LGWA 2 là loại mỡ bôi trơn gốc liti, gốc dầu khoáng chất lượng cao với hiệu suất cực áp (EP). LGWA 2 được khuyến nghị cho các ứng dụng công nghiệp và ô tô nói chung, khi tải trọng hoặc nhiệt độ vượt quá phạm vi của mỡ bôi trơn đa năng.. Bôi trơn tuyệt vời ở nhiệt độ cao nhất lên đến 220 ° C (430 ° F) trong thời gian ngắn • Bảo vệ ổ trục bánh xe hoạt động trong điều kiện khắc nghiệt • Bôi trơn hiệu quả trong điều kiện ẩm ướt • Chống nước và chống ăn mòn tốt • Bôi trơn tuyệt vời dưới tải cao và tốc độ thấp Các ứng dụng tiêu biểu • Vòng bi bánh xe ô tô, rơ moóc và xe tải • Máy giặt • Quạt và động cơ điện Đóng gói mỡ LGWA 2 Đóng gói Ký hiệu 5 kg can LGWA 2/5 Thông số kỹ thuật mỡ bôi trơn SKF: LGWA 2","[]","2711000","in_stock","vongbicongnghiep.vn-wc-store-api-category-search-skf","2026-04-29T13:49:35.243Z"
"35939","SKF","LGWA 2/0.4-SKF","LGWA 2/0.4-SKF","LGWA204SKF","Mỡ bôi trơn SKF LGWA 2/0.4","Mỡ bôi trơn SKF","Mỡ bôi trơn SKF","95","mo-boi-tron-skf","https://vongbicongnghiep.vn/san-pham/mo-boi-tron-vong-bi-skf-lgwa-2-0-4/","https://vongbicongnghiep.vn/wp-content/uploads/2023/01/360_360_0901d196809a879f-1-copy.png","[""https://vongbicongnghiep.vn/wp-content/uploads/2023/01/360_360_0901d196809a879f-1-copy.png""]","Mỡ bôi trơn vòng bi SKF LGWA 2/0.4","SKF Mỡ chịu tải cao, cực áp, dải nhiệt độ rộng SKF LGWA 2/0.4 là loại mỡ bôi trơn gốc liti, gốc dầu khoáng chất lượng cao với hiệu suất cực áp (EP). LGWA 2/0.4 được khuyến nghị cho các ứng dụng công nghiệp và ô tô nói chung, khi tải trọng hoặc nhiệt độ vượt quá phạm vi của mỡ bôi trơn đa năng.. Bôi trơn tuyệt vời ở nhiệt độ cao nhất lên đến 220 ° C (430 ° F) trong thời gian ngắn • Bảo vệ ổ trục bánh xe hoạt động trong điều kiện khắc nghiệt • Bôi trơn hiệu quả trong điều kiện ẩm ướt • Chống nước và chống ăn mòn tốt • Bôi trơn tuyệt vời dưới tải cao và tốc độ thấp Các ứng dụng tiêu biểu • Vòng bi bánh xe ô tô, rơ moóc và xe tải • Máy giặt • Quạt và động cơ điện Đóng gói mỡ LGWA 2 Đóng gói Ký hiệu 420 ml cartridge LGWA 2/0.4 Thông số kỹ thuật mỡ bôi trơn SKF: LGWA 2","[]","315000","in_stock","vongbicongnghiep.vn-wc-store-api-category-search-skf","2026-04-29T13:49:35.243Z"
"35936","SKF","LGMT 3/180-SKF","LGMT 3/180-SKF","LGMT3180SKF","Mỡ bôi trơn vòng bi SKF LGMT 3/180","Mỡ bôi trơn SKF","Mỡ bôi trơn SKF","95","mo-boi-tron-skf","https://vongbicongnghiep.vn/san-pham/mo-boi-tron-vong-bi-skf-lgmt-3-180/","https://vongbicongnghiep.vn/wp-content/uploads/2023/01/0901d196809a87c6.png","[""https://vongbicongnghiep.vn/wp-content/uploads/2023/01/0901d196809a87c6.png""]","Mỡ bôi trơn vòng bi SKF LGMT 3/180","Mỡ đa năng SKF LGMT 3/180 dùng cho bôi trơn vòng bi Công nghiệp và vòng bi ô tô Ứng dụng: -Trục quay thẳng đứng -Vòng ngoài quay -Trục chân vịt -Con lăn băng tải, gối đỡ vòng bi tang trống. -Motor điện, nhiệt độ vừa. -Máy bơm d>75mm, Tốc độ nhanh/ vòng bi đũa. -Bôi trơn vòng bi ô tô. -Bôi trơn vòng bi thiết bị nông nghiệp. Đóng gói mỡ bôi trơn LGMT 3 – Thùng 180 Kg, Ký hiệu LGMT 3/180 Thông số kỹ thuât: Chất làm đặc: Lithium Màu sắc: Màu hổ phách Nhiệt độ làm việc: – 30°C đến 120°C Điểm chảy (Dropt point): > 180°C Độ nhớt: 40 °C, mm2/s :125 100 °C, mm2/s : 12","[]","52621000","out_of_stock","vongbicongnghiep.vn-wc-store-api-category-search-skf","2026-04-29T13:49:35.243Z"
"35933","SKF","LGMT 3/50-SKF","LGMT 3/50-SKF","LGMT350SKF","Mỡ bôi trơn vòng bi SKF LGMT 3/50","Mỡ bôi trơn SKF","Mỡ bôi trơn SKF","95","mo-boi-tron-skf","https://vongbicongnghiep.vn/san-pham/mo-boi-tron-vong-bi-skf-lgmt-3-50/","https://vongbicongnghiep.vn/wp-content/uploads/2023/01/0901d196809a87c5.webp","[""https://vongbicongnghiep.vn/wp-content/uploads/2023/01/0901d196809a87c5.webp""]","Mỡ bôi trơn vòng bi SKF LGMT 3/50","Mỡ đa năng SKF LGMT 3/50 dùng cho bôi trơn vòng bi Công nghiệp và vòng bi ô tô Ứng dụng: -Trục quay thẳng đứng -Vòng ngoài quay -Trục chân vịt -Con lăn băng tải, gối đỡ vòng bi tang trống. -Motor điện, nhiệt độ vừa. -Máy bơm d>75mm, Tốc độ nhanh/ vòng bi đũa. -Bôi trơn vòng bi ô tô. -Bôi trơn vòng bi thiết bị nông nghiệp. Đóng gói mỡ bôi trơn LGMT 3 – Thùng 50 Kg, Ký hiệu LGMT 3/50 Thông số kỹ thuât: Chất làm đặc: Lithium Màu sắc: Màu hổ phách Nhiệt độ làm việc: – 30°C đến 120°C Điểm chảy (Dropt point): > 180°C Độ nhớt: 40 °C, mm2/s :125 100 °C, mm2/s : 12","[]","15125000","out_of_stock","vongbicongnghiep.vn-wc-store-api-category-search-skf","2026-04-29T13:49:35.243Z"
"35931","SKF","LGMT 3/18-SKF","LGMT 3/18-SKF","LGMT318SKF","Mỡ bôi trơn vòng bi SKF LGMT 3/18","Mỡ bôi trơn SKF","Mỡ bôi trơn SKF","95","mo-boi-tron-skf","https://vongbicongnghiep.vn/san-pham/mo-boi-tron-vong-bi-skf-lgmt-3-18/","https://vongbicongnghiep.vn/wp-content/uploads/2023/01/0901d196809a87c2.webp","[""https://vongbicongnghiep.vn/wp-content/uploads/2023/01/0901d196809a87c2.webp""]","Mỡ bôi trơn vòng bi SKF LGMT 3/18","Mỡ đa năng SKF LGMT 3/18 dùng cho bôi trơn vòng bi Công nghiệp và vòng bi ô tô Ứng dụng: -Trục quay thẳng đứng -Vòng ngoài quay -Trục chân vịt -Con lăn băng tải, gối đỡ vòng bi tang trống. -Motor điện, nhiệt độ vừa. -Máy bơm d>75mm, Tốc độ nhanh/ vòng bi đũa. -Bôi trơn vòng bi ô tô. -Bôi trơn vòng bi thiết bị nông nghiệp. Đóng gói mỡ bôi trơn LGMT 3 – Thùng 18 Kg, Ký hiệu LGMT 3/18 Thông số kỹ thuât: Chất làm đặc: Lithium Màu sắc: Màu hổ phách Nhiệt độ làm việc: – 30°C đến 120°C Điểm chảy (Dropt point): > 180°C Độ nhớt: 40 °C, mm2/s :125 100 °C, mm2/s : 12","[]","6772000","in_stock","vongbicongnghiep.vn-wc-store-api-category-search-skf","2026-04-29T13:49:35.244Z"
"35928","SKF","LGMT 3/5-SKF","LGMT 3/5-SKF","LGMT35SKF","Mỡ bôi trơn vòng bi SKF LGMT 3/5","Mỡ bôi trơn SKF","Mỡ bôi trơn SKF","95","mo-boi-tron-skf","https://vongbicongnghiep.vn/san-pham/mo-boi-tron-vong-bi-skf-lgmt-3-5/","https://vongbicongnghiep.vn/wp-content/uploads/2023/01/0901d196809a87c1.png","[""https://vongbicongnghiep.vn/wp-content/uploads/2023/01/0901d196809a87c1.png""]","Mỡ bôi trơn vòng bi SKF LGMT 3/5","Mỡ đa năng SKF LGMT 3/5 dùng cho bôi trơn vòng bi Công nghiệp và vòng bi ô tô Ứng dụng: -Trục quay thẳng đứng -Vòng ngoài quay -Trục chân vịt -Con lăn băng tải, gối đỡ vòng bi tang trống. -Motor điện, nhiệt độ vừa. -Máy bơm d>75mm, Tốc độ nhanh/ vòng bi đũa. -Bôi trơn vòng bi ô tô. -Bôi trơn vòng bi thiết bị nông nghiệp. Đóng gói mỡ bôi trơn LGMT 3 – Thùng 5 Kg, Ký hiệu LGMT 3/5 Thông số kỹ thuât: Chất làm đặc: Lithium Màu sắc: Màu hổ phách Nhiệt độ làm việc: – 30°C đến 120°C Điểm chảy (Dropt point): > 180°C Độ nhớt: 40 °C, mm2/s :125 100 °C, mm2/s : 12","[]","2039000","in_stock","vongbicongnghiep.vn-wc-store-api-category-search-skf","2026-04-29T13:49:35.244Z"
"35925","SKF","LGMT 3/1-SKF","LGMT 3/1-SKF","LGMT31SKF","Mỡ bôi trơn vòng bi SKF LGMT 3/1","Mỡ bôi trơn SKF","Mỡ bôi trơn SKF","95","mo-boi-tron-skf","https://vongbicongnghiep.vn/san-pham/mo-boi-tron-vong-bi-skf-lgmt-3-1/","https://vongbicongnghiep.vn/wp-content/uploads/2023/01/0901d196809a87bf.png","[""https://vongbicongnghiep.vn/wp-content/uploads/2023/01/0901d196809a87bf.png""]","Mỡ bôi trơn vòng bi SKF LGMT 3/1","Mỡ đa năng SKF LGMT 3/1 dùng cho bôi trơn vòng bi Công nghiệp và vòng bi ô tô Ứng dụng: -Trục quay thẳng đứng -Vòng ngoài quay -Trục chân vịt -Con lăn băng tải, gối đỡ vòng bi tang trống. -Motor điện, nhiệt độ vừa. -Máy bơm d>75mm, Tốc độ nhanh/ vòng bi đũa. -Bôi trơn vòng bi ô tô. -Bôi trơn vòng bi thiết bị nông nghiệp. Đóng gói mỡ bôi trơn LGMT 3 – Hộp 1 Kg, Ký hiệu LGMT 3/1 Thông số kỹ thuât: Chất làm đặc: Lithium Màu sắc: Màu hổ phách Nhiệt độ làm việc: – 30°C đến 120°C Điểm chảy (Dropt point): > 180°C Độ nhớt: 40 °C, mm2/s :125 100 °C, mm2/s : 12","[]","436000","in_stock","vongbicongnghiep.vn-wc-store-api-category-search-skf","2026-04-29T13:49:35.244Z"
"35922","SKF","LGMT 3/0.4-SKF","LGMT 3/0.4-SKF","LGMT304SKF","Mỡ bôi trơn vòng bi SKF LGMT 3/0.4","Mỡ bôi trơn SKF","Mỡ bôi trơn SKF","95","mo-boi-tron-skf","https://vongbicongnghiep.vn/san-pham/mo-boi-tron-vong-bi-skf-lgmt-3-0-4/","https://vongbicongnghiep.vn/wp-content/uploads/2023/01/0901d196809a87c9.png","[""https://vongbicongnghiep.vn/wp-content/uploads/2023/01/0901d196809a87c9.png""]","Mỡ bôi trơn vòng bi SKF LGMT 3/0.4","Mỡ đa năng SKF LGMT 3/0.4 dùng cho bôi trơn vòng bi Công nghiệp và vòng bi ô tô Ứng dụng: -Trục quay thẳng đứng -Vòng ngoài quay -Trục chân vịt -Con lăn băng tải, gối đỡ vòng bi tang trống. -Motor điện, nhiệt độ vừa. -Máy bơm d>75mm, Tốc độ nhanh/ vòng bi đũa. -Bôi trơn vòng bi ô tô. -Bôi trơn vòng bi thiết bị nông nghiệp. Đóng gói mỡ bôi trơn LGMT 3 – Hộp 400 g, Ký hiệu LGMT 3/0.4 Thông số kỹ thuât: Chất làm đặc: Lithium Màu sắc: Màu hổ phách Nhiệt độ làm việc: – 30°C đến 120°C Điểm chảy (Dropt point): > 180°C Độ nhớt: 40 °C, mm2/s :125 100 °C, mm2/s : 12","[]","224000","in_stock","vongbicongnghiep.vn-wc-store-api-category-search-skf","2026-04-29T13:49:35.244Z"
"35918","SKF","LGMT 2/180-SKF","LGMT 2/180-SKF","LGMT2180SKF","Mỡ bôi trơn SKF LGMT 2/180","Mỡ bôi trơn SKF","Mỡ bôi trơn SKF","95","mo-boi-tron-skf","https://vongbicongnghiep.vn/san-pham/mo-boi-tron-skf-lgmt-2-180/","https://vongbicongnghiep.vn/wp-content/uploads/2023/01/0901d196809a87bc.png","[""https://vongbicongnghiep.vn/wp-content/uploads/2023/01/0901d196809a87bc.png""]","Mỡ bôi trơn SKF LGMT 2/180","LGMT 2/180: Mỡ dùng cho ô tô và là loại mỡ đa dụng SKF LGMT 2/180 là mỡ gốc dầu khoáng, làm đặc litilium với độ ổn định nhiệt tuyệt vời trong dải nhiệt độ hoạt động của nó. Mỡ đa dụng, chất lượng cao này phù hợp với nhiều ứng dụng công nghiệp và ô tô. •Tính ổn định oxy hóa tuyệt vời •Ổn định cơ học tốt •Khả năng chống nước tuyệt vời và đặc tính ức chế rỉ sét Quy cách đóng gói: LGMT 2/180 Thùng 180 Kg Thông số kỹ thuật sản phẩm: Tài liệu Catalog sản phẩm – tiếng Anh","[]","54371000","out_of_stock","vongbicongnghiep.vn-wc-store-api-category-search-skf","2026-04-29T13:49:35.244Z"
"35913","SKF","LGMT 2/50-SKF","LGMT 2/50-SKF","LGMT250SKF","Mỡ bôi trơn SKF LGMT 2/50","Mỡ bôi trơn SKF","Mỡ bôi trơn SKF","95","mo-boi-tron-skf","https://vongbicongnghiep.vn/san-pham/mo-boi-tron-skf-lgmt-2-50/","https://vongbicongnghiep.vn/wp-content/uploads/2023/01/360_360_0901d196809a87bb-2.png","[""https://vongbicongnghiep.vn/wp-content/uploads/2023/01/360_360_0901d196809a87bb-2.png""]","","LGMT 2/50: Mỡ dùng cho ô tô và là loại mỡ đa dụng SKF LGMT 2/50 là mỡ gốc dầu khoáng, làm đặc litilium với độ ổn định nhiệt tuyệt vời trong dải nhiệt độ hoạt động của nó. Mỡ đa dụng, chất lượng cao này phù hợp với nhiều ứng dụng công nghiệp và ô tô. •Tính ổn định oxy hóa tuyệt vời •Ổn định cơ học tốt •Khả năng chống nước tuyệt vời và đặc tính ức chế rỉ sét Quy cách đóng gói: LGMT 2/50 Thùng 50 Kg LGMT 2/180 Thùng 180 Kg Thông số kỹ thuật sản phẩm: Tài liệu Catalog sản phẩm – tiếng Anh","[]","18708000","out_of_stock","vongbicongnghiep.vn-wc-store-api-category-search-skf","2026-04-29T13:49:35.245Z"
"35911","SKF","LGMT 2/18-SKF","LGMT 2/18-SKF","LGMT218SKF","Mỡ bôi trơn SKF LGMT 2/18","Mỡ bôi trơn SKF","Mỡ bôi trơn SKF","95","mo-boi-tron-skf","https://vongbicongnghiep.vn/san-pham/mo-boi-tron-skf-lgmt-2-18/","https://vongbicongnghiep.vn/wp-content/uploads/2023/01/360_360_lgmt2.jpg","[""https://vongbicongnghiep.vn/wp-content/uploads/2023/01/360_360_lgmt2.jpg""]","Mỡ bôi trơn SKF LGMT 2/18","LGMT 2/18: Mỡ dùng cho ô tô và là loại mỡ đa dụng SKF LGMT 2 là mỡ gốc dầu khoáng, làm đặc litilium với độ ổn định nhiệt tuyệt vời trong dải nhiệt độ hoạt động của nó. Mỡ đa dụng, chất lượng cao này phù hợp với nhiều ứng dụng công nghiệp và ô tô. •Tính ổn định oxy hóa tuyệt vời •Ổn định cơ học tốt •Khả năng chống nước tuyệt vời và đặc tính ức chế rỉ sét Quy cách đóng gói: LGMT 2/18 Thùng 18 Kg Thông số kỹ thuật sản phẩm: Tài liệu Catalog sản phẩm – tiếng Anh","[]","7232000","in_stock","vongbicongnghiep.vn-wc-store-api-category-search-skf","2026-04-29T13:49:35.245Z"
"35908","SKF","LGMT 2/5-SKF","LGMT 2/5-SKF","LGMT25SKF","Mỡ bôi trơn SKF LGMT 2/5","Mỡ bôi trơn SKF","Mỡ bôi trơn SKF","95","mo-boi-tron-skf","https://vongbicongnghiep.vn/san-pham/mo-boi-tron-skf-lgmt-2-5/","https://vongbicongnghiep.vn/wp-content/uploads/2023/01/360_360_0901d196809a87a0-1.png","[""https://vongbicongnghiep.vn/wp-content/uploads/2023/01/360_360_0901d196809a87a0-1.png""]","","LGMT 2/5: Mỡ dùng cho ô tô và là loại mỡ đa dụng SKF LGMT 2/5 là mỡ gốc dầu khoáng, làm đặc litilium với độ ổn định nhiệt tuyệt vời trong dải nhiệt độ hoạt động của nó. Mỡ đa dụng, chất lượng cao này phù hợp với nhiều ứng dụng công nghiệp và ô tô. •Tính ổn định oxy hóa tuyệt vời •Ổn định cơ học tốt •Khả năng chống nước tuyệt vời và đặc tính ức chế rỉ sét Quy cách đóng gói: LGMT 2/5 Hộp 5 Kg Thông số kỹ thuật sản phẩm: Tài liệu Catalog sản phẩm – tiếng Anh","[]","2207000","in_stock","vongbicongnghiep.vn-wc-store-api-category-search-skf","2026-04-29T13:49:35.245Z"
"35904","SKF","LGMT 2/1-SKF","LGMT 2/1-SKF","LGMT21SKF","Mỡ bôi trơn SKF LGMT 2/1","Mỡ bôi trơn SKF","Mỡ bôi trơn SKF","95","mo-boi-tron-skf","https://vongbicongnghiep.vn/san-pham/mo-boi-tron-skf-lgmt-2-1/","https://vongbicongnghiep.vn/wp-content/uploads/2023/01/360_360_0901d196809a879d-1.png","[""https://vongbicongnghiep.vn/wp-content/uploads/2023/01/360_360_0901d196809a879d-1.png""]","Mỡ bôi trơn SKF LGMT 2/1","LGMT 2: Mỡ dùng cho ô tô và là loại mỡ đa dụng SKF LGMT 2 là mỡ gốc dầu khoáng, làm đặc litilium với độ ổn định nhiệt tuyệt vời trong dải nhiệt độ hoạt động của nó. Mỡ đa dụng, chất lượng cao này phù hợp với nhiều ứng dụng công nghiệp và ô tô. •Tính ổn định oxy hóa tuyệt vời •Ổn định cơ học tốt •Khả năng chống nước tuyệt vời và đặc tính ức chế rỉ sét Quy cách đóng gói: LGMT 2/1 Hộp 1 Kg Thông số kỹ thuật sản phẩm: Tài liệu Catalog sản phẩm – tiếng Anh","[]","485000","in_stock","vongbicongnghiep.vn-wc-store-api-category-search-skf","2026-04-29T13:49:35.245Z"
"35901","SKF","LGMT 2/0.4-SKF","LGMT 2/0.4-SKF","LGMT204SKF","Mỡ bôi trơn SKF LGMT 2/0.4","Mỡ bôi trơn SKF","Mỡ bôi trơn SKF","95","mo-boi-tron-skf","https://vongbicongnghiep.vn/san-pham/mo-boi-tron-skf-lgmt-2-0-4/","https://vongbicongnghiep.vn/wp-content/uploads/2023/01/360_360_0901d196809a879f-1.png","[""https://vongbicongnghiep.vn/wp-content/uploads/2023/01/360_360_0901d196809a879f-1.png""]","","LGMT 2/0.4: Mỡ dùng cho ô tô và là loại mỡ đa dụng SKF LGMT 2 là mỡ gốc dầu khoáng, làm đặc litilium với độ ổn định nhiệt tuyệt vời trong dải nhiệt độ hoạt động của nó. Mỡ đa dụng, chất lượng cao này phù hợp với nhiều ứng dụng công nghiệp và ô tô. •Tính ổn định oxy hóa tuyệt vời •Ổn định cơ học tốt •Khả năng chống nước tuyệt vời và đặc tính ức chế rỉ sét Quy cách đóng gói: LGMT 2/0.4 Hộp 400 g Thông số kỹ thuật sản phẩm: Tài liệu Catalog sản phẩm – tiếng Anh","[]","230000","out_of_stock","vongbicongnghiep.vn-wc-store-api-category-search-skf","2026-04-29T13:49:35.245Z"
"35898","SKF","LGHP 2/180-SKF","LGHP 2/180-SKF","LGHP2180SKF","Mỡ bôi trơn vòng bi SKF LGHP 2/180","Mỡ bôi trơn SKF","Mỡ bôi trơn SKF","95","mo-boi-tron-skf","https://vongbicongnghiep.vn/san-pham/mo-boi-tron-vong-bi-skf-lghp-2-180/","https://vongbicongnghiep.vn/wp-content/uploads/2023/01/0901d196809a877b.png","[""https://vongbicongnghiep.vn/wp-content/uploads/2023/01/0901d196809a877b.png""]","","Mỡ SKF LGHP 2/180 cho vòng bi, hiệu suất cao, nhiệt độ cao Mỡ SKF LGHP 2/180 có gốc khoáng chất lượng cao, sử dụng chất làm đặc Polyurea (di-urea) hiện đại. Nó phù hợp cho động cơ điện và các ứng dụng tương tự. •Làm việc được ở nhiệt độ cao trong thời gian dài •Dải nhiệt độ làm việc rộng •Bảo vệ chống ăn mòn tuyệt vời •Độ ổn định nhiệt và cơ học cao •Hiệu suất khởi động tốt ở nhiệt độ thấp •Khả năng tương thích với mỡ polyurea và lithium thông thường •Thiết bị làm việc êm Các ứng dụng tiêu biểu •Động cơ điện: Nhỏ, vừa và lớn •Quạt công nghiệp, kể cả quạt tốc độ cao •Máy bơm nước •Vòng bi trong máy dệt, xử lý giấy và máy sấy •Xe tải và con lăn lò nung Tải MSDS LGHP 2 Bảng thông số kỹ thuật của mỡ LGHP 2 Bao bì đóng gói mỡ LGHP 2 – Thùng 180 Kg, Ký hiệu LGHP 2/180","[]","105820000","out_of_stock","vongbicongnghiep.vn-wc-store-api-category-search-skf","2026-04-29T13:49:35.246Z"
"35895","SKF","LGHP 2/50-SKF","LGHP 2/50-SKF","LGHP250SKF","Mỡ bôi trơn vòng bi SKF LGHP 2/50","Mỡ bôi trơn SKF","Mỡ bôi trơn SKF","95","mo-boi-tron-skf","https://vongbicongnghiep.vn/san-pham/mo-boi-tron-vong-bi-skf-lghp-2-50/","https://vongbicongnghiep.vn/wp-content/uploads/2023/01/360_360_0901d196809a8771-1.png","[""https://vongbicongnghiep.vn/wp-content/uploads/2023/01/360_360_0901d196809a8771-1.png""]","Mỡ bôi trơn vòng bi SKF LGHP 2/50","Mỡ SKF LGHP 2/50 cho vòng bi, hiệu suất cao, nhiệt độ cao Mỡ SKF LGHP 2/50 có gốc khoáng chất lượng cao, sử dụng chất làm đặc Polyurea (di-urea) hiện đại. Nó phù hợp cho động cơ điện và các ứng dụng tương tự. •Làm việc được ở nhiệt độ cao trong thời gian dài •Dải nhiệt độ làm việc rộng •Bảo vệ chống ăn mòn tuyệt vời •Độ ổn định nhiệt và cơ học cao •Hiệu suất khởi động tốt ở nhiệt độ thấp •Khả năng tương thích với mỡ polyurea và lithium thông thường •Thiết bị làm việc êm Các ứng dụng tiêu biểu •Động cơ điện: Nhỏ, vừa và lớn •Quạt công nghiệp, kể cả quạt tốc độ cao •Máy bơm nước •Vòng bi trong máy dệt, xử lý giấy và máy sấy •Xe tải và con lăn lò nung Bảng thông số kỹ thuật của mỡ LGHP 2 Tải MSDS LGHP 2 Bao bì đóng gói mỡ LGHP 2 – Thùng 50 Kg, Ký hiệu LGHP 2/50","[]","34263000","in_stock","vongbicongnghiep.vn-wc-store-api-category-search-skf","2026-04-29T13:49:35.246Z"
"35890","SKF","LGHP 2/18-SKF","LGHP 2/18-SKF","LGHP218SKF","Mỡ bôi trơn vòng bi SKF LGHP 2/18","Mỡ bôi trơn SKF","Mỡ bôi trơn SKF","95","mo-boi-tron-skf","https://vongbicongnghiep.vn/san-pham/mo-boi-tron-vong-bi-skf-lghp-2-18/","https://vongbicongnghiep.vn/wp-content/uploads/2023/01/360_360_0901d196809a8770-1.png","[""https://vongbicongnghiep.vn/wp-content/uploads/2023/01/360_360_0901d196809a8770-1.png""]","","Mỡ SKF LGHP 2/18 cho vòng bi, hiệu suất cao, nhiệt độ cao Mỡ SKF LGHP 2/18 có gốc khoáng chất lượng cao, sử dụng chất làm đặc Polyurea (di-urea) hiện đại. Nó phù hợp cho động cơ điện và các ứng dụng tương tự. •Làm việc được ở nhiệt độ cao trong thời gian dài •Dải nhiệt độ làm việc rộng •Bảo vệ chống ăn mòn tuyệt vời •Độ ổn định nhiệt và cơ học cao •Hiệu suất khởi động tốt ở nhiệt độ thấp •Khả năng tương thích với mỡ polyurea và lithium thông thường •Thiết bị làm việc êm Các ứng dụng tiêu biểu •Động cơ điện: Nhỏ, vừa và lớn •Quạt công nghiệp, kể cả quạt tốc độ cao •Máy bơm nước •Vòng bi trong máy dệt, xử lý giấy và máy sấy •Xe tải và con lăn lò nung Bảng thông số kỹ thuật của mỡ LGHP 2 Tải MSDS LGHP 2 Bao bì đóng gói mỡ LGHP 2 – Thùng 18 Kg, Ký hiệu LGHP 2/18","[]","12844000","in_stock","vongbicongnghiep.vn-wc-store-api-category-search-skf","2026-04-29T13:49:35.246Z"
"35889","SKF","LGHP 2/5-SKF","LGHP 2/5-SKF","LGHP25SKF","Mỡ bôi trơn vòng bi SKF LGHP 2/5","Mỡ bôi trơn SKF","Mỡ bôi trơn SKF","95","mo-boi-tron-skf","https://vongbicongnghiep.vn/san-pham/mo-boi-tron-vong-bi-skf-lghp-2-5/","https://vongbicongnghiep.vn/wp-content/uploads/2023/01/360_360_0901d196809a876f.png","[""https://vongbicongnghiep.vn/wp-content/uploads/2023/01/360_360_0901d196809a876f.png""]","","Mỡ SKF LGHP 2/5 cho vòng bi, hiệu suất cao, nhiệt độ cao Mỡ SKF LGHP 2/5 có gốc khoáng chất lượng cao, sử dụng chất làm đặc Polyurea (di-urea) hiện đại. Nó phù hợp cho động cơ điện và các ứng dụng tương tự. •Làm việc được ở nhiệt độ cao trong thời gian dài •Dải nhiệt độ làm việc rộng •Bảo vệ chống ăn mòn tuyệt vời •Độ ổn định nhiệt và cơ học cao •Hiệu suất khởi động tốt ở nhiệt độ thấp •Khả năng tương thích với mỡ polyurea và lithium thông thường •Thiết bị làm việc êm Các ứng dụng tiêu biểu •Động cơ điện: Nhỏ, vừa và lớn •Quạt công nghiệp, kể cả quạt tốc độ cao •Máy bơm nước •Vòng bi trong máy dệt, xử lý giấy và máy sấy •Xe tải và con lăn lò nung Bảng thông số kỹ thuật của mỡ LGHP 2 Tải MSDS LGHP 2 Bao bì đóng gói mỡ LGHP 2 – Thùng 5 Kg, Ký hiệu LGHP 2/5","[]","3782000","in_stock","vongbicongnghiep.vn-wc-store-api-category-search-skf","2026-04-29T13:49:35.246Z"
"35875","SKF","LGHP 2/1-SKF","LGHP 2/1-SKF","LGHP21SKF","Mỡ bôi trơn vòng bi SKF LGHP 2/1","Mỡ bôi trơn SKF","Mỡ bôi trơn SKF","95","mo-boi-tron-skf","https://vongbicongnghiep.vn/san-pham/mo-boi-tron-vong-bi-skf-lghp-2-1/","https://vongbicongnghiep.vn/wp-content/uploads/2023/01/348_348_0901d196809a876d.png","[""https://vongbicongnghiep.vn/wp-content/uploads/2023/01/348_348_0901d196809a876d.png""]","","Mỡ SKF LGHP 2/1 cho vòng bi, hiệu suất cao, nhiệt độ cao Mỡ SKF LGHP 2/1 có gốc khoáng chất lượng cao, sử dụng chất làm đặc Polyurea (di-urea) hiện đại. Nó phù hợp cho động cơ điện và các ứng dụng tương tự. •Làm việc được ở nhiệt độ cao trong thời gian dài •Dải nhiệt độ làm việc rộng •Bảo vệ chống ăn mòn tuyệt vời •Độ ổn định nhiệt và cơ học cao •Hiệu suất khởi động tốt ở nhiệt độ thấp •Khả năng tương thích với mỡ polyurea và lithium thông thường •Thiết bị làm việc êm Các ứng dụng tiêu biểu •Động cơ điện: Nhỏ, vừa và lớn •Quạt công nghiệp, kể cả quạt tốc độ cao •Máy bơm nước •Vòng bi trong máy dệt, xử lý giấy và máy sấy •Xe tải và con lăn lò nung Bảng thông số kỹ thuật của mỡ LGHP 2 Tải MSDS LGHP 2 Bao bì đóng gói mỡ LGHP 2/1 – Thùng 1 Kg, Ký hiệu LGHP 2/1","[]","854000","in_stock","vongbicongnghiep.vn-wc-store-api-category-search-skf","2026-04-29T13:49:35.246Z"
"35871","SKF","LGHP 2/0.4-SKF","LGHP 2/0.4-SKF","LGHP204SKF","Mỡ bôi trơn vòng bi SKF LGHP 2/0.4","Mỡ bôi trơn SKF","Mỡ bôi trơn SKF","95","mo-boi-tron-skf","https://vongbicongnghiep.vn/san-pham/mo-boi-tron-vong-bi-skf-lghp-2-0-4/","https://vongbicongnghiep.vn/wp-content/uploads/2021/11/LGHP2-6.jpg","[""https://vongbicongnghiep.vn/wp-content/uploads/2021/11/LGHP2-6.jpg"",""https://vongbicongnghiep.vn/wp-content/uploads/2022/04/LGHP2-6.jpg""]","","Mỡ SKF LGHP 2/0.4 cho vòng bi, hiệu suất cao, nhiệt độ cao Mỡ SKF LGHP 2/0.4 có gốc khoáng chất lượng cao, sử dụng chất làm đặc Polyurea (di-urea) hiện đại. Nó phù hợp cho động cơ điện và các ứng dụng tương tự. •Làm việc được ở nhiệt độ cao trong thời gian dài •Dải nhiệt độ làm việc rộng •Bảo vệ chống ăn mòn tuyệt vời •Độ ổn định nhiệt và cơ học cao •Hiệu suất khởi động tốt ở nhiệt độ thấp •Khả năng tương thích với mỡ polyurea và lithium thông thường •Thiết bị làm việc êm Các ứng dụng tiêu biểu •Động cơ điện: Nhỏ, vừa và lớn •Quạt công nghiệp, kể cả quạt tốc độ cao •Máy bơm nước •Vòng bi trong máy dệt, xử lý giấy và máy sấy •Xe tải và con lăn lò nung Bảng thông số kỹ thuật của mỡ LGHP 2 Bao bì đóng gói mỡ LGHP 2/0.4 – Hộp 400 g, Ký hiệu LGHP 2/0.4","[]","411000","in_stock","vongbicongnghiep.vn-wc-store-api-category-search-skf","2026-04-29T13:49:35.247Z"
"34968","SKF","LGED 2/1-SKF","LGED 2/1-SKF","LGED21SKF","Mỡ Bôi Trơn SKF LGED 2/1","Mỡ bôi trơn SKF","Mỡ bôi trơn SKF | HỆ THỐNG BÔI TRƠN","95","mo-boi-tron-skf","https://vongbicongnghiep.vn/san-pham/mo-boi-tron-skf-lged-2/","https://vongbicongnghiep.vn/wp-content/uploads/2022/10/lged2.jpg","[""https://vongbicongnghiep.vn/wp-content/uploads/2022/10/lged2.jpg""]","Mỡ Bôi Trơn SKF LGED 2","Mỡ bôi trơn SKF LGED 2/1 SKF LGED 2 là loại mỡ được chứng nhận NSF H1 cấp thực phẩm dựa trên dầu flo tổng hợp sử dụng chất làm đặc PTFE. Nó phù hợp với nhiệt độ cực cao từ 180 ° C (392 ° F) đến 240 ° C (464 ° F) và / hoặc môi trường xâm thực như axit / kiềm, chân không, oxy, v.v. Các tính năng và lợi ích • Chống oxy hóa tuyệt vời • Tổn thất do bay hơi rất thấp ở nhiệt độ cao • Chống ăn mòn tốt • Tuổi thọ cao trong môi trường xâm thực chẳng hạn như các khu vực rất dễ phản ứng với sự hiện diện của oxy và hexan dạng khí có độ tinh khiết cao • NSF H1 đã đăng ký Các ứng dụng tiêu biểu • Thiết bị làm bánh / lò gạch • Công nghiệp thủy tinh • Bánh xe tải lò nung • Tải con lăn trong máy sao chép • Thiết bị nướng bánh wafer • Máy sấy dệt • Đấu thầu căng phim • Quạt nhiệt độ cao • Máy bơm chân không Sản phẩm mỡ Bôi trơn Lựa chọn mỡ Bôi trơn Các thiết bị bơm mỡ bôi trơn bằng tay","[]","22928000","out_of_stock","vongbicongnghiep.vn-wc-store-api-category-search-skf","2026-04-29T13:49:35.247Z"