id,brand,sku,code,normalizedCode,name,category,categories,sourceCategoryId,sourceCategoryLabel,url,image,images,shortDescription,description,attributes,price,stockStatus,source,crawledAt
"65826","SKF","PHC S62X5MTR-SKF","PHC S62X5MTR-SKF","PHCS62X5MTRSKF","PHC S62X5MTR","Xích","Xích","87","xich","https://vongbicongnghiep.vn/san-pham/san-pham-15630/","https://vongbicongnghiep.vn/wp-content/uploads/2024/12/PHC-BL.png","[""https://vongbicongnghiep.vn/wp-content/uploads/2024/12/PHC-BL.png""]","","","[]","3054000","out_of_stock","vongbicongnghiep.vn-wc-store-api-category-search-skf","2026-04-29T13:54:41.890Z"
"65825","SKF","PHC S52X5MTR-SKF","PHC S52X5MTR-SKF","PHCS52X5MTRSKF","PHC S52X5MTR","Xích","Xích","87","xich","https://vongbicongnghiep.vn/san-pham/san-pham-15629/","https://vongbicongnghiep.vn/wp-content/uploads/2024/12/PHC-BL.png","[""https://vongbicongnghiep.vn/wp-content/uploads/2024/12/PHC-BL.png""]","","","[]","2309000","out_of_stock","vongbicongnghiep.vn-wc-store-api-category-search-skf","2026-04-29T13:54:41.890Z"
"65824","SKF","PHC S52-O/L-SKF","PHC S52-O/L-SKF","PHCS52OLSKF","PHC S52-O/L","Xích","Xích","87","xich","https://vongbicongnghiep.vn/san-pham/san-pham-15628/","https://vongbicongnghiep.vn/wp-content/uploads/2024/12/PHC-OL.png","[""https://vongbicongnghiep.vn/wp-content/uploads/2024/12/PHC-OL.png""]","","","[]","162000","out_of_stock","vongbicongnghiep.vn-wc-store-api-category-search-skf","2026-04-29T13:54:41.890Z"
"65823","SKF","PHC S52-C/L-SKF","PHC S52-C/L-SKF","PHCS52CLSKF","PHC S52-C/L","Xích","Xích","87","xich","https://vongbicongnghiep.vn/san-pham/san-pham-15627/","https://vongbicongnghiep.vn/wp-content/uploads/2024/12/PHC-CL.png","[""https://vongbicongnghiep.vn/wp-content/uploads/2024/12/PHC-CL.png""]","","","[]","81000","out_of_stock","vongbicongnghiep.vn-wc-store-api-category-search-skf","2026-04-29T13:54:41.890Z"
"65822","SKF","PHC LL4088X10FT-SKF","PHC LL4088X10FT-SKF","PHCLL4088X10FTSKF","PHC LL4088X10FT","Xích","Xích","87","xich","https://vongbicongnghiep.vn/san-pham/san-pham-15626/","https://vongbicongnghiep.vn/wp-content/uploads/2024/12/PHC-BL.png","[""https://vongbicongnghiep.vn/wp-content/uploads/2024/12/PHC-BL.png""]","","","[]","33710000","out_of_stock","vongbicongnghiep.vn-wc-store-api-category-search-skf","2026-04-29T13:54:41.890Z"
"65821","SKF","PHC LL2066X10FT-SKF","PHC LL2066X10FT-SKF","PHCLL2066X10FTSKF","PHC LL2066X10FT","Xích","Xích","87","xich","https://vongbicongnghiep.vn/san-pham/san-pham-15625/","https://vongbicongnghiep.vn/wp-content/uploads/2024/12/PHC-BL.png","[""https://vongbicongnghiep.vn/wp-content/uploads/2024/12/PHC-BL.png""]","","","[]","4186000","out_of_stock","vongbicongnghiep.vn-wc-store-api-category-search-skf","2026-04-29T13:54:41.890Z"
"65820","SKF","PHC LL1644X10FT-SKF","PHC LL1644X10FT-SKF","PHCLL1644X10FTSKF","PHC LL1644X10FT","Xích","Xích","87","xich","https://vongbicongnghiep.vn/san-pham/san-pham-15624/","https://vongbicongnghiep.vn/wp-content/uploads/2024/12/PHC-BL.png","[""https://vongbicongnghiep.vn/wp-content/uploads/2024/12/PHC-BL.png""]","","","[]","1788000","out_of_stock","vongbicongnghiep.vn-wc-store-api-category-search-skf","2026-04-29T13:54:41.890Z"
"65819","SKF","PHC LL0866X5MTR-SKF","PHC LL0866X5MTR-SKF","PHCLL0866X5MTRSKF","PHC LL0866X5MTR","Xích","Xích","87","xich","https://vongbicongnghiep.vn/san-pham/san-pham-15623/","https://vongbicongnghiep.vn/wp-content/uploads/2024/12/PHC-BL.png","[""https://vongbicongnghiep.vn/wp-content/uploads/2024/12/PHC-BL.png""]","","","[]","1385000","out_of_stock","vongbicongnghiep.vn-wc-store-api-category-search-skf","2026-04-29T13:54:41.890Z"
"65818","SKF","PHC C32B-2X5MTR-SKF","PHC C32B-2X5MTR-SKF","PHCC32B2X5MTRSKF","PHC C32B-2X5MTR","Xích","Xích","87","xich","https://vongbicongnghiep.vn/san-pham/san-pham-15622/","https://vongbicongnghiep.vn/wp-content/uploads/2024/12/PHC-2FT.png","[""https://vongbicongnghiep.vn/wp-content/uploads/2024/12/PHC-2FT.png"",""https://vongbicongnghiep.vn/wp-content/uploads/product_images/truyen-dong/xich/xich-ansi.jpg""]","","","[]","22109000","out_of_stock","vongbicongnghiep.vn-wc-store-api-category-search-skf","2026-04-29T13:54:41.890Z"
"65817","SKF","PHC C32B-1X5MTR-SKF","PHC C32B-1X5MTR-SKF","PHCC32B1X5MTRSKF","PHC C32B-1X5MTR","Xích","Xích","87","xich","https://vongbicongnghiep.vn/san-pham/san-pham-15621/","https://vongbicongnghiep.vn/wp-content/uploads/2024/12/PHC-1FT.png","[""https://vongbicongnghiep.vn/wp-content/uploads/2024/12/PHC-1FT.png"",""https://vongbicongnghiep.vn/wp-content/uploads/2024/12/BV-PHC-1FT.png""]","","","[]","11054000","out_of_stock","vongbicongnghiep.vn-wc-store-api-category-search-skf","2026-04-29T13:54:41.890Z"
"65816","SKF","PHC C32B-1C/L-SKF","PHC C32B-1C/L-SKF","PHCC32B1CLSKF","PHC C32B-1C/L","Xích","Xích","87","xich","https://vongbicongnghiep.vn/san-pham/san-pham-15620/","https://vongbicongnghiep.vn/wp-content/uploads/2024/12/PHC-CL.png","[""https://vongbicongnghiep.vn/wp-content/uploads/2024/12/PHC-CL.png""]","","","[]","466000","out_of_stock","vongbicongnghiep.vn-wc-store-api-category-search-skf","2026-04-29T13:54:41.890Z"
"65815","SKF","PHC C28B-2X5MTR-SKF","PHC C28B-2X5MTR-SKF","PHCC28B2X5MTRSKF","PHC C28B-2X5MTR","Xích","Xích","87","xich","https://vongbicongnghiep.vn/san-pham/san-pham-15619/","https://vongbicongnghiep.vn/wp-content/uploads/2024/12/PHC-2FT.png","[""https://vongbicongnghiep.vn/wp-content/uploads/2024/12/PHC-2FT.png"",""https://vongbicongnghiep.vn/wp-content/uploads/product_images/truyen-dong/xich/xich-ansi.jpg""]","","","[]","17387000","out_of_stock","vongbicongnghiep.vn-wc-store-api-category-search-skf","2026-04-29T13:54:41.890Z"
"65814","SKF","PHC C28B-1X5MTR-SKF","PHC C28B-1X5MTR-SKF","PHCC28B1X5MTRSKF","PHC C28B-1X5MTR","Xích","Xích","87","xich","https://vongbicongnghiep.vn/san-pham/san-pham-15618/","https://vongbicongnghiep.vn/wp-content/uploads/2024/12/PHC-1FT.png","[""https://vongbicongnghiep.vn/wp-content/uploads/2024/12/PHC-1FT.png"",""https://vongbicongnghiep.vn/wp-content/uploads/2024/12/BV-PHC-1FT.png""]","","","[]","8693000","out_of_stock","vongbicongnghiep.vn-wc-store-api-category-search-skf","2026-04-29T13:54:41.890Z"
"65813","SKF","PHC C24B-2X5MTR-SKF","PHC C24B-2X5MTR-SKF","PHCC24B2X5MTRSKF","PHC C24B-2X5MTR","Xích","Xích","87","xich","https://vongbicongnghiep.vn/san-pham/san-pham-15617/","https://vongbicongnghiep.vn/wp-content/uploads/2024/12/PHC-2FT.png","[""https://vongbicongnghiep.vn/wp-content/uploads/2024/12/PHC-2FT.png"",""https://vongbicongnghiep.vn/wp-content/uploads/product_images/truyen-dong/xich/xich-ansi.jpg""]","","","[]","14523000","out_of_stock","vongbicongnghiep.vn-wc-store-api-category-search-skf","2026-04-29T13:54:41.890Z"
"65812","SKF","PHC C24B-1X5MTR-SKF","PHC C24B-1X5MTR-SKF","PHCC24B1X5MTRSKF","PHC C24B-1X5MTR","Xích","Xích","87","xich","https://vongbicongnghiep.vn/san-pham/san-pham-15616/","https://vongbicongnghiep.vn/wp-content/uploads/2024/12/PHC-1FT.png","[""https://vongbicongnghiep.vn/wp-content/uploads/2024/12/PHC-1FT.png"",""https://vongbicongnghiep.vn/wp-content/uploads/2024/12/BV-PHC-1FT.png""]","","","[]","7261000","out_of_stock","vongbicongnghiep.vn-wc-store-api-category-search-skf","2026-04-29T13:54:41.890Z"
"65811","SKF","PHC C24B-1C/L-SKF","PHC C24B-1C/L-SKF","PHCC24B1CLSKF","PHC C24B-1C/L","Xích","Xích","87","xich","https://vongbicongnghiep.vn/san-pham/san-pham-15615/","https://vongbicongnghiep.vn/wp-content/uploads/2024/12/PHC-CL.png","[""https://vongbicongnghiep.vn/wp-content/uploads/2024/12/PHC-CL.png""]","","","[]","231000","out_of_stock","vongbicongnghiep.vn-wc-store-api-category-search-skf","2026-04-29T13:54:41.890Z"
"65810","SKF","PHC C24A-1C/L-SKF","PHC C24A-1C/L-SKF","PHCC24A1CLSKF","PHC C24A-1C/L","Xích","Xích","87","xich","https://vongbicongnghiep.vn/san-pham/san-pham-15614/","https://vongbicongnghiep.vn/wp-content/uploads/2024/12/PHC-CL.png","[""https://vongbicongnghiep.vn/wp-content/uploads/2024/12/PHC-CL.png""]","","","[]","241000","out_of_stock","vongbicongnghiep.vn-wc-store-api-category-search-skf","2026-04-29T13:54:41.890Z"
"65809","SKF","PHC C2162X10FT-SKF","PHC C2162X10FT-SKF","PHCC2162X10FTSKF","PHC C2162X10FT","Xích","Xích","87","xich","https://vongbicongnghiep.vn/san-pham/san-pham-15613/","https://vongbicongnghiep.vn/wp-content/uploads/2024/12/PHC-1FT.png","[""https://vongbicongnghiep.vn/wp-content/uploads/2024/12/PHC-1FT.png"",""https://vongbicongnghiep.vn/wp-content/uploads/2024/12/bv-phc2xxxx.png""]","","","[]","7811000","out_of_stock","vongbicongnghiep.vn-wc-store-api-category-search-skf","2026-04-29T13:54:41.890Z"
"65808","SKF","PHC C2162-O/L-SKF","PHC C2162-O/L-SKF","PHCC2162OLSKF","PHC C2162-O/L","Xích","Xích","87","xich","https://vongbicongnghiep.vn/san-pham/san-pham-15612/","https://vongbicongnghiep.vn/wp-content/uploads/2024/12/PHC-OL.png","[""https://vongbicongnghiep.vn/wp-content/uploads/2024/12/PHC-OL.png""]","","","[]","1397000","out_of_stock","vongbicongnghiep.vn-wc-store-api-category-search-skf","2026-04-29T13:54:41.890Z"
"65807","SKF","PHC C2162HX10FT-SKF","PHC C2162HX10FT-SKF","PHCC2162HX10FTSKF","PHC C2162HX10FT","Xích","Xích","87","xich","https://vongbicongnghiep.vn/san-pham/san-pham-15611/","https://vongbicongnghiep.vn/wp-content/uploads/2024/12/PHC-1FT.png","[""https://vongbicongnghiep.vn/wp-content/uploads/2024/12/PHC-1FT.png"",""https://vongbicongnghiep.vn/wp-content/uploads/2024/12/bv-phc2xxxx.png""]","","","[]","9373000","out_of_stock","vongbicongnghiep.vn-wc-store-api-category-search-skf","2026-04-29T13:54:41.890Z"
"65806","SKF","PHC C2162H-O/L-SKF","PHC C2162H-O/L-SKF","PHCC2162HOLSKF","PHC C2162H-O/L","Xích","Xích","87","xich","https://vongbicongnghiep.vn/san-pham/san-pham-15610/","https://vongbicongnghiep.vn/wp-content/uploads/2024/12/PHC-OL.png","[""https://vongbicongnghiep.vn/wp-content/uploads/2024/12/PHC-OL.png""]","","","[]","1649000","out_of_stock","vongbicongnghiep.vn-wc-store-api-category-search-skf","2026-04-29T13:54:41.890Z"
"65805","SKF","PHC C2162H-C/L-SKF","PHC C2162H-C/L-SKF","PHCC2162HCLSKF","PHC C2162H-C/L","Xích","Xích","87","xich","https://vongbicongnghiep.vn/san-pham/san-pham-15609/","https://vongbicongnghiep.vn/wp-content/uploads/2024/12/PHC-CL.png","[""https://vongbicongnghiep.vn/wp-content/uploads/2024/12/PHC-CL.png""]","","","[]","826000","out_of_stock","vongbicongnghiep.vn-wc-store-api-category-search-skf","2026-04-29T13:54:41.890Z"
"65804","SKF","PHC C2162-C/L-SKF","PHC C2162-C/L-SKF","PHCC2162CLSKF","PHC C2162-C/L","Xích","Xích","87","xich","https://vongbicongnghiep.vn/san-pham/san-pham-15608/","https://vongbicongnghiep.vn/wp-content/uploads/2024/12/PHC-CL.png","[""https://vongbicongnghiep.vn/wp-content/uploads/2024/12/PHC-CL.png""]","","","[]","700000","out_of_stock","vongbicongnghiep.vn-wc-store-api-category-search-skf","2026-04-29T13:54:41.890Z"
"65803","SKF","PHC C2160X10FT-SKF","PHC C2160X10FT-SKF","PHCC2160X10FTSKF","PHC C2160X10FT","Xích","Xích","87","xich","https://vongbicongnghiep.vn/san-pham/san-pham-15607/","https://vongbicongnghiep.vn/wp-content/uploads/2024/12/PHC-1FT.png","[""https://vongbicongnghiep.vn/wp-content/uploads/2024/12/PHC-1FT.png"",""https://vongbicongnghiep.vn/wp-content/uploads/2024/12/bv-phc2xxxx.png""]","","","[]","5208000","out_of_stock","vongbicongnghiep.vn-wc-store-api-category-search-skf","2026-04-29T13:54:41.890Z"
"65802","SKF","PHC C2160-O/L-SKF","PHC C2160-O/L-SKF","PHCC2160OLSKF","PHC C2160-O/L","Xích","Xích","87","xich","https://vongbicongnghiep.vn/san-pham/san-pham-15606/","https://vongbicongnghiep.vn/wp-content/uploads/2024/12/PHC-OL.png","[""https://vongbicongnghiep.vn/wp-content/uploads/2024/12/PHC-OL.png""]","","","[]","1397000","out_of_stock","vongbicongnghiep.vn-wc-store-api-category-search-skf","2026-04-29T13:54:41.890Z"
"65801","SKF","PHC C2160HX10FT-SKF","PHC C2160HX10FT-SKF","PHCC2160HX10FTSKF","PHC C2160HX10FT","Xích","Xích","87","xich","https://vongbicongnghiep.vn/san-pham/san-pham-15605/","https://vongbicongnghiep.vn/wp-content/uploads/2024/12/PHC-1FT.png","[""https://vongbicongnghiep.vn/wp-content/uploads/2024/12/PHC-1FT.png"",""https://vongbicongnghiep.vn/wp-content/uploads/2024/12/bv-phc2xxxx.png""]","","","[]","6247000","out_of_stock","vongbicongnghiep.vn-wc-store-api-category-search-skf","2026-04-29T13:54:41.890Z"
"65800","SKF","PHC C2160H-O/L-SKF","PHC C2160H-O/L-SKF","PHCC2160HOLSKF","PHC C2160H-O/L","Xích","Xích","87","xich","https://vongbicongnghiep.vn/san-pham/san-pham-15604/","https://vongbicongnghiep.vn/wp-content/uploads/2024/12/PHC-OL.png","[""https://vongbicongnghiep.vn/wp-content/uploads/2024/12/PHC-OL.png""]","","","[]","1649000","out_of_stock","vongbicongnghiep.vn-wc-store-api-category-search-skf","2026-04-29T13:54:41.890Z"
"65799","SKF","PHC C2160H-C/L-SKF","PHC C2160H-C/L-SKF","PHCC2160HCLSKF","PHC C2160H-C/L","Xích","Xích","87","xich","https://vongbicongnghiep.vn/san-pham/san-pham-15603/","https://vongbicongnghiep.vn/wp-content/uploads/2024/12/PHC-CL.png","[""https://vongbicongnghiep.vn/wp-content/uploads/2024/12/PHC-CL.png""]","","","[]","826000","out_of_stock","vongbicongnghiep.vn-wc-store-api-category-search-skf","2026-04-29T13:54:41.890Z"
"65798","SKF","PHC C2160-C/L-SKF","PHC C2160-C/L-SKF","PHCC2160CLSKF","PHC C2160-C/L","Xích","Xích","87","xich","https://vongbicongnghiep.vn/san-pham/san-pham-15602/","https://vongbicongnghiep.vn/wp-content/uploads/2024/12/PHC-CL.png","[""https://vongbicongnghiep.vn/wp-content/uploads/2024/12/PHC-CL.png""]","","","[]","700000","out_of_stock","vongbicongnghiep.vn-wc-store-api-category-search-skf","2026-04-29T13:54:41.890Z"
"65797","SKF","PHC C2122X10FT-SKF","PHC C2122X10FT-SKF","PHCC2122X10FTSKF","PHC C2122X10FT","Xích","Xích","87","xich","https://vongbicongnghiep.vn/san-pham/san-pham-15601/","https://vongbicongnghiep.vn/wp-content/uploads/2024/12/PHC-1FT.png","[""https://vongbicongnghiep.vn/wp-content/uploads/2024/12/PHC-1FT.png"",""https://vongbicongnghiep.vn/wp-content/uploads/2024/12/bv-phc2xxxx.png""]","","","[]","5012000","out_of_stock","vongbicongnghiep.vn-wc-store-api-category-search-skf","2026-04-29T13:54:41.890Z"
"65796","SKF","PHC C2122-O/L-SKF","PHC C2122-O/L-SKF","PHCC2122OLSKF","PHC C2122-O/L","Xích","Xích","87","xich","https://vongbicongnghiep.vn/san-pham/san-pham-15600/","https://vongbicongnghiep.vn/wp-content/uploads/2024/12/PHC-OL.png","[""https://vongbicongnghiep.vn/wp-content/uploads/2024/12/PHC-OL.png""]","","","[]","635000","out_of_stock","vongbicongnghiep.vn-wc-store-api-category-search-skf","2026-04-29T13:54:41.890Z"
"65795","SKF","PHC C2122HX10FT-SKF","PHC C2122HX10FT-SKF","PHCC2122HX10FTSKF","PHC C2122HX10FT","Xích","Xích","87","xich","https://vongbicongnghiep.vn/san-pham/san-pham-15599/","https://vongbicongnghiep.vn/wp-content/uploads/2024/12/PHC-1FT.png","[""https://vongbicongnghiep.vn/wp-content/uploads/2024/12/PHC-1FT.png"",""https://vongbicongnghiep.vn/wp-content/uploads/2024/12/bv-phc2xxxx.png""]","","","[]","6016000","out_of_stock","vongbicongnghiep.vn-wc-store-api-category-search-skf","2026-04-29T13:54:41.890Z"
"65794","SKF","PHC C2122H-O/L-SKF","PHC C2122H-O/L-SKF","PHCC2122HOLSKF","PHC C2122H-O/L","Xích","Xích","87","xich","https://vongbicongnghiep.vn/san-pham/san-pham-15598/","https://vongbicongnghiep.vn/wp-content/uploads/2024/12/PHC-OL.png","[""https://vongbicongnghiep.vn/wp-content/uploads/2024/12/PHC-OL.png""]","","","[]","762000","out_of_stock","vongbicongnghiep.vn-wc-store-api-category-search-skf","2026-04-29T13:54:41.890Z"
"65793","SKF","PHC C2122H-C/L-SKF","PHC C2122H-C/L-SKF","PHCC2122HCLSKF","PHC C2122H-C/L","Xích","Xích","87","xich","https://vongbicongnghiep.vn/san-pham/san-pham-15597/","https://vongbicongnghiep.vn/wp-content/uploads/2024/12/PHC-CL.png","[""https://vongbicongnghiep.vn/wp-content/uploads/2024/12/PHC-CL.png""]","","","[]","382000","out_of_stock","vongbicongnghiep.vn-wc-store-api-category-search-skf","2026-04-29T13:54:41.890Z"
"65792","SKF","PHC C2122-C/L-SKF","PHC C2122-C/L-SKF","PHCC2122CLSKF","PHC C2122-C/L","Xích","Xích","87","xich","https://vongbicongnghiep.vn/san-pham/san-pham-15596/","https://vongbicongnghiep.vn/wp-content/uploads/2024/12/PHC-CL.png","[""https://vongbicongnghiep.vn/wp-content/uploads/2024/12/PHC-CL.png""]","","","[]","317000","out_of_stock","vongbicongnghiep.vn-wc-store-api-category-search-skf","2026-04-29T13:54:41.890Z"
"65791","SKF","PHC C2120X10FT-SKF","PHC C2120X10FT-SKF","PHCC2120X10FTSKF","PHC C2120X10FT","Xích","Xích","87","xich","https://vongbicongnghiep.vn/san-pham/san-pham-15595/","https://vongbicongnghiep.vn/wp-content/uploads/2024/12/PHC-1FT.png","[""https://vongbicongnghiep.vn/wp-content/uploads/2024/12/PHC-1FT.png"",""https://vongbicongnghiep.vn/wp-content/uploads/2024/12/bv-phc2xxxx.png""]","","","[]","2897000","out_of_stock","vongbicongnghiep.vn-wc-store-api-category-search-skf","2026-04-29T13:54:41.890Z"
"65790","SKF","PHC C2120-O/L-SKF","PHC C2120-O/L-SKF","PHCC2120OLSKF","PHC C2120-O/L","Xích","Xích","87","xich","https://vongbicongnghiep.vn/san-pham/san-pham-15594/","https://vongbicongnghiep.vn/wp-content/uploads/2024/12/PHC-OL.png","[""https://vongbicongnghiep.vn/wp-content/uploads/2024/12/PHC-OL.png""]","","","[]","635000","out_of_stock","vongbicongnghiep.vn-wc-store-api-category-search-skf","2026-04-29T13:54:41.890Z"
"65789","SKF","PHC C2120HX10FT-SKF","PHC C2120HX10FT-SKF","PHCC2120HX10FTSKF","PHC C2120HX10FT","Xích","Xích","87","xich","https://vongbicongnghiep.vn/san-pham/san-pham-15593/","https://vongbicongnghiep.vn/wp-content/uploads/2024/12/PHC-1FT.png","[""https://vongbicongnghiep.vn/wp-content/uploads/2024/12/PHC-1FT.png"",""https://vongbicongnghiep.vn/wp-content/uploads/2024/12/bv-phc2xxxx.png""]","","","[]","3271000","out_of_stock","vongbicongnghiep.vn-wc-store-api-category-search-skf","2026-04-29T13:54:41.890Z"
"65788","SKF","PHC C2120H-O/L-SKF","PHC C2120H-O/L-SKF","PHCC2120HOLSKF","PHC C2120H-O/L","Xích","Xích","87","xich","https://vongbicongnghiep.vn/san-pham/san-pham-15592/","https://vongbicongnghiep.vn/wp-content/uploads/2024/12/PHC-OL.png","[""https://vongbicongnghiep.vn/wp-content/uploads/2024/12/PHC-OL.png""]","","","[]","762000","out_of_stock","vongbicongnghiep.vn-wc-store-api-category-search-skf","2026-04-29T13:54:41.890Z"
"65787","SKF","PHC C2120H-C/L-SKF","PHC C2120H-C/L-SKF","PHCC2120HCLSKF","PHC C2120H-C/L","Xích","Xích","87","xich","https://vongbicongnghiep.vn/san-pham/san-pham-15591/","https://vongbicongnghiep.vn/wp-content/uploads/2024/12/PHC-CL.png","[""https://vongbicongnghiep.vn/wp-content/uploads/2024/12/PHC-CL.png""]","","","[]","382000","out_of_stock","vongbicongnghiep.vn-wc-store-api-category-search-skf","2026-04-29T13:54:41.890Z"
"65786","SKF","PHC C2120-C/L-SKF","PHC C2120-C/L-SKF","PHCC2120CLSKF","PHC C2120-C/L","Xích","Xích","87","xich","https://vongbicongnghiep.vn/san-pham/san-pham-15590/","https://vongbicongnghiep.vn/wp-content/uploads/2024/12/PHC-CL.png","[""https://vongbicongnghiep.vn/wp-content/uploads/2024/12/PHC-CL.png""]","","","[]","317000","out_of_stock","vongbicongnghiep.vn-wc-store-api-category-search-skf","2026-04-29T13:54:41.890Z"
"65785","SKF","PHC C2102X10FT-SKF","PHC C2102X10FT-SKF","PHCC2102X10FTSKF","PHC C2102X10FT","Xích","Xích","87","xich","https://vongbicongnghiep.vn/san-pham/san-pham-15589/","https://vongbicongnghiep.vn/wp-content/uploads/2024/12/PHC-1FT.png","[""https://vongbicongnghiep.vn/wp-content/uploads/2024/12/PHC-1FT.png"",""https://vongbicongnghiep.vn/wp-content/uploads/2024/12/bv-phc2xxxx.png""]","","","[]","3040000","out_of_stock","vongbicongnghiep.vn-wc-store-api-category-search-skf","2026-04-29T13:54:41.890Z"
"65784","SKF","PHC C2102-O/L-SKF","PHC C2102-O/L-SKF","PHCC2102OLSKF","PHC C2102-O/L","Xích","Xích","87","xich","https://vongbicongnghiep.vn/san-pham/san-pham-15588/","https://vongbicongnghiep.vn/wp-content/uploads/2024/12/PHC-OL.png","[""https://vongbicongnghiep.vn/wp-content/uploads/2024/12/PHC-OL.png""]","","","[]","265000","out_of_stock","vongbicongnghiep.vn-wc-store-api-category-search-skf","2026-04-29T13:54:41.890Z"
"65783","SKF","PHC C2102HX10FT-SKF","PHC C2102HX10FT-SKF","PHCC2102HX10FTSKF","PHC C2102HX10FT","Xích","Xích","87","xich","https://vongbicongnghiep.vn/san-pham/san-pham-15587/","https://vongbicongnghiep.vn/wp-content/uploads/2024/12/PHC-1FT.png","[""https://vongbicongnghiep.vn/wp-content/uploads/2024/12/PHC-1FT.png"",""https://vongbicongnghiep.vn/wp-content/uploads/2024/12/bv-phc2xxxx.png""]","","","[]","3647000","out_of_stock","vongbicongnghiep.vn-wc-store-api-category-search-skf","2026-04-29T13:54:41.890Z"
"65782","SKF","PHC C2102H-O/L-SKF","PHC C2102H-O/L-SKF","PHCC2102HOLSKF","PHC C2102H-O/L","Xích","Xích","87","xich","https://vongbicongnghiep.vn/san-pham/san-pham-15586/","https://vongbicongnghiep.vn/wp-content/uploads/2024/12/PHC-OL.png","[""https://vongbicongnghiep.vn/wp-content/uploads/2024/12/PHC-OL.png""]","","","[]","334000","out_of_stock","vongbicongnghiep.vn-wc-store-api-category-search-skf","2026-04-29T13:54:41.890Z"
"65781","SKF","PHC C2102H-C/L-SKF","PHC C2102H-C/L-SKF","PHCC2102HCLSKF","PHC C2102H-C/L","Xích","Xích","87","xich","https://vongbicongnghiep.vn/san-pham/san-pham-15585/","https://vongbicongnghiep.vn/wp-content/uploads/2024/12/PHC-CL.png","[""https://vongbicongnghiep.vn/wp-content/uploads/2024/12/PHC-CL.png""]","","","[]","165000","out_of_stock","vongbicongnghiep.vn-wc-store-api-category-search-skf","2026-04-29T13:54:41.890Z"
"65780","SKF","PHC C2102-C/L-SKF","PHC C2102-C/L-SKF","PHCC2102CLSKF","PHC C2102-C/L","Xích","Xích","87","xich","https://vongbicongnghiep.vn/san-pham/san-pham-15584/","https://vongbicongnghiep.vn/wp-content/uploads/2024/12/PHC-CL.png","[""https://vongbicongnghiep.vn/wp-content/uploads/2024/12/PHC-CL.png""]","","","[]","133000","out_of_stock","vongbicongnghiep.vn-wc-store-api-category-search-skf","2026-04-29T13:54:41.890Z"
"65779","SKF","PHC C2100X10FT-SKF","PHC C2100X10FT-SKF","PHCC2100X10FTSKF","PHC C2100X10FT","Xích","Xích","87","xich","https://vongbicongnghiep.vn/san-pham/san-pham-15583/","https://vongbicongnghiep.vn/wp-content/uploads/2024/12/PHC-1FT.png","[""https://vongbicongnghiep.vn/wp-content/uploads/2024/12/PHC-1FT.png"",""https://vongbicongnghiep.vn/wp-content/uploads/2024/12/bv-phc2xxxx.png""]","","","[]","2139000","out_of_stock","vongbicongnghiep.vn-wc-store-api-category-search-skf","2026-04-29T13:54:41.890Z"
"65778","SKF","PHC C2100-O/L-SKF","PHC C2100-O/L-SKF","PHCC2100OLSKF","PHC C2100-O/L","Xích","Xích","87","xich","https://vongbicongnghiep.vn/san-pham/san-pham-15582/","https://vongbicongnghiep.vn/wp-content/uploads/2024/12/PHC-OL.png","[""https://vongbicongnghiep.vn/wp-content/uploads/2024/12/PHC-OL.png""]","","","[]","265000","out_of_stock","vongbicongnghiep.vn-wc-store-api-category-search-skf","2026-04-29T13:54:41.890Z"
"65777","SKF","PHC C2100HX10FT-SKF","PHC C2100HX10FT-SKF","PHCC2100HX10FTSKF","PHC C2100HX10FT","Xích","Xích","87","xich","https://vongbicongnghiep.vn/san-pham/san-pham-15581/","https://vongbicongnghiep.vn/wp-content/uploads/2024/12/PHC-1FT.png","[""https://vongbicongnghiep.vn/wp-content/uploads/2024/12/PHC-1FT.png"",""https://vongbicongnghiep.vn/wp-content/uploads/2024/12/bv-phc2xxxx.png""]","","","[]","2674000","out_of_stock","vongbicongnghiep.vn-wc-store-api-category-search-skf","2026-04-29T13:54:41.890Z"
"65776","SKF","PHC C2100H-O/L-SKF","PHC C2100H-O/L-SKF","PHCC2100HOLSKF","PHC C2100H-O/L","Xích","Xích","87","xich","https://vongbicongnghiep.vn/san-pham/san-pham-15580/","https://vongbicongnghiep.vn/wp-content/uploads/2024/12/PHC-OL.png","[""https://vongbicongnghiep.vn/wp-content/uploads/2024/12/PHC-OL.png""]","","","[]","334000","out_of_stock","vongbicongnghiep.vn-wc-store-api-category-search-skf","2026-04-29T13:54:41.890Z"
"65775","SKF","PHC C2100H-C/L-SKF","PHC C2100H-C/L-SKF","PHCC2100HCLSKF","PHC C2100H-C/L","Xích","Xích","87","xich","https://vongbicongnghiep.vn/san-pham/san-pham-15579/","https://vongbicongnghiep.vn/wp-content/uploads/2024/12/PHC-CL.png","[""https://vongbicongnghiep.vn/wp-content/uploads/2024/12/PHC-CL.png""]","","","[]","165000","out_of_stock","vongbicongnghiep.vn-wc-store-api-category-search-skf","2026-04-29T13:54:41.890Z"
"65774","SKF","PHC C2100-C/L-SKF","PHC C2100-C/L-SKF","PHCC2100CLSKF","PHC C2100-C/L","Xích","Xích","87","xich","https://vongbicongnghiep.vn/san-pham/san-pham-15578/","https://vongbicongnghiep.vn/wp-content/uploads/2024/12/PHC-CL.png","[""https://vongbicongnghiep.vn/wp-content/uploads/2024/12/PHC-CL.png""]","","","[]","133000","out_of_stock","vongbicongnghiep.vn-wc-store-api-category-search-skf","2026-04-29T13:54:41.890Z"
"65773","SKF","PHC C20B-2X5MTR-SKF","PHC C20B-2X5MTR-SKF","PHCC20B2X5MTRSKF","PHC C20B-2X5MTR","Xích","Xích","87","xich","https://vongbicongnghiep.vn/san-pham/san-pham-15577/","https://vongbicongnghiep.vn/wp-content/uploads/2024/12/PHC-2FT.png","[""https://vongbicongnghiep.vn/wp-content/uploads/2024/12/PHC-2FT.png"",""https://vongbicongnghiep.vn/wp-content/uploads/product_images/truyen-dong/xich/xich-ansi.jpg""]","","","[]","8156000","out_of_stock","vongbicongnghiep.vn-wc-store-api-category-search-skf","2026-04-29T13:54:41.890Z"
"65772","SKF","PHC C20B-1X5MTR-SKF","PHC C20B-1X5MTR-SKF","PHCC20B1X5MTRSKF","PHC C20B-1X5MTR","Xích","Xích","87","xich","https://vongbicongnghiep.vn/san-pham/san-pham-15576/","https://vongbicongnghiep.vn/wp-content/uploads/2024/12/PHC-1FT.png","[""https://vongbicongnghiep.vn/wp-content/uploads/2024/12/PHC-1FT.png"",""https://vongbicongnghiep.vn/wp-content/uploads/2024/12/BV-PHC-1FT.png""]","","","[]","4078000","out_of_stock","vongbicongnghiep.vn-wc-store-api-category-search-skf","2026-04-29T13:54:41.890Z"
"65771","SKF","PHC C20B-1X10FT-SKF","PHC C20B-1X10FT-SKF","PHCC20B1X10FTSKF","PHC C20B-1X10FT","Xích","Xích","87","xich","https://vongbicongnghiep.vn/san-pham/san-pham-15575/","https://vongbicongnghiep.vn/wp-content/uploads/2024/12/PHC-1FT.png","[""https://vongbicongnghiep.vn/wp-content/uploads/2024/12/PHC-1FT.png"",""https://vongbicongnghiep.vn/wp-content/uploads/2024/12/BV-PHC-1FT.png""]","","","[]","2486000","out_of_stock","vongbicongnghiep.vn-wc-store-api-category-search-skf","2026-04-29T13:54:41.890Z"
"65770","SKF","PHC C2082X10FT-SKF","PHC C2082X10FT-SKF","PHCC2082X10FTSKF","PHC C2082X10FT","Xích","Xích","87","xich","https://vongbicongnghiep.vn/san-pham/san-pham-15574/","https://vongbicongnghiep.vn/wp-content/uploads/2024/12/PHC-1FT.png","[""https://vongbicongnghiep.vn/wp-content/uploads/2024/12/PHC-1FT.png"",""https://vongbicongnghiep.vn/wp-content/uploads/2024/12/bv-phc2xxxx.png""]","","","[]","2113000","out_of_stock","vongbicongnghiep.vn-wc-store-api-category-search-skf","2026-04-29T13:54:41.890Z"
"65769","SKF","PHC C2082-O/L-SKF","PHC C2082-O/L-SKF","PHCC2082OLSKF","PHC C2082-O/L","Xích","Xích","87","xich","https://vongbicongnghiep.vn/san-pham/san-pham-15573/","https://vongbicongnghiep.vn/wp-content/uploads/2024/12/PHC-OL.png","[""https://vongbicongnghiep.vn/wp-content/uploads/2024/12/PHC-OL.png""]","","","[]","142000","out_of_stock","vongbicongnghiep.vn-wc-store-api-category-search-skf","2026-04-29T13:54:41.890Z"
"65768","SKF","PHC C2082HX10FT-SKF","PHC C2082HX10FT-SKF","PHCC2082HX10FTSKF","PHC C2082HX10FT","Xích","Xích","87","xich","https://vongbicongnghiep.vn/san-pham/san-pham-15572/","https://vongbicongnghiep.vn/wp-content/uploads/2024/12/PHC-1FT.png","[""https://vongbicongnghiep.vn/wp-content/uploads/2024/12/PHC-1FT.png"",""https://vongbicongnghiep.vn/wp-content/uploads/2024/12/bv-phc2xxxx.png""]","","","[]","2481000","out_of_stock","vongbicongnghiep.vn-wc-store-api-category-search-skf","2026-04-29T13:54:41.890Z"
"65767","SKF","PHC C2082H-O/L-SKF","PHC C2082H-O/L-SKF","PHCC2082HOLSKF","PHC C2082H-O/L","Xích","Xích","87","xich","https://vongbicongnghiep.vn/san-pham/san-pham-15571/","https://vongbicongnghiep.vn/wp-content/uploads/2024/12/PHC-OL.png","[""https://vongbicongnghiep.vn/wp-content/uploads/2024/12/PHC-OL.png""]","","","[]","177000","out_of_stock","vongbicongnghiep.vn-wc-store-api-category-search-skf","2026-04-29T13:54:41.890Z"
"65766","SKF","PHC C2082H-C/L-SKF","PHC C2082H-C/L-SKF","PHCC2082HCLSKF","PHC C2082H-C/L","Xích","Xích","87","xich","https://vongbicongnghiep.vn/san-pham/san-pham-15570/","https://vongbicongnghiep.vn/wp-content/uploads/2024/12/PHC-CL.png","[""https://vongbicongnghiep.vn/wp-content/uploads/2024/12/PHC-CL.png""]","","","[]","88000","out_of_stock","vongbicongnghiep.vn-wc-store-api-category-search-skf","2026-04-29T13:54:41.890Z"
"65765","SKF","PHC C2082-C/L-SKF","PHC C2082-C/L-SKF","PHCC2082CLSKF","PHC C2082-C/L","Xích","Xích","87","xich","https://vongbicongnghiep.vn/san-pham/san-pham-15569/","https://vongbicongnghiep.vn/wp-content/uploads/2024/12/PHC-CL.png","[""https://vongbicongnghiep.vn/wp-content/uploads/2024/12/PHC-CL.png""]","","","[]","71000","out_of_stock","vongbicongnghiep.vn-wc-store-api-category-search-skf","2026-04-29T13:54:41.890Z"
"65764","SKF","PHC C2080X10FT-SKF","PHC C2080X10FT-SKF","PHCC2080X10FTSKF","PHC C2080X10FT","Xích","Xích","87","xich","https://vongbicongnghiep.vn/san-pham/san-pham-15568/","https://vongbicongnghiep.vn/wp-content/uploads/2024/12/PHC-1FT.png","[""https://vongbicongnghiep.vn/wp-content/uploads/2024/12/PHC-1FT.png"",""https://vongbicongnghiep.vn/wp-content/uploads/2024/12/bv-phc2xxxx.png""]","","","[]","1286000","out_of_stock","vongbicongnghiep.vn-wc-store-api-category-search-skf","2026-04-29T13:54:41.890Z"
"65763","SKF","PHC C2080-O/L-SKF","PHC C2080-O/L-SKF","PHCC2080OLSKF","PHC C2080-O/L","Xích","Xích","87","xich","https://vongbicongnghiep.vn/san-pham/san-pham-15567/","https://vongbicongnghiep.vn/wp-content/uploads/2024/12/PHC-OL.png","[""https://vongbicongnghiep.vn/wp-content/uploads/2024/12/PHC-OL.png""]","","","[]","142000","out_of_stock","vongbicongnghiep.vn-wc-store-api-category-search-skf","2026-04-29T13:54:41.890Z"
"65762","SKF","PHC C2080HX10FT-SKF","PHC C2080HX10FT-SKF","PHCC2080HX10FTSKF","PHC C2080HX10FT","Xích","Xích","87","xich","https://vongbicongnghiep.vn/san-pham/san-pham-15566/","https://vongbicongnghiep.vn/wp-content/uploads/2024/12/PHC-1FT.png","[""https://vongbicongnghiep.vn/wp-content/uploads/2024/12/PHC-1FT.png"",""https://vongbicongnghiep.vn/wp-content/uploads/2024/12/bv-phc2xxxx.png""]","","","[]","1541000","out_of_stock","vongbicongnghiep.vn-wc-store-api-category-search-skf","2026-04-29T13:54:41.890Z"
"65761","SKF","PHC C2080H-O/L-SKF","PHC C2080H-O/L-SKF","PHCC2080HOLSKF","PHC C2080H-O/L","Xích","Xích","87","xich","https://vongbicongnghiep.vn/san-pham/san-pham-15565/","https://vongbicongnghiep.vn/wp-content/uploads/2024/12/PHC-OL.png","[""https://vongbicongnghiep.vn/wp-content/uploads/2024/12/PHC-OL.png""]","","","[]","177000","out_of_stock","vongbicongnghiep.vn-wc-store-api-category-search-skf","2026-04-29T13:54:41.890Z"
"65760","SKF","PHC C2080H-C/L-SKF","PHC C2080H-C/L-SKF","PHCC2080HCLSKF","PHC C2080H-C/L","Xích","Xích","87","xich","https://vongbicongnghiep.vn/san-pham/san-pham-15564/","https://vongbicongnghiep.vn/wp-content/uploads/2024/12/PHC-CL.png","[""https://vongbicongnghiep.vn/wp-content/uploads/2024/12/PHC-CL.png""]","","","[]","88000","out_of_stock","vongbicongnghiep.vn-wc-store-api-category-search-skf","2026-04-29T13:54:41.890Z"
"65759","SKF","PHC C2080-C/L-SKF","PHC C2080-C/L-SKF","PHCC2080CLSKF","PHC C2080-C/L","Xích","Xích","87","xich","https://vongbicongnghiep.vn/san-pham/san-pham-15563/","https://vongbicongnghiep.vn/wp-content/uploads/2024/12/PHC-CL.png","[""https://vongbicongnghiep.vn/wp-content/uploads/2024/12/PHC-CL.png""]","","","[]","71000","out_of_stock","vongbicongnghiep.vn-wc-store-api-category-search-skf","2026-04-29T13:54:41.890Z"
"65758","SKF","PHC C2062X10FT-SKF","PHC C2062X10FT-SKF","PHCC2062X10FTSKF","PHC C2062X10FT","Xích","Xích","87","xich","https://vongbicongnghiep.vn/san-pham/san-pham-15562/","https://vongbicongnghiep.vn/wp-content/uploads/2024/12/PHC-1FT.png","[""https://vongbicongnghiep.vn/wp-content/uploads/2024/12/PHC-1FT.png"",""https://vongbicongnghiep.vn/wp-content/uploads/2024/12/bv-phc2xxxx.png""]","","","[]","1375000","out_of_stock","vongbicongnghiep.vn-wc-store-api-category-search-skf","2026-04-29T13:54:41.890Z"
"65757","SKF","PHC C2062-O/L-SKF","PHC C2062-O/L-SKF","PHCC2062OLSKF","PHC C2062-O/L","Xích","Xích","87","xich","https://vongbicongnghiep.vn/san-pham/san-pham-15561/","https://vongbicongnghiep.vn/wp-content/uploads/2024/12/PHC-OL.png","[""https://vongbicongnghiep.vn/wp-content/uploads/2024/12/PHC-OL.png""]","","","[]","66000","out_of_stock","vongbicongnghiep.vn-wc-store-api-category-search-skf","2026-04-29T13:54:41.890Z"
"65756","SKF","PHC C2062HX10FT-SKF","PHC C2062HX10FT-SKF","PHCC2062HX10FTSKF","PHC C2062HX10FT","Xích","Xích","87","xich","https://vongbicongnghiep.vn/san-pham/san-pham-15560/","https://vongbicongnghiep.vn/wp-content/uploads/2024/12/PHC-1FT.png","[""https://vongbicongnghiep.vn/wp-content/uploads/2024/12/PHC-1FT.png"",""https://vongbicongnghiep.vn/wp-content/uploads/2024/12/bv-phc2xxxx.png""]","","","[]","1660000","out_of_stock","vongbicongnghiep.vn-wc-store-api-category-search-skf","2026-04-29T13:54:41.890Z"
"65755","SKF","PHC C2062H-O/L-SKF","PHC C2062H-O/L-SKF","PHCC2062HOLSKF","PHC C2062H-O/L","Xích","Xích","87","xich","https://vongbicongnghiep.vn/san-pham/san-pham-15559/","https://vongbicongnghiep.vn/wp-content/uploads/2024/12/PHC-OL.png","[""https://vongbicongnghiep.vn/wp-content/uploads/2024/12/PHC-OL.png""]","","","[]","80000","out_of_stock","vongbicongnghiep.vn-wc-store-api-category-search-skf","2026-04-29T13:54:41.890Z"
"65754","SKF","PHC C2062H-L4K2X80LK-SKF","PHC C2062H-L4K2X80LK-SKF","PHCC2062HL4K2X80LKSKF","PHC C2062H-L4K2X80LK","Xích","Xích","87","xich","https://vongbicongnghiep.vn/san-pham/san-pham-15558/","https://vongbicongnghiep.vn/wp-content/uploads/2024/12/phc-2xxxxl.png","[""https://vongbicongnghiep.vn/wp-content/uploads/2024/12/phc-2xxxxl.png""]","","","[]","2907000","out_of_stock","vongbicongnghiep.vn-wc-store-api-category-search-skf","2026-04-29T13:54:41.890Z"
"65753","SKF","PHC C2062H-C/L-SKF","PHC C2062H-C/L-SKF","PHCC2062HCLSKF","PHC C2062H-C/L","Xích","Xích","87","xich","https://vongbicongnghiep.vn/san-pham/san-pham-15557/","https://vongbicongnghiep.vn/wp-content/uploads/2024/12/PHC-CL.png","[""https://vongbicongnghiep.vn/wp-content/uploads/2024/12/PHC-CL.png""]","","","[]","41000","out_of_stock","vongbicongnghiep.vn-wc-store-api-category-search-skf","2026-04-29T13:54:41.890Z"
"65752","SKF","PHC C2062-C/L-SKF","PHC C2062-C/L-SKF","PHCC2062CLSKF","PHC C2062-C/L","Xích","Xích","87","xich","https://vongbicongnghiep.vn/san-pham/san-pham-15556/","https://vongbicongnghiep.vn/wp-content/uploads/2024/12/PHC-CL.png","[""https://vongbicongnghiep.vn/wp-content/uploads/2024/12/PHC-CL.png""]","","","[]","34000","out_of_stock","vongbicongnghiep.vn-wc-store-api-category-search-skf","2026-04-29T13:54:41.890Z"
"65751","SKF","PHC C2060X10FT-SKF","PHC C2060X10FT-SKF","PHCC2060X10FTSKF","PHC C2060X10FT","Xích","Xích","87","xich","https://vongbicongnghiep.vn/san-pham/san-pham-15555/","https://vongbicongnghiep.vn/wp-content/uploads/2024/12/PHC-1FT.png","[""https://vongbicongnghiep.vn/wp-content/uploads/2024/12/PHC-1FT.png"",""https://vongbicongnghiep.vn/wp-content/uploads/2024/12/bv-phc2xxxx.png""]","","","[]","732000","out_of_stock","vongbicongnghiep.vn-wc-store-api-category-search-skf","2026-04-29T13:54:41.890Z"
"65750","SKF","PHC C2060-O/L-SKF","PHC C2060-O/L-SKF","PHCC2060OLSKF","PHC C2060-O/L","Xích","Xích","87","xich","https://vongbicongnghiep.vn/san-pham/san-pham-15554/","https://vongbicongnghiep.vn/wp-content/uploads/2024/12/PHC-OL.png","[""https://vongbicongnghiep.vn/wp-content/uploads/2024/12/PHC-OL.png""]","","","[]","66000","out_of_stock","vongbicongnghiep.vn-wc-store-api-category-search-skf","2026-04-29T13:54:41.890Z"
"65749","SKF","PHC C2060-L4K2X10FT-SKF","PHC C2060-L4K2X10FT-SKF","PHCC2060L4K2X10FTSKF","PHC C2060-L4K2X10FT","Xích","Xích","87","xich","https://vongbicongnghiep.vn/san-pham/san-pham-15553/","https://vongbicongnghiep.vn/wp-content/uploads/2024/12/phc-2xxxxl.png","[""https://vongbicongnghiep.vn/wp-content/uploads/2024/12/phc-2xxxxl.png""]","","","[]","1281000","out_of_stock","vongbicongnghiep.vn-wc-store-api-category-search-skf","2026-04-29T13:54:41.890Z"
"65748","SKF","PHC C2060HX10FT-SKF","PHC C2060HX10FT-SKF","PHCC2060HX10FTSKF","PHC C2060HX10FT","Xích","Xích","87","xich","https://vongbicongnghiep.vn/san-pham/san-pham-15552/","https://vongbicongnghiep.vn/wp-content/uploads/2024/12/PHC-1FT.png","[""https://vongbicongnghiep.vn/wp-content/uploads/2024/12/PHC-1FT.png"",""https://vongbicongnghiep.vn/wp-content/uploads/2024/12/bv-phc2xxxx.png""]","","","[]","882000","out_of_stock","vongbicongnghiep.vn-wc-store-api-category-search-skf","2026-04-29T13:54:41.890Z"
"65747","SKF","PHC C2060H-O/L-SKF","PHC C2060H-O/L-SKF","PHCC2060HOLSKF","PHC C2060H-O/L","Xích","Xích","87","xich","https://vongbicongnghiep.vn/san-pham/san-pham-15551/","https://vongbicongnghiep.vn/wp-content/uploads/2024/12/PHC-OL.png","[""https://vongbicongnghiep.vn/wp-content/uploads/2024/12/PHC-OL.png""]","","","[]","80000","out_of_stock","vongbicongnghiep.vn-wc-store-api-category-search-skf","2026-04-29T13:54:41.890Z"
"65746","SKF","PHC C2060H-C/L-SKF","PHC C2060H-C/L-SKF","PHCC2060HCLSKF","PHC C2060H-C/L","Xích","Xích","87","xich","https://vongbicongnghiep.vn/san-pham/san-pham-15550/","https://vongbicongnghiep.vn/wp-content/uploads/2024/12/PHC-CL.png","[""https://vongbicongnghiep.vn/wp-content/uploads/2024/12/PHC-CL.png""]","","","[]","41000","out_of_stock","vongbicongnghiep.vn-wc-store-api-category-search-skf","2026-04-29T13:54:41.890Z"
"65745","SKF","PHC C2060-C/L-SKF","PHC C2060-C/L-SKF","PHCC2060CLSKF","PHC C2060-C/L","Xích","Xích","87","xich","https://vongbicongnghiep.vn/san-pham/san-pham-15549/","https://vongbicongnghiep.vn/wp-content/uploads/2024/12/PHC-CL.png","[""https://vongbicongnghiep.vn/wp-content/uploads/2024/12/PHC-CL.png""]","","","[]","34000","out_of_stock","vongbicongnghiep.vn-wc-store-api-category-search-skf","2026-04-29T13:54:41.890Z"
"65744","SKF","PHC C2052X10FT-SKF","PHC C2052X10FT-SKF","PHCC2052X10FTSKF","PHC C2052X10FT","Xích","Xích","87","xich","https://vongbicongnghiep.vn/san-pham/san-pham-15548/","https://vongbicongnghiep.vn/wp-content/uploads/2024/12/PHC-1FT.png","[""https://vongbicongnghiep.vn/wp-content/uploads/2024/12/PHC-1FT.png"",""https://vongbicongnghiep.vn/wp-content/uploads/2024/12/bv-phc2xxxx.png""]","","","[]","1152000","out_of_stock","vongbicongnghiep.vn-wc-store-api-category-search-skf","2026-04-29T13:54:41.890Z"
"65743","SKF","PHC C2052-O/L-SKF","PHC C2052-O/L-SKF","PHCC2052OLSKF","PHC C2052-O/L","Xích","Xích","87","xich","https://vongbicongnghiep.vn/san-pham/san-pham-15547/","https://vongbicongnghiep.vn/wp-content/uploads/2024/12/PHC-OL.png","[""https://vongbicongnghiep.vn/wp-content/uploads/2024/12/PHC-OL.png""]","","","[]","57000","out_of_stock","vongbicongnghiep.vn-wc-store-api-category-search-skf","2026-04-29T13:54:41.890Z"
"65742","SKF","PHC C2052-C/L-SKF","PHC C2052-C/L-SKF","PHCC2052CLSKF","PHC C2052-C/L","Xích","Xích","87","xich","https://vongbicongnghiep.vn/san-pham/san-pham-15546/","https://vongbicongnghiep.vn/wp-content/uploads/2024/12/PHC-CL.png","[""https://vongbicongnghiep.vn/wp-content/uploads/2024/12/PHC-CL.png""]","","","[]","26000","out_of_stock","vongbicongnghiep.vn-wc-store-api-category-search-skf","2026-04-29T13:54:41.890Z"
"65741","SKF","PHC C2050X10FT-SKF","PHC C2050X10FT-SKF","PHCC2050X10FTSKF","PHC C2050X10FT","Xích","Xích","87","xich","https://vongbicongnghiep.vn/san-pham/san-pham-15545/","https://vongbicongnghiep.vn/wp-content/uploads/2024/12/PHC-1FT.png","[""https://vongbicongnghiep.vn/wp-content/uploads/2024/12/PHC-1FT.png"",""https://vongbicongnghiep.vn/wp-content/uploads/2024/12/bv-phc2xxxx.png""]","","","[]","553000","out_of_stock","vongbicongnghiep.vn-wc-store-api-category-search-skf","2026-04-29T13:54:41.890Z"
"65740","SKF","PHC C2050-O/L-SKF","PHC C2050-O/L-SKF","PHCC2050OLSKF","PHC C2050-O/L","Xích","Xích","87","xich","https://vongbicongnghiep.vn/san-pham/san-pham-15544/","https://vongbicongnghiep.vn/wp-content/uploads/2024/12/PHC-OL.png","[""https://vongbicongnghiep.vn/wp-content/uploads/2024/12/PHC-OL.png""]","","","[]","57000","out_of_stock","vongbicongnghiep.vn-wc-store-api-category-search-skf","2026-04-29T13:54:41.890Z"
"65739","SKF","PHC C2050-C/L-SKF","PHC C2050-C/L-SKF","PHCC2050CLSKF","PHC C2050-C/L","Xích","Xích","87","xich","https://vongbicongnghiep.vn/san-pham/san-pham-15543/","https://vongbicongnghiep.vn/wp-content/uploads/2024/12/PHC-CL.png","[""https://vongbicongnghiep.vn/wp-content/uploads/2024/12/PHC-CL.png""]","","","[]","26000","out_of_stock","vongbicongnghiep.vn-wc-store-api-category-search-skf","2026-04-29T13:54:41.890Z"
"65738","SKF","PHC C2042X10FT-SKF","PHC C2042X10FT-SKF","PHCC2042X10FTSKF","PHC C2042X10FT","Xích","Xích","87","xich","https://vongbicongnghiep.vn/san-pham/san-pham-15542/","https://vongbicongnghiep.vn/wp-content/uploads/2024/12/PHC-1FT.png","[""https://vongbicongnghiep.vn/wp-content/uploads/2024/12/PHC-1FT.png"",""https://vongbicongnghiep.vn/wp-content/uploads/2024/12/bv-phc2xxxx.png""]","","","[]","842000","out_of_stock","vongbicongnghiep.vn-wc-store-api-category-search-skf","2026-04-29T13:54:41.890Z"
"65737","SKF","PHC C2042-O/L-SKF","PHC C2042-O/L-SKF","PHCC2042OLSKF","PHC C2042-O/L","Xích","Xích","87","xich","https://vongbicongnghiep.vn/san-pham/san-pham-15541/","https://vongbicongnghiep.vn/wp-content/uploads/2024/12/PHC-OL.png","[""https://vongbicongnghiep.vn/wp-content/uploads/2024/12/PHC-OL.png""]","","","[]","41000","out_of_stock","vongbicongnghiep.vn-wc-store-api-category-search-skf","2026-04-29T13:54:41.890Z"
"65736","SKF","PHC C2042-C/L-SKF","PHC C2042-C/L-SKF","PHCC2042CLSKF","PHC C2042-C/L","Xích","Xích","87","xich","https://vongbicongnghiep.vn/san-pham/san-pham-15540/","https://vongbicongnghiep.vn/wp-content/uploads/2024/12/PHC-CL.png","[""https://vongbicongnghiep.vn/wp-content/uploads/2024/12/PHC-CL.png""]","","","[]","20000","out_of_stock","vongbicongnghiep.vn-wc-store-api-category-search-skf","2026-04-29T13:54:41.890Z"
"65735","SKF","PHC C2040X10FT-SKF","PHC C2040X10FT-SKF","PHCC2040X10FTSKF","PHC C2040X10FT","Xích","Xích","87","xich","https://vongbicongnghiep.vn/san-pham/san-pham-15539/","https://vongbicongnghiep.vn/wp-content/uploads/2024/12/PHC-1FT.png","[""https://vongbicongnghiep.vn/wp-content/uploads/2024/12/PHC-1FT.png"",""https://vongbicongnghiep.vn/wp-content/uploads/2024/12/bv-phc2xxxx.png""]","","","[]","356000","out_of_stock","vongbicongnghiep.vn-wc-store-api-category-search-skf","2026-04-29T13:54:41.890Z"
"65734","SKF","PHC C2040-O/L-SKF","PHC C2040-O/L-SKF","PHCC2040OLSKF","PHC C2040-O/L","Xích","Xích","87","xich","https://vongbicongnghiep.vn/san-pham/san-pham-15538/","https://vongbicongnghiep.vn/wp-content/uploads/2024/12/PHC-OL.png","[""https://vongbicongnghiep.vn/wp-content/uploads/2024/12/PHC-OL.png""]","","","[]","41000","out_of_stock","vongbicongnghiep.vn-wc-store-api-category-search-skf","2026-04-29T13:54:41.890Z"
"65733","SKF","PHC C2040HX10FT-SKF","PHC C2040HX10FT-SKF","PHCC2040HX10FTSKF","PHC C2040HX10FT","Xích","Xích","87","xich","https://vongbicongnghiep.vn/san-pham/san-pham-15537/","https://vongbicongnghiep.vn/wp-content/uploads/2024/12/PHC-1FT.png","[""https://vongbicongnghiep.vn/wp-content/uploads/2024/12/PHC-1FT.png"",""https://vongbicongnghiep.vn/wp-content/uploads/2024/12/bv-phc2xxxx.png""]","","","[]","426000","out_of_stock","vongbicongnghiep.vn-wc-store-api-category-search-skf","2026-04-29T13:54:41.890Z"
"65732","SKF","PHC C2040H-O/L-SKF","PHC C2040H-O/L-SKF","PHCC2040HOLSKF","PHC C2040H-O/L","Xích","Xích","87","xich","https://vongbicongnghiep.vn/san-pham/san-pham-15536/","https://vongbicongnghiep.vn/wp-content/uploads/2024/12/PHC-OL.png","[""https://vongbicongnghiep.vn/wp-content/uploads/2024/12/PHC-OL.png""]","","","[]","49000","out_of_stock","vongbicongnghiep.vn-wc-store-api-category-search-skf","2026-04-29T13:54:41.890Z"
"65731","SKF","PHC C2040H-C/L-SKF","PHC C2040H-C/L-SKF","PHCC2040HCLSKF","PHC C2040H-C/L","Xích","Xích","87","xich","https://vongbicongnghiep.vn/san-pham/san-pham-15535/","https://vongbicongnghiep.vn/wp-content/uploads/2024/12/PHC-CL.png","[""https://vongbicongnghiep.vn/wp-content/uploads/2024/12/PHC-CL.png""]","","","[]","25000","out_of_stock","vongbicongnghiep.vn-wc-store-api-category-search-skf","2026-04-29T13:54:41.890Z"
"65730","SKF","PHC C2040-C/L-SKF","PHC C2040-C/L-SKF","PHCC2040CLSKF","PHC C2040-C/L","Xích","Xích","87","xich","https://vongbicongnghiep.vn/san-pham/san-pham-15534/","https://vongbicongnghiep.vn/wp-content/uploads/2024/12/PHC-CL.png","[""https://vongbicongnghiep.vn/wp-content/uploads/2024/12/PHC-CL.png""]","","","[]","20000","out_of_stock","vongbicongnghiep.vn-wc-store-api-category-search-skf","2026-04-29T13:54:41.890Z"
"65729","SKF","PHC C16B-2X5MTR-SKF","PHC C16B-2X5MTR-SKF","PHCC16B2X5MTRSKF","PHC C16B-2X5MTR","Xích","Xích","87","xich","https://vongbicongnghiep.vn/san-pham/san-pham-15533/","https://vongbicongnghiep.vn/wp-content/uploads/2024/12/PHC-2FT.png","[""https://vongbicongnghiep.vn/wp-content/uploads/2024/12/PHC-2FT.png"",""https://vongbicongnghiep.vn/wp-content/uploads/product_images/truyen-dong/xich/xich-ansi.jpg""]","","","[]","5360000","out_of_stock","vongbicongnghiep.vn-wc-store-api-category-search-skf","2026-04-29T13:54:41.890Z"
"65728","SKF","PHC C16B-1X5MTR-SKF","PHC C16B-1X5MTR-SKF","PHCC16B1X5MTRSKF","PHC C16B-1X5MTR","Xích","Xích","87","xich","https://vongbicongnghiep.vn/san-pham/san-pham-15532/","https://vongbicongnghiep.vn/wp-content/uploads/2024/12/PHC-1FT.png","[""https://vongbicongnghiep.vn/wp-content/uploads/2024/12/PHC-1FT.png"",""https://vongbicongnghiep.vn/wp-content/uploads/2024/12/BV-PHC-1FT.png""]","","","[]","2631000","out_of_stock","vongbicongnghiep.vn-wc-store-api-category-search-skf","2026-04-29T13:54:41.890Z"
"65727","SKF","PHC C12B-2X5MTR-SKF","PHC C12B-2X5MTR-SKF","PHCC12B2X5MTRSKF","PHC C12B-2X5MTR","Xích","Xích","87","xich","https://vongbicongnghiep.vn/san-pham/san-pham-15531/","https://vongbicongnghiep.vn/wp-content/uploads/2024/12/PHC-2FT.png","[""https://vongbicongnghiep.vn/wp-content/uploads/2024/12/PHC-2FT.png"",""https://vongbicongnghiep.vn/wp-content/uploads/product_images/truyen-dong/xich/xich-ansi.jpg""]","","","[]","2693000","out_of_stock","vongbicongnghiep.vn-wc-store-api-category-search-skf","2026-04-29T13:54:41.890Z"
"65726","SKF","PHC C12B-2C/L-SKF","PHC C12B-2C/L-SKF","PHCC12B2CLSKF","PHC C12B-2C/L","Xích","Xích","87","xich","https://vongbicongnghiep.vn/san-pham/san-pham-15530/","https://vongbicongnghiep.vn/wp-content/uploads/2024/12/PHC-2CL.png","[""https://vongbicongnghiep.vn/wp-content/uploads/2024/12/PHC-2CL.png""]","","","[]","38000","out_of_stock","vongbicongnghiep.vn-wc-store-api-category-search-skf","2026-04-29T13:54:43.594Z"
"65725","SKF","PHC C12B-1X5MTR-SKF","PHC C12B-1X5MTR-SKF","PHCC12B1X5MTRSKF","PHC C12B-1X5MTR","Xích","Xích","87","xich","https://vongbicongnghiep.vn/san-pham/san-pham-15529/","https://vongbicongnghiep.vn/wp-content/uploads/2024/12/PHC-1FT.png","[""https://vongbicongnghiep.vn/wp-content/uploads/2024/12/PHC-1FT.png"",""https://vongbicongnghiep.vn/wp-content/uploads/2024/12/BV-PHC-1FT.png""]","","","[]","1347000","out_of_stock","vongbicongnghiep.vn-wc-store-api-category-search-skf","2026-04-29T13:54:43.594Z"
"65724","SKF","PHC C10B-2X5MTR-SKF","PHC C10B-2X5MTR-SKF","PHCC10B2X5MTRSKF","PHC C10B-2X5MTR","Xích","Xích","87","xich","https://vongbicongnghiep.vn/san-pham/san-pham-15528/","https://vongbicongnghiep.vn/wp-content/uploads/2024/12/PHC-2FT.png","[""https://vongbicongnghiep.vn/wp-content/uploads/2024/12/PHC-2FT.png"",""https://vongbicongnghiep.vn/wp-content/uploads/product_images/truyen-dong/xich/xich-ansi.jpg""]","","","[]","2191000","out_of_stock","vongbicongnghiep.vn-wc-store-api-category-search-skf","2026-04-29T13:54:43.594Z"
"65723","SKF","PHC C10B-1X5MTR-SKF","PHC C10B-1X5MTR-SKF","PHCC10B1X5MTRSKF","PHC C10B-1X5MTR","Xích","Xích","87","xich","https://vongbicongnghiep.vn/san-pham/san-pham-15527/","https://vongbicongnghiep.vn/wp-content/uploads/2024/12/PHC-1FT.png","[""https://vongbicongnghiep.vn/wp-content/uploads/2024/12/PHC-1FT.png"",""https://vongbicongnghiep.vn/wp-content/uploads/2024/12/BV-PHC-1FT.png""]","","","[]","1096000","out_of_stock","vongbicongnghiep.vn-wc-store-api-category-search-skf","2026-04-29T13:54:43.594Z"
"65722","SKF","PHC C08B-2X5MTR-SKF","PHC C08B-2X5MTR-SKF","PHCC08B2X5MTRSKF","PHC C08B-2X5MTR","Xích","Xích","87","xich","https://vongbicongnghiep.vn/san-pham/san-pham-15526/","https://vongbicongnghiep.vn/wp-content/uploads/2024/12/PHC-2FT.png","[""https://vongbicongnghiep.vn/wp-content/uploads/2024/12/PHC-2FT.png"",""https://vongbicongnghiep.vn/wp-content/uploads/product_images/truyen-dong/xich/xich-ansi.jpg""]","","","[]","1517000","out_of_stock","vongbicongnghiep.vn-wc-store-api-category-search-skf","2026-04-29T13:54:43.594Z"
"65721","SKF","PHC C08B-1X5MTR-SKF","PHC C08B-1X5MTR-SKF","PHCC08B1X5MTRSKF","PHC C08B-1X5MTR","Xích","Xích","87","xich","https://vongbicongnghiep.vn/san-pham/san-pham-15525/","https://vongbicongnghiep.vn/wp-content/uploads/2024/12/PHC-1FT.png","[""https://vongbicongnghiep.vn/wp-content/uploads/2024/12/PHC-1FT.png"",""https://vongbicongnghiep.vn/wp-content/uploads/2024/12/BV-PHC-1FT.png""]","","","[]","759000","out_of_stock","vongbicongnghiep.vn-wc-store-api-category-search-skf","2026-04-29T13:54:43.594Z"
"65720","SKF","PHC BL866X10FT-SKF","PHC BL866X10FT-SKF","PHCBL866X10FTSKF","PHC BL866X10FT","Xích","Xích","87","xich","https://vongbicongnghiep.vn/san-pham/san-pham-15524/","https://vongbicongnghiep.vn/wp-content/uploads/2024/12/PHC-BL.png","[""https://vongbicongnghiep.vn/wp-content/uploads/2024/12/PHC-BL.png""]","","","[]","4976000","out_of_stock","vongbicongnghiep.vn-wc-store-api-category-search-skf","2026-04-29T13:54:43.594Z"
"65719","SKF","PHC BL846X10FT-SKF","PHC BL846X10FT-SKF","PHCBL846X10FTSKF","PHC BL846X10FT","Xích","Xích","87","xich","https://vongbicongnghiep.vn/san-pham/san-pham-15523/","https://vongbicongnghiep.vn/wp-content/uploads/2024/12/PHC-BL.png","[""https://vongbicongnghiep.vn/wp-content/uploads/2024/12/PHC-BL.png""]","","","[]","4150000","out_of_stock","vongbicongnghiep.vn-wc-store-api-category-search-skf","2026-04-29T13:54:43.594Z"
"65718","SKF","PHC BL844X10FT-SKF","PHC BL844X10FT-SKF","PHCBL844X10FTSKF","PHC BL844X10FT","Xích","Xích","87","xich","https://vongbicongnghiep.vn/san-pham/san-pham-15522/","https://vongbicongnghiep.vn/wp-content/uploads/2024/12/PHC-BL.png","[""https://vongbicongnghiep.vn/wp-content/uploads/2024/12/PHC-BL.png""]","","","[]","3300000","out_of_stock","vongbicongnghiep.vn-wc-store-api-category-search-skf","2026-04-29T13:54:43.594Z"
"65717","SKF","PHC BL834X10FT-SKF","PHC BL834X10FT-SKF","PHCBL834X10FTSKF","PHC BL834X10FT","Xích","Xích","87","xich","https://vongbicongnghiep.vn/san-pham/san-pham-15521/","https://vongbicongnghiep.vn/wp-content/uploads/2024/12/PHC-BL.png","[""https://vongbicongnghiep.vn/wp-content/uploads/2024/12/PHC-BL.png""]","","","[]","2928000","out_of_stock","vongbicongnghiep.vn-wc-store-api-category-search-skf","2026-04-29T13:54:43.594Z"
"65716","SKF","PHC BL823X10FT-SKF","PHC BL823X10FT-SKF","PHCBL823X10FTSKF","PHC BL823X10FT","Xích","Xích","87","xich","https://vongbicongnghiep.vn/san-pham/san-pham-15520/","https://vongbicongnghiep.vn/wp-content/uploads/2024/12/PHC-BL.png","[""https://vongbicongnghiep.vn/wp-content/uploads/2024/12/PHC-BL.png""]","","","[]","2110000","out_of_stock","vongbicongnghiep.vn-wc-store-api-category-search-skf","2026-04-29T13:54:43.594Z"
"65715","SKF","PHC BL822X10FT-SKF","PHC BL822X10FT-SKF","PHCBL822X10FTSKF","PHC BL822X10FT","Xích","Xích","87","xich","https://vongbicongnghiep.vn/san-pham/san-pham-15519/","https://vongbicongnghiep.vn/wp-content/uploads/2024/12/PHC-BL.png","[""https://vongbicongnghiep.vn/wp-content/uploads/2024/12/PHC-BL.png""]","","","[]","1521000","out_of_stock","vongbicongnghiep.vn-wc-store-api-category-search-skf","2026-04-29T13:54:43.594Z"
"65714","SKF","PHC BL666X10FT-SKF","PHC BL666X10FT-SKF","PHCBL666X10FTSKF","PHC BL666X10FT","Xích","Xích","87","xich","https://vongbicongnghiep.vn/san-pham/san-pham-15518/","https://vongbicongnghiep.vn/wp-content/uploads/2024/12/PHC-BL.png","[""https://vongbicongnghiep.vn/wp-content/uploads/2024/12/PHC-BL.png""]","","","[]","2703000","out_of_stock","vongbicongnghiep.vn-wc-store-api-category-search-skf","2026-04-29T13:54:43.594Z"
"65713","SKF","PHC BL646X10FT-SKF","PHC BL646X10FT-SKF","PHCBL646X10FTSKF","PHC BL646X10FT","Xích","Xích","87","xich","https://vongbicongnghiep.vn/san-pham/san-pham-15517/","https://vongbicongnghiep.vn/wp-content/uploads/2024/12/PHC-BL.png","[""https://vongbicongnghiep.vn/wp-content/uploads/2024/12/PHC-BL.png""]","","","[]","2250000","out_of_stock","vongbicongnghiep.vn-wc-store-api-category-search-skf","2026-04-29T13:54:43.594Z"
"65712","SKF","PHC BL644X10FT-SKF","PHC BL644X10FT-SKF","PHCBL644X10FTSKF","PHC BL644X10FT","Xích","Xích","87","xich","https://vongbicongnghiep.vn/san-pham/san-pham-15516/","https://vongbicongnghiep.vn/wp-content/uploads/2024/12/PHC-BL.png","[""https://vongbicongnghiep.vn/wp-content/uploads/2024/12/PHC-BL.png""]","","","[]","1800000","out_of_stock","vongbicongnghiep.vn-wc-store-api-category-search-skf","2026-04-29T13:54:43.594Z"
"65711","SKF","PHC BL634X10FT-SKF","PHC BL634X10FT-SKF","PHCBL634X10FTSKF","PHC BL634X10FT","Xích","Xích","87","xich","https://vongbicongnghiep.vn/san-pham/san-pham-15515/","https://vongbicongnghiep.vn/wp-content/uploads/2024/12/PHC-BL.png","[""https://vongbicongnghiep.vn/wp-content/uploads/2024/12/PHC-BL.png""]","","","[]","1836000","out_of_stock","vongbicongnghiep.vn-wc-store-api-category-search-skf","2026-04-29T13:54:43.594Z"
"65710","SKF","PHC BL634C/L-SKF","PHC BL634C/L-SKF","PHCBL634CLSKF","PHC BL634C/L","Xích","Xích","87","xich","https://vongbicongnghiep.vn/san-pham/san-pham-15514/","https://vongbicongnghiep.vn/wp-content/uploads/2024/12/PHC-CL.png","[""https://vongbicongnghiep.vn/wp-content/uploads/2024/12/PHC-CL.png""]","","","[]","35000","out_of_stock","vongbicongnghiep.vn-wc-store-api-category-search-skf","2026-04-29T13:54:43.594Z"
"65709","SKF","PHC BL623X10FT-SKF","PHC BL623X10FT-SKF","PHCBL623X10FTSKF","PHC BL623X10FT","Xích","Xích","87","xich","https://vongbicongnghiep.vn/san-pham/san-pham-15513/","https://vongbicongnghiep.vn/wp-content/uploads/2024/12/PHC-BL.png","[""https://vongbicongnghiep.vn/wp-content/uploads/2024/12/PHC-BL.png""]","","","[]","1125000","out_of_stock","vongbicongnghiep.vn-wc-store-api-category-search-skf","2026-04-29T13:54:43.594Z"
"65708","SKF","PHC BL622X10FT-SKF","PHC BL622X10FT-SKF","PHCBL622X10FTSKF","PHC BL622X10FT","Xích","Xích","87","xich","https://vongbicongnghiep.vn/san-pham/san-pham-15512/","https://vongbicongnghiep.vn/wp-content/uploads/2024/12/PHC-BL.png","[""https://vongbicongnghiep.vn/wp-content/uploads/2024/12/PHC-BL.png""]","","","[]","946000","out_of_stock","vongbicongnghiep.vn-wc-store-api-category-search-skf","2026-04-29T13:54:43.594Z"
"65707","SKF","PHC BL566X10FT-SKF","PHC BL566X10FT-SKF","PHCBL566X10FTSKF","PHC BL566X10FT","Xích","Xích","87","xich","https://vongbicongnghiep.vn/san-pham/san-pham-15511/","https://vongbicongnghiep.vn/wp-content/uploads/2024/12/PHC-BL.png","[""https://vongbicongnghiep.vn/wp-content/uploads/2024/12/PHC-BL.png""]","","","[]","1845000","out_of_stock","vongbicongnghiep.vn-wc-store-api-category-search-skf","2026-04-29T13:54:43.594Z"
"65706","SKF","PHC BL546X10FT-SKF","PHC BL546X10FT-SKF","PHCBL546X10FTSKF","PHC BL546X10FT","Xích","Xích","87","xich","https://vongbicongnghiep.vn/san-pham/san-pham-15510/","https://vongbicongnghiep.vn/wp-content/uploads/2024/12/PHC-BL.png","[""https://vongbicongnghiep.vn/wp-content/uploads/2024/12/PHC-BL.png""]","","","[]","1536000","out_of_stock","vongbicongnghiep.vn-wc-store-api-category-search-skf","2026-04-29T13:54:43.594Z"
"65705","SKF","PHC BL544X10FT-SKF","PHC BL544X10FT-SKF","PHCBL544X10FTSKF","PHC BL544X10FT","Xích","Xích","87","xich","https://vongbicongnghiep.vn/san-pham/san-pham-15509/","https://vongbicongnghiep.vn/wp-content/uploads/2024/12/PHC-BL.png","[""https://vongbicongnghiep.vn/wp-content/uploads/2024/12/PHC-BL.png""]","","","[]","1229000","out_of_stock","vongbicongnghiep.vn-wc-store-api-category-search-skf","2026-04-29T13:54:43.594Z"
"65704","SKF","PHC BL534X10FT-SKF","PHC BL534X10FT-SKF","PHCBL534X10FTSKF","PHC BL534X10FT","Xích","Xích","87","xich","https://vongbicongnghiep.vn/san-pham/san-pham-15508/","https://vongbicongnghiep.vn/wp-content/uploads/2024/12/PHC-BL.png","[""https://vongbicongnghiep.vn/wp-content/uploads/2024/12/PHC-BL.png""]","","","[]","1076000","out_of_stock","vongbicongnghiep.vn-wc-store-api-category-search-skf","2026-04-29T13:54:43.594Z"
"65703","SKF","PHC BL522X10FT-SKF","PHC BL522X10FT-SKF","PHCBL522X10FTSKF","PHC BL522X10FT","Xích","Xích","87","xich","https://vongbicongnghiep.vn/san-pham/san-pham-15507/","https://vongbicongnghiep.vn/wp-content/uploads/2024/12/PHC-BL.png","[""https://vongbicongnghiep.vn/wp-content/uploads/2024/12/PHC-BL.png""]","","","[]","647000","out_of_stock","vongbicongnghiep.vn-wc-store-api-category-search-skf","2026-04-29T13:54:43.594Z"
"65702","SKF","PHC BL466X10FT-SKF","PHC BL466X10FT-SKF","PHCBL466X10FTSKF","PHC BL466X10FT","Xích","Xích","87","xich","https://vongbicongnghiep.vn/san-pham/san-pham-15506/","https://vongbicongnghiep.vn/wp-content/uploads/2024/12/PHC-BL.png","[""https://vongbicongnghiep.vn/wp-content/uploads/2024/12/PHC-BL.png""]","","","[]","1304000","out_of_stock","vongbicongnghiep.vn-wc-store-api-category-search-skf","2026-04-29T13:54:43.594Z"
"65701","SKF","PHC BL446X10FT-SKF","PHC BL446X10FT-SKF","PHCBL446X10FTSKF","PHC BL446X10FT","Xích","Xích","87","xich","https://vongbicongnghiep.vn/san-pham/san-pham-15505/","https://vongbicongnghiep.vn/wp-content/uploads/2024/12/PHC-BL.png","[""https://vongbicongnghiep.vn/wp-content/uploads/2024/12/PHC-BL.png""]","","","[]","1085000","out_of_stock","vongbicongnghiep.vn-wc-store-api-category-search-skf","2026-04-29T13:54:43.594Z"
"65700","SKF","PHC BL444X10FT-SKF","PHC BL444X10FT-SKF","PHCBL444X10FTSKF","PHC BL444X10FT","Xích","Xích","87","xich","https://vongbicongnghiep.vn/san-pham/san-pham-15504/","https://vongbicongnghiep.vn/wp-content/uploads/2024/12/PHC-BL.png","[""https://vongbicongnghiep.vn/wp-content/uploads/2024/12/PHC-BL.png""]","","","[]","866000","out_of_stock","vongbicongnghiep.vn-wc-store-api-category-search-skf","2026-04-29T13:54:43.594Z"
"65699","SKF","PHC BL434X10FT-SKF","PHC BL434X10FT-SKF","PHCBL434X10FTSKF","PHC BL434X10FT","Xích","Xích","87","xich","https://vongbicongnghiep.vn/san-pham/san-pham-15503/","https://vongbicongnghiep.vn/wp-content/uploads/2024/12/PHC-BL.png","[""https://vongbicongnghiep.vn/wp-content/uploads/2024/12/PHC-BL.png""]","","","[]","751000","out_of_stock","vongbicongnghiep.vn-wc-store-api-category-search-skf","2026-04-29T13:54:43.594Z"
"65698","SKF","PHC BL423X10FT-SKF","PHC BL423X10FT-SKF","PHCBL423X10FTSKF","PHC BL423X10FT","Xích","Xích","87","xich","https://vongbicongnghiep.vn/san-pham/san-pham-15502/","https://vongbicongnghiep.vn/wp-content/uploads/2024/12/PHC-BL.png","[""https://vongbicongnghiep.vn/wp-content/uploads/2024/12/PHC-BL.png""]","","","[]","543000","out_of_stock","vongbicongnghiep.vn-wc-store-api-category-search-skf","2026-04-29T13:54:43.594Z"
"65697","SKF","PHC BL422X10FT-SKF","PHC BL422X10FT-SKF","PHCBL422X10FTSKF","PHC BL422X10FT","Xích","Xích","87","xich","https://vongbicongnghiep.vn/san-pham/san-pham-15501/","https://vongbicongnghiep.vn/wp-content/uploads/2024/12/PHC-BL.png","[""https://vongbicongnghiep.vn/wp-content/uploads/2024/12/PHC-BL.png""]","","","[]","457000","out_of_stock","vongbicongnghiep.vn-wc-store-api-category-search-skf","2026-04-29T13:54:43.594Z"
"65696","SKF","PHC BL1666X10FT-SKF","PHC BL1666X10FT-SKF","PHCBL1666X10FTSKF","PHC BL1666X10FT","Xích","Xích","87","xich","https://vongbicongnghiep.vn/san-pham/san-pham-15500/","https://vongbicongnghiep.vn/wp-content/uploads/2024/12/PHC-BL.png","[""https://vongbicongnghiep.vn/wp-content/uploads/2024/12/PHC-BL.png""]","","","[]","17053000","out_of_stock","vongbicongnghiep.vn-wc-store-api-category-search-skf","2026-04-29T13:54:43.594Z"
"65695","SKF","PHC BL1446X10FT-SKF","PHC BL1446X10FT-SKF","PHCBL1446X10FTSKF","PHC BL1446X10FT","Xích","Xích","87","xich","https://vongbicongnghiep.vn/san-pham/san-pham-15499/","https://vongbicongnghiep.vn/wp-content/uploads/2024/12/PHC-BL.png","[""https://vongbicongnghiep.vn/wp-content/uploads/2024/12/PHC-BL.png""]","","","[]","11594000","out_of_stock","vongbicongnghiep.vn-wc-store-api-category-search-skf","2026-04-29T13:54:43.594Z"
"65694","SKF","PHC BL1066X10FT-SKF","PHC BL1066X10FT-SKF","PHCBL1066X10FTSKF","PHC BL1066X10FT","Xích","Xích","87","xich","https://vongbicongnghiep.vn/san-pham/san-pham-15498/","https://vongbicongnghiep.vn/wp-content/uploads/2024/12/PHC-BL.png","[""https://vongbicongnghiep.vn/wp-content/uploads/2024/12/PHC-BL.png""]","","","[]","6860000","out_of_stock","vongbicongnghiep.vn-wc-store-api-category-search-skf","2026-04-29T13:54:43.594Z"
"65693","SKF","PHC BL1046X10FT-SKF","PHC BL1046X10FT-SKF","PHCBL1046X10FTSKF","PHC BL1046X10FT","Xích","Xích","87","xich","https://vongbicongnghiep.vn/san-pham/san-pham-15497/","https://vongbicongnghiep.vn/wp-content/uploads/2024/12/PHC-BL.png","[""https://vongbicongnghiep.vn/wp-content/uploads/2024/12/PHC-BL.png""]","","","[]","5693000","out_of_stock","vongbicongnghiep.vn-wc-store-api-category-search-skf","2026-04-29T13:54:43.594Z"
"65692","SKF","PHC BL1044X10FT-SKF","PHC BL1044X10FT-SKF","PHCBL1044X10FTSKF","PHC BL1044X10FT","Xích","Xích","87","xich","https://vongbicongnghiep.vn/san-pham/san-pham-15496/","https://vongbicongnghiep.vn/wp-content/uploads/2024/12/PHC-BL.png","[""https://vongbicongnghiep.vn/wp-content/uploads/2024/12/PHC-BL.png""]","","","[]","4547000","out_of_stock","vongbicongnghiep.vn-wc-store-api-category-search-skf","2026-04-29T13:54:43.594Z"
"65691","SKF","PHC BL1034X10FT-SKF","PHC BL1034X10FT-SKF","PHCBL1034X10FTSKF","PHC BL1034X10FT","Xích","Xích","87","xich","https://vongbicongnghiep.vn/san-pham/san-pham-15495/","https://vongbicongnghiep.vn/wp-content/uploads/2024/12/PHC-BL.png","[""https://vongbicongnghiep.vn/wp-content/uploads/2024/12/PHC-BL.png""]","","","[]","4038000","out_of_stock","vongbicongnghiep.vn-wc-store-api-category-search-skf","2026-04-29T13:54:43.594Z"
"65690","SKF","PHC BL1023X10FT-SKF","PHC BL1023X10FT-SKF","PHCBL1023X10FTSKF","PHC BL1023X10FT","Xích","Xích","87","xich","https://vongbicongnghiep.vn/san-pham/san-pham-15494/","https://vongbicongnghiep.vn/wp-content/uploads/2024/12/PHC-BL.png","[""https://vongbicongnghiep.vn/wp-content/uploads/2024/12/PHC-BL.png""]","","","[]","2840000","out_of_stock","vongbicongnghiep.vn-wc-store-api-category-search-skf","2026-04-29T13:54:43.594Z"
"65689","SKF","PHC BL1022X10FT-SKF","PHC BL1022X10FT-SKF","PHCBL1022X10FTSKF","PHC BL1022X10FT","Xích","Xích","87","xich","https://vongbicongnghiep.vn/san-pham/san-pham-15493/","https://vongbicongnghiep.vn/wp-content/uploads/2024/12/PHC-BL.png","[""https://vongbicongnghiep.vn/wp-content/uploads/2024/12/PHC-BL.png""]","","","[]","2357000","out_of_stock","vongbicongnghiep.vn-wc-store-api-category-search-skf","2026-04-29T13:54:43.594Z"
"65688","SKF","PHC AL666X10FT-SKF","PHC AL666X10FT-SKF","PHCAL666X10FTSKF","PHC AL666X10FT","Xích","Xích","87","xich","https://vongbicongnghiep.vn/san-pham/san-pham-15492/","https://vongbicongnghiep.vn/wp-content/uploads/2024/12/PHC-BL.png","[""https://vongbicongnghiep.vn/wp-content/uploads/2024/12/PHC-BL.png""]","","","[]","1650000","out_of_stock","vongbicongnghiep.vn-wc-store-api-category-search-skf","2026-04-29T13:54:43.594Z"
"65687","SKF","PHC AL622X5MTR-SKF","PHC AL622X5MTR-SKF","PHCAL622X5MTRSKF","PHC AL622X5MTR","Xích","Xích","87","xich","https://vongbicongnghiep.vn/san-pham/san-pham-15491/","https://vongbicongnghiep.vn/wp-content/uploads/2024/12/PHC-BL.png","[""https://vongbicongnghiep.vn/wp-content/uploads/2024/12/PHC-BL.png""]","","","[]","895000","out_of_stock","vongbicongnghiep.vn-wc-store-api-category-search-skf","2026-04-29T13:54:43.594Z"
"65686","SKF","PHC AL566X10FT-SKF","PHC AL566X10FT-SKF","PHCAL566X10FTSKF","PHC AL566X10FT","Xích","Xích","87","xich","https://vongbicongnghiep.vn/san-pham/san-pham-15490/","https://vongbicongnghiep.vn/wp-content/uploads/2024/12/PHC-BL.png","[""https://vongbicongnghiep.vn/wp-content/uploads/2024/12/PHC-BL.png""]","","","[]","1219000","out_of_stock","vongbicongnghiep.vn-wc-store-api-category-search-skf","2026-04-29T13:54:43.594Z"
"65685","SKF","PHC AL1444X10FT-SKF","PHC AL1444X10FT-SKF","PHCAL1444X10FTSKF","PHC AL1444X10FT","Xích","Xích","87","xich","https://vongbicongnghiep.vn/san-pham/san-pham-15489/","https://vongbicongnghiep.vn/wp-content/uploads/2024/12/PHC-BL.png","[""https://vongbicongnghiep.vn/wp-content/uploads/2024/12/PHC-BL.png""]","","","[]","6384000","out_of_stock","vongbicongnghiep.vn-wc-store-api-category-search-skf","2026-04-29T13:54:43.594Z"
"65684","SKF","PHC 81XX10FT-SKF","PHC 81XX10FT-SKF","PHC81XX10FTSKF","PHC 81XX10FT","Xích","Xích","87","xich","https://vongbicongnghiep.vn/san-pham/san-pham-15488/","https://vongbicongnghiep.vn/wp-content/uploads/2024/12/PHC-BL.png","[""https://vongbicongnghiep.vn/wp-content/uploads/2024/12/PHC-BL.png""]","","","[]","1440000","out_of_stock","vongbicongnghiep.vn-wc-store-api-category-search-skf","2026-04-29T13:54:43.594Z"
"65683","SKF","PHC 81X-O/L-SKF","PHC 81X-O/L-SKF","PHC81XOLSKF","PHC 81X-O/L","Xích","Xích","87","xich","https://vongbicongnghiep.vn/san-pham/san-pham-15487/","https://vongbicongnghiep.vn/wp-content/uploads/2024/12/PHC-OL.png","[""https://vongbicongnghiep.vn/wp-content/uploads/2024/12/PHC-OL.png""]","","","[]","175000","out_of_stock","vongbicongnghiep.vn-wc-store-api-category-search-skf","2026-04-29T13:54:43.594Z"
"65682","SKF","PHC 81XHS-C/L-SKF","PHC 81XHS-C/L-SKF","PHC81XHSCLSKF","PHC 81XHS-C/L","Xích","Xích","87","xich","https://vongbicongnghiep.vn/san-pham/san-pham-15486/","https://vongbicongnghiep.vn/wp-content/uploads/2024/12/PHC-CL.png","[""https://vongbicongnghiep.vn/wp-content/uploads/2024/12/PHC-CL.png""]","","","[]","337000","out_of_stock","vongbicongnghiep.vn-wc-store-api-category-search-skf","2026-04-29T13:54:43.594Z"
"65681","SKF","PHC 81XHH-C/L-SKF","PHC 81XHH-C/L-SKF","PHC81XHHCLSKF","PHC 81XHH-C/L","Xích","Xích","87","xich","https://vongbicongnghiep.vn/san-pham/san-pham-15485/","https://vongbicongnghiep.vn/wp-content/uploads/2024/12/PHC-CL.png","[""https://vongbicongnghiep.vn/wp-content/uploads/2024/12/PHC-CL.png""]","","","[]","337000","out_of_stock","vongbicongnghiep.vn-wc-store-api-category-search-skf","2026-04-29T13:54:43.594Z"
"65680","SKF","PHC 81X-C/L-SKF","PHC 81X-C/L-SKF","PHC81XCLSKF","PHC 81X-C/L","Xích","Xích","87","xich","https://vongbicongnghiep.vn/san-pham/san-pham-15484/","https://vongbicongnghiep.vn/wp-content/uploads/2024/12/PHC-CL.png","[""https://vongbicongnghiep.vn/wp-content/uploads/2024/12/PHC-CL.png""]","","","[]","135000","out_of_stock","vongbicongnghiep.vn-wc-store-api-category-search-skf","2026-04-29T13:54:43.594Z"
"65679","SKF","PHC 80SPH-2X10FT-SKF","PHC 80SPH-2X10FT-SKF","PHC80SPH2X10FTSKF","PHC 80SPH-2X10FT","Xích","Xích","87","xich","https://vongbicongnghiep.vn/san-pham/san-pham-15483/","https://vongbicongnghiep.vn/wp-content/uploads/2024/12/PHC-2FT.png","[""https://vongbicongnghiep.vn/wp-content/uploads/2024/12/PHC-2FT.png"",""https://vongbicongnghiep.vn/wp-content/uploads/product_images/truyen-dong/xich/xich-ansi.jpg""]","","","[]","7795000","out_of_stock","vongbicongnghiep.vn-wc-store-api-category-search-skf","2026-04-29T13:54:43.594Z"
"65678","SKF","PHC 80SPH-2C/L-SKF","PHC 80SPH-2C/L-SKF","PHC80SPH2CLSKF","PHC 80SPH-2C/L","Xích","Xích","87","xich","https://vongbicongnghiep.vn/san-pham/san-pham-15482/","https://vongbicongnghiep.vn/wp-content/uploads/2024/12/PHC-2CL.png","[""https://vongbicongnghiep.vn/wp-content/uploads/2024/12/PHC-2CL.png""]","","","[]","197000","out_of_stock","vongbicongnghiep.vn-wc-store-api-category-search-skf","2026-04-29T13:54:43.594Z"
"65677","SKF","PHC 80SPH-1X10FT-SKF","PHC 80SPH-1X10FT-SKF","PHC80SPH1X10FTSKF","PHC 80SPH-1X10FT","Xích","Xích","87","xich","https://vongbicongnghiep.vn/san-pham/san-pham-15481/","https://vongbicongnghiep.vn/wp-content/uploads/2024/12/PHC-1FT.png","[""https://vongbicongnghiep.vn/wp-content/uploads/2024/12/PHC-1FT.png"",""https://vongbicongnghiep.vn/wp-content/uploads/2024/12/BV-PHC-1FT.png""]","","","[]","3898000","out_of_stock","vongbicongnghiep.vn-wc-store-api-category-search-skf","2026-04-29T13:54:43.594Z"
"65676","SKF","PHC 80SPH-1C/L-SKF","PHC 80SPH-1C/L-SKF","PHC80SPH1CLSKF","PHC 80SPH-1C/L","Xích","Xích","87","xich","https://vongbicongnghiep.vn/san-pham/san-pham-15480/","https://vongbicongnghiep.vn/wp-content/uploads/2024/12/PHC-CL.png","[""https://vongbicongnghiep.vn/wp-content/uploads/2024/12/PHC-CL.png""]","","","[]","99000","out_of_stock","vongbicongnghiep.vn-wc-store-api-category-search-skf","2026-04-29T13:54:43.594Z"
"65675","SKF","PHC 80SHH-2X10FT-SKF","PHC 80SHH-2X10FT-SKF","PHC80SHH2X10FTSKF","PHC 80SHH-2X10FT","Xích","Xích","87","xich","https://vongbicongnghiep.vn/san-pham/san-pham-15479/","https://vongbicongnghiep.vn/wp-content/uploads/2024/12/PHC-2FT.png","[""https://vongbicongnghiep.vn/wp-content/uploads/2024/12/PHC-2FT.png"",""https://vongbicongnghiep.vn/wp-content/uploads/product_images/truyen-dong/xich/xich-ansi.jpg""]","","","[]","8945000","out_of_stock","vongbicongnghiep.vn-wc-store-api-category-search-skf","2026-04-29T13:54:43.594Z"
"65674","SKF","PHC 80SHH-2C/L-SKF","PHC 80SHH-2C/L-SKF","PHC80SHH2CLSKF","PHC 80SHH-2C/L","Xích","Xích","87","xich","https://vongbicongnghiep.vn/san-pham/san-pham-15478/","https://vongbicongnghiep.vn/wp-content/uploads/2024/12/PHC-2CL.png","[""https://vongbicongnghiep.vn/wp-content/uploads/2024/12/PHC-2CL.png""]","","","[]","226000","out_of_stock","vongbicongnghiep.vn-wc-store-api-category-search-skf","2026-04-29T13:54:43.594Z"
"65673","SKF","PHC 80SHH-1X10FT-SKF","PHC 80SHH-1X10FT-SKF","PHC80SHH1X10FTSKF","PHC 80SHH-1X10FT","Xích","Xích","87","xich","https://vongbicongnghiep.vn/san-pham/san-pham-15477/","https://vongbicongnghiep.vn/wp-content/uploads/2024/12/PHC-1FT.png","[""https://vongbicongnghiep.vn/wp-content/uploads/2024/12/PHC-1FT.png"",""https://vongbicongnghiep.vn/wp-content/uploads/2024/12/BV-PHC-1FT.png""]","","","[]","4472000","out_of_stock","vongbicongnghiep.vn-wc-store-api-category-search-skf","2026-04-29T13:54:43.594Z"
"65672","SKF","PHC 80SHH-1C/L-SKF","PHC 80SHH-1C/L-SKF","PHC80SHH1CLSKF","PHC 80SHH-1C/L","Xích","Xích","87","xich","https://vongbicongnghiep.vn/san-pham/san-pham-15476/","https://vongbicongnghiep.vn/wp-content/uploads/2024/12/PHC-CL.png","[""https://vongbicongnghiep.vn/wp-content/uploads/2024/12/PHC-CL.png""]","","","[]","113000","out_of_stock","vongbicongnghiep.vn-wc-store-api-category-search-skf","2026-04-29T13:54:43.594Z"
"65671","SKF","PHC 80SH-2X10FT-SKF","PHC 80SH-2X10FT-SKF","PHC80SH2X10FTSKF","PHC 80SH-2X10FT","Xích","Xích","87","xich","https://vongbicongnghiep.vn/san-pham/san-pham-15475/","https://vongbicongnghiep.vn/wp-content/uploads/2024/12/PHC-2FT.png","[""https://vongbicongnghiep.vn/wp-content/uploads/2024/12/PHC-2FT.png"",""https://vongbicongnghiep.vn/wp-content/uploads/product_images/truyen-dong/xich/xich-ansi.jpg""]","","","[]","5088000","out_of_stock","vongbicongnghiep.vn-wc-store-api-category-search-skf","2026-04-29T13:54:43.594Z"
"65670","SKF","PHC 80SH-1X10FT-SKF","PHC 80SH-1X10FT-SKF","PHC80SH1X10FTSKF","PHC 80SH-1X10FT","Xích","Xích","87","xich","https://vongbicongnghiep.vn/san-pham/san-pham-15474/","https://vongbicongnghiep.vn/wp-content/uploads/2024/12/PHC-1FT.png","[""https://vongbicongnghiep.vn/wp-content/uploads/2024/12/PHC-1FT.png"",""https://vongbicongnghiep.vn/wp-content/uploads/2024/12/BV-PHC-1FT.png""]","","","[]","2693000","out_of_stock","vongbicongnghiep.vn-wc-store-api-category-search-skf","2026-04-29T13:54:43.594Z"
"65669","SKF","PHC 80SH-1C/L-SKF","PHC 80SH-1C/L-SKF","PHC80SH1CLSKF","PHC 80SH-1C/L","Xích","Xích","87","xich","https://vongbicongnghiep.vn/san-pham/san-pham-15473/","https://vongbicongnghiep.vn/wp-content/uploads/2024/12/PHC-CL.png","[""https://vongbicongnghiep.vn/wp-content/uploads/2024/12/PHC-CL.png""]","","","[]","70000","out_of_stock","vongbicongnghiep.vn-wc-store-api-category-search-skf","2026-04-29T13:54:43.594Z"
"65668","SKF","PHC 80H-3X10FT-SKF","PHC 80H-3X10FT-SKF","PHC80H3X10FTSKF","PHC 80H-3X10FT","Xích","Xích","87","xich","https://vongbicongnghiep.vn/san-pham/san-pham-15472/","https://vongbicongnghiep.vn/wp-content/uploads/2024/12/PHC-3FT.png","[""https://vongbicongnghiep.vn/wp-content/uploads/2024/12/PHC-3FT.png"",""https://vongbicongnghiep.vn/wp-content/uploads/product_images/truyen-dong/xich/xich-ansi.jpg""]","","","[]","6066000","out_of_stock","vongbicongnghiep.vn-wc-store-api-category-search-skf","2026-04-29T13:54:43.594Z"
"65667","SKF","PHC 80H-3CX10FT-SKF","PHC 80H-3CX10FT-SKF","PHC80H3CX10FTSKF","PHC 80H-3CX10FT","Xích","Xích","87","xich","https://vongbicongnghiep.vn/san-pham/san-pham-15471/","https://vongbicongnghiep.vn/wp-content/uploads/2024/12/PHC-3FT.png","[""https://vongbicongnghiep.vn/wp-content/uploads/2024/12/PHC-3FT.png"",""https://vongbicongnghiep.vn/wp-content/uploads/product_images/truyen-dong/xich/xich-ansi.jpg""]","","","[]","6339000","out_of_stock","vongbicongnghiep.vn-wc-store-api-category-search-skf","2026-04-29T13:54:43.594Z"
"65666","SKF","PHC 80H-3C-C/L-SKF","PHC 80H-3C-C/L-SKF","PHC80H3CCLSKF","PHC 80H-3C-C/L","Xích","Xích","87","xich","https://vongbicongnghiep.vn/san-pham/san-pham-15470/","https://vongbicongnghiep.vn/wp-content/uploads/2024/12/PHC-3FT.png","[""https://vongbicongnghiep.vn/wp-content/uploads/2024/12/PHC-3FT.png"",""https://vongbicongnghiep.vn/wp-content/uploads/product_images/truyen-dong/xich/xich-ansi.jpg""]","","","[]","188000","out_of_stock","vongbicongnghiep.vn-wc-store-api-category-search-skf","2026-04-29T13:54:43.594Z"
"65665","SKF","PHC 80H-3C/L-SKF","PHC 80H-3C/L-SKF","PHC80H3CLSKF","PHC 80H-3C/L","Xích","Xích","87","xich","https://vongbicongnghiep.vn/san-pham/san-pham-15469/","https://vongbicongnghiep.vn/wp-content/uploads/2024/12/PHC-3OL.png","[""https://vongbicongnghiep.vn/wp-content/uploads/2024/12/PHC-3OL.png""]","","","[]","170000","out_of_stock","vongbicongnghiep.vn-wc-store-api-category-search-skf","2026-04-29T13:54:43.594Z"
"65664","SKF","PHC 80H-2X10FT-SKF","PHC 80H-2X10FT-SKF","PHC80H2X10FTSKF","PHC 80H-2X10FT","Xích","Xích","87","xich","https://vongbicongnghiep.vn/san-pham/san-pham-15468/","https://vongbicongnghiep.vn/wp-content/uploads/2024/12/PHC-2FT.png","[""https://vongbicongnghiep.vn/wp-content/uploads/2024/12/PHC-2FT.png"",""https://vongbicongnghiep.vn/wp-content/uploads/product_images/truyen-dong/xich/xich-ansi.jpg""]","","","[]","3790000","out_of_stock","vongbicongnghiep.vn-wc-store-api-category-search-skf","2026-04-29T13:54:43.594Z"
"65663","SKF","PHC 80H-2CX10FT-SKF","PHC 80H-2CX10FT-SKF","PHC80H2CX10FTSKF","PHC 80H-2CX10FT","Xích","Xích","87","xich","https://vongbicongnghiep.vn/san-pham/san-pham-15467/","https://vongbicongnghiep.vn/wp-content/uploads/2024/12/PHC-2FT.png","[""https://vongbicongnghiep.vn/wp-content/uploads/2024/12/PHC-2FT.png"",""https://vongbicongnghiep.vn/wp-content/uploads/product_images/truyen-dong/xich/xich-ansi.jpg""]","","","[]","3961000","out_of_stock","vongbicongnghiep.vn-wc-store-api-category-search-skf","2026-04-29T13:54:43.594Z"
"65662","SKF","PHC 80H-2C-C/L-SKF","PHC 80H-2C-C/L-SKF","PHC80H2CCLSKF","PHC 80H-2C-C/L","Xích","Xích","87","xich","https://vongbicongnghiep.vn/san-pham/san-pham-15466/","https://vongbicongnghiep.vn/wp-content/uploads/2024/12/PHC-2FT.png","[""https://vongbicongnghiep.vn/wp-content/uploads/2024/12/PHC-2FT.png"",""https://vongbicongnghiep.vn/wp-content/uploads/product_images/truyen-dong/xich/xich-ansi.jpg""]","","","[]","119000","out_of_stock","vongbicongnghiep.vn-wc-store-api-category-search-skf","2026-04-29T13:54:43.594Z"
"65661","SKF","PHC 80H-2C/L-SKF","PHC 80H-2C/L-SKF","PHC80H2CLSKF","PHC 80H-2C/L","Xích","Xích","87","xich","https://vongbicongnghiep.vn/san-pham/san-pham-15465/","https://vongbicongnghiep.vn/wp-content/uploads/2024/12/PHC-2CL.png","[""https://vongbicongnghiep.vn/wp-content/uploads/2024/12/PHC-2CL.png""]","","","[]","106000","out_of_stock","vongbicongnghiep.vn-wc-store-api-category-search-skf","2026-04-29T13:54:43.594Z"
"65660","SKF","PHC 80H-1X10FT-SKF","PHC 80H-1X10FT-SKF","PHC80H1X10FTSKF","PHC 80H-1X10FT","Xích","Xích","87","xich","https://vongbicongnghiep.vn/san-pham/san-pham-15464/","https://vongbicongnghiep.vn/wp-content/uploads/2024/12/PHC-1FT.png","[""https://vongbicongnghiep.vn/wp-content/uploads/2024/12/PHC-1FT.png"",""https://vongbicongnghiep.vn/wp-content/uploads/2024/12/BV-PHC-1FT.png""]","","","[]","2055000","out_of_stock","vongbicongnghiep.vn-wc-store-api-category-search-skf","2026-04-29T13:54:43.594Z"
"65659","SKF","PHC 80H-1O/L-SKF","PHC 80H-1O/L-SKF","PHC80H1OLSKF","PHC 80H-1O/L","Xích","Xích","87","xich","https://vongbicongnghiep.vn/san-pham/san-pham-15463/","https://vongbicongnghiep.vn/wp-content/uploads/2024/12/PHC-OL.png","[""https://vongbicongnghiep.vn/wp-content/uploads/2024/12/PHC-OL.png""]","","","[]","101000","out_of_stock","vongbicongnghiep.vn-wc-store-api-category-search-skf","2026-04-29T13:54:43.594Z"
"65658","SKF","PHC 80H-1CX10FT-SKF","PHC 80H-1CX10FT-SKF","PHC80H1CX10FTSKF","PHC 80H-1CX10FT","Xích","Xích","87","xich","https://vongbicongnghiep.vn/san-pham/san-pham-15462/","https://vongbicongnghiep.vn/wp-content/uploads/2024/12/PHC-1FT.png","[""https://vongbicongnghiep.vn/wp-content/uploads/2024/12/PHC-1FT.png"",""https://vongbicongnghiep.vn/wp-content/uploads/2024/12/BV-PHC-1FT.png""]","","","[]","1980000","out_of_stock","vongbicongnghiep.vn-wc-store-api-category-search-skf","2026-04-29T13:54:43.594Z"
"65657","SKF","PHC 80H-1C-C/L-SKF","PHC 80H-1C-C/L-SKF","PHC80H1CCLSKF","PHC 80H-1C-C/L","Xích","Xích","87","xich","https://vongbicongnghiep.vn/san-pham/san-pham-15461/","https://vongbicongnghiep.vn/wp-content/uploads/2024/12/PHC-1FT.png","[""https://vongbicongnghiep.vn/wp-content/uploads/2024/12/PHC-1FT.png"",""https://vongbicongnghiep.vn/wp-content/uploads/2024/12/BV-PHC-1FT.png""]","","","[]","58000","out_of_stock","vongbicongnghiep.vn-wc-store-api-category-search-skf","2026-04-29T13:54:43.594Z"
"65656","SKF","PHC 80H-1C/L-SKF","PHC 80H-1C/L-SKF","PHC80H1CLSKF","PHC 80H-1C/L","Xích","Xích","87","xich","https://vongbicongnghiep.vn/san-pham/san-pham-15460/","https://vongbicongnghiep.vn/wp-content/uploads/2024/12/PHC-CL.png","[""https://vongbicongnghiep.vn/wp-content/uploads/2024/12/PHC-CL.png""]","","","[]","50000","out_of_stock","vongbicongnghiep.vn-wc-store-api-category-search-skf","2026-04-29T13:54:43.594Z"
"65655","SKF","PHC 80-4X10FT-SKF","PHC 80-4X10FT-SKF","PHC804X10FTSKF","PHC 80-4X10FT","Xích","Xích","87","xich","https://vongbicongnghiep.vn/san-pham/san-pham-15459/","https://vongbicongnghiep.vn/wp-content/uploads/2024/12/PHC-3FT.png","[""https://vongbicongnghiep.vn/wp-content/uploads/2024/12/PHC-3FT.png"",""https://vongbicongnghiep.vn/wp-content/uploads/product_images/truyen-dong/xich/xich-ansi.jpg""]","","","[]","6949000","out_of_stock","vongbicongnghiep.vn-wc-store-api-category-search-skf","2026-04-29T13:54:43.594Z"
"65654","SKF","PHC 80-4C/L-SKF","PHC 80-4C/L-SKF","PHC804CLSKF","PHC 80-4C/L","Xích","Xích","87","xich","https://vongbicongnghiep.vn/san-pham/san-pham-15458/","https://vongbicongnghiep.vn/wp-content/uploads/2024/12/PHC-3FT.png","[""https://vongbicongnghiep.vn/wp-content/uploads/2024/12/PHC-3FT.png"",""https://vongbicongnghiep.vn/wp-content/uploads/product_images/truyen-dong/xich/xich-ansi.jpg""]","","","[]","199000","out_of_stock","vongbicongnghiep.vn-wc-store-api-category-search-skf","2026-04-29T13:54:43.594Z"
"65652","SKF","PHC 80-3O/L-SKF","PHC 80-3O/L-SKF","PHC803OLSKF","PHC 80-3O/L","Xích","Xích","87","xich","https://vongbicongnghiep.vn/san-pham/san-pham-15457/","https://vongbicongnghiep.vn/wp-content/uploads/2024/12/PHC-3CL.png","[""https://vongbicongnghiep.vn/wp-content/uploads/2024/12/PHC-3CL.png""]","","","[]","239000","out_of_stock","vongbicongnghiep.vn-wc-store-api-category-search-skf","2026-04-29T13:54:43.594Z"
"65651","SKF","PHC 80-3CX10FT-SKF","PHC 80-3CX10FT-SKF","PHC803CX10FTSKF","PHC 80-3CX10FT","Xích","Xích","87","xich","https://vongbicongnghiep.vn/san-pham/san-pham-15456/","https://vongbicongnghiep.vn/wp-content/uploads/2024/12/PHC-3FT.png","[""https://vongbicongnghiep.vn/wp-content/uploads/2024/12/PHC-3FT.png"",""https://vongbicongnghiep.vn/wp-content/uploads/product_images/truyen-dong/xich/xich-ansi.jpg""]","","","[]","5282000","out_of_stock","vongbicongnghiep.vn-wc-store-api-category-search-skf","2026-04-29T13:54:43.594Z"
"65650","SKF","PHC 80-3C-C/L-SKF","PHC 80-3C-C/L-SKF","PHC803CCLSKF","PHC 80-3C-C/L","Xích","Xích","87","xich","https://vongbicongnghiep.vn/san-pham/san-pham-15455/","https://vongbicongnghiep.vn/wp-content/uploads/2024/12/PHC-3FT.png","[""https://vongbicongnghiep.vn/wp-content/uploads/2024/12/PHC-3FT.png"",""https://vongbicongnghiep.vn/wp-content/uploads/product_images/truyen-dong/xich/xich-ansi.jpg""]","","","[]","156000","out_of_stock","vongbicongnghiep.vn-wc-store-api-category-search-skf","2026-04-29T13:54:43.594Z"
"65649","SKF","PHC 80-3C/L-SKF","PHC 80-3C/L-SKF","PHC803CLSKF","PHC 80-3C/L","Xích","Xích","87","xich","https://vongbicongnghiep.vn/san-pham/san-pham-15454/","https://vongbicongnghiep.vn/wp-content/uploads/2024/12/PHC-3OL.png","[""https://vongbicongnghiep.vn/wp-content/uploads/2024/12/PHC-3OL.png""]","","","[]","115000","out_of_stock","vongbicongnghiep.vn-wc-store-api-category-search-skf","2026-04-29T13:54:43.594Z"
"65648","SKF","PHC 80-2ZPX10FT-SKF","PHC 80-2ZPX10FT-SKF","PHC802ZPX10FTSKF","PHC 80-2ZPX10FT","Xích","Xích","87","xich","https://vongbicongnghiep.vn/san-pham/san-pham-15453/","https://vongbicongnghiep.vn/wp-content/uploads/2024/12/PHC-2FT.png","[""https://vongbicongnghiep.vn/wp-content/uploads/2024/12/PHC-2FT.png"",""https://vongbicongnghiep.vn/wp-content/uploads/product_images/truyen-dong/xich/xich-ansi.jpg""]","","","[]","3991000","out_of_stock","vongbicongnghiep.vn-wc-store-api-category-search-skf","2026-04-29T13:54:43.594Z"
"65647","SKF","PHC 80-2ZP-O/L-SKF","PHC 80-2ZP-O/L-SKF","PHC802ZPOLSKF","PHC 80-2ZP-O/L","Xích","Xích","87","xich","https://vongbicongnghiep.vn/san-pham/san-pham-15452/","https://vongbicongnghiep.vn/wp-content/uploads/2024/12/PHC-2OL.png","[""https://vongbicongnghiep.vn/wp-content/uploads/2024/12/PHC-2OL.png""]","","","[]","191000","out_of_stock","vongbicongnghiep.vn-wc-store-api-category-search-skf","2026-04-29T13:54:43.594Z"
"65646","SKF","PHC 80-2ZP-C/L-SKF","PHC 80-2ZP-C/L-SKF","PHC802ZPCLSKF","PHC 80-2ZP-C/L","Xích","Xích","87","xich","https://vongbicongnghiep.vn/san-pham/san-pham-15451/","https://vongbicongnghiep.vn/wp-content/uploads/2024/12/PHC-2CL.png","[""https://vongbicongnghiep.vn/wp-content/uploads/2024/12/PHC-2CL.png""]","","","[]","94000","out_of_stock","vongbicongnghiep.vn-wc-store-api-category-search-skf","2026-04-29T13:54:43.594Z"
"65645","SKF","PHC 80-2SSX10FT-SKF","PHC 80-2SSX10FT-SKF","PHC802SSX10FTSKF","PHC 80-2SSX10FT","Xích","Xích","87","xich","https://vongbicongnghiep.vn/san-pham/san-pham-15450/","https://vongbicongnghiep.vn/wp-content/uploads/2024/12/PHC-2FT.png","[""https://vongbicongnghiep.vn/wp-content/uploads/2024/12/PHC-2FT.png"",""https://vongbicongnghiep.vn/wp-content/uploads/product_images/truyen-dong/xich/xich-ansi.jpg""]","","","[]","12184000","out_of_stock","vongbicongnghiep.vn-wc-store-api-category-search-skf","2026-04-29T13:54:43.594Z"
"65644","SKF","PHC 80-2SS-O/L-SKF","PHC 80-2SS-O/L-SKF","PHC802SSOLSKF","PHC 80-2SS-O/L","Xích","Xích","87","xich","https://vongbicongnghiep.vn/san-pham/san-pham-15449/","https://vongbicongnghiep.vn/wp-content/uploads/2024/12/PHC-2OL.png","[""https://vongbicongnghiep.vn/wp-content/uploads/2024/12/PHC-2OL.png""]","","","[]","1083000","out_of_stock","vongbicongnghiep.vn-wc-store-api-category-search-skf","2026-04-29T13:54:43.594Z"
"65643","SKF","PHC 80-2SS-C/L-SKF","PHC 80-2SS-C/L-SKF","PHC802SSCLSKF","PHC 80-2SS-C/L","Xích","Xích","87","xich","https://vongbicongnghiep.vn/san-pham/san-pham-15448/","https://vongbicongnghiep.vn/wp-content/uploads/2024/12/PHC-2CL.png","[""https://vongbicongnghiep.vn/wp-content/uploads/2024/12/PHC-2CL.png""]","","","[]","541000","out_of_stock","vongbicongnghiep.vn-wc-store-api-category-search-skf","2026-04-29T13:54:43.594Z"
"65642","SKF","PHC 80-2O/L-SKF","PHC 80-2O/L-SKF","PHC802OLSKF","PHC 80-2O/L","Xích","Xích","87","xich","https://vongbicongnghiep.vn/san-pham/san-pham-15447/","https://vongbicongnghiep.vn/wp-content/uploads/2024/12/PHC-2OL.png","[""https://vongbicongnghiep.vn/wp-content/uploads/2024/12/PHC-2OL.png""]","","","[]","149000","out_of_stock","vongbicongnghiep.vn-wc-store-api-category-search-skf","2026-04-29T13:54:43.594Z"
"65641","SKF","PHC 80-2NPX10FT-SKF","PHC 80-2NPX10FT-SKF","PHC802NPX10FTSKF","PHC 80-2NPX10FT","Xích","Xích","87","xich","https://vongbicongnghiep.vn/san-pham/san-pham-15446/","https://vongbicongnghiep.vn/wp-content/uploads/2024/12/PHC-2FT.png","[""https://vongbicongnghiep.vn/wp-content/uploads/2024/12/PHC-2FT.png"",""https://vongbicongnghiep.vn/wp-content/uploads/product_images/truyen-dong/xich/xich-ansi.jpg""]","","","[]","4634000","out_of_stock","vongbicongnghiep.vn-wc-store-api-category-search-skf","2026-04-29T13:54:43.594Z"
"65640","SKF","PHC 80-2NP-O/L-SKF","PHC 80-2NP-O/L-SKF","PHC802NPOLSKF","PHC 80-2NP-O/L","Xích","Xích","87","xich","https://vongbicongnghiep.vn/san-pham/san-pham-15445/","https://vongbicongnghiep.vn/wp-content/uploads/2024/12/PHC-2OL.png","[""https://vongbicongnghiep.vn/wp-content/uploads/2024/12/PHC-2OL.png""]","","","[]","294000","out_of_stock","vongbicongnghiep.vn-wc-store-api-category-search-skf","2026-04-29T13:54:43.594Z"
"65639","SKF","PHC 80-2NP-C/L-SKF","PHC 80-2NP-C/L-SKF","PHC802NPCLSKF","PHC 80-2NP-C/L","Xích","Xích","87","xich","https://vongbicongnghiep.vn/san-pham/san-pham-15444/","https://vongbicongnghiep.vn/wp-content/uploads/2024/12/PHC-2CL.png","[""https://vongbicongnghiep.vn/wp-content/uploads/2024/12/PHC-2CL.png""]","","","[]","149000","out_of_stock","vongbicongnghiep.vn-wc-store-api-category-search-skf","2026-04-29T13:54:43.594Z"
"65638","SKF","PHC 80-2DRX10FT-SKF","PHC 80-2DRX10FT-SKF","PHC802DRX10FTSKF","PHC 80-2DRX10FT","Xích","Xích","87","xich","https://vongbicongnghiep.vn/san-pham/san-pham-15443/","https://vongbicongnghiep.vn/wp-content/uploads/2024/12/PHC-2FT.png","[""https://vongbicongnghiep.vn/wp-content/uploads/2024/12/PHC-2FT.png"",""https://vongbicongnghiep.vn/wp-content/uploads/product_images/truyen-dong/xich/xich-ansi.jpg""]","","","[]","5133000","out_of_stock","vongbicongnghiep.vn-wc-store-api-category-search-skf","2026-04-29T13:54:43.594Z"
"65637","SKF","PHC 80-2DR-O/L-SKF","PHC 80-2DR-O/L-SKF","PHC802DROLSKF","PHC 80-2DR-O/L","Xích","Xích","87","xich","https://vongbicongnghiep.vn/san-pham/san-pham-15442/","https://vongbicongnghiep.vn/wp-content/uploads/2024/12/PHC-2OL.png","[""https://vongbicongnghiep.vn/wp-content/uploads/2024/12/PHC-2OL.png""]","","","[]","337000","out_of_stock","vongbicongnghiep.vn-wc-store-api-category-search-skf","2026-04-29T13:54:43.594Z"
"65636","SKF","PHC 80-2DR-C/L-SKF","PHC 80-2DR-C/L-SKF","PHC802DRCLSKF","PHC 80-2DR-C/L","Xích","Xích","87","xich","https://vongbicongnghiep.vn/san-pham/san-pham-15441/","https://vongbicongnghiep.vn/wp-content/uploads/2024/12/PHC-2CL.png","[""https://vongbicongnghiep.vn/wp-content/uploads/2024/12/PHC-2CL.png""]","","","[]","168000","out_of_stock","vongbicongnghiep.vn-wc-store-api-category-search-skf","2026-04-29T13:54:43.594Z"
"65635","SKF","PHC 80-2CX10FT-SKF","PHC 80-2CX10FT-SKF","PHC802CX10FTSKF","PHC 80-2CX10FT","Xích","Xích","87","xich","https://vongbicongnghiep.vn/san-pham/san-pham-15440/","https://vongbicongnghiep.vn/wp-content/uploads/2024/12/PHC-2FT.png","[""https://vongbicongnghiep.vn/wp-content/uploads/2024/12/PHC-2FT.png"",""https://vongbicongnghiep.vn/wp-content/uploads/product_images/truyen-dong/xich/xich-ansi.jpg""]","","","[]","3301000","out_of_stock","vongbicongnghiep.vn-wc-store-api-category-search-skf","2026-04-29T13:54:43.594Z"
"65634","SKF","PHC 80-2C-C/L-SKF","PHC 80-2C-C/L-SKF","PHC802CCLSKF","PHC 80-2C-C/L","Xích","Xích","87","xich","https://vongbicongnghiep.vn/san-pham/san-pham-15439/","https://vongbicongnghiep.vn/wp-content/uploads/2024/12/PHC-2FT.png","[""https://vongbicongnghiep.vn/wp-content/uploads/2024/12/PHC-2FT.png"",""https://vongbicongnghiep.vn/wp-content/uploads/product_images/truyen-dong/xich/xich-ansi.jpg""]","","","[]","97000","out_of_stock","vongbicongnghiep.vn-wc-store-api-category-search-skf","2026-04-29T13:54:43.594Z"
"65633","SKF","PHC 80-2C/L-SKF","PHC 80-2C/L-SKF","PHC802CLSKF","PHC 80-2C/L","Xích","Xích","87","xich","https://vongbicongnghiep.vn/san-pham/san-pham-15438/","https://vongbicongnghiep.vn/wp-content/uploads/2024/12/PHC-2CL.png","[""https://vongbicongnghiep.vn/wp-content/uploads/2024/12/PHC-2CL.png""]","","","[]","72000","out_of_stock","vongbicongnghiep.vn-wc-store-api-category-search-skf","2026-04-29T13:54:43.594Z"
"65632","SKF","PHC 80-1ZPX10FT-SKF","PHC 80-1ZPX10FT-SKF","PHC801ZPX10FTSKF","PHC 80-1ZPX10FT","Xích","Xích","87","xich","https://vongbicongnghiep.vn/san-pham/san-pham-15437/","https://vongbicongnghiep.vn/wp-content/uploads/2024/12/PHC-1FT.png","[""https://vongbicongnghiep.vn/wp-content/uploads/2024/12/PHC-1FT.png"",""https://vongbicongnghiep.vn/wp-content/uploads/2024/12/BV-PHC-1FT.png""]","","","[]","1996000","out_of_stock","vongbicongnghiep.vn-wc-store-api-category-search-skf","2026-04-29T13:54:43.594Z"
"65631","SKF","PHC 80-1ZP-O/L-SKF","PHC 80-1ZP-O/L-SKF","PHC801ZPOLSKF","PHC 80-1ZP-O/L","Xích","Xích","87","xich","https://vongbicongnghiep.vn/san-pham/san-pham-15436/","https://vongbicongnghiep.vn/wp-content/uploads/2024/12/PHC-OL.png","[""https://vongbicongnghiep.vn/wp-content/uploads/2024/12/PHC-OL.png""]","","","[]","94000","out_of_stock","vongbicongnghiep.vn-wc-store-api-category-search-skf","2026-04-29T13:54:43.594Z"
"65630","SKF","PHC 80-1ZP-C/L-SKF","PHC 80-1ZP-C/L-SKF","PHC801ZPCLSKF","PHC 80-1ZP-C/L","Xích","Xích","87","xich","https://vongbicongnghiep.vn/san-pham/san-pham-15435/","https://vongbicongnghiep.vn/wp-content/uploads/2024/12/PHC-CL.png","[""https://vongbicongnghiep.vn/wp-content/uploads/2024/12/PHC-CL.png""]","","","[]","48000","out_of_stock","vongbicongnghiep.vn-wc-store-api-category-search-skf","2026-04-29T13:54:43.594Z"
"65629","SKF","PHC 80-1X10FTOE-SKF","PHC 80-1X10FTOE-SKF","PHC801X10FTOESKF","PHC 80-1X10FTOE","Xích","Xích","87","xich","https://vongbicongnghiep.vn/san-pham/san-pham-15434/","https://vongbicongnghiep.vn/wp-content/uploads/2024/12/PHC-1FT.png","[""https://vongbicongnghiep.vn/wp-content/uploads/2024/12/PHC-1FT.png"",""https://vongbicongnghiep.vn/wp-content/uploads/2024/12/BV-PHC-1FT.png""]","","","[]","1696000","in_stock","vongbicongnghiep.vn-wc-store-api-category-search-skf","2026-04-29T13:54:43.594Z"
"65628","SKF","PHC 80-1SSX10FT-SKF","PHC 80-1SSX10FT-SKF","PHC801SSX10FTSKF","PHC 80-1SSX10FT","Xích","Xích","87","xich","https://vongbicongnghiep.vn/san-pham/san-pham-15433/","https://vongbicongnghiep.vn/wp-content/uploads/2024/12/PHC-1FT.png","[""https://vongbicongnghiep.vn/wp-content/uploads/2024/12/PHC-1FT.png"",""https://vongbicongnghiep.vn/wp-content/uploads/2024/12/BV-PHC-1FT.png""]","","","[]","6091000","out_of_stock","vongbicongnghiep.vn-wc-store-api-category-search-skf","2026-04-29T13:54:43.594Z"
"65627","SKF","PHC 80-1SS-O/L-SKF","PHC 80-1SS-O/L-SKF","PHC801SSOLSKF","PHC 80-1SS-O/L","Xích","Xích","87","xich","https://vongbicongnghiep.vn/san-pham/san-pham-15432/","https://vongbicongnghiep.vn/wp-content/uploads/2024/12/PHC-OL.png","[""https://vongbicongnghiep.vn/wp-content/uploads/2024/12/PHC-OL.png""]","","","[]","541000","out_of_stock","vongbicongnghiep.vn-wc-store-api-category-search-skf","2026-04-29T13:54:43.594Z"
"65626","SKF","PHC 80-1SS-C/L-SKF","PHC 80-1SS-C/L-SKF","PHC801SSCLSKF","PHC 80-1SS-C/L","Xích","Xích","87","xich","https://vongbicongnghiep.vn/san-pham/san-pham-15431/","https://vongbicongnghiep.vn/wp-content/uploads/2024/12/PHC-CL.png","[""https://vongbicongnghiep.vn/wp-content/uploads/2024/12/PHC-CL.png""]","","","[]","270000","out_of_stock","vongbicongnghiep.vn-wc-store-api-category-search-skf","2026-04-29T13:54:43.594Z"
"65625","SKF","PHC 80-1SLRX10FT-SKF","PHC 80-1SLRX10FT-SKF","PHC801SLRX10FTSKF","PHC 80-1SLRX10FT","Xích","Xích","87","xich","https://vongbicongnghiep.vn/san-pham/san-pham-15430/","https://vongbicongnghiep.vn/wp-content/uploads/2024/12/PHC-1FT.png","[""https://vongbicongnghiep.vn/wp-content/uploads/2024/12/PHC-1FT.png"",""https://vongbicongnghiep.vn/wp-content/uploads/2024/12/BV-PHC-1FT.png""]","","","[]","4665000","out_of_stock","vongbicongnghiep.vn-wc-store-api-category-search-skf","2026-04-29T13:54:45.294Z"
"65624","SKF","PHC 80-1SBX10FT-SKF","PHC 80-1SBX10FT-SKF","PHC801SBX10FTSKF","PHC 80-1SBX10FT","Xích","Xích","87","xich","https://vongbicongnghiep.vn/san-pham/san-pham-15429/","https://vongbicongnghiep.vn/wp-content/uploads/2024/12/PHC-1FT.png","[""https://vongbicongnghiep.vn/wp-content/uploads/2024/12/PHC-1FT.png"",""https://vongbicongnghiep.vn/wp-content/uploads/2024/12/BV-PHC-1FT.png""]","","","[]","5169000","out_of_stock","vongbicongnghiep.vn-wc-store-api-category-search-skf","2026-04-29T13:54:45.294Z"
"65623","SKF","PHC 80-1SB-O/L-SKF","PHC 80-1SB-O/L-SKF","PHC801SBOLSKF","PHC 80-1SB-O/L","Xích","Xích","87","xich","https://vongbicongnghiep.vn/san-pham/san-pham-15428/","https://vongbicongnghiep.vn/wp-content/uploads/2024/12/PHC-1FT.png","[""https://vongbicongnghiep.vn/wp-content/uploads/2024/12/PHC-1FT.png"",""https://vongbicongnghiep.vn/wp-content/uploads/2024/12/BV-PHC-1FT.png""]","","","[]","311000","out_of_stock","vongbicongnghiep.vn-wc-store-api-category-search-skf","2026-04-29T13:54:45.294Z"
"65622","SKF","PHC 80-1SB-C/L-SKF","PHC 80-1SB-C/L-SKF","PHC801SBCLSKF","PHC 80-1SB-C/L","Xích","Xích","87","xich","https://vongbicongnghiep.vn/san-pham/san-pham-15427/","https://vongbicongnghiep.vn/wp-content/uploads/2024/12/PHC-1FT.png","[""https://vongbicongnghiep.vn/wp-content/uploads/2024/12/PHC-1FT.png"",""https://vongbicongnghiep.vn/wp-content/uploads/2024/12/BV-PHC-1FT.png""]","","","[]","183000","out_of_stock","vongbicongnghiep.vn-wc-store-api-category-search-skf","2026-04-29T13:54:45.294Z"
"65621","SKF","PHC 80-1NPX10FT-SKF","PHC 80-1NPX10FT-SKF","PHC801NPX10FTSKF","PHC 80-1NPX10FT","Xích","Xích","87","xich","https://vongbicongnghiep.vn/san-pham/san-pham-15426/","https://vongbicongnghiep.vn/wp-content/uploads/2024/12/PHC-1FT.png","[""https://vongbicongnghiep.vn/wp-content/uploads/2024/12/PHC-1FT.png"",""https://vongbicongnghiep.vn/wp-content/uploads/2024/12/BV-PHC-1FT.png""]","","","[]","2318000","out_of_stock","vongbicongnghiep.vn-wc-store-api-category-search-skf","2026-04-29T13:54:45.294Z"
"65620","SKF","PHC 80-1NP-O/L-SKF","PHC 80-1NP-O/L-SKF","PHC801NPOLSKF","PHC 80-1NP-O/L","Xích","Xích","87","xich","https://vongbicongnghiep.vn/san-pham/san-pham-15425/","https://vongbicongnghiep.vn/wp-content/uploads/2024/12/PHC-OL.png","[""https://vongbicongnghiep.vn/wp-content/uploads/2024/12/PHC-OL.png""]","","","[]","149000","out_of_stock","vongbicongnghiep.vn-wc-store-api-category-search-skf","2026-04-29T13:54:45.294Z"
"65619","SKF","PHC 80-1NP-C/L-SKF","PHC 80-1NP-C/L-SKF","PHC801NPCLSKF","PHC 80-1NP-C/L","Xích","Xích","87","xich","https://vongbicongnghiep.vn/san-pham/san-pham-15424/","https://vongbicongnghiep.vn/wp-content/uploads/2024/12/PHC-CL.png","[""https://vongbicongnghiep.vn/wp-content/uploads/2024/12/PHC-CL.png""]","","","[]","72000","out_of_stock","vongbicongnghiep.vn-wc-store-api-category-search-skf","2026-04-29T13:54:45.294Z"
"65618","SKF","PHC 80-1DRX10FT-SKF","PHC 80-1DRX10FT-SKF","PHC801DRX10FTSKF","PHC 80-1DRX10FT","Xích","Xích","87","xich","https://vongbicongnghiep.vn/san-pham/san-pham-15423/","https://vongbicongnghiep.vn/wp-content/uploads/2024/12/PHC-1FT.png","[""https://vongbicongnghiep.vn/wp-content/uploads/2024/12/PHC-1FT.png"",""https://vongbicongnghiep.vn/wp-content/uploads/2024/12/BV-PHC-1FT.png""]","","","[]","2567000","out_of_stock","vongbicongnghiep.vn-wc-store-api-category-search-skf","2026-04-29T13:54:45.294Z"
"65617","SKF","PHC 80-1DR-O/L-SKF","PHC 80-1DR-O/L-SKF","PHC801DROLSKF","PHC 80-1DR-O/L","Xích","Xích","87","xich","https://vongbicongnghiep.vn/san-pham/san-pham-15422/","https://vongbicongnghiep.vn/wp-content/uploads/2024/12/PHC-OL.png","[""https://vongbicongnghiep.vn/wp-content/uploads/2024/12/PHC-OL.png""]","","","[]","168000","out_of_stock","vongbicongnghiep.vn-wc-store-api-category-search-skf","2026-04-29T13:54:45.294Z"
"65616","SKF","PHC 80-1DR-C/L-SKF","PHC 80-1DR-C/L-SKF","PHC801DRCLSKF","PHC 80-1DR-C/L","Xích","Xích","87","xich","https://vongbicongnghiep.vn/san-pham/san-pham-15421/","https://vongbicongnghiep.vn/wp-content/uploads/2024/12/PHC-CL.png","[""https://vongbicongnghiep.vn/wp-content/uploads/2024/12/PHC-CL.png""]","","","[]","84000","out_of_stock","vongbicongnghiep.vn-wc-store-api-category-search-skf","2026-04-29T13:54:45.294Z"
"65615","SKF","PHC 80-1CX10FT-SKF","PHC 80-1CX10FT-SKF","PHC801CX10FTSKF","PHC 80-1CX10FT","Xích","Xích","87","xich","https://vongbicongnghiep.vn/san-pham/san-pham-15420/","https://vongbicongnghiep.vn/wp-content/uploads/2024/12/PHC-1FT.png","[""https://vongbicongnghiep.vn/wp-content/uploads/2024/12/PHC-1FT.png"",""https://vongbicongnghiep.vn/wp-content/uploads/2024/12/BV-PHC-1FT.png""]","","","[]","1651000","out_of_stock","vongbicongnghiep.vn-wc-store-api-category-search-skf","2026-04-29T13:54:45.294Z"
"65614","SKF","PHC 80-1C-C/L-SKF","PHC 80-1C-C/L-SKF","PHC801CCLSKF","PHC 80-1C-C/L","Xích","Xích","87","xich","https://vongbicongnghiep.vn/san-pham/san-pham-15419/","https://vongbicongnghiep.vn/wp-content/uploads/2024/12/PHC-1FT.png","[""https://vongbicongnghiep.vn/wp-content/uploads/2024/12/PHC-1FT.png"",""https://vongbicongnghiep.vn/wp-content/uploads/2024/12/BV-PHC-1FT.png""]","","","[]","49000","out_of_stock","vongbicongnghiep.vn-wc-store-api-category-search-skf","2026-04-29T13:54:45.294Z"
"65613","SKF","PHC 72B-3X10FT-SKF","PHC 72B-3X10FT-SKF","PHC72B3X10FTSKF","PHC 72B-3X10FT","Xích","Xích","87","xich","https://vongbicongnghiep.vn/san-pham/san-pham-15418/","https://vongbicongnghiep.vn/wp-content/uploads/2024/12/PHC-3FT.png","[""https://vongbicongnghiep.vn/wp-content/uploads/2024/12/PHC-3FT.png"",""https://vongbicongnghiep.vn/wp-content/uploads/product_images/truyen-dong/xich/xich-ansi.jpg""]","","","[]","176030000","out_of_stock","vongbicongnghiep.vn-wc-store-api-category-search-skf","2026-04-29T13:54:45.294Z"
"65612","SKF","PHC 72B-2X10FT-SKF","PHC 72B-2X10FT-SKF","PHC72B2X10FTSKF","PHC 72B-2X10FT","Xích","Xích","87","xich","https://vongbicongnghiep.vn/san-pham/san-pham-15417/","https://vongbicongnghiep.vn/wp-content/uploads/2024/12/PHC-2FT.png","[""https://vongbicongnghiep.vn/wp-content/uploads/2024/12/PHC-2FT.png"",""https://vongbicongnghiep.vn/wp-content/uploads/product_images/truyen-dong/xich/xich-ansi.jpg""]","","","[]","110019000","out_of_stock","vongbicongnghiep.vn-wc-store-api-category-search-skf","2026-04-29T13:54:45.294Z"
"65611","SKF","PHC 72B-1X10FT-SKF","PHC 72B-1X10FT-SKF","PHC72B1X10FTSKF","PHC 72B-1X10FT","Xích","Xích","87","xich","https://vongbicongnghiep.vn/san-pham/san-pham-15416/","https://vongbicongnghiep.vn/wp-content/uploads/2024/12/PHC-1FT.png","[""https://vongbicongnghiep.vn/wp-content/uploads/2024/12/PHC-1FT.png"",""https://vongbicongnghiep.vn/wp-content/uploads/2024/12/BV-PHC-1FT.png""]","","","[]","55009000","out_of_stock","vongbicongnghiep.vn-wc-store-api-category-search-skf","2026-04-29T13:54:45.294Z"
"65610","SKF","PHC 64B-3X10FT-SKF","PHC 64B-3X10FT-SKF","PHC64B3X10FTSKF","PHC 64B-3X10FT","Xích","Xích","87","xich","https://vongbicongnghiep.vn/san-pham/san-pham-15415/","https://vongbicongnghiep.vn/wp-content/uploads/2024/12/PHC-3FT.png","[""https://vongbicongnghiep.vn/wp-content/uploads/2024/12/PHC-3FT.png"",""https://vongbicongnghiep.vn/wp-content/uploads/product_images/truyen-dong/xich/xich-ansi.jpg""]","","","[]","153289000","out_of_stock","vongbicongnghiep.vn-wc-store-api-category-search-skf","2026-04-29T13:54:45.294Z"
"65609","SKF","PHC 64B-2X10FT-SKF","PHC 64B-2X10FT-SKF","PHC64B2X10FTSKF","PHC 64B-2X10FT","Xích","Xích","87","xich","https://vongbicongnghiep.vn/san-pham/san-pham-15414/","https://vongbicongnghiep.vn/wp-content/uploads/2024/12/PHC-2FT.png","[""https://vongbicongnghiep.vn/wp-content/uploads/2024/12/PHC-2FT.png"",""https://vongbicongnghiep.vn/wp-content/uploads/product_images/truyen-dong/xich/xich-ansi.jpg""]","","","[]","95806000","out_of_stock","vongbicongnghiep.vn-wc-store-api-category-search-skf","2026-04-29T13:54:45.294Z"
"65608","SKF","PHC 64B-1X10FT-SKF","PHC 64B-1X10FT-SKF","PHC64B1X10FTSKF","PHC 64B-1X10FT","Xích","Xích","87","xich","https://vongbicongnghiep.vn/san-pham/san-pham-15413/","https://vongbicongnghiep.vn/wp-content/uploads/2024/12/PHC-1FT.png","[""https://vongbicongnghiep.vn/wp-content/uploads/2024/12/PHC-1FT.png"",""https://vongbicongnghiep.vn/wp-content/uploads/2024/12/BV-PHC-1FT.png""]","","","[]","47903000","out_of_stock","vongbicongnghiep.vn-wc-store-api-category-search-skf","2026-04-29T13:54:45.294Z"
"65607","SKF","PHC 60SH-1X10FT-SKF","PHC 60SH-1X10FT-SKF","PHC60SH1X10FTSKF","PHC 60SH-1X10FT","Xích","Xích","87","xich","https://vongbicongnghiep.vn/san-pham/san-pham-15412/","https://vongbicongnghiep.vn/wp-content/uploads/2024/12/PHC-1FT.png","[""https://vongbicongnghiep.vn/wp-content/uploads/2024/12/PHC-1FT.png"",""https://vongbicongnghiep.vn/wp-content/uploads/2024/12/BV-PHC-1FT.png""]","","","[]","1504000","out_of_stock","vongbicongnghiep.vn-wc-store-api-category-search-skf","2026-04-29T13:54:45.294Z"
"65606","SKF","PHC 60SH-1C/L-SKF","PHC 60SH-1C/L-SKF","PHC60SH1CLSKF","PHC 60SH-1C/L","Xích","Xích","87","xich","https://vongbicongnghiep.vn/san-pham/san-pham-15411/","https://vongbicongnghiep.vn/wp-content/uploads/2024/12/PHC-CL.png","[""https://vongbicongnghiep.vn/wp-content/uploads/2024/12/PHC-CL.png""]","","","[]","34000","out_of_stock","vongbicongnghiep.vn-wc-store-api-category-search-skf","2026-04-29T13:54:45.294Z"
"65605","SKF","PHC 60H-3X10FT-SKF","PHC 60H-3X10FT-SKF","PHC60H3X10FTSKF","PHC 60H-3X10FT","Xích","Xích","87","xich","https://vongbicongnghiep.vn/san-pham/san-pham-15410/","https://vongbicongnghiep.vn/wp-content/uploads/2024/12/PHC-3FT.png","[""https://vongbicongnghiep.vn/wp-content/uploads/2024/12/PHC-3FT.png"",""https://vongbicongnghiep.vn/wp-content/uploads/product_images/truyen-dong/xich/xich-ansi.jpg""]","","","[]","3405000","out_of_stock","vongbicongnghiep.vn-wc-store-api-category-search-skf","2026-04-29T13:54:45.294Z"
"65604","SKF","PHC 60H-3O/L-SKF","PHC 60H-3O/L-SKF","PHC60H3OLSKF","PHC 60H-3O/L","Xích","Xích","87","xich","https://vongbicongnghiep.vn/san-pham/san-pham-15409/","https://vongbicongnghiep.vn/wp-content/uploads/2024/12/PHC-3CL.png","[""https://vongbicongnghiep.vn/wp-content/uploads/2024/12/PHC-3CL.png""]","","","[]","162000","out_of_stock","vongbicongnghiep.vn-wc-store-api-category-search-skf","2026-04-29T13:54:45.294Z"
"65603","SKF","PHC 60H-3CX10FT-SKF","PHC 60H-3CX10FT-SKF","PHC60H3CX10FTSKF","PHC 60H-3CX10FT","Xích","Xích","87","xich","https://vongbicongnghiep.vn/san-pham/san-pham-15408/","https://vongbicongnghiep.vn/wp-content/uploads/2024/12/PHC-3FT.png","[""https://vongbicongnghiep.vn/wp-content/uploads/2024/12/PHC-3FT.png"",""https://vongbicongnghiep.vn/wp-content/uploads/product_images/truyen-dong/xich/xich-ansi.jpg""]","","","[]","3558000","out_of_stock","vongbicongnghiep.vn-wc-store-api-category-search-skf","2026-04-29T13:54:45.294Z"
"65602","SKF","PHC 60H-3C-C/L-SKF","PHC 60H-3C-C/L-SKF","PHC60H3CCLSKF","PHC 60H-3C-C/L","Xích","Xích","87","xich","https://vongbicongnghiep.vn/san-pham/san-pham-15407/","https://vongbicongnghiep.vn/wp-content/uploads/2024/12/PHC-3FT.png","[""https://vongbicongnghiep.vn/wp-content/uploads/2024/12/PHC-3FT.png"",""https://vongbicongnghiep.vn/wp-content/uploads/product_images/truyen-dong/xich/xich-ansi.jpg""]","","","[]","88000","out_of_stock","vongbicongnghiep.vn-wc-store-api-category-search-skf","2026-04-29T13:54:45.294Z"
"65601","SKF","PHC 60H-3C/L-SKF","PHC 60H-3C/L-SKF","PHC60H3CLSKF","PHC 60H-3C/L","Xích","Xích","87","xich","https://vongbicongnghiep.vn/san-pham/san-pham-15406/","https://vongbicongnghiep.vn/wp-content/uploads/2024/12/PHC-3OL.png","[""https://vongbicongnghiep.vn/wp-content/uploads/2024/12/PHC-3OL.png""]","","","[]","170000","out_of_stock","vongbicongnghiep.vn-wc-store-api-category-search-skf","2026-04-29T13:54:45.294Z"
"65600","SKF","PHC 60H-2X10FT-SKF","PHC 60H-2X10FT-SKF","PHC60H2X10FTSKF","PHC 60H-2X10FT","Xích","Xích","87","xich","https://vongbicongnghiep.vn/san-pham/san-pham-15405/","https://vongbicongnghiep.vn/wp-content/uploads/2024/12/PHC-2FT.png","[""https://vongbicongnghiep.vn/wp-content/uploads/2024/12/PHC-2FT.png"",""https://vongbicongnghiep.vn/wp-content/uploads/product_images/truyen-dong/xich/xich-ansi.jpg""]","","","[]","2128000","out_of_stock","vongbicongnghiep.vn-wc-store-api-category-search-skf","2026-04-29T13:54:45.294Z"
"65599","SKF","PHC 60H-2O/L-SKF","PHC 60H-2O/L-SKF","PHC60H2OLSKF","PHC 60H-2O/L","Xích","Xích","87","xich","https://vongbicongnghiep.vn/san-pham/san-pham-15404/","https://vongbicongnghiep.vn/wp-content/uploads/2024/12/PHC-2OL.png","[""https://vongbicongnghiep.vn/wp-content/uploads/2024/12/PHC-2OL.png""]","","","[]","125000","out_of_stock","vongbicongnghiep.vn-wc-store-api-category-search-skf","2026-04-29T13:54:45.294Z"
"65598","SKF","PHC 60H-2CX10FT-SKF","PHC 60H-2CX10FT-SKF","PHC60H2CX10FTSKF","PHC 60H-2CX10FT","Xích","Xích","87","xich","https://vongbicongnghiep.vn/san-pham/san-pham-15403/","https://vongbicongnghiep.vn/wp-content/uploads/2024/12/PHC-2FT.png","[""https://vongbicongnghiep.vn/wp-content/uploads/2024/12/PHC-2FT.png"",""https://vongbicongnghiep.vn/wp-content/uploads/product_images/truyen-dong/xich/xich-ansi.jpg""]","","","[]","2224000","out_of_stock","vongbicongnghiep.vn-wc-store-api-category-search-skf","2026-04-29T13:54:45.294Z"
"65597","SKF","PHC 60H-2C-C/L-SKF","PHC 60H-2C-C/L-SKF","PHC60H2CCLSKF","PHC 60H-2C-C/L","Xích","Xích","87","xich","https://vongbicongnghiep.vn/san-pham/san-pham-15402/","https://vongbicongnghiep.vn/wp-content/uploads/2024/12/PHC-2FT.png","[""https://vongbicongnghiep.vn/wp-content/uploads/2024/12/PHC-2FT.png"",""https://vongbicongnghiep.vn/wp-content/uploads/product_images/truyen-dong/xich/xich-ansi.jpg""]","","","[]","54000","out_of_stock","vongbicongnghiep.vn-wc-store-api-category-search-skf","2026-04-29T13:54:45.294Z"
"65596","SKF","PHC 60H-2C/L-SKF","PHC 60H-2C/L-SKF","PHC60H2CLSKF","PHC 60H-2C/L","Xích","Xích","87","xich","https://vongbicongnghiep.vn/san-pham/san-pham-15401/","https://vongbicongnghiep.vn/wp-content/uploads/2024/12/PHC-2CL.png","[""https://vongbicongnghiep.vn/wp-content/uploads/2024/12/PHC-2CL.png""]","","","[]","55000","out_of_stock","vongbicongnghiep.vn-wc-store-api-category-search-skf","2026-04-29T13:54:45.294Z"
"65594","SKF","PHC 60H-1X10FT-SKF","PHC 60H-1X10FT-SKF","PHC60H1X10FTSKF","PHC 60H-1X10FT","Xích","Xích","87","xich","https://vongbicongnghiep.vn/san-pham/san-pham-15400/","https://vongbicongnghiep.vn/wp-content/uploads/2024/12/PHC-1FT.png","[""https://vongbicongnghiep.vn/wp-content/uploads/2024/12/PHC-1FT.png"",""https://vongbicongnghiep.vn/wp-content/uploads/2024/12/BV-PHC-1FT.png""]","","","[]","1099000","out_of_stock","vongbicongnghiep.vn-wc-store-api-category-search-skf","2026-04-29T13:54:45.294Z"
"65593","SKF","PHC 60H-1X100FT-SKF","PHC 60H-1X100FT-SKF","PHC60H1X100FTSKF","PHC 60H-1X100FT","Xích","Xích","87","xich","https://vongbicongnghiep.vn/san-pham/san-pham-15399/","https://vongbicongnghiep.vn/wp-content/uploads/2024/12/PHC-1FT.png","[""https://vongbicongnghiep.vn/wp-content/uploads/2024/12/PHC-1FT.png"",""https://vongbicongnghiep.vn/wp-content/uploads/2024/12/BV-PHC-1FT.png""]","","","[]","8716000","out_of_stock","vongbicongnghiep.vn-wc-store-api-category-search-skf","2026-04-29T13:54:45.294Z"
"65592","SKF","PHC 60H-1O/L-SKF","PHC 60H-1O/L-SKF","PHC60H1OLSKF","PHC 60H-1O/L","Xích","Xích","87","xich","https://vongbicongnghiep.vn/san-pham/san-pham-15398/","https://vongbicongnghiep.vn/wp-content/uploads/2024/12/PHC-OL.png","[""https://vongbicongnghiep.vn/wp-content/uploads/2024/12/PHC-OL.png""]","","","[]","48000","out_of_stock","vongbicongnghiep.vn-wc-store-api-category-search-skf","2026-04-29T13:54:45.294Z"
"65591","SKF","PHC 60H-1CX10FT-SKF","PHC 60H-1CX10FT-SKF","PHC60H1CX10FTSKF","PHC 60H-1CX10FT","Xích","Xích","87","xich","https://vongbicongnghiep.vn/san-pham/san-pham-15397/","https://vongbicongnghiep.vn/wp-content/uploads/2024/12/PHC-1FT.png","[""https://vongbicongnghiep.vn/wp-content/uploads/2024/12/PHC-1FT.png"",""https://vongbicongnghiep.vn/wp-content/uploads/2024/12/BV-PHC-1FT.png""]","","","[]","1110000","out_of_stock","vongbicongnghiep.vn-wc-store-api-category-search-skf","2026-04-29T13:54:45.294Z"
"65590","SKF","PHC 60H-1C-C/L-SKF","PHC 60H-1C-C/L-SKF","PHC60H1CCLSKF","PHC 60H-1C-C/L","Xích","Xích","87","xich","https://vongbicongnghiep.vn/san-pham/san-pham-15396/","https://vongbicongnghiep.vn/wp-content/uploads/2024/12/PHC-1FT.png","[""https://vongbicongnghiep.vn/wp-content/uploads/2024/12/PHC-1FT.png"",""https://vongbicongnghiep.vn/wp-content/uploads/2024/12/BV-PHC-1FT.png""]","","","[]","26000","out_of_stock","vongbicongnghiep.vn-wc-store-api-category-search-skf","2026-04-29T13:54:45.294Z"
"65589","SKF","PHC 60H-1C/L-SKF","PHC 60H-1C/L-SKF","PHC60H1CLSKF","PHC 60H-1C/L","Xích","Xích","87","xich","https://vongbicongnghiep.vn/san-pham/san-pham-15395/","https://vongbicongnghiep.vn/wp-content/uploads/2024/12/PHC-CL.png","[""https://vongbicongnghiep.vn/wp-content/uploads/2024/12/PHC-CL.png""]","","","[]","23000","out_of_stock","vongbicongnghiep.vn-wc-store-api-category-search-skf","2026-04-29T13:54:45.294Z"
"65588","SKF","PHC 60-4C/L-SKF","PHC 60-4C/L-SKF","PHC604CLSKF","PHC 60-4C/L","Xích","Xích","87","xich","https://vongbicongnghiep.vn/san-pham/san-pham-15394/","https://vongbicongnghiep.vn/wp-content/uploads/2024/12/PHC-3FT.png","[""https://vongbicongnghiep.vn/wp-content/uploads/2024/12/PHC-3FT.png"",""https://vongbicongnghiep.vn/wp-content/uploads/product_images/truyen-dong/xich/xich-ansi.jpg""]","","","[]","96000","out_of_stock","vongbicongnghiep.vn-wc-store-api-category-search-skf","2026-04-29T13:54:45.294Z"
"65587","SKF","PHC 60-3O/L-SKF","PHC 60-3O/L-SKF","PHC603OLSKF","PHC 60-3O/L","Xích","Xích","87","xich","https://vongbicongnghiep.vn/san-pham/san-pham-15393/","https://vongbicongnghiep.vn/wp-content/uploads/2024/12/PHC-3CL.png","[""https://vongbicongnghiep.vn/wp-content/uploads/2024/12/PHC-3CL.png""]","","","[]","108000","out_of_stock","vongbicongnghiep.vn-wc-store-api-category-search-skf","2026-04-29T13:54:45.294Z"
"65586","SKF","PHC 60-3CX10FT-SKF","PHC 60-3CX10FT-SKF","PHC603CX10FTSKF","PHC 60-3CX10FT","Xích","Xích","87","xich","https://vongbicongnghiep.vn/san-pham/san-pham-15392/","https://vongbicongnghiep.vn/wp-content/uploads/2024/12/PHC-3FT.png","[""https://vongbicongnghiep.vn/wp-content/uploads/2024/12/PHC-3FT.png"",""https://vongbicongnghiep.vn/wp-content/uploads/product_images/truyen-dong/xich/xich-ansi.jpg""]","","","[]","2965000","out_of_stock","vongbicongnghiep.vn-wc-store-api-category-search-skf","2026-04-29T13:54:45.294Z"
"65585","SKF","PHC 60-3C-C/L-SKF","PHC 60-3C-C/L-SKF","PHC603CCLSKF","PHC 60-3C-C/L","Xích","Xích","87","xich","https://vongbicongnghiep.vn/san-pham/san-pham-15391/","https://vongbicongnghiep.vn/wp-content/uploads/2024/12/PHC-3FT.png","[""https://vongbicongnghiep.vn/wp-content/uploads/2024/12/PHC-3FT.png"",""https://vongbicongnghiep.vn/wp-content/uploads/product_images/truyen-dong/xich/xich-ansi.jpg""]","","","[]","72000","out_of_stock","vongbicongnghiep.vn-wc-store-api-category-search-skf","2026-04-29T13:54:45.294Z"
"65584","SKF","PHC 60-3C/L-SKF","PHC 60-3C/L-SKF","PHC603CLSKF","PHC 60-3C/L","Xích","Xích","87","xich","https://vongbicongnghiep.vn/san-pham/san-pham-15390/","https://vongbicongnghiep.vn/wp-content/uploads/2024/12/PHC-3OL.png","[""https://vongbicongnghiep.vn/wp-content/uploads/2024/12/PHC-3OL.png""]","","","[]","54000","in_stock","vongbicongnghiep.vn-wc-store-api-category-search-skf","2026-04-29T13:54:45.294Z"
"65583","SKF","PHC 60-2ZPX10FT-SKF","PHC 60-2ZPX10FT-SKF","PHC602ZPX10FTSKF","PHC 60-2ZPX10FT","Xích","Xích","87","xich","https://vongbicongnghiep.vn/san-pham/san-pham-15389/","https://vongbicongnghiep.vn/wp-content/uploads/2024/12/PHC-2FT.png","[""https://vongbicongnghiep.vn/wp-content/uploads/2024/12/PHC-2FT.png"",""https://vongbicongnghiep.vn/wp-content/uploads/product_images/truyen-dong/xich/xich-ansi.jpg""]","","","[]","1996000","out_of_stock","vongbicongnghiep.vn-wc-store-api-category-search-skf","2026-04-29T13:54:45.294Z"
"65582","SKF","PHC 60-2ZP-O/L-SKF","PHC 60-2ZP-O/L-SKF","PHC602ZPOLSKF","PHC 60-2ZP-O/L","Xích","Xích","87","xich","https://vongbicongnghiep.vn/san-pham/san-pham-15388/","https://vongbicongnghiep.vn/wp-content/uploads/2024/12/PHC-2OL.png","[""https://vongbicongnghiep.vn/wp-content/uploads/2024/12/PHC-2OL.png""]","","","[]","94000","out_of_stock","vongbicongnghiep.vn-wc-store-api-category-search-skf","2026-04-29T13:54:45.294Z"
"65581","SKF","PHC 60-2ZP-C/L-SKF","PHC 60-2ZP-C/L-SKF","PHC602ZPCLSKF","PHC 60-2ZP-C/L","Xích","Xích","87","xich","https://vongbicongnghiep.vn/san-pham/san-pham-15387/","https://vongbicongnghiep.vn/wp-content/uploads/2024/12/PHC-2CL.png","[""https://vongbicongnghiep.vn/wp-content/uploads/2024/12/PHC-2CL.png""]","","","[]","48000","out_of_stock","vongbicongnghiep.vn-wc-store-api-category-search-skf","2026-04-29T13:54:45.294Z"
"65580","SKF","PHC 60-2SSX10FT-SKF","PHC 60-2SSX10FT-SKF","PHC602SSX10FTSKF","PHC 60-2SSX10FT","Xích","Xích","87","xich","https://vongbicongnghiep.vn/san-pham/san-pham-15386/","https://vongbicongnghiep.vn/wp-content/uploads/2024/12/PHC-2FT.png","[""https://vongbicongnghiep.vn/wp-content/uploads/2024/12/PHC-2FT.png"",""https://vongbicongnghiep.vn/wp-content/uploads/product_images/truyen-dong/xich/xich-ansi.jpg""]","","","[]","6782000","out_of_stock","vongbicongnghiep.vn-wc-store-api-category-search-skf","2026-04-29T13:54:45.294Z"
"65579","SKF","PHC 60-2SS-O/L-SKF","PHC 60-2SS-O/L-SKF","PHC602SSOLSKF","PHC 60-2SS-O/L","Xích","Xích","87","xich","https://vongbicongnghiep.vn/san-pham/san-pham-15385/","https://vongbicongnghiep.vn/wp-content/uploads/2024/12/PHC-2OL.png","[""https://vongbicongnghiep.vn/wp-content/uploads/2024/12/PHC-2OL.png""]","","","[]","455000","out_of_stock","vongbicongnghiep.vn-wc-store-api-category-search-skf","2026-04-29T13:54:45.294Z"
"65578","SKF","PHC 60-2SS-C/L-SKF","PHC 60-2SS-C/L-SKF","PHC602SSCLSKF","PHC 60-2SS-C/L","Xích","Xích","87","xich","https://vongbicongnghiep.vn/san-pham/san-pham-15384/","https://vongbicongnghiep.vn/wp-content/uploads/2024/12/PHC-2CL.png","[""https://vongbicongnghiep.vn/wp-content/uploads/2024/12/PHC-2CL.png""]","","","[]","229000","out_of_stock","vongbicongnghiep.vn-wc-store-api-category-search-skf","2026-04-29T13:54:45.294Z"
"65577","SKF","PHC 60-2SLRX10FT-SKF","PHC 60-2SLRX10FT-SKF","PHC602SLRX10FTSKF","PHC 60-2SLRX10FT","Xích","Xích","87","xich","https://vongbicongnghiep.vn/san-pham/san-pham-15383/","https://vongbicongnghiep.vn/wp-content/uploads/2024/12/PHC-2FT.png","[""https://vongbicongnghiep.vn/wp-content/uploads/2024/12/PHC-2FT.png"",""https://vongbicongnghiep.vn/wp-content/uploads/product_images/truyen-dong/xich/xich-ansi.jpg""]","","","[]","8032000","out_of_stock","vongbicongnghiep.vn-wc-store-api-category-search-skf","2026-04-29T13:54:45.294Z"
"65576","SKF","PHC 60-2SLR-O/L-SKF","PHC 60-2SLR-O/L-SKF","PHC602SLROLSKF","PHC 60-2SLR-O/L","Xích","Xích","87","xich","https://vongbicongnghiep.vn/san-pham/san-pham-15382/","https://vongbicongnghiep.vn/wp-content/uploads/2024/12/PHC-2OL.png","[""https://vongbicongnghiep.vn/wp-content/uploads/2024/12/PHC-2OL.png""]","","","[]","487000","out_of_stock","vongbicongnghiep.vn-wc-store-api-category-search-skf","2026-04-29T13:54:45.294Z"
"65575","SKF","PHC 60-2SLR-C/L-SKF","PHC 60-2SLR-C/L-SKF","PHC602SLRCLSKF","PHC 60-2SLR-C/L","Xích","Xích","87","xich","https://vongbicongnghiep.vn/san-pham/san-pham-15381/","https://vongbicongnghiep.vn/wp-content/uploads/2024/12/PHC-2CL.png","[""https://vongbicongnghiep.vn/wp-content/uploads/2024/12/PHC-2CL.png""]","","","[]","191000","out_of_stock","vongbicongnghiep.vn-wc-store-api-category-search-skf","2026-04-29T13:54:45.294Z"
"65574","SKF","PHC 60-2O/L-SKF","PHC 60-2O/L-SKF","PHC602OLSKF","PHC 60-2O/L","Xích","Xích","87","xich","https://vongbicongnghiep.vn/san-pham/san-pham-15380/","https://vongbicongnghiep.vn/wp-content/uploads/2024/12/PHC-2OL.png","[""https://vongbicongnghiep.vn/wp-content/uploads/2024/12/PHC-2OL.png""]","","","[]","67000","out_of_stock","vongbicongnghiep.vn-wc-store-api-category-search-skf","2026-04-29T13:54:45.294Z"
"65573","SKF","PHC 60-2NPX10FT-SKF","PHC 60-2NPX10FT-SKF","PHC602NPX10FTSKF","PHC 60-2NPX10FT","Xích","Xích","87","xich","https://vongbicongnghiep.vn/san-pham/san-pham-15379/","https://vongbicongnghiep.vn/wp-content/uploads/2024/12/PHC-2FT.png","[""https://vongbicongnghiep.vn/wp-content/uploads/2024/12/PHC-2FT.png"",""https://vongbicongnghiep.vn/wp-content/uploads/product_images/truyen-dong/xich/xich-ansi.jpg""]","","","[]","2582000","out_of_stock","vongbicongnghiep.vn-wc-store-api-category-search-skf","2026-04-29T13:54:45.294Z"
"65572","SKF","PHC 60-2NP-O/L-SKF","PHC 60-2NP-O/L-SKF","PHC602NPOLSKF","PHC 60-2NP-O/L","Xích","Xích","87","xich","https://vongbicongnghiep.vn/san-pham/san-pham-15378/","https://vongbicongnghiep.vn/wp-content/uploads/2024/12/PHC-2OL.png","[""https://vongbicongnghiep.vn/wp-content/uploads/2024/12/PHC-2OL.png""]","","","[]","139000","out_of_stock","vongbicongnghiep.vn-wc-store-api-category-search-skf","2026-04-29T13:54:45.294Z"
"65571","SKF","PHC 60-2NP-C/L-SKF","PHC 60-2NP-C/L-SKF","PHC602NPCLSKF","PHC 60-2NP-C/L","Xích","Xích","87","xich","https://vongbicongnghiep.vn/san-pham/san-pham-15377/","https://vongbicongnghiep.vn/wp-content/uploads/2024/12/PHC-2CL.png","[""https://vongbicongnghiep.vn/wp-content/uploads/2024/12/PHC-2CL.png""]","","","[]","71000","out_of_stock","vongbicongnghiep.vn-wc-store-api-category-search-skf","2026-04-29T13:54:45.294Z"
"65570","SKF","PHC 60-2DRX10FT-SKF","PHC 60-2DRX10FT-SKF","PHC602DRX10FTSKF","PHC 60-2DRX10FT","Xích","Xích","87","xich","https://vongbicongnghiep.vn/san-pham/san-pham-15376/","https://vongbicongnghiep.vn/wp-content/uploads/2024/12/PHC-2FT.png","[""https://vongbicongnghiep.vn/wp-content/uploads/2024/12/PHC-2FT.png"",""https://vongbicongnghiep.vn/wp-content/uploads/product_images/truyen-dong/xich/xich-ansi.jpg""]","","","[]","2930000","out_of_stock","vongbicongnghiep.vn-wc-store-api-category-search-skf","2026-04-29T13:54:45.294Z"
"65569","SKF","PHC 60-2DR-O/L-SKF","PHC 60-2DR-O/L-SKF","PHC602DROLSKF","PHC 60-2DR-O/L","Xích","Xích","87","xich","https://vongbicongnghiep.vn/san-pham/san-pham-15375/","https://vongbicongnghiep.vn/wp-content/uploads/2024/12/PHC-2OL.png","[""https://vongbicongnghiep.vn/wp-content/uploads/2024/12/PHC-2OL.png""]","","","[]","181000","out_of_stock","vongbicongnghiep.vn-wc-store-api-category-search-skf","2026-04-29T13:54:45.294Z"
"65568","SKF","PHC 60-2DR-C/L-SKF","PHC 60-2DR-C/L-SKF","PHC602DRCLSKF","PHC 60-2DR-C/L","Xích","Xích","87","xich","https://vongbicongnghiep.vn/san-pham/san-pham-15374/","https://vongbicongnghiep.vn/wp-content/uploads/2024/12/PHC-2CL.png","[""https://vongbicongnghiep.vn/wp-content/uploads/2024/12/PHC-2CL.png""]","","","[]","90000","out_of_stock","vongbicongnghiep.vn-wc-store-api-category-search-skf","2026-04-29T13:54:45.294Z"
"65567","SKF","PHC 60-2CX10FT-SKF","PHC 60-2CX10FT-SKF","PHC602CX10FTSKF","PHC 60-2CX10FT","Xích","Xích","87","xich","https://vongbicongnghiep.vn/san-pham/san-pham-15373/","https://vongbicongnghiep.vn/wp-content/uploads/2024/12/PHC-2FT.png","[""https://vongbicongnghiep.vn/wp-content/uploads/2024/12/PHC-2FT.png"",""https://vongbicongnghiep.vn/wp-content/uploads/product_images/truyen-dong/xich/xich-ansi.jpg""]","","","[]","1854000","out_of_stock","vongbicongnghiep.vn-wc-store-api-category-search-skf","2026-04-29T13:54:45.294Z"
"65566","SKF","PHC 60-2C-C/L-SKF","PHC 60-2C-C/L-SKF","PHC602CCLSKF","PHC 60-2C-C/L","Xích","Xích","87","xich","https://vongbicongnghiep.vn/san-pham/san-pham-15372/","https://vongbicongnghiep.vn/wp-content/uploads/2024/12/PHC-2FT.png","[""https://vongbicongnghiep.vn/wp-content/uploads/2024/12/PHC-2FT.png"",""https://vongbicongnghiep.vn/wp-content/uploads/product_images/truyen-dong/xich/xich-ansi.jpg""]","","","[]","45000","out_of_stock","vongbicongnghiep.vn-wc-store-api-category-search-skf","2026-04-29T13:54:45.294Z"
"65565","SKF","PHC 60-2C/L-SKF","PHC 60-2C/L-SKF","PHC602CLSKF","PHC 60-2C/L","Xích","Xích","87","xich","https://vongbicongnghiep.vn/san-pham/san-pham-15371/","https://vongbicongnghiep.vn/wp-content/uploads/2024/12/PHC-2CL.png","[""https://vongbicongnghiep.vn/wp-content/uploads/2024/12/PHC-2CL.png""]","","","[]","33000","out_of_stock","vongbicongnghiep.vn-wc-store-api-category-search-skf","2026-04-29T13:54:45.294Z"
"65564","SKF","PHC 60-1ZPX10FT-SKF","PHC 60-1ZPX10FT-SKF","PHC601ZPX10FTSKF","PHC 60-1ZPX10FT","Xích","Xích","87","xich","https://vongbicongnghiep.vn/san-pham/san-pham-15370/","https://vongbicongnghiep.vn/wp-content/uploads/2024/12/PHC-1FT.png","[""https://vongbicongnghiep.vn/wp-content/uploads/2024/12/PHC-1FT.png"",""https://vongbicongnghiep.vn/wp-content/uploads/2024/12/BV-PHC-1FT.png""]","","","[]","997000","out_of_stock","vongbicongnghiep.vn-wc-store-api-category-search-skf","2026-04-29T13:54:45.294Z"
"65563","SKF","PHC 60-1ZP-O/L-SKF","PHC 60-1ZP-O/L-SKF","PHC601ZPOLSKF","PHC 60-1ZP-O/L","Xích","Xích","87","xich","https://vongbicongnghiep.vn/san-pham/san-pham-15369/","https://vongbicongnghiep.vn/wp-content/uploads/2024/12/PHC-OL.png","[""https://vongbicongnghiep.vn/wp-content/uploads/2024/12/PHC-OL.png""]","","","[]","48000","out_of_stock","vongbicongnghiep.vn-wc-store-api-category-search-skf","2026-04-29T13:54:45.294Z"
"65562","SKF","PHC 60-1ZP-C/L-SKF","PHC 60-1ZP-C/L-SKF","PHC601ZPCLSKF","PHC 60-1ZP-C/L","Xích","Xích","87","xich","https://vongbicongnghiep.vn/san-pham/san-pham-15368/","https://vongbicongnghiep.vn/wp-content/uploads/2024/12/PHC-CL.png","[""https://vongbicongnghiep.vn/wp-content/uploads/2024/12/PHC-CL.png""]","","","[]","22000","out_of_stock","vongbicongnghiep.vn-wc-store-api-category-search-skf","2026-04-29T13:54:45.294Z"
"65561","SKF","PHC 60-1X10FTOE-SKF","PHC 60-1X10FTOE-SKF","PHC601X10FTOESKF","PHC 60-1X10FTOE","Xích","Xích","87","xich","https://vongbicongnghiep.vn/san-pham/san-pham-15367/","https://vongbicongnghiep.vn/wp-content/uploads/2024/12/PHC-1FT.png","[""https://vongbicongnghiep.vn/wp-content/uploads/2024/12/PHC-1FT.png"",""https://vongbicongnghiep.vn/wp-content/uploads/2024/12/BV-PHC-1FT.png""]","","","[]","1012000","in_stock","vongbicongnghiep.vn-wc-store-api-category-search-skf","2026-04-29T13:54:45.294Z"
"65560","SKF","PHC 60-1X100FT-SKF","PHC 60-1X100FT-SKF","PHC601X100FTSKF","PHC 60-1X100FT","Xích","Xích","87","xich","https://vongbicongnghiep.vn/san-pham/san-pham-15366/","https://vongbicongnghiep.vn/wp-content/uploads/2024/12/PHC-1FT.png","[""https://vongbicongnghiep.vn/wp-content/uploads/2024/12/PHC-1FT.png"",""https://vongbicongnghiep.vn/wp-content/uploads/2024/12/BV-PHC-1FT.png""]","","","[]","7253000","out_of_stock","vongbicongnghiep.vn-wc-store-api-category-search-skf","2026-04-29T13:54:45.294Z"
"65559","SKF","PHC 60-1SSX10FT-SKF","PHC 60-1SSX10FT-SKF","PHC601SSX10FTSKF","PHC 60-1SSX10FT","Xích","Xích","87","xich","https://vongbicongnghiep.vn/san-pham/san-pham-15365/","https://vongbicongnghiep.vn/wp-content/uploads/2024/12/PHC-1FT.png","[""https://vongbicongnghiep.vn/wp-content/uploads/2024/12/PHC-1FT.png"",""https://vongbicongnghiep.vn/wp-content/uploads/2024/12/BV-PHC-1FT.png""]","","","[]","3391000","in_stock","vongbicongnghiep.vn-wc-store-api-category-search-skf","2026-04-29T13:54:45.294Z"
"65558","SKF","PHC 60-1SS-O/L-SKF","PHC 60-1SS-O/L-SKF","PHC601SSOLSKF","PHC 60-1SS-O/L","Xích","Xích","87","xich","https://vongbicongnghiep.vn/san-pham/san-pham-15364/","https://vongbicongnghiep.vn/wp-content/uploads/2024/12/PHC-OL.png","[""https://vongbicongnghiep.vn/wp-content/uploads/2024/12/PHC-OL.png""]","","","[]","229000","out_of_stock","vongbicongnghiep.vn-wc-store-api-category-search-skf","2026-04-29T13:54:45.294Z"
"65557","SKF","PHC 60-1SS-C/L-SKF","PHC 60-1SS-C/L-SKF","PHC601SSCLSKF","PHC 60-1SS-C/L","Xích","Xích","87","xich","https://vongbicongnghiep.vn/san-pham/san-pham-15363/","https://vongbicongnghiep.vn/wp-content/uploads/2024/12/PHC-CL.png","[""https://vongbicongnghiep.vn/wp-content/uploads/2024/12/PHC-CL.png""]","","","[]","114000","out_of_stock","vongbicongnghiep.vn-wc-store-api-category-search-skf","2026-04-29T13:54:45.294Z"
"65556","SKF","PHC 60-1SLRX10FT-SKF","PHC 60-1SLRX10FT-SKF","PHC601SLRX10FTSKF","PHC 60-1SLRX10FT","Xích","Xích","87","xich","https://vongbicongnghiep.vn/san-pham/san-pham-15362/","https://vongbicongnghiep.vn/wp-content/uploads/2024/12/PHC-1FT.png","[""https://vongbicongnghiep.vn/wp-content/uploads/2024/12/PHC-1FT.png"",""https://vongbicongnghiep.vn/wp-content/uploads/2024/12/BV-PHC-1FT.png""]","","","[]","4264000","out_of_stock","vongbicongnghiep.vn-wc-store-api-category-search-skf","2026-04-29T13:54:45.294Z"
"65555","SKF","PHC 60-1SLR-O/L-SKF","PHC 60-1SLR-O/L-SKF","PHC601SLROLSKF","PHC 60-1SLR-O/L","Xích","Xích","87","xich","https://vongbicongnghiep.vn/san-pham/san-pham-15361/","https://vongbicongnghiep.vn/wp-content/uploads/2024/12/PHC-OL.png","[""https://vongbicongnghiep.vn/wp-content/uploads/2024/12/PHC-OL.png""]","","","[]","247000","out_of_stock","vongbicongnghiep.vn-wc-store-api-category-search-skf","2026-04-29T13:54:45.294Z"
"65554","SKF","PHC 60-1SLR-C/L-SKF","PHC 60-1SLR-C/L-SKF","PHC601SLRCLSKF","PHC 60-1SLR-C/L","Xích","Xích","87","xich","https://vongbicongnghiep.vn/san-pham/san-pham-15360/","https://vongbicongnghiep.vn/wp-content/uploads/2024/12/PHC-CL.png","[""https://vongbicongnghiep.vn/wp-content/uploads/2024/12/PHC-CL.png""]","","","[]","109000","out_of_stock","vongbicongnghiep.vn-wc-store-api-category-search-skf","2026-04-29T13:54:45.294Z"
"65553","SKF","PHC 60-1SBX10FT-SKF","PHC 60-1SBX10FT-SKF","PHC601SBX10FTSKF","PHC 60-1SBX10FT","Xích","Xích","87","xich","https://vongbicongnghiep.vn/san-pham/san-pham-15359/","https://vongbicongnghiep.vn/wp-content/uploads/2024/12/PHC-1FT.png","[""https://vongbicongnghiep.vn/wp-content/uploads/2024/12/PHC-1FT.png"",""https://vongbicongnghiep.vn/wp-content/uploads/2024/12/BV-PHC-1FT.png""]","","","[]","3518000","out_of_stock","vongbicongnghiep.vn-wc-store-api-category-search-skf","2026-04-29T13:54:45.294Z"
"65552","SKF","PHC 60-1SB-O/L-SKF","PHC 60-1SB-O/L-SKF","PHC601SBOLSKF","PHC 60-1SB-O/L","Xích","Xích","87","xich","https://vongbicongnghiep.vn/san-pham/san-pham-15358/","https://vongbicongnghiep.vn/wp-content/uploads/2024/12/PHC-1FT.png","[""https://vongbicongnghiep.vn/wp-content/uploads/2024/12/PHC-1FT.png"",""https://vongbicongnghiep.vn/wp-content/uploads/2024/12/BV-PHC-1FT.png""]","","","[]","145000","out_of_stock","vongbicongnghiep.vn-wc-store-api-category-search-skf","2026-04-29T13:54:45.294Z"
"65551","SKF","PHC 60-1SB-C/L-SKF","PHC 60-1SB-C/L-SKF","PHC601SBCLSKF","PHC 60-1SB-C/L","Xích","Xích","87","xich","https://vongbicongnghiep.vn/san-pham/san-pham-15357/","https://vongbicongnghiep.vn/wp-content/uploads/2024/12/PHC-1FT.png","[""https://vongbicongnghiep.vn/wp-content/uploads/2024/12/PHC-1FT.png"",""https://vongbicongnghiep.vn/wp-content/uploads/2024/12/BV-PHC-1FT.png""]","","","[]","85000","out_of_stock","vongbicongnghiep.vn-wc-store-api-category-search-skf","2026-04-29T13:54:45.294Z"
"65550","SKF","PHC 60-1O/L-SKF","PHC 60-1O/L-SKF","PHC601OLSKF","PHC 60-1O/L","Xích","Xích","87","xich","https://vongbicongnghiep.vn/san-pham/san-pham-15356/","https://vongbicongnghiep.vn/wp-content/uploads/2024/12/PHC-OL.png","[""https://vongbicongnghiep.vn/wp-content/uploads/2024/12/PHC-OL.png""]","","","[]","33000","out_of_stock","vongbicongnghiep.vn-wc-store-api-category-search-skf","2026-04-29T13:54:45.294Z"
"65549","SKF","PHC 60-1NPX10FT-SKF","PHC 60-1NPX10FT-SKF","PHC601NPX10FTSKF","PHC 60-1NPX10FT","Xích","Xích","87","xich","https://vongbicongnghiep.vn/san-pham/san-pham-15355/","https://vongbicongnghiep.vn/wp-content/uploads/2024/12/PHC-1FT.png","[""https://vongbicongnghiep.vn/wp-content/uploads/2024/12/PHC-1FT.png"",""https://vongbicongnghiep.vn/wp-content/uploads/2024/12/BV-PHC-1FT.png""]","","","[]","1291000","out_of_stock","vongbicongnghiep.vn-wc-store-api-category-search-skf","2026-04-29T13:54:45.294Z"
"65548","SKF","PHC 60-1NP-O/L-SKF","PHC 60-1NP-O/L-SKF","PHC601NPOLSKF","PHC 60-1NP-O/L","Xích","Xích","87","xich","https://vongbicongnghiep.vn/san-pham/san-pham-15354/","https://vongbicongnghiep.vn/wp-content/uploads/2024/12/PHC-OL.png","[""https://vongbicongnghiep.vn/wp-content/uploads/2024/12/PHC-OL.png""]","","","[]","71000","out_of_stock","vongbicongnghiep.vn-wc-store-api-category-search-skf","2026-04-29T13:54:45.294Z"
"65547","SKF","PHC 60-1NP-C/L-SKF","PHC 60-1NP-C/L-SKF","PHC601NPCLSKF","PHC 60-1NP-C/L","Xích","Xích","87","xich","https://vongbicongnghiep.vn/san-pham/san-pham-15353/","https://vongbicongnghiep.vn/wp-content/uploads/2024/12/PHC-CL.png","[""https://vongbicongnghiep.vn/wp-content/uploads/2024/12/PHC-CL.png""]","","","[]","35000","out_of_stock","vongbicongnghiep.vn-wc-store-api-category-search-skf","2026-04-29T13:54:45.294Z"
"65546","SKF","PHC 60-1HPX10FT-SKF","PHC 60-1HPX10FT-SKF","PHC601HPX10FTSKF","PHC 60-1HPX10FT","Xích","Xích","87","xich","https://vongbicongnghiep.vn/san-pham/san-pham-15352/","https://vongbicongnghiep.vn/wp-content/uploads/2024/12/PHC-1FT.png","[""https://vongbicongnghiep.vn/wp-content/uploads/2024/12/PHC-1FT.png"",""https://vongbicongnghiep.vn/wp-content/uploads/2024/12/BV-PHC-1FT.png""]","","","[]","2143000","out_of_stock","vongbicongnghiep.vn-wc-store-api-category-search-skf","2026-04-29T13:54:45.294Z"
"65545","SKF","PHC 60-1DRX10FT-SKF","PHC 60-1DRX10FT-SKF","PHC601DRX10FTSKF","PHC 60-1DRX10FT","Xích","Xích","87","xich","https://vongbicongnghiep.vn/san-pham/san-pham-15351/","https://vongbicongnghiep.vn/wp-content/uploads/2024/12/PHC-1FT.png","[""https://vongbicongnghiep.vn/wp-content/uploads/2024/12/PHC-1FT.png"",""https://vongbicongnghiep.vn/wp-content/uploads/2024/12/BV-PHC-1FT.png""]","","","[]","1465000","out_of_stock","vongbicongnghiep.vn-wc-store-api-category-search-skf","2026-04-29T13:54:45.294Z"
"65544","SKF","PHC 60-1DR-O/L-SKF","PHC 60-1DR-O/L-SKF","PHC601DROLSKF","PHC 60-1DR-O/L","Xích","Xích","87","xich","https://vongbicongnghiep.vn/san-pham/san-pham-15350/","https://vongbicongnghiep.vn/wp-content/uploads/2024/12/PHC-OL.png","[""https://vongbicongnghiep.vn/wp-content/uploads/2024/12/PHC-OL.png""]","","","[]","90000","out_of_stock","vongbicongnghiep.vn-wc-store-api-category-search-skf","2026-04-29T13:54:45.294Z"
"65543","SKF","PHC 60-1DR-C/L-SKF","PHC 60-1DR-C/L-SKF","PHC601DRCLSKF","PHC 60-1DR-C/L","Xích","Xích","87","xich","https://vongbicongnghiep.vn/san-pham/san-pham-15349/","https://vongbicongnghiep.vn/wp-content/uploads/2024/12/PHC-CL.png","[""https://vongbicongnghiep.vn/wp-content/uploads/2024/12/PHC-CL.png""]","","","[]","45000","out_of_stock","vongbicongnghiep.vn-wc-store-api-category-search-skf","2026-04-29T13:54:45.294Z"
"65542","SKF","PHC 60-1CX10FT-SKF","PHC 60-1CX10FT-SKF","PHC601CX10FTSKF","PHC 60-1CX10FT","Xích","Xích","87","xich","https://vongbicongnghiep.vn/san-pham/san-pham-15348/","https://vongbicongnghiep.vn/wp-content/uploads/2024/12/PHC-1FT.png","[""https://vongbicongnghiep.vn/wp-content/uploads/2024/12/PHC-1FT.png"",""https://vongbicongnghiep.vn/wp-content/uploads/2024/12/BV-PHC-1FT.png""]","","","[]","926000","out_of_stock","vongbicongnghiep.vn-wc-store-api-category-search-skf","2026-04-29T13:54:45.294Z"
"65541","SKF","PHC 60-1C-C/L-SKF","PHC 60-1C-C/L-SKF","PHC601CCLSKF","PHC 60-1C-C/L","Xích","Xích","87","xich","https://vongbicongnghiep.vn/san-pham/san-pham-15347/","https://vongbicongnghiep.vn/wp-content/uploads/2024/12/PHC-1FT.png","[""https://vongbicongnghiep.vn/wp-content/uploads/2024/12/PHC-1FT.png"",""https://vongbicongnghiep.vn/wp-content/uploads/2024/12/BV-PHC-1FT.png""]","","","[]","22000","out_of_stock","vongbicongnghiep.vn-wc-store-api-category-search-skf","2026-04-29T13:54:45.294Z"
"65540","SKF","PHC 60-1C/L-SKF","PHC 60-1C/L-SKF","PHC601CLSKF","PHC 60-1C/L","Xích","Xích","87","xich","https://vongbicongnghiep.vn/san-pham/san-pham-15346/","https://vongbicongnghiep.vn/wp-content/uploads/2024/12/PHC-CL.png","[""https://vongbicongnghiep.vn/wp-content/uploads/2024/12/PHC-CL.png""]","","","[]","17000","in_stock","vongbicongnghiep.vn-wc-store-api-category-search-skf","2026-04-29T13:54:45.294Z"
"65539","SKF","PHC 56B-3X10FT-SKF","PHC 56B-3X10FT-SKF","PHC56B3X10FTSKF","PHC 56B-3X10FT","Xích","Xích","87","xich","https://vongbicongnghiep.vn/san-pham/san-pham-15345/","https://vongbicongnghiep.vn/wp-content/uploads/2024/12/PHC-3FT.png","[""https://vongbicongnghiep.vn/wp-content/uploads/2024/12/PHC-3FT.png"",""https://vongbicongnghiep.vn/wp-content/uploads/product_images/truyen-dong/xich/xich-ansi.jpg""]","","","[]","134507000","out_of_stock","vongbicongnghiep.vn-wc-store-api-category-search-skf","2026-04-29T13:54:45.294Z"
"65538","SKF","PHC 56B-2X10FT-SKF","PHC 56B-2X10FT-SKF","PHC56B2X10FTSKF","PHC 56B-2X10FT","Xích","Xích","87","xich","https://vongbicongnghiep.vn/san-pham/san-pham-15344/","https://vongbicongnghiep.vn/wp-content/uploads/2024/12/PHC-2FT.png","[""https://vongbicongnghiep.vn/wp-content/uploads/2024/12/PHC-2FT.png"",""https://vongbicongnghiep.vn/wp-content/uploads/product_images/truyen-dong/xich/xich-ansi.jpg""]","","","[]","84067000","out_of_stock","vongbicongnghiep.vn-wc-store-api-category-search-skf","2026-04-29T13:54:45.294Z"
"65537","SKF","PHC 56B-1X5MTR-SKF","PHC 56B-1X5MTR-SKF","PHC56B1X5MTRSKF","PHC 56B-1X5MTR","Xích","Xích","87","xich","https://vongbicongnghiep.vn/san-pham/san-pham-15343/","https://vongbicongnghiep.vn/wp-content/uploads/2024/12/PHC-1FT.png","[""https://vongbicongnghiep.vn/wp-content/uploads/2024/12/PHC-1FT.png"",""https://vongbicongnghiep.vn/wp-content/uploads/2024/12/BV-PHC-1FT.png""]","","","[]","84327000","out_of_stock","vongbicongnghiep.vn-wc-store-api-category-search-skf","2026-04-29T13:54:45.294Z"
"65536","SKF","PHC 56B-1X10FT-SKF","PHC 56B-1X10FT-SKF","PHC56B1X10FTSKF","PHC 56B-1X10FT","Xích","Xích","87","xich","https://vongbicongnghiep.vn/san-pham/san-pham-15342/","https://vongbicongnghiep.vn/wp-content/uploads/2024/12/PHC-1FT.png","[""https://vongbicongnghiep.vn/wp-content/uploads/2024/12/PHC-1FT.png"",""https://vongbicongnghiep.vn/wp-content/uploads/2024/12/BV-PHC-1FT.png""]","","","[]","42034000","in_stock","vongbicongnghiep.vn-wc-store-api-category-search-skf","2026-04-29T13:54:45.294Z"
"65535","SKF","PHC 56B-1C/L-SKF","PHC 56B-1C/L-SKF","PHC56B1CLSKF","PHC 56B-1C/L","Xích","Xích","87","xich","https://vongbicongnghiep.vn/san-pham/san-pham-15341/","https://vongbicongnghiep.vn/wp-content/uploads/2024/12/PHC-CL.png","[""https://vongbicongnghiep.vn/wp-content/uploads/2024/12/PHC-CL.png""]","","","[]","1432000","out_of_stock","vongbicongnghiep.vn-wc-store-api-category-search-skf","2026-04-29T13:54:45.294Z"
"65534","SKF","PHC 50SH-1X10FT-SKF","PHC 50SH-1X10FT-SKF","PHC50SH1X10FTSKF","PHC 50SH-1X10FT","Xích","Xích","87","xich","https://vongbicongnghiep.vn/san-pham/san-pham-15340/","https://vongbicongnghiep.vn/wp-content/uploads/2024/12/PHC-1FT.png","[""https://vongbicongnghiep.vn/wp-content/uploads/2024/12/PHC-1FT.png"",""https://vongbicongnghiep.vn/wp-content/uploads/2024/12/BV-PHC-1FT.png""]","","","[]","1215000","out_of_stock","vongbicongnghiep.vn-wc-store-api-category-search-skf","2026-04-29T13:54:45.294Z"
"65533","SKF","PHC 50SH-1C/L-SKF","PHC 50SH-1C/L-SKF","PHC50SH1CLSKF","PHC 50SH-1C/L","Xích","Xích","87","xich","https://vongbicongnghiep.vn/san-pham/san-pham-15339/","https://vongbicongnghiep.vn/wp-content/uploads/2024/12/PHC-CL.png","[""https://vongbicongnghiep.vn/wp-content/uploads/2024/12/PHC-CL.png""]","","","[]","27000","out_of_stock","vongbicongnghiep.vn-wc-store-api-category-search-skf","2026-04-29T13:54:45.294Z"
"65532","SKF","PHC 50H-1X10FT-SKF","PHC 50H-1X10FT-SKF","PHC50H1X10FTSKF","PHC 50H-1X10FT","Xích","Xích","87","xich","https://vongbicongnghiep.vn/san-pham/san-pham-15338/","https://vongbicongnghiep.vn/wp-content/uploads/2024/12/PHC-1FT.png","[""https://vongbicongnghiep.vn/wp-content/uploads/2024/12/PHC-1FT.png"",""https://vongbicongnghiep.vn/wp-content/uploads/2024/12/BV-PHC-1FT.png""]","","","[]","884000","out_of_stock","vongbicongnghiep.vn-wc-store-api-category-search-skf","2026-04-29T13:54:45.294Z"
"65531","SKF","PHC 50H-1O/L-SKF","PHC 50H-1O/L-SKF","PHC50H1OLSKF","PHC 50H-1O/L","Xích","Xích","87","xich","https://vongbicongnghiep.vn/san-pham/san-pham-15337/","https://vongbicongnghiep.vn/wp-content/uploads/2024/12/PHC-OL.png","[""https://vongbicongnghiep.vn/wp-content/uploads/2024/12/PHC-OL.png""]","","","[]","37000","out_of_stock","vongbicongnghiep.vn-wc-store-api-category-search-skf","2026-04-29T13:54:45.294Z"
"65530","SKF","PHC 50H-1CX10FT-SKF","PHC 50H-1CX10FT-SKF","PHC50H1CX10FTSKF","PHC 50H-1CX10FT","Xích","Xích","87","xich","https://vongbicongnghiep.vn/san-pham/san-pham-15336/","https://vongbicongnghiep.vn/wp-content/uploads/2024/12/PHC-1FT.png","[""https://vongbicongnghiep.vn/wp-content/uploads/2024/12/PHC-1FT.png"",""https://vongbicongnghiep.vn/wp-content/uploads/2024/12/BV-PHC-1FT.png""]","","","[]","898000","out_of_stock","vongbicongnghiep.vn-wc-store-api-category-search-skf","2026-04-29T13:54:45.294Z"
"65529","SKF","PHC 50H-1C-C/L-SKF","PHC 50H-1C-C/L-SKF","PHC50H1CCLSKF","PHC 50H-1C-C/L","Xích","Xích","87","xich","https://vongbicongnghiep.vn/san-pham/san-pham-15335/","https://vongbicongnghiep.vn/wp-content/uploads/2024/12/PHC-1FT.png","[""https://vongbicongnghiep.vn/wp-content/uploads/2024/12/PHC-1FT.png"",""https://vongbicongnghiep.vn/wp-content/uploads/2024/12/BV-PHC-1FT.png""]","","","[]","22000","out_of_stock","vongbicongnghiep.vn-wc-store-api-category-search-skf","2026-04-29T13:54:45.294Z"
"65528","SKF","PHC 50H-1C/L-SKF","PHC 50H-1C/L-SKF","PHC50H1CLSKF","PHC 50H-1C/L","Xích","Xích","87","xich","https://vongbicongnghiep.vn/san-pham/san-pham-15334/","https://vongbicongnghiep.vn/wp-content/uploads/2024/12/PHC-CL.png","[""https://vongbicongnghiep.vn/wp-content/uploads/2024/12/PHC-CL.png""]","","","[]","19000","out_of_stock","vongbicongnghiep.vn-wc-store-api-category-search-skf","2026-04-29T13:54:45.294Z"
"65527","SKF","PHC 50-4X10FT-SKF","PHC 50-4X10FT-SKF","PHC504X10FTSKF","PHC 50-4X10FT","Xích","Xích","87","xich","https://vongbicongnghiep.vn/san-pham/san-pham-15333/","https://vongbicongnghiep.vn/wp-content/uploads/2024/12/PHC-3FT.png","[""https://vongbicongnghiep.vn/wp-content/uploads/2024/12/PHC-3FT.png"",""https://vongbicongnghiep.vn/wp-content/uploads/product_images/truyen-dong/xich/xich-ansi.jpg""]","","","[]","3162000","out_of_stock","vongbicongnghiep.vn-wc-store-api-category-search-skf","2026-04-29T13:54:45.294Z"
"65526","SKF","PHC 50-4C/L-SKF","PHC 50-4C/L-SKF","PHC504CLSKF","PHC 50-4C/L","Xích","Xích","87","xich","https://vongbicongnghiep.vn/san-pham/san-pham-15332/","https://vongbicongnghiep.vn/wp-content/uploads/2024/12/PHC-3OL.png","[""https://vongbicongnghiep.vn/wp-content/uploads/2024/12/PHC-3OL.png""]","","","[]","78000","out_of_stock","vongbicongnghiep.vn-wc-store-api-category-search-skf","2026-04-29T13:54:45.294Z"
"65525","SKF","PHC 50-3O/L-SKF","PHC 50-3O/L-SKF","PHC503OLSKF","PHC 50-3O/L","Xích","Xích","87","xich","https://vongbicongnghiep.vn/san-pham/san-pham-15331/","https://vongbicongnghiep.vn/wp-content/uploads/2024/12/PHC-3CL.png","[""https://vongbicongnghiep.vn/wp-content/uploads/2024/12/PHC-3CL.png""]","","","[]","100000","out_of_stock","vongbicongnghiep.vn-wc-store-api-category-search-skf","2026-04-29T13:54:45.294Z"
"65524","SKF","PHC 50-3CX10FT-SKF","PHC 50-3CX10FT-SKF","PHC503CX10FTSKF","PHC 50-3CX10FT","Xích","Xích","87","xich","https://vongbicongnghiep.vn/san-pham/san-pham-15330/","https://vongbicongnghiep.vn/wp-content/uploads/2024/12/PHC-3FT.png","[""https://vongbicongnghiep.vn/wp-content/uploads/2024/12/PHC-3FT.png"",""https://vongbicongnghiep.vn/wp-content/uploads/product_images/truyen-dong/xich/xich-ansi.jpg""]","","","[]","2399000","out_of_stock","vongbicongnghiep.vn-wc-store-api-category-search-skf","2026-04-29T13:54:46.926Z"
"65523","SKF","PHC 50-3C-C/L-SKF","PHC 50-3C-C/L-SKF","PHC503CCLSKF","PHC 50-3C-C/L","Xích","Xích","87","xich","https://vongbicongnghiep.vn/san-pham/san-pham-15329/","https://vongbicongnghiep.vn/wp-content/uploads/2024/12/PHC-3FT.png","[""https://vongbicongnghiep.vn/wp-content/uploads/2024/12/PHC-3FT.png"",""https://vongbicongnghiep.vn/wp-content/uploads/product_images/truyen-dong/xich/xich-ansi.jpg""]","","","[]","62000","out_of_stock","vongbicongnghiep.vn-wc-store-api-category-search-skf","2026-04-29T13:54:46.926Z"
"65522","SKF","PHC 50-3C/L-SKF","PHC 50-3C/L-SKF","PHC503CLSKF","PHC 50-3C/L","Xích","Xích","87","xich","https://vongbicongnghiep.vn/san-pham/san-pham-15328/","https://vongbicongnghiep.vn/wp-content/uploads/2024/12/PHC-3OL.png","[""https://vongbicongnghiep.vn/wp-content/uploads/2024/12/PHC-3OL.png""]","","","[]","45000","out_of_stock","vongbicongnghiep.vn-wc-store-api-category-search-skf","2026-04-29T13:54:46.926Z"
"65521","SKF","PHC 50-2ZPX10FT-SKF","PHC 50-2ZPX10FT-SKF","PHC502ZPX10FTSKF","PHC 50-2ZPX10FT","Xích","Xích","87","xich","https://vongbicongnghiep.vn/san-pham/san-pham-15327/","https://vongbicongnghiep.vn/wp-content/uploads/2024/12/PHC-2FT.png","[""https://vongbicongnghiep.vn/wp-content/uploads/2024/12/PHC-2FT.png"",""https://vongbicongnghiep.vn/wp-content/uploads/product_images/truyen-dong/xich/xich-ansi.jpg""]","","","[]","1517000","out_of_stock","vongbicongnghiep.vn-wc-store-api-category-search-skf","2026-04-29T13:54:46.926Z"
"65520","SKF","PHC 50-2ZP-O/L-SKF","PHC 50-2ZP-O/L-SKF","PHC502ZPOLSKF","PHC 50-2ZP-O/L","Xích","Xích","87","xich","https://vongbicongnghiep.vn/san-pham/san-pham-15326/","https://vongbicongnghiep.vn/wp-content/uploads/2024/12/PHC-2OL.png","[""https://vongbicongnghiep.vn/wp-content/uploads/2024/12/PHC-2OL.png""]","","","[]","80000","out_of_stock","vongbicongnghiep.vn-wc-store-api-category-search-skf","2026-04-29T13:54:46.926Z"
"65519","SKF","PHC 50-2ZP-C/L-SKF","PHC 50-2ZP-C/L-SKF","PHC502ZPCLSKF","PHC 50-2ZP-C/L","Xích","Xích","87","xich","https://vongbicongnghiep.vn/san-pham/san-pham-15325/","https://vongbicongnghiep.vn/wp-content/uploads/2024/12/PHC-2CL.png","[""https://vongbicongnghiep.vn/wp-content/uploads/2024/12/PHC-2CL.png""]","","","[]","41000","out_of_stock","vongbicongnghiep.vn-wc-store-api-category-search-skf","2026-04-29T13:54:46.926Z"
"65518","SKF","PHC 50-2SSX10FT-SKF","PHC 50-2SSX10FT-SKF","PHC502SSX10FTSKF","PHC 50-2SSX10FT","Xích","Xích","87","xich","https://vongbicongnghiep.vn/san-pham/san-pham-15324/","https://vongbicongnghiep.vn/wp-content/uploads/2024/12/PHC-2FT.png","[""https://vongbicongnghiep.vn/wp-content/uploads/2024/12/PHC-2FT.png"",""https://vongbicongnghiep.vn/wp-content/uploads/product_images/truyen-dong/xich/xich-ansi.jpg""]","","","[]","4818000","out_of_stock","vongbicongnghiep.vn-wc-store-api-category-search-skf","2026-04-29T13:54:46.926Z"
"65517","SKF","PHC 50-2SS-O/L-SKF","PHC 50-2SS-O/L-SKF","PHC502SSOLSKF","PHC 50-2SS-O/L","Xích","Xích","87","xich","https://vongbicongnghiep.vn/san-pham/san-pham-15323/","https://vongbicongnghiep.vn/wp-content/uploads/2024/12/PHC-2OL.png","[""https://vongbicongnghiep.vn/wp-content/uploads/2024/12/PHC-2OL.png""]","","","[]","352000","out_of_stock","vongbicongnghiep.vn-wc-store-api-category-search-skf","2026-04-29T13:54:46.926Z"
"65516","SKF","PHC 50-2SS-C/L-SKF","PHC 50-2SS-C/L-SKF","PHC502SSCLSKF","PHC 50-2SS-C/L","Xích","Xích","87","xich","https://vongbicongnghiep.vn/san-pham/san-pham-15322/","https://vongbicongnghiep.vn/wp-content/uploads/2024/12/PHC-2CL.png","[""https://vongbicongnghiep.vn/wp-content/uploads/2024/12/PHC-2CL.png""]","","","[]","175000","out_of_stock","vongbicongnghiep.vn-wc-store-api-category-search-skf","2026-04-29T13:54:46.926Z"
"65515","SKF","PHC 50-2O/L-SKF","PHC 50-2O/L-SKF","PHC502OLSKF","PHC 50-2O/L","Xích","Xích","87","xich","https://vongbicongnghiep.vn/san-pham/san-pham-15321/","https://vongbicongnghiep.vn/wp-content/uploads/2024/12/PHC-2OL.png","[""https://vongbicongnghiep.vn/wp-content/uploads/2024/12/PHC-2OL.png""]","","","[]","62000","out_of_stock","vongbicongnghiep.vn-wc-store-api-category-search-skf","2026-04-29T13:54:46.926Z"
"65514","SKF","PHC 50-2NPX10FT-SKF","PHC 50-2NPX10FT-SKF","PHC502NPX10FTSKF","PHC 50-2NPX10FT","Xích","Xích","87","xich","https://vongbicongnghiep.vn/san-pham/san-pham-15320/","https://vongbicongnghiep.vn/wp-content/uploads/2024/12/PHC-2FT.png","[""https://vongbicongnghiep.vn/wp-content/uploads/2024/12/PHC-2FT.png"",""https://vongbicongnghiep.vn/wp-content/uploads/product_images/truyen-dong/xich/xich-ansi.jpg""]","","","[]","1839000","out_of_stock","vongbicongnghiep.vn-wc-store-api-category-search-skf","2026-04-29T13:54:46.926Z"
"65513","SKF","PHC 50-2NP-O/L-SKF","PHC 50-2NP-O/L-SKF","PHC502NPOLSKF","PHC 50-2NP-O/L","Xích","Xích","87","xich","https://vongbicongnghiep.vn/san-pham/san-pham-15319/","https://vongbicongnghiep.vn/wp-content/uploads/2024/12/PHC-2OL.png","[""https://vongbicongnghiep.vn/wp-content/uploads/2024/12/PHC-2OL.png""]","","","[]","111000","out_of_stock","vongbicongnghiep.vn-wc-store-api-category-search-skf","2026-04-29T13:54:46.926Z"
"65512","SKF","PHC 50-2NP-C/L-SKF","PHC 50-2NP-C/L-SKF","PHC502NPCLSKF","PHC 50-2NP-C/L","Xích","Xích","87","xich","https://vongbicongnghiep.vn/san-pham/san-pham-15318/","https://vongbicongnghiep.vn/wp-content/uploads/2024/12/PHC-2CL.png","[""https://vongbicongnghiep.vn/wp-content/uploads/2024/12/PHC-2CL.png""]","","","[]","57000","out_of_stock","vongbicongnghiep.vn-wc-store-api-category-search-skf","2026-04-29T13:54:46.926Z"
"65511","SKF","PHC 50-2DRX10FT-SKF","PHC 50-2DRX10FT-SKF","PHC502DRX10FTSKF","PHC 50-2DRX10FT","Xích","Xích","87","xich","https://vongbicongnghiep.vn/san-pham/san-pham-15317/","https://vongbicongnghiep.vn/wp-content/uploads/2024/12/PHC-2FT.png","[""https://vongbicongnghiep.vn/wp-content/uploads/2024/12/PHC-2FT.png"",""https://vongbicongnghiep.vn/wp-content/uploads/product_images/truyen-dong/xich/xich-ansi.jpg""]","","","[]","2207000","out_of_stock","vongbicongnghiep.vn-wc-store-api-category-search-skf","2026-04-29T13:54:46.926Z"
"65510","SKF","PHC 50-2DR-O/L-SKF","PHC 50-2DR-O/L-SKF","PHC502DROLSKF","PHC 50-2DR-O/L","Xích","Xích","87","xich","https://vongbicongnghiep.vn/san-pham/san-pham-15316/","https://vongbicongnghiep.vn/wp-content/uploads/2024/12/PHC-2OL.png","[""https://vongbicongnghiep.vn/wp-content/uploads/2024/12/PHC-2OL.png""]","","","[]","123000","out_of_stock","vongbicongnghiep.vn-wc-store-api-category-search-skf","2026-04-29T13:54:46.926Z"
"65509","SKF","PHC 50-2DR-C/L-SKF","PHC 50-2DR-C/L-SKF","PHC502DRCLSKF","PHC 50-2DR-C/L","Xích","Xích","87","xich","https://vongbicongnghiep.vn/san-pham/san-pham-15315/","https://vongbicongnghiep.vn/wp-content/uploads/2024/12/PHC-2CL.png","[""https://vongbicongnghiep.vn/wp-content/uploads/2024/12/PHC-2CL.png""]","","","[]","62000","out_of_stock","vongbicongnghiep.vn-wc-store-api-category-search-skf","2026-04-29T13:54:46.926Z"
"65508","SKF","PHC 50-2CX10FT-SKF","PHC 50-2CX10FT-SKF","PHC502CX10FTSKF","PHC 50-2CX10FT","Xích","Xích","87","xich","https://vongbicongnghiep.vn/san-pham/san-pham-15314/","https://vongbicongnghiep.vn/wp-content/uploads/2024/12/PHC-2FT.png","[""https://vongbicongnghiep.vn/wp-content/uploads/2024/12/PHC-2FT.png"",""https://vongbicongnghiep.vn/wp-content/uploads/product_images/truyen-dong/xich/xich-ansi.jpg""]","","","[]","1500000","out_of_stock","vongbicongnghiep.vn-wc-store-api-category-search-skf","2026-04-29T13:54:46.926Z"
"65507","SKF","PHC 50-2C-C/L-SKF","PHC 50-2C-C/L-SKF","PHC502CCLSKF","PHC 50-2C-C/L","Xích","Xích","87","xich","https://vongbicongnghiep.vn/san-pham/san-pham-15313/","https://vongbicongnghiep.vn/wp-content/uploads/2024/12/PHC-2FT.png","[""https://vongbicongnghiep.vn/wp-content/uploads/2024/12/PHC-2FT.png"",""https://vongbicongnghiep.vn/wp-content/uploads/product_images/truyen-dong/xich/xich-ansi.jpg""]","","","[]","38000","out_of_stock","vongbicongnghiep.vn-wc-store-api-category-search-skf","2026-04-29T13:54:46.926Z"
"65506","SKF","PHC 50-1ZPX10FT-SKF","PHC 50-1ZPX10FT-SKF","PHC501ZPX10FTSKF","PHC 50-1ZPX10FT","Xích","Xích","87","xich","https://vongbicongnghiep.vn/san-pham/san-pham-15312/","https://vongbicongnghiep.vn/wp-content/uploads/2024/12/PHC-1FT.png","[""https://vongbicongnghiep.vn/wp-content/uploads/2024/12/PHC-1FT.png"",""https://vongbicongnghiep.vn/wp-content/uploads/2024/12/BV-PHC-1FT.png""]","","","[]","759000","out_of_stock","vongbicongnghiep.vn-wc-store-api-category-search-skf","2026-04-29T13:54:46.926Z"
"65505","SKF","PHC 50-1ZP-O/L-SKF","PHC 50-1ZP-O/L-SKF","PHC501ZPOLSKF","PHC 50-1ZP-O/L","Xích","Xích","87","xich","https://vongbicongnghiep.vn/san-pham/san-pham-15311/","https://vongbicongnghiep.vn/wp-content/uploads/2024/12/PHC-OL.png","[""https://vongbicongnghiep.vn/wp-content/uploads/2024/12/PHC-OL.png""]","","","[]","41000","out_of_stock","vongbicongnghiep.vn-wc-store-api-category-search-skf","2026-04-29T13:54:46.926Z"
"65504","SKF","PHC 50-1ZP-C/L-SKF","PHC 50-1ZP-C/L-SKF","PHC501ZPCLSKF","PHC 50-1ZP-C/L","Xích","Xích","87","xich","https://vongbicongnghiep.vn/san-pham/san-pham-15310/","https://vongbicongnghiep.vn/wp-content/uploads/2024/12/PHC-CL.png","[""https://vongbicongnghiep.vn/wp-content/uploads/2024/12/PHC-CL.png""]","","","[]","20000","out_of_stock","vongbicongnghiep.vn-wc-store-api-category-search-skf","2026-04-29T13:54:46.926Z"
"65503","SKF","PHC 50-1X10FTOE-SKF","PHC 50-1X10FTOE-SKF","PHC501X10FTOESKF","PHC 50-1X10FTOE","Xích","Xích","87","xich","https://vongbicongnghiep.vn/san-pham/san-pham-15309/","https://vongbicongnghiep.vn/wp-content/uploads/2024/12/PHC-1FT.png","[""https://vongbicongnghiep.vn/wp-content/uploads/2024/12/PHC-1FT.png"",""https://vongbicongnghiep.vn/wp-content/uploads/2024/12/BV-PHC-1FT.png""]","","","[]","858000","in_stock","vongbicongnghiep.vn-wc-store-api-category-search-skf","2026-04-29T13:54:46.926Z"
"65502","SKF","PHC 50-1X100FT-SKF","PHC 50-1X100FT-SKF","PHC501X100FTSKF","PHC 50-1X100FT","Xích","Xích","87","xich","https://vongbicongnghiep.vn/san-pham/san-pham-15308/","https://vongbicongnghiep.vn/wp-content/uploads/2024/12/PHC-1FT.png","[""https://vongbicongnghiep.vn/wp-content/uploads/2024/12/PHC-1FT.png"",""https://vongbicongnghiep.vn/wp-content/uploads/2024/12/BV-PHC-1FT.png""]","","","[]","5469000","out_of_stock","vongbicongnghiep.vn-wc-store-api-category-search-skf","2026-04-29T13:54:46.926Z"
"65501","SKF","PHC 50-1SSX5MTR-SKF","PHC 50-1SSX5MTR-SKF","PHC501SSX5MTRSKF","PHC 50-1SSX5MTR","Xích","Xích","87","xich","https://vongbicongnghiep.vn/san-pham/san-pham-15307/","https://vongbicongnghiep.vn/wp-content/uploads/2024/12/PHC-1FT.png","[""https://vongbicongnghiep.vn/wp-content/uploads/2024/12/PHC-1FT.png"",""https://vongbicongnghiep.vn/wp-content/uploads/2024/12/BV-PHC-1FT.png""]","","","[]","6026000","out_of_stock","vongbicongnghiep.vn-wc-store-api-category-search-skf","2026-04-29T13:54:46.926Z"
"65500","SKF","PHC 50-1SSX10FT-SKF","PHC 50-1SSX10FT-SKF","PHC501SSX10FTSKF","PHC 50-1SSX10FT","Xích","Xích","87","xich","https://vongbicongnghiep.vn/san-pham/san-pham-15306/","https://vongbicongnghiep.vn/wp-content/uploads/2024/12/PHC-1FT.png","[""https://vongbicongnghiep.vn/wp-content/uploads/2024/12/PHC-1FT.png"",""https://vongbicongnghiep.vn/wp-content/uploads/2024/12/BV-PHC-1FT.png""]","","","[]","2409000","out_of_stock","vongbicongnghiep.vn-wc-store-api-category-search-skf","2026-04-29T13:54:46.926Z"
"65499","SKF","PHC 50-1SS-O/L-SKF","PHC 50-1SS-O/L-SKF","PHC501SSOLSKF","PHC 50-1SS-O/L","Xích","Xích","87","xich","https://vongbicongnghiep.vn/san-pham/san-pham-15305/","https://vongbicongnghiep.vn/wp-content/uploads/2024/12/PHC-OL.png","[""https://vongbicongnghiep.vn/wp-content/uploads/2024/12/PHC-OL.png""]","","","[]","175000","out_of_stock","vongbicongnghiep.vn-wc-store-api-category-search-skf","2026-04-29T13:54:46.926Z"
"65498","SKF","PHC 50-1SS-C/L-SKF","PHC 50-1SS-C/L-SKF","PHC501SSCLSKF","PHC 50-1SS-C/L","Xích","Xích","87","xich","https://vongbicongnghiep.vn/san-pham/san-pham-15304/","https://vongbicongnghiep.vn/wp-content/uploads/2024/12/PHC-CL.png","[""https://vongbicongnghiep.vn/wp-content/uploads/2024/12/PHC-CL.png""]","","","[]","88000","out_of_stock","vongbicongnghiep.vn-wc-store-api-category-search-skf","2026-04-29T13:54:46.926Z"
"65497","SKF","PHC 50-1SLRX10FT-SKF","PHC 50-1SLRX10FT-SKF","PHC501SLRX10FTSKF","PHC 50-1SLRX10FT","Xích","Xích","87","xich","https://vongbicongnghiep.vn/san-pham/san-pham-15303/","https://vongbicongnghiep.vn/wp-content/uploads/2024/12/PHC-1FT.png","[""https://vongbicongnghiep.vn/wp-content/uploads/2024/12/PHC-1FT.png"",""https://vongbicongnghiep.vn/wp-content/uploads/2024/12/BV-PHC-1FT.png""]","","","[]","3942000","out_of_stock","vongbicongnghiep.vn-wc-store-api-category-search-skf","2026-04-29T13:54:46.926Z"
"65496","SKF","PHC 50-1SLR-O/L-SKF","PHC 50-1SLR-O/L-SKF","PHC501SLROLSKF","PHC 50-1SLR-O/L","Xích","Xích","87","xich","https://vongbicongnghiep.vn/san-pham/san-pham-15302/","https://vongbicongnghiep.vn/wp-content/uploads/2024/12/PHC-OL.png","[""https://vongbicongnghiep.vn/wp-content/uploads/2024/12/PHC-OL.png""]","","","[]","108000","out_of_stock","vongbicongnghiep.vn-wc-store-api-category-search-skf","2026-04-29T13:54:46.926Z"
"65495","SKF","PHC 50-1SLR-C/L-SKF","PHC 50-1SLR-C/L-SKF","PHC501SLRCLSKF","PHC 50-1SLR-C/L","Xích","Xích","87","xich","https://vongbicongnghiep.vn/san-pham/san-pham-15301/","https://vongbicongnghiep.vn/wp-content/uploads/2024/12/PHC-CL.png","[""https://vongbicongnghiep.vn/wp-content/uploads/2024/12/PHC-CL.png""]","","","[]","44000","out_of_stock","vongbicongnghiep.vn-wc-store-api-category-search-skf","2026-04-29T13:54:46.926Z"
"65494","SKF","PHC 50-1SBX10FT-SKF","PHC 50-1SBX10FT-SKF","PHC501SBX10FTSKF","PHC 50-1SBX10FT","Xích","Xích","87","xich","https://vongbicongnghiep.vn/san-pham/san-pham-15300/","https://vongbicongnghiep.vn/wp-content/uploads/2024/12/PHC-1FT.png","[""https://vongbicongnghiep.vn/wp-content/uploads/2024/12/PHC-1FT.png"",""https://vongbicongnghiep.vn/wp-content/uploads/2024/12/BV-PHC-1FT.png""]","","","[]","3281000","out_of_stock","vongbicongnghiep.vn-wc-store-api-category-search-skf","2026-04-29T13:54:46.926Z"
"65493","SKF","PHC 50-1SB-O/L-SKF","PHC 50-1SB-O/L-SKF","PHC501SBOLSKF","PHC 50-1SB-O/L","Xích","Xích","87","xich","https://vongbicongnghiep.vn/san-pham/san-pham-15299/","https://vongbicongnghiep.vn/wp-content/uploads/2024/12/PHC-1FT.png","[""https://vongbicongnghiep.vn/wp-content/uploads/2024/12/PHC-1FT.png"",""https://vongbicongnghiep.vn/wp-content/uploads/2024/12/BV-PHC-1FT.png""]","","","[]","123000","out_of_stock","vongbicongnghiep.vn-wc-store-api-category-search-skf","2026-04-29T13:54:46.926Z"
"65492","SKF","PHC 50-1SB-C/L-SKF","PHC 50-1SB-C/L-SKF","PHC501SBCLSKF","PHC 50-1SB-C/L","Xích","Xích","87","xich","https://vongbicongnghiep.vn/san-pham/san-pham-15298/","https://vongbicongnghiep.vn/wp-content/uploads/2024/12/PHC-1FT.png","[""https://vongbicongnghiep.vn/wp-content/uploads/2024/12/PHC-1FT.png"",""https://vongbicongnghiep.vn/wp-content/uploads/2024/12/BV-PHC-1FT.png""]","","","[]","72000","out_of_stock","vongbicongnghiep.vn-wc-store-api-category-search-skf","2026-04-29T13:54:46.926Z"
"65491","SKF","PHC 50-1O/L-SKF","PHC 50-1O/L-SKF","PHC501OLSKF","PHC 50-1O/L","Xích","Xích","87","xich","https://vongbicongnghiep.vn/san-pham/san-pham-15297/","https://vongbicongnghiep.vn/wp-content/uploads/2024/12/PHC-OL.png","[""https://vongbicongnghiep.vn/wp-content/uploads/2024/12/PHC-OL.png""]","","","[]","31000","in_stock","vongbicongnghiep.vn-wc-store-api-category-search-skf","2026-04-29T13:54:46.926Z"
"65490","SKF","PHC 50-1NPX10FT-SKF","PHC 50-1NPX10FT-SKF","PHC501NPX10FTSKF","PHC 50-1NPX10FT","Xích","Xích","87","xich","https://vongbicongnghiep.vn/san-pham/san-pham-15296/","https://vongbicongnghiep.vn/wp-content/uploads/2024/12/PHC-1FT.png","[""https://vongbicongnghiep.vn/wp-content/uploads/2024/12/PHC-1FT.png"",""https://vongbicongnghiep.vn/wp-content/uploads/2024/12/BV-PHC-1FT.png""]","","","[]","920000","out_of_stock","vongbicongnghiep.vn-wc-store-api-category-search-skf","2026-04-29T13:54:46.927Z"
"65489","SKF","PHC 50-1NP-O/L-SKF","PHC 50-1NP-O/L-SKF","PHC501NPOLSKF","PHC 50-1NP-O/L","Xích","Xích","87","xich","https://vongbicongnghiep.vn/san-pham/san-pham-15295/","https://vongbicongnghiep.vn/wp-content/uploads/2024/12/PHC-OL.png","[""https://vongbicongnghiep.vn/wp-content/uploads/2024/12/PHC-OL.png""]","","","[]","57000","out_of_stock","vongbicongnghiep.vn-wc-store-api-category-search-skf","2026-04-29T13:54:46.927Z"
"65488","SKF","PHC 50-1NP-C/L-SKF","PHC 50-1NP-C/L-SKF","PHC501NPCLSKF","PHC 50-1NP-C/L","Xích","Xích","87","xich","https://vongbicongnghiep.vn/san-pham/san-pham-15294/","https://vongbicongnghiep.vn/wp-content/uploads/2024/12/PHC-CL.png","[""https://vongbicongnghiep.vn/wp-content/uploads/2024/12/PHC-CL.png""]","","","[]","26000","out_of_stock","vongbicongnghiep.vn-wc-store-api-category-search-skf","2026-04-29T13:54:46.927Z"
"65487","SKF","PHC 50-1HPX10FT-SKF","PHC 50-1HPX10FT-SKF","PHC501HPX10FTSKF","PHC 50-1HPX10FT","Xích","Xích","87","xich","https://vongbicongnghiep.vn/san-pham/san-pham-15293/","https://vongbicongnghiep.vn/wp-content/uploads/2024/12/PHC-1FT.png","[""https://vongbicongnghiep.vn/wp-content/uploads/2024/12/PHC-1FT.png"",""https://vongbicongnghiep.vn/wp-content/uploads/2024/12/BV-PHC-1FT.png""]","","","[]","1793000","out_of_stock","vongbicongnghiep.vn-wc-store-api-category-search-skf","2026-04-29T13:54:46.927Z"
"65486","SKF","PHC 50-1HP-C/L-SKF","PHC 50-1HP-C/L-SKF","PHC501HPCLSKF","PHC 50-1HP-C/L","Xích","Xích","87","xich","https://vongbicongnghiep.vn/san-pham/san-pham-15292/","https://vongbicongnghiep.vn/wp-content/uploads/2024/12/PHC-1FT.png","[""https://vongbicongnghiep.vn/wp-content/uploads/2024/12/PHC-1FT.png"",""https://vongbicongnghiep.vn/wp-content/uploads/2024/12/BV-PHC-1FT.png""]","","","[]","28000","out_of_stock","vongbicongnghiep.vn-wc-store-api-category-search-skf","2026-04-29T13:54:46.927Z"
"65485","SKF","PHC 50-1DRX10FT-SKF","PHC 50-1DRX10FT-SKF","PHC501DRX10FTSKF","PHC 50-1DRX10FT","Xích","Xích","87","xich","https://vongbicongnghiep.vn/san-pham/san-pham-15291/","https://vongbicongnghiep.vn/wp-content/uploads/2024/12/PHC-1FT.png","[""https://vongbicongnghiep.vn/wp-content/uploads/2024/12/PHC-1FT.png"",""https://vongbicongnghiep.vn/wp-content/uploads/2024/12/BV-PHC-1FT.png""]","","","[]","1105000","out_of_stock","vongbicongnghiep.vn-wc-store-api-category-search-skf","2026-04-29T13:54:46.927Z"
"65484","SKF","PHC 50-1DR-O/L-SKF","PHC 50-1DR-O/L-SKF","PHC501DROLSKF","PHC 50-1DR-O/L","Xích","Xích","87","xich","https://vongbicongnghiep.vn/san-pham/san-pham-15290/","https://vongbicongnghiep.vn/wp-content/uploads/2024/12/PHC-OL.png","[""https://vongbicongnghiep.vn/wp-content/uploads/2024/12/PHC-OL.png""]","","","[]","62000","out_of_stock","vongbicongnghiep.vn-wc-store-api-category-search-skf","2026-04-29T13:54:46.927Z"
"65483","SKF","PHC 50-1DR-C/L-SKF","PHC 50-1DR-C/L-SKF","PHC501DRCLSKF","PHC 50-1DR-C/L","Xích","Xích","87","xich","https://vongbicongnghiep.vn/san-pham/san-pham-15289/","https://vongbicongnghiep.vn/wp-content/uploads/2024/12/PHC-CL.png","[""https://vongbicongnghiep.vn/wp-content/uploads/2024/12/PHC-CL.png""]","","","[]","32000","out_of_stock","vongbicongnghiep.vn-wc-store-api-category-search-skf","2026-04-29T13:54:46.927Z"
"65482","SKF","PHC 50-1CX10FT-SKF","PHC 50-1CX10FT-SKF","PHC501CX10FTSKF","PHC 50-1CX10FT","Xích","Xích","87","xich","https://vongbicongnghiep.vn/san-pham/san-pham-15288/","https://vongbicongnghiep.vn/wp-content/uploads/2024/12/PHC-1FT.png","[""https://vongbicongnghiep.vn/wp-content/uploads/2024/12/PHC-1FT.png"",""https://vongbicongnghiep.vn/wp-content/uploads/2024/12/BV-PHC-1FT.png""]","","","[]","750000","out_of_stock","vongbicongnghiep.vn-wc-store-api-category-search-skf","2026-04-29T13:54:46.927Z"
"65481","SKF","PHC 50-1C-C/L-SKF","PHC 50-1C-C/L-SKF","PHC501CCLSKF","PHC 50-1C-C/L","Xích","Xích","87","xich","https://vongbicongnghiep.vn/san-pham/san-pham-15287/","https://vongbicongnghiep.vn/wp-content/uploads/2024/12/PHC-1FT.png","[""https://vongbicongnghiep.vn/wp-content/uploads/2024/12/PHC-1FT.png"",""https://vongbicongnghiep.vn/wp-content/uploads/2024/12/BV-PHC-1FT.png""]","","","[]","19000","out_of_stock","vongbicongnghiep.vn-wc-store-api-category-search-skf","2026-04-29T13:54:46.927Z"
"65480","SKF","PHC 48B-3X10FT-SKF","PHC 48B-3X10FT-SKF","PHC48B3X10FTSKF","PHC 48B-3X10FT","Xích","Xích","87","xich","https://vongbicongnghiep.vn/san-pham/san-pham-15286/","https://vongbicongnghiep.vn/wp-content/uploads/2024/12/PHC-3FT.png","[""https://vongbicongnghiep.vn/wp-content/uploads/2024/12/PHC-3FT.png"",""https://vongbicongnghiep.vn/wp-content/uploads/product_images/truyen-dong/xich/xich-ansi.jpg""]","","","[]","60111000","out_of_stock","vongbicongnghiep.vn-wc-store-api-category-search-skf","2026-04-29T13:54:46.927Z"
"65479","SKF","PHC 48B-3C/L-SKF","PHC 48B-3C/L-SKF","PHC48B3CLSKF","PHC 48B-3C/L","Xích","Xích","87","xich","https://vongbicongnghiep.vn/san-pham/san-pham-15285/","https://vongbicongnghiep.vn/wp-content/uploads/2024/12/PHC-3OL.png","[""https://vongbicongnghiep.vn/wp-content/uploads/2024/12/PHC-3OL.png""]","","","[]","3199000","out_of_stock","vongbicongnghiep.vn-wc-store-api-category-search-skf","2026-04-29T13:54:46.927Z"
"65478","SKF","PHC 48B-2X5MTR-SKF","PHC 48B-2X5MTR-SKF","PHC48B2X5MTRSKF","PHC 48B-2X5MTR","Xích","Xích","87","xich","https://vongbicongnghiep.vn/san-pham/san-pham-15284/","https://vongbicongnghiep.vn/wp-content/uploads/2024/12/PHC-2FT.png","[""https://vongbicongnghiep.vn/wp-content/uploads/2024/12/PHC-2FT.png"",""https://vongbicongnghiep.vn/wp-content/uploads/product_images/truyen-dong/xich/xich-ansi.jpg""]","","","[]","61629000","out_of_stock","vongbicongnghiep.vn-wc-store-api-category-search-skf","2026-04-29T13:54:46.927Z"
"65477","SKF","PHC 48B-2X10FT-SKF","PHC 48B-2X10FT-SKF","PHC48B2X10FTSKF","PHC 48B-2X10FT","Xích","Xích","87","xich","https://vongbicongnghiep.vn/san-pham/san-pham-15283/","https://vongbicongnghiep.vn/wp-content/uploads/2024/12/PHC-2FT.png","[""https://vongbicongnghiep.vn/wp-content/uploads/2024/12/PHC-2FT.png"",""https://vongbicongnghiep.vn/wp-content/uploads/product_images/truyen-dong/xich/xich-ansi.jpg""]","","","[]","37570000","out_of_stock","vongbicongnghiep.vn-wc-store-api-category-search-skf","2026-04-29T13:54:46.927Z"
"65476","SKF","PHC 48B-2O/L-SKF","PHC 48B-2O/L-SKF","PHC48B2OLSKF","PHC 48B-2O/L","Xích","Xích","87","xich","https://vongbicongnghiep.vn/san-pham/san-pham-15282/","https://vongbicongnghiep.vn/wp-content/uploads/2024/12/PHC-2OL.png","[""https://vongbicongnghiep.vn/wp-content/uploads/2024/12/PHC-2OL.png""]","","","[]","4001000","out_of_stock","vongbicongnghiep.vn-wc-store-api-category-search-skf","2026-04-29T13:54:46.927Z"
"65475","SKF","PHC 48B-2C/L-SKF","PHC 48B-2C/L-SKF","PHC48B2CLSKF","PHC 48B-2C/L","Xích","Xích","87","xich","https://vongbicongnghiep.vn/san-pham/san-pham-15281/","https://vongbicongnghiep.vn/wp-content/uploads/2024/12/PHC-2CL.png","[""https://vongbicongnghiep.vn/wp-content/uploads/2024/12/PHC-2CL.png""]","","","[]","1999000","out_of_stock","vongbicongnghiep.vn-wc-store-api-category-search-skf","2026-04-29T13:54:46.927Z"
"65474","SKF","PHC 48B-1X10FT-SKF","PHC 48B-1X10FT-SKF","PHC48B1X10FTSKF","PHC 48B-1X10FT","Xích","Xích","87","xich","https://vongbicongnghiep.vn/san-pham/san-pham-15280/","https://vongbicongnghiep.vn/wp-content/uploads/2024/12/PHC-1FT.png","[""https://vongbicongnghiep.vn/wp-content/uploads/2024/12/PHC-1FT.png"",""https://vongbicongnghiep.vn/wp-content/uploads/2024/12/BV-PHC-1FT.png""]","","","[]","18784000","out_of_stock","vongbicongnghiep.vn-wc-store-api-category-search-skf","2026-04-29T13:54:46.927Z"
"65473","SKF","PHC 48B-1O/L-SKF","PHC 48B-1O/L-SKF","PHC48B1OLSKF","PHC 48B-1O/L","Xích","Xích","87","xich","https://vongbicongnghiep.vn/san-pham/san-pham-15279/","https://vongbicongnghiep.vn/wp-content/uploads/2024/12/PHC-OL.png","[""https://vongbicongnghiep.vn/wp-content/uploads/2024/12/PHC-OL.png""]","","","[]","1999000","out_of_stock","vongbicongnghiep.vn-wc-store-api-category-search-skf","2026-04-29T13:54:46.927Z"
"65472","SKF","PHC 48B-1C/L-SKF","PHC 48B-1C/L-SKF","PHC48B1CLSKF","PHC 48B-1C/L","Xích","Xích","87","xich","https://vongbicongnghiep.vn/san-pham/san-pham-15278/","https://vongbicongnghiep.vn/wp-content/uploads/2024/12/PHC-CL.png","[""https://vongbicongnghiep.vn/wp-content/uploads/2024/12/PHC-CL.png""]","","","[]","999000","out_of_stock","vongbicongnghiep.vn-wc-store-api-category-search-skf","2026-04-29T13:54:46.927Z"
"65471","SKF","PHC 41-3O/L-SKF","PHC 41-3O/L-SKF","PHC413OLSKF","PHC 41-3O/L","Xích","Xích","87","xich","https://vongbicongnghiep.vn/san-pham/san-pham-15277/","https://vongbicongnghiep.vn/wp-content/uploads/2024/12/PHC-3CL.png","[""https://vongbicongnghiep.vn/wp-content/uploads/2024/12/PHC-3CL.png""]","","","[]","64000","out_of_stock","vongbicongnghiep.vn-wc-store-api-category-search-skf","2026-04-29T13:54:46.927Z"
"65470","SKF","PHC 41-3C/L-SKF","PHC 41-3C/L-SKF","PHC413CLSKF","PHC 41-3C/L","Xích","Xích","87","xich","https://vongbicongnghiep.vn/san-pham/san-pham-15276/","https://vongbicongnghiep.vn/wp-content/uploads/2024/12/PHC-3OL.png","[""https://vongbicongnghiep.vn/wp-content/uploads/2024/12/PHC-3OL.png""]","","","[]","31000","out_of_stock","vongbicongnghiep.vn-wc-store-api-category-search-skf","2026-04-29T13:54:46.927Z"
"65469","SKF","PHC 41-2ZPX10FT-SKF","PHC 41-2ZPX10FT-SKF","PHC412ZPX10FTSKF","PHC 41-2ZPX10FT","Xích","Xích","87","xich","https://vongbicongnghiep.vn/san-pham/san-pham-15275/","https://vongbicongnghiep.vn/wp-content/uploads/2024/12/PHC-2FT.png","[""https://vongbicongnghiep.vn/wp-content/uploads/2024/12/PHC-2FT.png"",""https://vongbicongnghiep.vn/wp-content/uploads/product_images/truyen-dong/xich/xich-ansi.jpg""]","","","[]","1142000","out_of_stock","vongbicongnghiep.vn-wc-store-api-category-search-skf","2026-04-29T13:54:46.927Z"
"65468","SKF","PHC 41-2ZP-O/L-SKF","PHC 41-2ZP-O/L-SKF","PHC412ZPOLSKF","PHC 41-2ZP-O/L","Xích","Xích","87","xich","https://vongbicongnghiep.vn/san-pham/san-pham-15274/","https://vongbicongnghiep.vn/wp-content/uploads/2024/12/PHC-2OL.png","[""https://vongbicongnghiep.vn/wp-content/uploads/2024/12/PHC-2OL.png""]","","","[]","54000","out_of_stock","vongbicongnghiep.vn-wc-store-api-category-search-skf","2026-04-29T13:54:46.927Z"
"65467","SKF","PHC 41-2ZP-C/L-SKF","PHC 41-2ZP-C/L-SKF","PHC412ZPCLSKF","PHC 41-2ZP-C/L","Xích","Xích","87","xich","https://vongbicongnghiep.vn/san-pham/san-pham-15273/","https://vongbicongnghiep.vn/wp-content/uploads/2024/12/PHC-2CL.png","[""https://vongbicongnghiep.vn/wp-content/uploads/2024/12/PHC-2CL.png""]","","","[]","26000","out_of_stock","vongbicongnghiep.vn-wc-store-api-category-search-skf","2026-04-29T13:54:46.927Z"
"65466","SKF","PHC 41-2SSX10FT-SKF","PHC 41-2SSX10FT-SKF","PHC412SSX10FTSKF","PHC 41-2SSX10FT","Xích","Xích","87","xich","https://vongbicongnghiep.vn/san-pham/san-pham-15272/","https://vongbicongnghiep.vn/wp-content/uploads/2024/12/PHC-2FT.png","[""https://vongbicongnghiep.vn/wp-content/uploads/2024/12/PHC-2FT.png"",""https://vongbicongnghiep.vn/wp-content/uploads/product_images/truyen-dong/xich/xich-ansi.jpg""]","","","[]","3487000","out_of_stock","vongbicongnghiep.vn-wc-store-api-category-search-skf","2026-04-29T13:54:46.927Z"
"65465","SKF","PHC 41-2SS-O/L-SKF","PHC 41-2SS-O/L-SKF","PHC412SSOLSKF","PHC 41-2SS-O/L","Xích","Xích","87","xich","https://vongbicongnghiep.vn/san-pham/san-pham-15271/","https://vongbicongnghiep.vn/wp-content/uploads/2024/12/PHC-2OL.png","[""https://vongbicongnghiep.vn/wp-content/uploads/2024/12/PHC-2OL.png""]","","","[]","299000","out_of_stock","vongbicongnghiep.vn-wc-store-api-category-search-skf","2026-04-29T13:54:46.927Z"
"65464","SKF","PHC 41-2SS-C/L-SKF","PHC 41-2SS-C/L-SKF","PHC412SSCLSKF","PHC 41-2SS-C/L","Xích","Xích","87","xich","https://vongbicongnghiep.vn/san-pham/san-pham-15270/","https://vongbicongnghiep.vn/wp-content/uploads/2024/12/PHC-2CL.png","[""https://vongbicongnghiep.vn/wp-content/uploads/2024/12/PHC-2CL.png""]","","","[]","149000","out_of_stock","vongbicongnghiep.vn-wc-store-api-category-search-skf","2026-04-29T13:54:46.927Z"
"65463","SKF","PHC 41-2O/L-SKF","PHC 41-2O/L-SKF","PHC412OLSKF","PHC 41-2O/L","Xích","Xích","87","xich","https://vongbicongnghiep.vn/san-pham/san-pham-15269/","https://vongbicongnghiep.vn/wp-content/uploads/2024/12/PHC-2OL.png","[""https://vongbicongnghiep.vn/wp-content/uploads/2024/12/PHC-2OL.png""]","","","[]","38000","out_of_stock","vongbicongnghiep.vn-wc-store-api-category-search-skf","2026-04-29T13:54:46.927Z"
"65462","SKF","PHC 41-2NPX10FT-SKF","PHC 41-2NPX10FT-SKF","PHC412NPX10FTSKF","PHC 41-2NPX10FT","Xích","Xích","87","xich","https://vongbicongnghiep.vn/san-pham/san-pham-15268/","https://vongbicongnghiep.vn/wp-content/uploads/2024/12/PHC-2FT.png","[""https://vongbicongnghiep.vn/wp-content/uploads/2024/12/PHC-2FT.png"",""https://vongbicongnghiep.vn/wp-content/uploads/product_images/truyen-dong/xich/xich-ansi.jpg""]","","","[]","1076000","out_of_stock","vongbicongnghiep.vn-wc-store-api-category-search-skf","2026-04-29T13:54:46.927Z"
"65461","SKF","PHC 41-2NP-O/L-SKF","PHC 41-2NP-O/L-SKF","PHC412NPOLSKF","PHC 41-2NP-O/L","Xích","Xích","87","xich","https://vongbicongnghiep.vn/san-pham/san-pham-15267/","https://vongbicongnghiep.vn/wp-content/uploads/2024/12/PHC-2OL.png","[""https://vongbicongnghiep.vn/wp-content/uploads/2024/12/PHC-2OL.png""]","","","[]","77000","out_of_stock","vongbicongnghiep.vn-wc-store-api-category-search-skf","2026-04-29T13:54:46.927Z"
"65460","SKF","PHC 41-2NP-C/L-SKF","PHC 41-2NP-C/L-SKF","PHC412NPCLSKF","PHC 41-2NP-C/L","Xích","Xích","87","xich","https://vongbicongnghiep.vn/san-pham/san-pham-15266/","https://vongbicongnghiep.vn/wp-content/uploads/2024/12/PHC-2CL.png","[""https://vongbicongnghiep.vn/wp-content/uploads/2024/12/PHC-2CL.png""]","","","[]","38000","out_of_stock","vongbicongnghiep.vn-wc-store-api-category-search-skf","2026-04-29T13:54:46.927Z"
"65459","SKF","PHC 41-2DRX10FT-SKF","PHC 41-2DRX10FT-SKF","PHC412DRX10FTSKF","PHC 41-2DRX10FT","Xích","Xích","87","xich","https://vongbicongnghiep.vn/san-pham/san-pham-15265/","https://vongbicongnghiep.vn/wp-content/uploads/2024/12/PHC-2FT.png","[""https://vongbicongnghiep.vn/wp-content/uploads/2024/12/PHC-2FT.png"",""https://vongbicongnghiep.vn/wp-content/uploads/product_images/truyen-dong/xich/xich-ansi.jpg""]","","","[]","1205000","out_of_stock","vongbicongnghiep.vn-wc-store-api-category-search-skf","2026-04-29T13:54:46.927Z"
"65458","SKF","PHC 41-2DR-O/L-SKF","PHC 41-2DR-O/L-SKF","PHC412DROLSKF","PHC 41-2DR-O/L","Xích","Xích","87","xich","https://vongbicongnghiep.vn/san-pham/san-pham-15264/","https://vongbicongnghiep.vn/wp-content/uploads/2024/12/PHC-2OL.png","[""https://vongbicongnghiep.vn/wp-content/uploads/2024/12/PHC-2OL.png""]","","","[]","93000","out_of_stock","vongbicongnghiep.vn-wc-store-api-category-search-skf","2026-04-29T13:54:46.927Z"
"65457","SKF","PHC 41-2DR-C/L-SKF","PHC 41-2DR-C/L-SKF","PHC412DRCLSKF","PHC 41-2DR-C/L","Xích","Xích","87","xich","https://vongbicongnghiep.vn/san-pham/san-pham-15263/","https://vongbicongnghiep.vn/wp-content/uploads/2024/12/PHC-2CL.png","[""https://vongbicongnghiep.vn/wp-content/uploads/2024/12/PHC-2CL.png""]","","","[]","48000","out_of_stock","vongbicongnghiep.vn-wc-store-api-category-search-skf","2026-04-29T13:54:46.927Z"
"65456","SKF","PHC 41-2C/L-SKF","PHC 41-2C/L-SKF","PHC412CLSKF","PHC 41-2C/L","Xích","Xích","87","xich","https://vongbicongnghiep.vn/san-pham/san-pham-15262/","https://vongbicongnghiep.vn/wp-content/uploads/2024/12/PHC-2CL.png","[""https://vongbicongnghiep.vn/wp-content/uploads/2024/12/PHC-2CL.png""]","","","[]","20000","out_of_stock","vongbicongnghiep.vn-wc-store-api-category-search-skf","2026-04-29T13:54:46.927Z"
"65455","SKF","PHC 41-1ZPX10FT-SKF","PHC 41-1ZPX10FT-SKF","PHC411ZPX10FTSKF","PHC 41-1ZPX10FT","Xích","Xích","87","xich","https://vongbicongnghiep.vn/san-pham/san-pham-15261/","https://vongbicongnghiep.vn/wp-content/uploads/2024/12/PHC-1FT.png","[""https://vongbicongnghiep.vn/wp-content/uploads/2024/12/PHC-1FT.png"",""https://vongbicongnghiep.vn/wp-content/uploads/2024/12/BV-PHC-1FT.png""]","","","[]","572000","out_of_stock","vongbicongnghiep.vn-wc-store-api-category-search-skf","2026-04-29T13:54:46.927Z"
"65454","SKF","PHC 41-1ZP-O/L-SKF","PHC 41-1ZP-O/L-SKF","PHC411ZPOLSKF","PHC 41-1ZP-O/L","Xích","Xích","87","xich","https://vongbicongnghiep.vn/san-pham/san-pham-15260/","https://vongbicongnghiep.vn/wp-content/uploads/2024/12/PHC-OL.png","[""https://vongbicongnghiep.vn/wp-content/uploads/2024/12/PHC-OL.png""]","","","[]","26000","out_of_stock","vongbicongnghiep.vn-wc-store-api-category-search-skf","2026-04-29T13:54:46.927Z"
"65453","SKF","PHC 41-1ZP-C/L-SKF","PHC 41-1ZP-C/L-SKF","PHC411ZPCLSKF","PHC 41-1ZP-C/L","Xích","Xích","87","xich","https://vongbicongnghiep.vn/san-pham/san-pham-15259/","https://vongbicongnghiep.vn/wp-content/uploads/2024/12/PHC-CL.png","[""https://vongbicongnghiep.vn/wp-content/uploads/2024/12/PHC-CL.png""]","","","[]","13000","out_of_stock","vongbicongnghiep.vn-wc-store-api-category-search-skf","2026-04-29T13:54:46.927Z"
"65452","SKF","PHC 41-1SSX10FT-SKF","PHC 41-1SSX10FT-SKF","PHC411SSX10FTSKF","PHC 41-1SSX10FT","Xích","Xích","87","xich","https://vongbicongnghiep.vn/san-pham/san-pham-15258/","https://vongbicongnghiep.vn/wp-content/uploads/2024/12/PHC-1FT.png","[""https://vongbicongnghiep.vn/wp-content/uploads/2024/12/PHC-1FT.png"",""https://vongbicongnghiep.vn/wp-content/uploads/2024/12/BV-PHC-1FT.png""]","","","[]","2111000","out_of_stock","vongbicongnghiep.vn-wc-store-api-category-search-skf","2026-04-29T13:54:46.927Z"
"65451","SKF","PHC 41-1SS-O/L-SKF","PHC 41-1SS-O/L-SKF","PHC411SSOLSKF","PHC 41-1SS-O/L","Xích","Xích","87","xich","https://vongbicongnghiep.vn/san-pham/san-pham-15257/","https://vongbicongnghiep.vn/wp-content/uploads/2024/12/PHC-OL.png","[""https://vongbicongnghiep.vn/wp-content/uploads/2024/12/PHC-OL.png""]","","","[]","149000","out_of_stock","vongbicongnghiep.vn-wc-store-api-category-search-skf","2026-04-29T13:54:46.927Z"
"65450","SKF","PHC 41-1SS-C/L-SKF","PHC 41-1SS-C/L-SKF","PHC411SSCLSKF","PHC 41-1SS-C/L","Xích","Xích","87","xich","https://vongbicongnghiep.vn/san-pham/san-pham-15256/","https://vongbicongnghiep.vn/wp-content/uploads/2024/12/PHC-CL.png","[""https://vongbicongnghiep.vn/wp-content/uploads/2024/12/PHC-CL.png""]","","","[]","75000","out_of_stock","vongbicongnghiep.vn-wc-store-api-category-search-skf","2026-04-29T13:54:46.927Z"
"65449","SKF","PHC 41-1O/L-SKF","PHC 41-1O/L-SKF","PHC411OLSKF","PHC 41-1O/L","Xích","Xích","87","xich","https://vongbicongnghiep.vn/san-pham/san-pham-15255/","https://vongbicongnghiep.vn/wp-content/uploads/2024/12/PHC-OL.png","[""https://vongbicongnghiep.vn/wp-content/uploads/2024/12/PHC-OL.png""]","","","[]","17000","out_of_stock","vongbicongnghiep.vn-wc-store-api-category-search-skf","2026-04-29T13:54:46.927Z"
"65448","SKF","PHC 41-1NPX10FT-SKF","PHC 41-1NPX10FT-SKF","PHC411NPX10FTSKF","PHC 41-1NPX10FT","Xích","Xích","87","xich","https://vongbicongnghiep.vn/san-pham/san-pham-15254/","https://vongbicongnghiep.vn/wp-content/uploads/2024/12/PHC-1FT.png","[""https://vongbicongnghiep.vn/wp-content/uploads/2024/12/PHC-1FT.png"",""https://vongbicongnghiep.vn/wp-content/uploads/2024/12/BV-PHC-1FT.png""]","","","[]","538000","out_of_stock","vongbicongnghiep.vn-wc-store-api-category-search-skf","2026-04-29T13:54:46.927Z"
"65447","SKF","PHC 41-1NP-O/L-SKF","PHC 41-1NP-O/L-SKF","PHC411NPOLSKF","PHC 41-1NP-O/L","Xích","Xích","87","xich","https://vongbicongnghiep.vn/san-pham/san-pham-15253/","https://vongbicongnghiep.vn/wp-content/uploads/2024/12/PHC-OL.png","[""https://vongbicongnghiep.vn/wp-content/uploads/2024/12/PHC-OL.png""]","","","[]","38000","out_of_stock","vongbicongnghiep.vn-wc-store-api-category-search-skf","2026-04-29T13:54:46.927Z"
"65446","SKF","PHC 41-1NP-C/L-SKF","PHC 41-1NP-C/L-SKF","PHC411NPCLSKF","PHC 41-1NP-C/L","Xích","Xích","87","xich","https://vongbicongnghiep.vn/san-pham/san-pham-15252/","https://vongbicongnghiep.vn/wp-content/uploads/2024/12/PHC-CL.png","[""https://vongbicongnghiep.vn/wp-content/uploads/2024/12/PHC-CL.png""]","","","[]","19000","out_of_stock","vongbicongnghiep.vn-wc-store-api-category-search-skf","2026-04-29T13:54:46.927Z"
"65445","SKF","PHC 41-1DRX10FT-SKF","PHC 41-1DRX10FT-SKF","PHC411DRX10FTSKF","PHC 41-1DRX10FT","Xích","Xích","87","xich","https://vongbicongnghiep.vn/san-pham/san-pham-15251/","https://vongbicongnghiep.vn/wp-content/uploads/2024/12/PHC-1FT.png","[""https://vongbicongnghiep.vn/wp-content/uploads/2024/12/PHC-1FT.png"",""https://vongbicongnghiep.vn/wp-content/uploads/2024/12/BV-PHC-1FT.png""]","","","[]","603000","out_of_stock","vongbicongnghiep.vn-wc-store-api-category-search-skf","2026-04-29T13:54:46.927Z"
"65444","SKF","PHC 41-1DR-O/L-SKF","PHC 41-1DR-O/L-SKF","PHC411DROLSKF","PHC 41-1DR-O/L","Xích","Xích","87","xich","https://vongbicongnghiep.vn/san-pham/san-pham-15250/","https://vongbicongnghiep.vn/wp-content/uploads/2024/12/PHC-OL.png","[""https://vongbicongnghiep.vn/wp-content/uploads/2024/12/PHC-OL.png""]","","","[]","48000","out_of_stock","vongbicongnghiep.vn-wc-store-api-category-search-skf","2026-04-29T13:54:46.927Z"
"65443","SKF","PHC 41-1DR-C/L-SKF","PHC 41-1DR-C/L-SKF","PHC411DRCLSKF","PHC 41-1DR-C/L","Xích","Xích","87","xich","https://vongbicongnghiep.vn/san-pham/san-pham-15249/","https://vongbicongnghiep.vn/wp-content/uploads/2024/12/PHC-CL.png","[""https://vongbicongnghiep.vn/wp-content/uploads/2024/12/PHC-CL.png""]","","","[]","22000","out_of_stock","vongbicongnghiep.vn-wc-store-api-category-search-skf","2026-04-29T13:54:46.927Z"
"65442","SKF","PHC 41-1C/L-SKF","PHC 41-1C/L-SKF","PHC411CLSKF","PHC 41-1C/L","Xích","Xích","87","xich","https://vongbicongnghiep.vn/san-pham/san-pham-15248/","https://vongbicongnghiep.vn/wp-content/uploads/2024/12/PHC-CL.png","[""https://vongbicongnghiep.vn/wp-content/uploads/2024/12/PHC-CL.png""]","","","[]","9000","out_of_stock","vongbicongnghiep.vn-wc-store-api-category-search-skf","2026-04-29T13:54:46.927Z"
"65441","SKF","PHC 40SH-1X10FT-SKF","PHC 40SH-1X10FT-SKF","PHC40SH1X10FTSKF","PHC 40SH-1X10FT","Xích","Xích","87","xich","https://vongbicongnghiep.vn/san-pham/san-pham-15247/","https://vongbicongnghiep.vn/wp-content/uploads/2024/12/PHC-1FT.png","[""https://vongbicongnghiep.vn/wp-content/uploads/2024/12/PHC-1FT.png"",""https://vongbicongnghiep.vn/wp-content/uploads/2024/12/BV-PHC-1FT.png""]","","","[]","786000","out_of_stock","vongbicongnghiep.vn-wc-store-api-category-search-skf","2026-04-29T13:54:46.927Z"
"65440","SKF","PHC 40SH-1C/L-SKF","PHC 40SH-1C/L-SKF","PHC40SH1CLSKF","PHC 40SH-1C/L","Xích","Xích","87","xich","https://vongbicongnghiep.vn/san-pham/san-pham-15246/","https://vongbicongnghiep.vn/wp-content/uploads/2024/12/PHC-CL.png","[""https://vongbicongnghiep.vn/wp-content/uploads/2024/12/PHC-CL.png""]","","","[]","25000","out_of_stock","vongbicongnghiep.vn-wc-store-api-category-search-skf","2026-04-29T13:54:46.927Z"
"65439","SKF","PHC 40S-6X10FT-SKF","PHC 40S-6X10FT-SKF","PHC40S6X10FTSKF","PHC 40S-6X10FT","Xích","Xích","87","xich","https://vongbicongnghiep.vn/san-pham/san-pham-15245/","https://vongbicongnghiep.vn/wp-content/uploads/2024/12/PHC-3FT.png","[""https://vongbicongnghiep.vn/wp-content/uploads/2024/12/PHC-3FT.png"",""https://vongbicongnghiep.vn/wp-content/uploads/product_images/truyen-dong/xich/xich-ansi.jpg""]","","","[]","175087000","out_of_stock","vongbicongnghiep.vn-wc-store-api-category-search-skf","2026-04-29T13:54:46.927Z"
"65438","SKF","PHC 40S-6O/L-SKF","PHC 40S-6O/L-SKF","PHC40S6OLSKF","PHC 40S-6O/L","Xích","Xích","87","xich","https://vongbicongnghiep.vn/san-pham/san-pham-15244/","https://vongbicongnghiep.vn/wp-content/uploads/2024/12/PHC-3CL.png","[""https://vongbicongnghiep.vn/wp-content/uploads/2024/12/PHC-3CL.png""]","","","[]","23132000","out_of_stock","vongbicongnghiep.vn-wc-store-api-category-search-skf","2026-04-29T13:54:46.927Z"
"65437","SKF","PHC 40S-6C/L-SKF","PHC 40S-6C/L-SKF","PHC40S6CLSKF","PHC 40S-6C/L","Xích","Xích","87","xich","https://vongbicongnghiep.vn/san-pham/san-pham-15243/","https://vongbicongnghiep.vn/wp-content/uploads/2024/12/PHC-3OL.png","[""https://vongbicongnghiep.vn/wp-content/uploads/2024/12/PHC-3OL.png""]","","","[]","11566000","out_of_stock","vongbicongnghiep.vn-wc-store-api-category-search-skf","2026-04-29T13:54:46.927Z"
"65436","SKF","PHC 40S-5O/L-SKF","PHC 40S-5O/L-SKF","PHC40S5OLSKF","PHC 40S-5O/L","Xích","Xích","87","xich","https://vongbicongnghiep.vn/san-pham/san-pham-15242/","https://vongbicongnghiep.vn/wp-content/uploads/2024/12/PHC-3CL.png","[""https://vongbicongnghiep.vn/wp-content/uploads/2024/12/PHC-3CL.png""]","","","[]","19276000","out_of_stock","vongbicongnghiep.vn-wc-store-api-category-search-skf","2026-04-29T13:54:46.927Z"
"65435","SKF","PHC 40S-5C/L-SKF","PHC 40S-5C/L-SKF","PHC40S5CLSKF","PHC 40S-5C/L","Xích","Xích","87","xich","https://vongbicongnghiep.vn/san-pham/san-pham-15241/","https://vongbicongnghiep.vn/wp-content/uploads/2024/12/PHC-3OL.png","[""https://vongbicongnghiep.vn/wp-content/uploads/2024/12/PHC-3OL.png""]","","","[]","9638000","out_of_stock","vongbicongnghiep.vn-wc-store-api-category-search-skf","2026-04-29T13:54:46.927Z"
"65434","SKF","PHC 40S-4X10FT-SKF","PHC 40S-4X10FT-SKF","PHC40S4X10FTSKF","PHC 40S-4X10FT","Xích","Xích","87","xich","https://vongbicongnghiep.vn/san-pham/san-pham-15240/","https://vongbicongnghiep.vn/wp-content/uploads/2024/12/PHC-3FT.png","[""https://vongbicongnghiep.vn/wp-content/uploads/2024/12/PHC-3FT.png"",""https://vongbicongnghiep.vn/wp-content/uploads/product_images/truyen-dong/xich/xich-ansi.jpg""]","","","[]","98486000","out_of_stock","vongbicongnghiep.vn-wc-store-api-category-search-skf","2026-04-29T13:54:46.927Z"
"65433","SKF","PHC 40S-4O/L-SKF","PHC 40S-4O/L-SKF","PHC40S4OLSKF","PHC 40S-4O/L","Xích","Xích","87","xich","https://vongbicongnghiep.vn/san-pham/san-pham-15239/","https://vongbicongnghiep.vn/wp-content/uploads/2024/12/PHC-3CL.png","[""https://vongbicongnghiep.vn/wp-content/uploads/2024/12/PHC-3CL.png""]","","","[]","14457000","out_of_stock","vongbicongnghiep.vn-wc-store-api-category-search-skf","2026-04-29T13:54:46.927Z"
"65432","SKF","PHC 40S-4C/L-SKF","PHC 40S-4C/L-SKF","PHC40S4CLSKF","PHC 40S-4C/L","Xích","Xích","87","xich","https://vongbicongnghiep.vn/san-pham/san-pham-15238/","https://vongbicongnghiep.vn/wp-content/uploads/2024/12/PHC-3OL.png","[""https://vongbicongnghiep.vn/wp-content/uploads/2024/12/PHC-3OL.png""]","","","[]","7229000","out_of_stock","vongbicongnghiep.vn-wc-store-api-category-search-skf","2026-04-29T13:54:46.927Z"
"65431","SKF","PHC 40S-3X10FT-SKF","PHC 40S-3X10FT-SKF","PHC40S3X10FTSKF","PHC 40S-3X10FT","Xích","Xích","87","xich","https://vongbicongnghiep.vn/san-pham/san-pham-15237/","https://vongbicongnghiep.vn/wp-content/uploads/2024/12/PHC-3FT.png","[""https://vongbicongnghiep.vn/wp-content/uploads/2024/12/PHC-3FT.png"",""https://vongbicongnghiep.vn/wp-content/uploads/product_images/truyen-dong/xich/xich-ansi.jpg""]","","","[]","70036000","out_of_stock","vongbicongnghiep.vn-wc-store-api-category-search-skf","2026-04-29T13:54:46.927Z"
"65430","SKF","PHC 40S-3O/L-SKF","PHC 40S-3O/L-SKF","PHC40S3OLSKF","PHC 40S-3O/L","Xích","Xích","87","xich","https://vongbicongnghiep.vn/san-pham/san-pham-15236/","https://vongbicongnghiep.vn/wp-content/uploads/2024/12/PHC-3CL.png","[""https://vongbicongnghiep.vn/wp-content/uploads/2024/12/PHC-3CL.png""]","","","[]","10281000","out_of_stock","vongbicongnghiep.vn-wc-store-api-category-search-skf","2026-04-29T13:54:46.927Z"
"65429","SKF","PHC 40S-3C/L-SKF","PHC 40S-3C/L-SKF","PHC40S3CLSKF","PHC 40S-3C/L","Xích","Xích","87","xich","https://vongbicongnghiep.vn/san-pham/san-pham-15235/","https://vongbicongnghiep.vn/wp-content/uploads/2024/12/PHC-3OL.png","[""https://vongbicongnghiep.vn/wp-content/uploads/2024/12/PHC-3OL.png""]","","","[]","5139000","out_of_stock","vongbicongnghiep.vn-wc-store-api-category-search-skf","2026-04-29T13:54:46.927Z"
"65428","SKF","PHC 40S-2X10FT-SKF","PHC 40S-2X10FT-SKF","PHC40S2X10FTSKF","PHC 40S-2X10FT","Xích","Xích","87","xich","https://vongbicongnghiep.vn/san-pham/san-pham-15234/","https://vongbicongnghiep.vn/wp-content/uploads/2024/12/PHC-2FT.png","[""https://vongbicongnghiep.vn/wp-content/uploads/2024/12/PHC-2FT.png"",""https://vongbicongnghiep.vn/wp-content/uploads/product_images/truyen-dong/xich/xich-ansi.jpg""]","","","[]","43771000","out_of_stock","vongbicongnghiep.vn-wc-store-api-category-search-skf","2026-04-29T13:54:46.927Z"
"65427","SKF","PHC 40S-2O/L-SKF","PHC 40S-2O/L-SKF","PHC40S2OLSKF","PHC 40S-2O/L","Xích","Xích","87","xich","https://vongbicongnghiep.vn/san-pham/san-pham-15233/","https://vongbicongnghiep.vn/wp-content/uploads/2024/12/PHC-2OL.png","[""https://vongbicongnghiep.vn/wp-content/uploads/2024/12/PHC-2OL.png""]","","","[]","6424000","out_of_stock","vongbicongnghiep.vn-wc-store-api-category-search-skf","2026-04-29T13:54:46.927Z"
"65426","SKF","PHC 40S-2C/L-SKF","PHC 40S-2C/L-SKF","PHC40S2CLSKF","PHC 40S-2C/L","Xích","Xích","87","xich","https://vongbicongnghiep.vn/san-pham/san-pham-15232/","https://vongbicongnghiep.vn/wp-content/uploads/2024/12/PHC-2CL.png","[""https://vongbicongnghiep.vn/wp-content/uploads/2024/12/PHC-2CL.png""]","","","[]","3212000","out_of_stock","vongbicongnghiep.vn-wc-store-api-category-search-skf","2026-04-29T13:54:46.927Z"
"65425","SKF","PHC 40S-1X10FT-SKF","PHC 40S-1X10FT-SKF","PHC40S1X10FTSKF","PHC 40S-1X10FT","Xích","Xích","87","xich","https://vongbicongnghiep.vn/san-pham/san-pham-15231/","https://vongbicongnghiep.vn/wp-content/uploads/2024/12/PHC-1FT.png","[""https://vongbicongnghiep.vn/wp-content/uploads/2024/12/PHC-1FT.png"",""https://vongbicongnghiep.vn/wp-content/uploads/2024/12/BV-PHC-1FT.png""]","","","[]","21886000","out_of_stock","vongbicongnghiep.vn-wc-store-api-category-search-skf","2026-04-29T13:54:46.927Z"
"65424","SKF","PHC 40S-1O/L-SKF","PHC 40S-1O/L-SKF","PHC40S1OLSKF","PHC 40S-1O/L","Xích","Xích","87","xich","https://vongbicongnghiep.vn/san-pham/san-pham-15230/","https://vongbicongnghiep.vn/wp-content/uploads/2024/12/PHC-OL.png","[""https://vongbicongnghiep.vn/wp-content/uploads/2024/12/PHC-OL.png""]","","","[]","3212000","out_of_stock","vongbicongnghiep.vn-wc-store-api-category-search-skf","2026-04-29T13:54:48.716Z"
"65423","SKF","PHC 40S-1C/L-SKF","PHC 40S-1C/L-SKF","PHC40S1CLSKF","PHC 40S-1C/L","Xích","Xích","87","xich","https://vongbicongnghiep.vn/san-pham/san-pham-15229/","https://vongbicongnghiep.vn/wp-content/uploads/2024/12/PHC-CL.png","[""https://vongbicongnghiep.vn/wp-content/uploads/2024/12/PHC-CL.png""]","","","[]","1608000","out_of_stock","vongbicongnghiep.vn-wc-store-api-category-search-skf","2026-04-29T13:54:48.716Z"
"65422","SKF","PHC 40H-1X10FT-SKF","PHC 40H-1X10FT-SKF","PHC40H1X10FTSKF","PHC 40H-1X10FT","Xích","Xích","87","xich","https://vongbicongnghiep.vn/san-pham/san-pham-15228/","https://vongbicongnghiep.vn/wp-content/uploads/2024/12/PHC-1FT.png","[""https://vongbicongnghiep.vn/wp-content/uploads/2024/12/PHC-1FT.png"",""https://vongbicongnghiep.vn/wp-content/uploads/2024/12/BV-PHC-1FT.png""]","","","[]","607000","out_of_stock","vongbicongnghiep.vn-wc-store-api-category-search-skf","2026-04-29T13:54:48.716Z"
"65421","SKF","PHC 40H-1O/L-SKF","PHC 40H-1O/L-SKF","PHC40H1OLSKF","PHC 40H-1O/L","Xích","Xích","87","xich","https://vongbicongnghiep.vn/san-pham/san-pham-15227/","https://vongbicongnghiep.vn/wp-content/uploads/2024/12/PHC-OL.png","[""https://vongbicongnghiep.vn/wp-content/uploads/2024/12/PHC-OL.png""]","","","[]","29000","out_of_stock","vongbicongnghiep.vn-wc-store-api-category-search-skf","2026-04-29T13:54:48.716Z"
"65420","SKF","PHC 40H-1C/L-SKF","PHC 40H-1C/L-SKF","PHC40H1CLSKF","PHC 40H-1C/L","Xích","Xích","87","xich","https://vongbicongnghiep.vn/san-pham/san-pham-15226/","https://vongbicongnghiep.vn/wp-content/uploads/2024/12/PHC-CL.png","[""https://vongbicongnghiep.vn/wp-content/uploads/2024/12/PHC-CL.png""]","","","[]","13000","out_of_stock","vongbicongnghiep.vn-wc-store-api-category-search-skf","2026-04-29T13:54:48.716Z"
"65419","SKF","PHC 40B-3X10FT-SKF","PHC 40B-3X10FT-SKF","PHC40B3X10FTSKF","PHC 40B-3X10FT","Xích","Xích","87","xich","https://vongbicongnghiep.vn/san-pham/san-pham-15225/","https://vongbicongnghiep.vn/wp-content/uploads/2024/12/PHC-3FT.png","[""https://vongbicongnghiep.vn/wp-content/uploads/2024/12/PHC-3FT.png"",""https://vongbicongnghiep.vn/wp-content/uploads/product_images/truyen-dong/xich/xich-ansi.jpg""]","","","[]","36984000","out_of_stock","vongbicongnghiep.vn-wc-store-api-category-search-skf","2026-04-29T13:54:48.716Z"
"65418","SKF","PHC 40B-3C/L-SKF","PHC 40B-3C/L-SKF","PHC40B3CLSKF","PHC 40B-3C/L","Xích","Xích","87","xich","https://vongbicongnghiep.vn/san-pham/san-pham-15224/","https://vongbicongnghiep.vn/wp-content/uploads/2024/12/PHC-3OL.png","[""https://vongbicongnghiep.vn/wp-content/uploads/2024/12/PHC-3OL.png""]","","","[]","2102000","out_of_stock","vongbicongnghiep.vn-wc-store-api-category-search-skf","2026-04-29T13:54:48.716Z"
"65417","SKF","PHC 40B-2X10FT-SKF","PHC 40B-2X10FT-SKF","PHC40B2X10FTSKF","PHC 40B-2X10FT","Xích","Xích","87","xich","https://vongbicongnghiep.vn/san-pham/san-pham-15223/","https://vongbicongnghiep.vn/wp-content/uploads/2024/12/PHC-2FT.png","[""https://vongbicongnghiep.vn/wp-content/uploads/2024/12/PHC-2FT.png"",""https://vongbicongnghiep.vn/wp-content/uploads/product_images/truyen-dong/xich/xich-ansi.jpg""]","","","[]","23115000","out_of_stock","vongbicongnghiep.vn-wc-store-api-category-search-skf","2026-04-29T13:54:48.716Z"
"65416","SKF","PHC 40B-2O/L-SKF","PHC 40B-2O/L-SKF","PHC40B2OLSKF","PHC 40B-2O/L","Xích","Xích","87","xich","https://vongbicongnghiep.vn/san-pham/san-pham-15222/","https://vongbicongnghiep.vn/wp-content/uploads/2024/12/PHC-2OL.png","[""https://vongbicongnghiep.vn/wp-content/uploads/2024/12/PHC-2OL.png""]","","","[]","2629000","out_of_stock","vongbicongnghiep.vn-wc-store-api-category-search-skf","2026-04-29T13:54:48.716Z"
"65415","SKF","PHC 40B-2C/L-SKF","PHC 40B-2C/L-SKF","PHC40B2CLSKF","PHC 40B-2C/L","Xích","Xích","87","xich","https://vongbicongnghiep.vn/san-pham/san-pham-15221/","https://vongbicongnghiep.vn/wp-content/uploads/2024/12/PHC-2CL.png","[""https://vongbicongnghiep.vn/wp-content/uploads/2024/12/PHC-2CL.png""]","","","[]","1313000","out_of_stock","vongbicongnghiep.vn-wc-store-api-category-search-skf","2026-04-29T13:54:48.716Z"
"65414","SKF","PHC 40B-1X5MTR-SKF","PHC 40B-1X5MTR-SKF","PHC40B1X5MTRSKF","PHC 40B-1X5MTR","Xích","Xích","87","xich","https://vongbicongnghiep.vn/san-pham/san-pham-15220/","https://vongbicongnghiep.vn/wp-content/uploads/2024/12/PHC-1FT.png","[""https://vongbicongnghiep.vn/wp-content/uploads/2024/12/PHC-1FT.png"",""https://vongbicongnghiep.vn/wp-content/uploads/2024/12/BV-PHC-1FT.png""]","","","[]","30169000","out_of_stock","vongbicongnghiep.vn-wc-store-api-category-search-skf","2026-04-29T13:54:48.716Z"
"65413","SKF","PHC 40B-1X10FT-SKF","PHC 40B-1X10FT-SKF","PHC40B1X10FTSKF","PHC 40B-1X10FT","Xích","Xích","87","xich","https://vongbicongnghiep.vn/san-pham/san-pham-15219/","https://vongbicongnghiep.vn/wp-content/uploads/2024/12/PHC-1FT.png","[""https://vongbicongnghiep.vn/wp-content/uploads/2024/12/PHC-1FT.png"",""https://vongbicongnghiep.vn/wp-content/uploads/2024/12/BV-PHC-1FT.png""]","","","[]","11558000","out_of_stock","vongbicongnghiep.vn-wc-store-api-category-search-skf","2026-04-29T13:54:48.716Z"
"65412","SKF","PHC 40B-1O/L-SKF","PHC 40B-1O/L-SKF","PHC40B1OLSKF","PHC 40B-1O/L","Xích","Xích","87","xich","https://vongbicongnghiep.vn/san-pham/san-pham-15218/","https://vongbicongnghiep.vn/wp-content/uploads/2024/12/PHC-OL.png","[""https://vongbicongnghiep.vn/wp-content/uploads/2024/12/PHC-OL.png""]","","","[]","1313000","out_of_stock","vongbicongnghiep.vn-wc-store-api-category-search-skf","2026-04-29T13:54:48.716Z"
"65411","SKF","PHC 40B-1C/L-SKF","PHC 40B-1C/L-SKF","PHC40B1CLSKF","PHC 40B-1C/L","Xích","Xích","87","xich","https://vongbicongnghiep.vn/san-pham/san-pham-15217/","https://vongbicongnghiep.vn/wp-content/uploads/2024/12/PHC-CL.png","[""https://vongbicongnghiep.vn/wp-content/uploads/2024/12/PHC-CL.png""]","","","[]","657000","out_of_stock","vongbicongnghiep.vn-wc-store-api-category-search-skf","2026-04-29T13:54:48.716Z"
"65410","SKF","PHC 40-3O/L-SKF","PHC 40-3O/L-SKF","PHC403OLSKF","PHC 40-3O/L","Xích","Xích","87","xich","https://vongbicongnghiep.vn/san-pham/san-pham-15216/","https://vongbicongnghiep.vn/wp-content/uploads/2024/12/PHC-3CL.png","[""https://vongbicongnghiep.vn/wp-content/uploads/2024/12/PHC-3CL.png""]","","","[]","69000","out_of_stock","vongbicongnghiep.vn-wc-store-api-category-search-skf","2026-04-29T13:54:48.716Z"
"65409","SKF","PHC 40-3C/L-SKF","PHC 40-3C/L-SKF","PHC403CLSKF","PHC 40-3C/L","Xích","Xích","87","xich","https://vongbicongnghiep.vn/san-pham/san-pham-15215/","https://vongbicongnghiep.vn/wp-content/uploads/2024/12/PHC-3OL.png","[""https://vongbicongnghiep.vn/wp-content/uploads/2024/12/PHC-3OL.png""]","","","[]","38000","out_of_stock","vongbicongnghiep.vn-wc-store-api-category-search-skf","2026-04-29T13:54:48.716Z"
"65408","SKF","PHC 40-2ZPX10FT-SKF","PHC 40-2ZPX10FT-SKF","PHC402ZPX10FTSKF","PHC 40-2ZPX10FT","Xích","Xích","87","xich","https://vongbicongnghiep.vn/san-pham/san-pham-15214/","https://vongbicongnghiep.vn/wp-content/uploads/2024/12/PHC-2FT.png","[""https://vongbicongnghiep.vn/wp-content/uploads/2024/12/PHC-2FT.png"",""https://vongbicongnghiep.vn/wp-content/uploads/product_images/truyen-dong/xich/xich-ansi.jpg""]","","","[]","1153000","out_of_stock","vongbicongnghiep.vn-wc-store-api-category-search-skf","2026-04-29T13:54:48.716Z"
"65407","SKF","PHC 40-2ZP-O/L-SKF","PHC 40-2ZP-O/L-SKF","PHC402ZPOLSKF","PHC 40-2ZP-O/L","Xích","Xích","87","xich","https://vongbicongnghiep.vn/san-pham/san-pham-15213/","https://vongbicongnghiep.vn/wp-content/uploads/2024/12/PHC-2OL.png","[""https://vongbicongnghiep.vn/wp-content/uploads/2024/12/PHC-2OL.png""]","","","[]","63000","out_of_stock","vongbicongnghiep.vn-wc-store-api-category-search-skf","2026-04-29T13:54:48.716Z"
"65406","SKF","PHC 40-2ZP-C/L-SKF","PHC 40-2ZP-C/L-SKF","PHC402ZPCLSKF","PHC 40-2ZP-C/L","Xích","Xích","87","xich","https://vongbicongnghiep.vn/san-pham/san-pham-15212/","https://vongbicongnghiep.vn/wp-content/uploads/2024/12/PHC-2CL.png","[""https://vongbicongnghiep.vn/wp-content/uploads/2024/12/PHC-2CL.png""]","","","[]","32000","out_of_stock","vongbicongnghiep.vn-wc-store-api-category-search-skf","2026-04-29T13:54:48.716Z"
"65405","SKF","PHC 40-2SSX10FT-SKF","PHC 40-2SSX10FT-SKF","PHC402SSX10FTSKF","PHC 40-2SSX10FT","Xích","Xích","87","xich","https://vongbicongnghiep.vn/san-pham/san-pham-15211/","https://vongbicongnghiep.vn/wp-content/uploads/2024/12/PHC-2FT.png","[""https://vongbicongnghiep.vn/wp-content/uploads/2024/12/PHC-2FT.png"",""https://vongbicongnghiep.vn/wp-content/uploads/product_images/truyen-dong/xich/xich-ansi.jpg""]","","","[]","3451000","out_of_stock","vongbicongnghiep.vn-wc-store-api-category-search-skf","2026-04-29T13:54:48.716Z"
"65404","SKF","PHC 40-2SS-O/L-SKF","PHC 40-2SS-O/L-SKF","PHC402SSOLSKF","PHC 40-2SS-O/L","Xích","Xích","87","xich","https://vongbicongnghiep.vn/san-pham/san-pham-15210/","https://vongbicongnghiep.vn/wp-content/uploads/2024/12/PHC-2OL.png","[""https://vongbicongnghiep.vn/wp-content/uploads/2024/12/PHC-2OL.png""]","","","[]","191000","out_of_stock","vongbicongnghiep.vn-wc-store-api-category-search-skf","2026-04-29T13:54:48.716Z"
"65403","SKF","PHC 40-2SS-C/L-SKF","PHC 40-2SS-C/L-SKF","PHC402SSCLSKF","PHC 40-2SS-C/L","Xích","Xích","87","xich","https://vongbicongnghiep.vn/san-pham/san-pham-15209/","https://vongbicongnghiep.vn/wp-content/uploads/2024/12/PHC-2CL.png","[""https://vongbicongnghiep.vn/wp-content/uploads/2024/12/PHC-2CL.png""]","","","[]","94000","out_of_stock","vongbicongnghiep.vn-wc-store-api-category-search-skf","2026-04-29T13:54:48.716Z"
"65402","SKF","PHC 40-2O/L-SKF","PHC 40-2O/L-SKF","PHC402OLSKF","PHC 40-2O/L","Xích","Xích","87","xich","https://vongbicongnghiep.vn/san-pham/san-pham-15208/","https://vongbicongnghiep.vn/wp-content/uploads/2024/12/PHC-2OL.png","[""https://vongbicongnghiep.vn/wp-content/uploads/2024/12/PHC-2OL.png""]","","","[]","43000","in_stock","vongbicongnghiep.vn-wc-store-api-category-search-skf","2026-04-29T13:54:48.716Z"
"65401","SKF","PHC 40-2NPX10FT-SKF","PHC 40-2NPX10FT-SKF","PHC402NPX10FTSKF","PHC 40-2NPX10FT","Xích","Xích","87","xich","https://vongbicongnghiep.vn/san-pham/san-pham-15207/","https://vongbicongnghiep.vn/wp-content/uploads/2024/12/PHC-2FT.png","[""https://vongbicongnghiep.vn/wp-content/uploads/2024/12/PHC-2FT.png"",""https://vongbicongnghiep.vn/wp-content/uploads/product_images/truyen-dong/xich/xich-ansi.jpg""]","","","[]","1137000","out_of_stock","vongbicongnghiep.vn-wc-store-api-category-search-skf","2026-04-29T13:54:48.716Z"
"65400","SKF","PHC 40-2NP-O/L-SKF","PHC 40-2NP-O/L-SKF","PHC402NPOLSKF","PHC 40-2NP-O/L","Xích","Xích","87","xich","https://vongbicongnghiep.vn/san-pham/san-pham-15206/","https://vongbicongnghiep.vn/wp-content/uploads/2024/12/PHC-2OL.png","[""https://vongbicongnghiep.vn/wp-content/uploads/2024/12/PHC-2OL.png""]","","","[]","77000","out_of_stock","vongbicongnghiep.vn-wc-store-api-category-search-skf","2026-04-29T13:54:48.716Z"
"65399","SKF","PHC 40-2NP-C/L-SKF","PHC 40-2NP-C/L-SKF","PHC402NPCLSKF","PHC 40-2NP-C/L","Xích","Xích","87","xich","https://vongbicongnghiep.vn/san-pham/san-pham-15205/","https://vongbicongnghiep.vn/wp-content/uploads/2024/12/PHC-2CL.png","[""https://vongbicongnghiep.vn/wp-content/uploads/2024/12/PHC-2CL.png""]","","","[]","38000","out_of_stock","vongbicongnghiep.vn-wc-store-api-category-search-skf","2026-04-29T13:54:48.716Z"
"65398","SKF","PHC 40-2DRX10FT-SKF","PHC 40-2DRX10FT-SKF","PHC402DRX10FTSKF","PHC 40-2DRX10FT","Xích","Xích","87","xich","https://vongbicongnghiep.vn/san-pham/san-pham-15204/","https://vongbicongnghiep.vn/wp-content/uploads/2024/12/PHC-2FT.png","[""https://vongbicongnghiep.vn/wp-content/uploads/2024/12/PHC-2FT.png"",""https://vongbicongnghiep.vn/wp-content/uploads/product_images/truyen-dong/xich/xich-ansi.jpg""]","","","[]","1423000","out_of_stock","vongbicongnghiep.vn-wc-store-api-category-search-skf","2026-04-29T13:54:48.716Z"
"65397","SKF","PHC 40-2DR-O/L-SKF","PHC 40-2DR-O/L-SKF","PHC402DROLSKF","PHC 40-2DR-O/L","Xích","Xích","87","xich","https://vongbicongnghiep.vn/san-pham/san-pham-15203/","https://vongbicongnghiep.vn/wp-content/uploads/2024/12/PHC-2OL.png","[""https://vongbicongnghiep.vn/wp-content/uploads/2024/12/PHC-2OL.png""]","","","[]","88000","out_of_stock","vongbicongnghiep.vn-wc-store-api-category-search-skf","2026-04-29T13:54:48.716Z"
"65396","SKF","PHC 40-2DR-C/L-SKF","PHC 40-2DR-C/L-SKF","PHC402DRCLSKF","PHC 40-2DR-C/L","Xích","Xích","87","xich","https://vongbicongnghiep.vn/san-pham/san-pham-15202/","https://vongbicongnghiep.vn/wp-content/uploads/2024/12/PHC-2CL.png","[""https://vongbicongnghiep.vn/wp-content/uploads/2024/12/PHC-2CL.png""]","","","[]","45000","out_of_stock","vongbicongnghiep.vn-wc-store-api-category-search-skf","2026-04-29T13:54:48.716Z"
"65395","SKF","PHC 40-2CX10FT-SKF","PHC 40-2CX10FT-SKF","PHC402CX10FTSKF","PHC 40-2CX10FT","Xích","Xích","87","xich","https://vongbicongnghiep.vn/san-pham/san-pham-15201/","https://vongbicongnghiep.vn/wp-content/uploads/2024/12/PHC-2FT.png","[""https://vongbicongnghiep.vn/wp-content/uploads/2024/12/PHC-2FT.png"",""https://vongbicongnghiep.vn/wp-content/uploads/product_images/truyen-dong/xich/xich-ansi.jpg""]","","","[]","1372000","out_of_stock","vongbicongnghiep.vn-wc-store-api-category-search-skf","2026-04-29T13:54:48.716Z"
"65394","SKF","PHC 40-2C/L-SKF","PHC 40-2C/L-SKF","PHC402CLSKF","PHC 40-2C/L","Xích","Xích","87","xich","https://vongbicongnghiep.vn/san-pham/san-pham-15200/","https://vongbicongnghiep.vn/wp-content/uploads/2024/12/PHC-2CL.png","[""https://vongbicongnghiep.vn/wp-content/uploads/2024/12/PHC-2CL.png""]","","","[]","23000","in_stock","vongbicongnghiep.vn-wc-store-api-category-search-skf","2026-04-29T13:54:48.716Z"
"65393","SKF","PHC 40-1ZPX10FT-SKF","PHC 40-1ZPX10FT-SKF","PHC401ZPX10FTSKF","PHC 40-1ZPX10FT","Xích","Xích","87","xich","https://vongbicongnghiep.vn/san-pham/san-pham-15199/","https://vongbicongnghiep.vn/wp-content/uploads/2024/12/PHC-1FT.png","[""https://vongbicongnghiep.vn/wp-content/uploads/2024/12/PHC-1FT.png"",""https://vongbicongnghiep.vn/wp-content/uploads/2024/12/BV-PHC-1FT.png""]","","","[]","578000","out_of_stock","vongbicongnghiep.vn-wc-store-api-category-search-skf","2026-04-29T13:54:48.716Z"
"65392","SKF","PHC 40-1ZP-O/L-SKF","PHC 40-1ZP-O/L-SKF","PHC401ZPOLSKF","PHC 40-1ZP-O/L","Xích","Xích","87","xich","https://vongbicongnghiep.vn/san-pham/san-pham-15198/","https://vongbicongnghiep.vn/wp-content/uploads/2024/12/PHC-OL.png","[""https://vongbicongnghiep.vn/wp-content/uploads/2024/12/PHC-OL.png""]","","","[]","32000","out_of_stock","vongbicongnghiep.vn-wc-store-api-category-search-skf","2026-04-29T13:54:48.716Z"
"65391","SKF","PHC 40-1ZP-C/L-SKF","PHC 40-1ZP-C/L-SKF","PHC401ZPCLSKF","PHC 40-1ZP-C/L","Xích","Xích","87","xich","https://vongbicongnghiep.vn/san-pham/san-pham-15197/","https://vongbicongnghiep.vn/wp-content/uploads/2024/12/PHC-CL.png","[""https://vongbicongnghiep.vn/wp-content/uploads/2024/12/PHC-CL.png""]","","","[]","15000","out_of_stock","vongbicongnghiep.vn-wc-store-api-category-search-skf","2026-04-29T13:54:48.716Z"
"65390","SKF","PHC 40-1X10FTOE-SKF","PHC 40-1X10FTOE-SKF","PHC401X10FTOESKF","PHC 40-1X10FTOE","Xích","Xích","87","xich","https://vongbicongnghiep.vn/san-pham/san-pham-15196/","https://vongbicongnghiep.vn/wp-content/uploads/2024/12/PHC-1FT.png","[""https://vongbicongnghiep.vn/wp-content/uploads/2024/12/PHC-1FT.png"",""https://vongbicongnghiep.vn/wp-content/uploads/2024/12/BV-PHC-1FT.png""]","","","[]","544000","in_stock","vongbicongnghiep.vn-wc-store-api-category-search-skf","2026-04-29T13:54:48.716Z"
"65389","SKF","PHC 40-1X10FT-SKF","PHC 40-1X10FT-SKF","PHC401X10FTSKF","PHC 40-1X10FT","Xích","Xích","87","xich","https://vongbicongnghiep.vn/san-pham/san-pham-15195/","https://vongbicongnghiep.vn/wp-content/uploads/2024/12/PHC-1FT.png","[""https://vongbicongnghiep.vn/wp-content/uploads/2024/12/PHC-1FT.png"",""https://vongbicongnghiep.vn/wp-content/uploads/2024/12/BV-PHC-1FT.png""]","","","[]","380000","in_stock","vongbicongnghiep.vn-wc-store-api-category-search-skf","2026-04-29T13:54:48.716Z"
"65388","SKF","PHC 40-1SSX10FT-SKF","PHC 40-1SSX10FT-SKF","PHC401SSX10FTSKF","PHC 40-1SSX10FT","Xích","Xích","87","xich","https://vongbicongnghiep.vn/san-pham/san-pham-15194/","https://vongbicongnghiep.vn/wp-content/uploads/2024/12/PHC-1FT.png","[""https://vongbicongnghiep.vn/wp-content/uploads/2024/12/PHC-1FT.png"",""https://vongbicongnghiep.vn/wp-content/uploads/2024/12/BV-PHC-1FT.png""]","","","[]","1726000","out_of_stock","vongbicongnghiep.vn-wc-store-api-category-search-skf","2026-04-29T13:54:48.716Z"
"65387","SKF","PHC 40-1SS-O/L-SKF","PHC 40-1SS-O/L-SKF","PHC401SSOLSKF","PHC 40-1SS-O/L","Xích","Xích","87","xich","https://vongbicongnghiep.vn/san-pham/san-pham-15193/","https://vongbicongnghiep.vn/wp-content/uploads/2024/12/PHC-OL.png","[""https://vongbicongnghiep.vn/wp-content/uploads/2024/12/PHC-OL.png""]","","","[]","94000","out_of_stock","vongbicongnghiep.vn-wc-store-api-category-search-skf","2026-04-29T13:54:48.716Z"
"65386","SKF","PHC 40-1SS-C/L-SKF","PHC 40-1SS-C/L-SKF","PHC401SSCLSKF","PHC 40-1SS-C/L","Xích","Xích","87","xich","https://vongbicongnghiep.vn/san-pham/san-pham-15192/","https://vongbicongnghiep.vn/wp-content/uploads/2024/12/PHC-CL.png","[""https://vongbicongnghiep.vn/wp-content/uploads/2024/12/PHC-CL.png""]","","","[]","48000","out_of_stock","vongbicongnghiep.vn-wc-store-api-category-search-skf","2026-04-29T13:54:48.716Z"
"65385","SKF","PHC 40-1SLRX10FT-SKF","PHC 40-1SLRX10FT-SKF","PHC401SLRX10FTSKF","PHC 40-1SLRX10FT","Xích","Xích","87","xich","https://vongbicongnghiep.vn/san-pham/san-pham-15191/","https://vongbicongnghiep.vn/wp-content/uploads/2024/12/PHC-1FT.png","[""https://vongbicongnghiep.vn/wp-content/uploads/2024/12/PHC-1FT.png"",""https://vongbicongnghiep.vn/wp-content/uploads/2024/12/BV-PHC-1FT.png""]","","","[]","4331000","out_of_stock","vongbicongnghiep.vn-wc-store-api-category-search-skf","2026-04-29T13:54:48.716Z"
"65384","SKF","PHC 40-1SLR-O/L-SKF","PHC 40-1SLR-O/L-SKF","PHC401SLROLSKF","PHC 40-1SLR-O/L","Xích","Xích","87","xich","https://vongbicongnghiep.vn/san-pham/san-pham-15190/","https://vongbicongnghiep.vn/wp-content/uploads/2024/12/PHC-OL.png","[""https://vongbicongnghiep.vn/wp-content/uploads/2024/12/PHC-OL.png""]","","","[]","135000","out_of_stock","vongbicongnghiep.vn-wc-store-api-category-search-skf","2026-04-29T13:54:48.716Z"
"65383","SKF","PHC 40-1SLR-C/L-SKF","PHC 40-1SLR-C/L-SKF","PHC401SLRCLSKF","PHC 40-1SLR-C/L","Xích","Xích","87","xich","https://vongbicongnghiep.vn/san-pham/san-pham-15189/","https://vongbicongnghiep.vn/wp-content/uploads/2024/12/PHC-CL.png","[""https://vongbicongnghiep.vn/wp-content/uploads/2024/12/PHC-CL.png""]","","","[]","95000","out_of_stock","vongbicongnghiep.vn-wc-store-api-category-search-skf","2026-04-29T13:54:48.716Z"
"65382","SKF","PHC 40-1SBX10FT-SKF","PHC 40-1SBX10FT-SKF","PHC401SBX10FTSKF","PHC 40-1SBX10FT","Xích","Xích","87","xich","https://vongbicongnghiep.vn/san-pham/san-pham-15188/","https://vongbicongnghiep.vn/wp-content/uploads/2024/12/PHC-1FT.png","[""https://vongbicongnghiep.vn/wp-content/uploads/2024/12/PHC-1FT.png"",""https://vongbicongnghiep.vn/wp-content/uploads/2024/12/BV-PHC-1FT.png""]","","","[]","1190000","out_of_stock","vongbicongnghiep.vn-wc-store-api-category-search-skf","2026-04-29T13:54:48.716Z"
"65381","SKF","PHC 40-1SB-O/L-SKF","PHC 40-1SB-O/L-SKF","PHC401SBOLSKF","PHC 40-1SB-O/L","Xích","Xích","87","xich","https://vongbicongnghiep.vn/san-pham/san-pham-15187/","https://vongbicongnghiep.vn/wp-content/uploads/2024/12/PHC-1FT.png","[""https://vongbicongnghiep.vn/wp-content/uploads/2024/12/PHC-1FT.png"",""https://vongbicongnghiep.vn/wp-content/uploads/2024/12/BV-PHC-1FT.png""]","","","[]","88000","out_of_stock","vongbicongnghiep.vn-wc-store-api-category-search-skf","2026-04-29T13:54:48.716Z"
"65380","SKF","PHC 40-1SB-C/L-SKF","PHC 40-1SB-C/L-SKF","PHC401SBCLSKF","PHC 40-1SB-C/L","Xích","Xích","87","xich","https://vongbicongnghiep.vn/san-pham/san-pham-15186/","https://vongbicongnghiep.vn/wp-content/uploads/2024/12/PHC-1FT.png","[""https://vongbicongnghiep.vn/wp-content/uploads/2024/12/PHC-1FT.png"",""https://vongbicongnghiep.vn/wp-content/uploads/2024/12/BV-PHC-1FT.png""]","","","[]","53000","out_of_stock","vongbicongnghiep.vn-wc-store-api-category-search-skf","2026-04-29T13:54:48.716Z"
"65379","SKF","PHC 40-1NPX10FT-SKF","PHC 40-1NPX10FT-SKF","PHC401NPX10FTSKF","PHC 40-1NPX10FT","Xích","Xích","87","xich","https://vongbicongnghiep.vn/san-pham/san-pham-15185/","https://vongbicongnghiep.vn/wp-content/uploads/2024/12/PHC-1FT.png","[""https://vongbicongnghiep.vn/wp-content/uploads/2024/12/PHC-1FT.png"",""https://vongbicongnghiep.vn/wp-content/uploads/2024/12/BV-PHC-1FT.png""]","","","[]","568000","out_of_stock","vongbicongnghiep.vn-wc-store-api-category-search-skf","2026-04-29T13:54:48.716Z"
"65378","SKF","PHC 40-1NP-O/L-SKF","PHC 40-1NP-O/L-SKF","PHC401NPOLSKF","PHC 40-1NP-O/L","Xích","Xích","87","xich","https://vongbicongnghiep.vn/san-pham/san-pham-15184/","https://vongbicongnghiep.vn/wp-content/uploads/2024/12/PHC-OL.png","[""https://vongbicongnghiep.vn/wp-content/uploads/2024/12/PHC-OL.png""]","","","[]","38000","out_of_stock","vongbicongnghiep.vn-wc-store-api-category-search-skf","2026-04-29T13:54:48.716Z"
"65377","SKF","PHC 40-1NP-C/L-SKF","PHC 40-1NP-C/L-SKF","PHC401NPCLSKF","PHC 40-1NP-C/L","Xích","Xích","87","xich","https://vongbicongnghiep.vn/san-pham/san-pham-15183/","https://vongbicongnghiep.vn/wp-content/uploads/2024/12/PHC-CL.png","[""https://vongbicongnghiep.vn/wp-content/uploads/2024/12/PHC-CL.png""]","","","[]","19000","out_of_stock","vongbicongnghiep.vn-wc-store-api-category-search-skf","2026-04-29T13:54:48.716Z"
"65376","SKF","PHC 40-1HPX10FT-SKF","PHC 40-1HPX10FT-SKF","PHC401HPX10FTSKF","PHC 40-1HPX10FT","Xích","Xích","87","xich","https://vongbicongnghiep.vn/san-pham/san-pham-15182/","https://vongbicongnghiep.vn/wp-content/uploads/2024/12/PHC-1FT.png","[""https://vongbicongnghiep.vn/wp-content/uploads/2024/12/PHC-1FT.png"",""https://vongbicongnghiep.vn/wp-content/uploads/2024/12/BV-PHC-1FT.png""]","","","[]","1213000","out_of_stock","vongbicongnghiep.vn-wc-store-api-category-search-skf","2026-04-29T13:54:48.716Z"
"65375","SKF","PHC 40-1HP-C/L-SKF","PHC 40-1HP-C/L-SKF","PHC401HPCLSKF","PHC 40-1HP-C/L","Xích","Xích","87","xich","https://vongbicongnghiep.vn/san-pham/san-pham-15181/","https://vongbicongnghiep.vn/wp-content/uploads/2024/12/PHC-1FT.png","[""https://vongbicongnghiep.vn/wp-content/uploads/2024/12/PHC-1FT.png"",""https://vongbicongnghiep.vn/wp-content/uploads/2024/12/BV-PHC-1FT.png""]","","","[]","8000","out_of_stock","vongbicongnghiep.vn-wc-store-api-category-search-skf","2026-04-29T13:54:48.716Z"
"65374","SKF","PHC 40-1DRX10FT-SKF","PHC 40-1DRX10FT-SKF","PHC401DRX10FTSKF","PHC 40-1DRX10FT","Xích","Xích","87","xich","https://vongbicongnghiep.vn/san-pham/san-pham-15180/","https://vongbicongnghiep.vn/wp-content/uploads/2024/12/PHC-1FT.png","[""https://vongbicongnghiep.vn/wp-content/uploads/2024/12/PHC-1FT.png"",""https://vongbicongnghiep.vn/wp-content/uploads/2024/12/BV-PHC-1FT.png""]","","","[]","712000","out_of_stock","vongbicongnghiep.vn-wc-store-api-category-search-skf","2026-04-29T13:54:48.716Z"
"65373","SKF","PHC 40-1DR-O/L-SKF","PHC 40-1DR-O/L-SKF","PHC401DROLSKF","PHC 40-1DR-O/L","Xích","Xích","87","xich","https://vongbicongnghiep.vn/san-pham/san-pham-15179/","https://vongbicongnghiep.vn/wp-content/uploads/2024/12/PHC-OL.png","[""https://vongbicongnghiep.vn/wp-content/uploads/2024/12/PHC-OL.png""]","","","[]","45000","out_of_stock","vongbicongnghiep.vn-wc-store-api-category-search-skf","2026-04-29T13:54:48.716Z"
"65372","SKF","PHC 40-1DR-C/L-SKF","PHC 40-1DR-C/L-SKF","PHC401DRCLSKF","PHC 40-1DR-C/L","Xích","Xích","87","xich","https://vongbicongnghiep.vn/san-pham/san-pham-15178/","https://vongbicongnghiep.vn/wp-content/uploads/2024/12/PHC-CL.png","[""https://vongbicongnghiep.vn/wp-content/uploads/2024/12/PHC-CL.png""]","","","[]","22000","out_of_stock","vongbicongnghiep.vn-wc-store-api-category-search-skf","2026-04-29T13:54:48.716Z"
"65371","SKF","PHC 36S-6O/L-SKF","PHC 36S-6O/L-SKF","PHC36S6OLSKF","PHC 36S-6O/L","Xích","Xích","87","xich","https://vongbicongnghiep.vn/san-pham/san-pham-15177/","https://vongbicongnghiep.vn/wp-content/uploads/2024/12/PHC-3CL.png","[""https://vongbicongnghiep.vn/wp-content/uploads/2024/12/PHC-3CL.png""]","","","[]","18104000","out_of_stock","vongbicongnghiep.vn-wc-store-api-category-search-skf","2026-04-29T13:54:48.716Z"
"65370","SKF","PHC 36S-6C/L-SKF","PHC 36S-6C/L-SKF","PHC36S6CLSKF","PHC 36S-6C/L","Xích","Xích","87","xich","https://vongbicongnghiep.vn/san-pham/san-pham-15176/","https://vongbicongnghiep.vn/wp-content/uploads/2024/12/PHC-3OL.png","[""https://vongbicongnghiep.vn/wp-content/uploads/2024/12/PHC-3OL.png""]","","","[]","9051000","out_of_stock","vongbicongnghiep.vn-wc-store-api-category-search-skf","2026-04-29T13:54:48.716Z"
"65369","SKF","PHC 36S-5O/L-SKF","PHC 36S-5O/L-SKF","PHC36S5OLSKF","PHC 36S-5O/L","Xích","Xích","87","xich","https://vongbicongnghiep.vn/san-pham/san-pham-15175/","https://vongbicongnghiep.vn/wp-content/uploads/2024/12/PHC-3CL.png","[""https://vongbicongnghiep.vn/wp-content/uploads/2024/12/PHC-3CL.png""]","","","[]","15085000","out_of_stock","vongbicongnghiep.vn-wc-store-api-category-search-skf","2026-04-29T13:54:48.716Z"
"65368","SKF","PHC 36S-5C/L-SKF","PHC 36S-5C/L-SKF","PHC36S5CLSKF","PHC 36S-5C/L","Xích","Xích","87","xich","https://vongbicongnghiep.vn/san-pham/san-pham-15174/","https://vongbicongnghiep.vn/wp-content/uploads/2024/12/PHC-3OL.png","[""https://vongbicongnghiep.vn/wp-content/uploads/2024/12/PHC-3OL.png""]","","","[]","7542000","out_of_stock","vongbicongnghiep.vn-wc-store-api-category-search-skf","2026-04-29T13:54:48.716Z"
"65367","SKF","PHC 36S-4O/L-SKF","PHC 36S-4O/L-SKF","PHC36S4OLSKF","PHC 36S-4O/L","Xích","Xích","87","xich","https://vongbicongnghiep.vn/san-pham/san-pham-15173/","https://vongbicongnghiep.vn/wp-content/uploads/2024/12/PHC-3CL.png","[""https://vongbicongnghiep.vn/wp-content/uploads/2024/12/PHC-3CL.png""]","","","[]","11315000","out_of_stock","vongbicongnghiep.vn-wc-store-api-category-search-skf","2026-04-29T13:54:48.716Z"
"65366","SKF","PHC 36S-4C/L-SKF","PHC 36S-4C/L-SKF","PHC36S4CLSKF","PHC 36S-4C/L","Xích","Xích","87","xich","https://vongbicongnghiep.vn/san-pham/san-pham-15172/","https://vongbicongnghiep.vn/wp-content/uploads/2024/12/PHC-3OL.png","[""https://vongbicongnghiep.vn/wp-content/uploads/2024/12/PHC-3OL.png""]","","","[]","5657000","out_of_stock","vongbicongnghiep.vn-wc-store-api-category-search-skf","2026-04-29T13:54:48.716Z"
"65365","SKF","PHC 36S-3X10FT-SKF","PHC 36S-3X10FT-SKF","PHC36S3X10FTSKF","PHC 36S-3X10FT","Xích","Xích","87","xich","https://vongbicongnghiep.vn/san-pham/san-pham-15171/","https://vongbicongnghiep.vn/wp-content/uploads/2024/12/PHC-3FT.png","[""https://vongbicongnghiep.vn/wp-content/uploads/2024/12/PHC-3FT.png"",""https://vongbicongnghiep.vn/wp-content/uploads/product_images/truyen-dong/xich/xich-ansi.jpg""]","","","[]","59366000","out_of_stock","vongbicongnghiep.vn-wc-store-api-category-search-skf","2026-04-29T13:54:48.716Z"
"65364","SKF","PHC 36S-3O/L-SKF","PHC 36S-3O/L-SKF","PHC36S3OLSKF","PHC 36S-3O/L","Xích","Xích","87","xich","https://vongbicongnghiep.vn/san-pham/san-pham-15170/","https://vongbicongnghiep.vn/wp-content/uploads/2024/12/PHC-3CL.png","[""https://vongbicongnghiep.vn/wp-content/uploads/2024/12/PHC-3CL.png""]","","","[]","8045000","out_of_stock","vongbicongnghiep.vn-wc-store-api-category-search-skf","2026-04-29T13:54:48.716Z"
"65363","SKF","PHC 36S-3C/L-SKF","PHC 36S-3C/L-SKF","PHC36S3CLSKF","PHC 36S-3C/L","Xích","Xích","87","xich","https://vongbicongnghiep.vn/san-pham/san-pham-15169/","https://vongbicongnghiep.vn/wp-content/uploads/2024/12/PHC-3OL.png","[""https://vongbicongnghiep.vn/wp-content/uploads/2024/12/PHC-3OL.png""]","","","[]","4021000","out_of_stock","vongbicongnghiep.vn-wc-store-api-category-search-skf","2026-04-29T13:54:48.716Z"
"65362","SKF","PHC 36S-2X10FT-SKF","PHC 36S-2X10FT-SKF","PHC36S2X10FTSKF","PHC 36S-2X10FT","Xích","Xích","87","xich","https://vongbicongnghiep.vn/san-pham/san-pham-15168/","https://vongbicongnghiep.vn/wp-content/uploads/2024/12/PHC-2FT.png","[""https://vongbicongnghiep.vn/wp-content/uploads/2024/12/PHC-2FT.png"",""https://vongbicongnghiep.vn/wp-content/uploads/product_images/truyen-dong/xich/xich-ansi.jpg""]","","","[]","37102000","out_of_stock","vongbicongnghiep.vn-wc-store-api-category-search-skf","2026-04-29T13:54:48.716Z"
"65361","SKF","PHC 36S-2O/L-SKF","PHC 36S-2O/L-SKF","PHC36S2OLSKF","PHC 36S-2O/L","Xích","Xích","87","xich","https://vongbicongnghiep.vn/san-pham/san-pham-15167/","https://vongbicongnghiep.vn/wp-content/uploads/2024/12/PHC-2OL.png","[""https://vongbicongnghiep.vn/wp-content/uploads/2024/12/PHC-2OL.png""]","","","[]","5029000","out_of_stock","vongbicongnghiep.vn-wc-store-api-category-search-skf","2026-04-29T13:54:48.716Z"
"65360","SKF","PHC 36S-2C/L-SKF","PHC 36S-2C/L-SKF","PHC36S2CLSKF","PHC 36S-2C/L","Xích","Xích","87","xich","https://vongbicongnghiep.vn/san-pham/san-pham-15166/","https://vongbicongnghiep.vn/wp-content/uploads/2024/12/PHC-2CL.png","[""https://vongbicongnghiep.vn/wp-content/uploads/2024/12/PHC-2CL.png""]","","","[]","2515000","out_of_stock","vongbicongnghiep.vn-wc-store-api-category-search-skf","2026-04-29T13:54:48.716Z"
"65359","SKF","PHC 36S-1X10FT-SKF","PHC 36S-1X10FT-SKF","PHC36S1X10FTSKF","PHC 36S-1X10FT","Xích","Xích","87","xich","https://vongbicongnghiep.vn/san-pham/san-pham-15165/","https://vongbicongnghiep.vn/wp-content/uploads/2024/12/PHC-1FT.png","[""https://vongbicongnghiep.vn/wp-content/uploads/2024/12/PHC-1FT.png"",""https://vongbicongnghiep.vn/wp-content/uploads/2024/12/BV-PHC-1FT.png""]","","","[]","18551000","out_of_stock","vongbicongnghiep.vn-wc-store-api-category-search-skf","2026-04-29T13:54:48.716Z"
"65358","SKF","PHC 36S-1O/L-SKF","PHC 36S-1O/L-SKF","PHC36S1OLSKF","PHC 36S-1O/L","Xích","Xích","87","xich","https://vongbicongnghiep.vn/san-pham/san-pham-15164/","https://vongbicongnghiep.vn/wp-content/uploads/2024/12/PHC-OL.png","[""https://vongbicongnghiep.vn/wp-content/uploads/2024/12/PHC-OL.png""]","","","[]","2515000","out_of_stock","vongbicongnghiep.vn-wc-store-api-category-search-skf","2026-04-29T13:54:48.716Z"
"65357","SKF","PHC 36S-1C/L-SKF","PHC 36S-1C/L-SKF","PHC36S1CLSKF","PHC 36S-1C/L","Xích","Xích","87","xich","https://vongbicongnghiep.vn/san-pham/san-pham-15163/","https://vongbicongnghiep.vn/wp-content/uploads/2024/12/PHC-CL.png","[""https://vongbicongnghiep.vn/wp-content/uploads/2024/12/PHC-CL.png""]","","","[]","1257000","out_of_stock","vongbicongnghiep.vn-wc-store-api-category-search-skf","2026-04-29T13:54:48.716Z"
"65356","SKF","PHC 35SH-1X10FT-SKF","PHC 35SH-1X10FT-SKF","PHC35SH1X10FTSKF","PHC 35SH-1X10FT","Xích","Xích","87","xich","https://vongbicongnghiep.vn/san-pham/san-pham-15162/","https://vongbicongnghiep.vn/wp-content/uploads/2024/12/PHC-1FT.png","[""https://vongbicongnghiep.vn/wp-content/uploads/2024/12/PHC-1FT.png"",""https://vongbicongnghiep.vn/wp-content/uploads/2024/12/BV-PHC-1FT.png""]","","","[]","682000","out_of_stock","vongbicongnghiep.vn-wc-store-api-category-search-skf","2026-04-29T13:54:48.716Z"
"65355","SKF","PHC 35H-1X10FT-SKF","PHC 35H-1X10FT-SKF","PHC35H1X10FTSKF","PHC 35H-1X10FT","Xích","Xích","87","xich","https://vongbicongnghiep.vn/san-pham/san-pham-15161/","https://vongbicongnghiep.vn/wp-content/uploads/2024/12/PHC-1FT.png","[""https://vongbicongnghiep.vn/wp-content/uploads/2024/12/PHC-1FT.png"",""https://vongbicongnghiep.vn/wp-content/uploads/2024/12/BV-PHC-1FT.png""]","","","[]","516000","out_of_stock","vongbicongnghiep.vn-wc-store-api-category-search-skf","2026-04-29T13:54:48.716Z"
"65354","SKF","PHC 35H-1O/L-SKF","PHC 35H-1O/L-SKF","PHC35H1OLSKF","PHC 35H-1O/L","Xích","Xích","87","xich","https://vongbicongnghiep.vn/san-pham/san-pham-15160/","https://vongbicongnghiep.vn/wp-content/uploads/2024/12/PHC-OL.png","[""https://vongbicongnghiep.vn/wp-content/uploads/2024/12/PHC-OL.png""]","","","[]","22000","out_of_stock","vongbicongnghiep.vn-wc-store-api-category-search-skf","2026-04-29T13:54:48.716Z"
"65353","SKF","PHC 35H-1C/L-SKF","PHC 35H-1C/L-SKF","PHC35H1CLSKF","PHC 35H-1C/L","Xích","Xích","87","xich","https://vongbicongnghiep.vn/san-pham/san-pham-15159/","https://vongbicongnghiep.vn/wp-content/uploads/2024/12/PHC-CL.png","[""https://vongbicongnghiep.vn/wp-content/uploads/2024/12/PHC-CL.png""]","","","[]","11000","out_of_stock","vongbicongnghiep.vn-wc-store-api-category-search-skf","2026-04-29T13:54:48.716Z"
"65352","SKF","PHC 35-3O/L-SKF","PHC 35-3O/L-SKF","PHC353OLSKF","PHC 35-3O/L","Xích","Xích","87","xich","https://vongbicongnghiep.vn/san-pham/san-pham-15158/","https://vongbicongnghiep.vn/wp-content/uploads/2024/12/PHC-3CL.png","[""https://vongbicongnghiep.vn/wp-content/uploads/2024/12/PHC-3CL.png""]","","","[]","54000","out_of_stock","vongbicongnghiep.vn-wc-store-api-category-search-skf","2026-04-29T13:54:48.716Z"
"65351","SKF","PHC 35-3C/L-SKF","PHC 35-3C/L-SKF","PHC353CLSKF","PHC 35-3C/L","Xích","Xích","87","xich","https://vongbicongnghiep.vn/san-pham/san-pham-15157/","https://vongbicongnghiep.vn/wp-content/uploads/2024/12/PHC-3OL.png","[""https://vongbicongnghiep.vn/wp-content/uploads/2024/12/PHC-3OL.png""]","","","[]","31000","out_of_stock","vongbicongnghiep.vn-wc-store-api-category-search-skf","2026-04-29T13:54:48.716Z"
"65350","SKF","PHC 35-2ZPX10FT-SKF","PHC 35-2ZPX10FT-SKF","PHC352ZPX10FTSKF","PHC 35-2ZPX10FT","Xích","Xích","87","xich","https://vongbicongnghiep.vn/san-pham/san-pham-15156/","https://vongbicongnghiep.vn/wp-content/uploads/2024/12/PHC-2FT.png","[""https://vongbicongnghiep.vn/wp-content/uploads/2024/12/PHC-2FT.png"",""https://vongbicongnghiep.vn/wp-content/uploads/product_images/truyen-dong/xich/xich-ansi.jpg""]","","","[]","924000","out_of_stock","vongbicongnghiep.vn-wc-store-api-category-search-skf","2026-04-29T13:54:48.716Z"
"65349","SKF","PHC 35-2ZP-O/L-SKF","PHC 35-2ZP-O/L-SKF","PHC352ZPOLSKF","PHC 35-2ZP-O/L","Xích","Xích","87","xich","https://vongbicongnghiep.vn/san-pham/san-pham-15155/","https://vongbicongnghiep.vn/wp-content/uploads/2024/12/PHC-2OL.png","[""https://vongbicongnghiep.vn/wp-content/uploads/2024/12/PHC-2OL.png""]","","","[]","49000","out_of_stock","vongbicongnghiep.vn-wc-store-api-category-search-skf","2026-04-29T13:54:48.716Z"
"65348","SKF","PHC 35-2ZP-C/L-SKF","PHC 35-2ZP-C/L-SKF","PHC352ZPCLSKF","PHC 35-2ZP-C/L","Xích","Xích","87","xich","https://vongbicongnghiep.vn/san-pham/san-pham-15154/","https://vongbicongnghiep.vn/wp-content/uploads/2024/12/PHC-2CL.png","[""https://vongbicongnghiep.vn/wp-content/uploads/2024/12/PHC-2CL.png""]","","","[]","25000","out_of_stock","vongbicongnghiep.vn-wc-store-api-category-search-skf","2026-04-29T13:54:48.716Z"
"65347","SKF","PHC 35-2SSX10FT-SKF","PHC 35-2SSX10FT-SKF","PHC352SSX10FTSKF","PHC 35-2SSX10FT","Xích","Xích","87","xich","https://vongbicongnghiep.vn/san-pham/san-pham-15153/","https://vongbicongnghiep.vn/wp-content/uploads/2024/12/PHC-2FT.png","[""https://vongbicongnghiep.vn/wp-content/uploads/2024/12/PHC-2FT.png"",""https://vongbicongnghiep.vn/wp-content/uploads/product_images/truyen-dong/xich/xich-ansi.jpg""]","","","[]","1986000","out_of_stock","vongbicongnghiep.vn-wc-store-api-category-search-skf","2026-04-29T13:54:48.716Z"
"65346","SKF","PHC 35-2SS-O/L-SKF","PHC 35-2SS-O/L-SKF","PHC352SSOLSKF","PHC 35-2SS-O/L","Xích","Xích","87","xich","https://vongbicongnghiep.vn/san-pham/san-pham-15152/","https://vongbicongnghiep.vn/wp-content/uploads/2024/12/PHC-2OL.png","[""https://vongbicongnghiep.vn/wp-content/uploads/2024/12/PHC-2OL.png""]","","","[]","147000","out_of_stock","vongbicongnghiep.vn-wc-store-api-category-search-skf","2026-04-29T13:54:48.716Z"
"65345","SKF","PHC 35-2SS-C/L-SKF","PHC 35-2SS-C/L-SKF","PHC352SSCLSKF","PHC 35-2SS-C/L","Xích","Xích","87","xich","https://vongbicongnghiep.vn/san-pham/san-pham-15151/","https://vongbicongnghiep.vn/wp-content/uploads/2024/12/PHC-2CL.png","[""https://vongbicongnghiep.vn/wp-content/uploads/2024/12/PHC-2CL.png""]","","","[]","75000","out_of_stock","vongbicongnghiep.vn-wc-store-api-category-search-skf","2026-04-29T13:54:48.716Z"
"65344","SKF","PHC 35-2O/L-SKF","PHC 35-2O/L-SKF","PHC352OLSKF","PHC 35-2O/L","Xích","Xích","87","xich","https://vongbicongnghiep.vn/san-pham/san-pham-15150/","https://vongbicongnghiep.vn/wp-content/uploads/2024/12/PHC-2OL.png","[""https://vongbicongnghiep.vn/wp-content/uploads/2024/12/PHC-2OL.png""]","","","[]","34000","out_of_stock","vongbicongnghiep.vn-wc-store-api-category-search-skf","2026-04-29T13:54:48.716Z"
"65343","SKF","PHC 35-2NPX10FT-SKF","PHC 35-2NPX10FT-SKF","PHC352NPX10FTSKF","PHC 35-2NPX10FT","Xích","Xích","87","xich","https://vongbicongnghiep.vn/san-pham/san-pham-15149/","https://vongbicongnghiep.vn/wp-content/uploads/2024/12/PHC-2FT.png","[""https://vongbicongnghiep.vn/wp-content/uploads/2024/12/PHC-2FT.png"",""https://vongbicongnghiep.vn/wp-content/uploads/product_images/truyen-dong/xich/xich-ansi.jpg""]","","","[]","930000","out_of_stock","vongbicongnghiep.vn-wc-store-api-category-search-skf","2026-04-29T13:54:48.716Z"
"65342","SKF","PHC 35-2NP-O/L-SKF","PHC 35-2NP-O/L-SKF","PHC352NPOLSKF","PHC 35-2NP-O/L","Xích","Xích","87","xich","https://vongbicongnghiep.vn/san-pham/san-pham-15148/","https://vongbicongnghiep.vn/wp-content/uploads/2024/12/PHC-2OL.png","[""https://vongbicongnghiep.vn/wp-content/uploads/2024/12/PHC-2OL.png""]","","","[]","49000","out_of_stock","vongbicongnghiep.vn-wc-store-api-category-search-skf","2026-04-29T13:54:48.716Z"
"65341","SKF","PHC 35-2NP-C/L-SKF","PHC 35-2NP-C/L-SKF","PHC352NPCLSKF","PHC 35-2NP-C/L","Xích","Xích","87","xich","https://vongbicongnghiep.vn/san-pham/san-pham-15147/","https://vongbicongnghiep.vn/wp-content/uploads/2024/12/PHC-2CL.png","[""https://vongbicongnghiep.vn/wp-content/uploads/2024/12/PHC-2CL.png""]","","","[]","25000","out_of_stock","vongbicongnghiep.vn-wc-store-api-category-search-skf","2026-04-29T13:54:48.716Z"
"65340","SKF","PHC 35-2DRX10FT-SKF","PHC 35-2DRX10FT-SKF","PHC352DRX10FTSKF","PHC 35-2DRX10FT","Xích","Xích","87","xich","https://vongbicongnghiep.vn/san-pham/san-pham-15146/","https://vongbicongnghiep.vn/wp-content/uploads/2024/12/PHC-2FT.png","[""https://vongbicongnghiep.vn/wp-content/uploads/2024/12/PHC-2FT.png"",""https://vongbicongnghiep.vn/wp-content/uploads/product_images/truyen-dong/xich/xich-ansi.jpg""]","","","[]","1173000","out_of_stock","vongbicongnghiep.vn-wc-store-api-category-search-skf","2026-04-29T13:54:48.716Z"
"65339","SKF","PHC 35-2DR-O/L-SKF","PHC 35-2DR-O/L-SKF","PHC352DROLSKF","PHC 35-2DR-O/L","Xích","Xích","87","xich","https://vongbicongnghiep.vn/san-pham/san-pham-15145/","https://vongbicongnghiep.vn/wp-content/uploads/2024/12/PHC-2OL.png","[""https://vongbicongnghiep.vn/wp-content/uploads/2024/12/PHC-2OL.png""]","","","[]","62000","out_of_stock","vongbicongnghiep.vn-wc-store-api-category-search-skf","2026-04-29T13:54:48.716Z"
"65338","SKF","PHC 35-2DR-C/L-SKF","PHC 35-2DR-C/L-SKF","PHC352DRCLSKF","PHC 35-2DR-C/L","Xích","Xích","87","xich","https://vongbicongnghiep.vn/san-pham/san-pham-15144/","https://vongbicongnghiep.vn/wp-content/uploads/2024/12/PHC-2CL.png","[""https://vongbicongnghiep.vn/wp-content/uploads/2024/12/PHC-2CL.png""]","","","[]","32000","out_of_stock","vongbicongnghiep.vn-wc-store-api-category-search-skf","2026-04-29T13:54:48.716Z"
"65337","SKF","PHC 35-2C/L-SKF","PHC 35-2C/L-SKF","PHC352CLSKF","PHC 35-2C/L","Xích","Xích","87","xich","https://vongbicongnghiep.vn/san-pham/san-pham-15143/","https://vongbicongnghiep.vn/wp-content/uploads/2024/12/PHC-2CL.png","[""https://vongbicongnghiep.vn/wp-content/uploads/2024/12/PHC-2CL.png""]","","","[]","19000","in_stock","vongbicongnghiep.vn-wc-store-api-category-search-skf","2026-04-29T13:54:48.716Z"
"65336","SKF","PHC 35-1ZPX10FT-SKF","PHC 35-1ZPX10FT-SKF","PHC351ZPX10FTSKF","PHC 35-1ZPX10FT","Xích","Xích","87","xich","https://vongbicongnghiep.vn/san-pham/san-pham-15142/","https://vongbicongnghiep.vn/wp-content/uploads/2024/12/PHC-1FT.png","[""https://vongbicongnghiep.vn/wp-content/uploads/2024/12/PHC-1FT.png"",""https://vongbicongnghiep.vn/wp-content/uploads/2024/12/BV-PHC-1FT.png""]","","","[]","462000","out_of_stock","vongbicongnghiep.vn-wc-store-api-category-search-skf","2026-04-29T13:54:48.716Z"
"65335","SKF","PHC 35-1ZP-O/L-SKF","PHC 35-1ZP-O/L-SKF","PHC351ZPOLSKF","PHC 35-1ZP-O/L","Xích","Xích","87","xich","https://vongbicongnghiep.vn/san-pham/san-pham-15141/","https://vongbicongnghiep.vn/wp-content/uploads/2024/12/PHC-OL.png","[""https://vongbicongnghiep.vn/wp-content/uploads/2024/12/PHC-OL.png""]","","","[]","25000","out_of_stock","vongbicongnghiep.vn-wc-store-api-category-search-skf","2026-04-29T13:54:48.716Z"
"65334","SKF","PHC 35-1ZP-C/L-SKF","PHC 35-1ZP-C/L-SKF","PHC351ZPCLSKF","PHC 35-1ZP-C/L","Xích","Xích","87","xich","https://vongbicongnghiep.vn/san-pham/san-pham-15140/","https://vongbicongnghiep.vn/wp-content/uploads/2024/12/PHC-CL.png","[""https://vongbicongnghiep.vn/wp-content/uploads/2024/12/PHC-CL.png""]","","","[]","13000","out_of_stock","vongbicongnghiep.vn-wc-store-api-category-search-skf","2026-04-29T13:54:48.716Z"
"65333","SKF","PHC 35-1SSX10FT-SKF","PHC 35-1SSX10FT-SKF","PHC351SSX10FTSKF","PHC 35-1SSX10FT","Xích","Xích","87","xich","https://vongbicongnghiep.vn/san-pham/san-pham-15139/","https://vongbicongnghiep.vn/wp-content/uploads/2024/12/PHC-1FT.png","[""https://vongbicongnghiep.vn/wp-content/uploads/2024/12/PHC-1FT.png"",""https://vongbicongnghiep.vn/wp-content/uploads/2024/12/BV-PHC-1FT.png""]","","","[]","993000","out_of_stock","vongbicongnghiep.vn-wc-store-api-category-search-skf","2026-04-29T13:54:48.716Z"
"65322","SKF","PHC 35-1SS-O/L-SKF","PHC 35-1SS-O/L-SKF","PHC351SSOLSKF","PHC 35-1SS-O/L","Xích","Xích","87","xich","https://vongbicongnghiep.vn/san-pham/san-pham-15138/","https://vongbicongnghiep.vn/wp-content/uploads/2024/12/PHC-OL.png","[""https://vongbicongnghiep.vn/wp-content/uploads/2024/12/PHC-OL.png""]","","","[]","75000","out_of_stock","vongbicongnghiep.vn-wc-store-api-category-search-skf","2026-04-29T13:54:48.716Z"
"65321","SKF","PHC 35-1SS-C/L-SKF","PHC 35-1SS-C/L-SKF","PHC351SSCLSKF","PHC 35-1SS-C/L","Xích","Xích","87","xich","https://vongbicongnghiep.vn/san-pham/san-pham-15137/","https://vongbicongnghiep.vn/wp-content/uploads/2024/12/PHC-CL.png","[""https://vongbicongnghiep.vn/wp-content/uploads/2024/12/PHC-CL.png""]","","","[]","37000","out_of_stock","vongbicongnghiep.vn-wc-store-api-category-search-skf","2026-04-29T13:54:48.716Z"
"65320","SKF","PHC 35-1O/L-SKF","PHC 35-1O/L-SKF","PHC351OLSKF","PHC 35-1O/L","Xích","Xích","87","xich","https://vongbicongnghiep.vn/san-pham/san-pham-15136/","https://vongbicongnghiep.vn/wp-content/uploads/2024/12/PHC-OL.png","[""https://vongbicongnghiep.vn/wp-content/uploads/2024/12/PHC-OL.png""]","","","[]","17000","in_stock","vongbicongnghiep.vn-wc-store-api-category-search-skf","2026-04-29T13:54:48.716Z"
"65319","SKF","PHC 35-1NPX10FT-SKF","PHC 35-1NPX10FT-SKF","PHC351NPX10FTSKF","PHC 35-1NPX10FT","Xích","Xích","87","xich","https://vongbicongnghiep.vn/san-pham/san-pham-15135/","https://vongbicongnghiep.vn/wp-content/uploads/2024/12/PHC-1FT.png","[""https://vongbicongnghiep.vn/wp-content/uploads/2024/12/PHC-1FT.png"",""https://vongbicongnghiep.vn/wp-content/uploads/2024/12/BV-PHC-1FT.png""]","","","[]","465000","out_of_stock","vongbicongnghiep.vn-wc-store-api-category-search-skf","2026-04-29T13:54:48.716Z"
"65318","SKF","PHC 35-1NP-O/L-SKF","PHC 35-1NP-O/L-SKF","PHC351NPOLSKF","PHC 35-1NP-O/L","Xích","Xích","87","xich","https://vongbicongnghiep.vn/san-pham/san-pham-15134/","https://vongbicongnghiep.vn/wp-content/uploads/2024/12/PHC-OL.png","[""https://vongbicongnghiep.vn/wp-content/uploads/2024/12/PHC-OL.png""]","","","[]","25000","out_of_stock","vongbicongnghiep.vn-wc-store-api-category-search-skf","2026-04-29T13:54:48.716Z"
"65317","SKF","PHC 35-1NP-C/L-SKF","PHC 35-1NP-C/L-SKF","PHC351NPCLSKF","PHC 35-1NP-C/L","Xích","Xích","87","xich","https://vongbicongnghiep.vn/san-pham/san-pham-15133/","https://vongbicongnghiep.vn/wp-content/uploads/2024/12/PHC-CL.png","[""https://vongbicongnghiep.vn/wp-content/uploads/2024/12/PHC-CL.png""]","","","[]","11000","out_of_stock","vongbicongnghiep.vn-wc-store-api-category-search-skf","2026-04-29T13:54:48.716Z"
"65316","SKF","PHC 35-1DRX10FT-SKF","PHC 35-1DRX10FT-SKF","PHC351DRX10FTSKF","PHC 35-1DRX10FT","Xích","Xích","87","xich","https://vongbicongnghiep.vn/san-pham/san-pham-15132/","https://vongbicongnghiep.vn/wp-content/uploads/2024/12/PHC-1FT.png","[""https://vongbicongnghiep.vn/wp-content/uploads/2024/12/PHC-1FT.png"",""https://vongbicongnghiep.vn/wp-content/uploads/2024/12/BV-PHC-1FT.png""]","","","[]","586000","out_of_stock","vongbicongnghiep.vn-wc-store-api-category-search-skf","2026-04-29T13:54:48.716Z"
"65315","SKF","PHC 35-1DR-O/L-SKF","PHC 35-1DR-O/L-SKF","PHC351DROLSKF","PHC 35-1DR-O/L","Xích","Xích","87","xich","https://vongbicongnghiep.vn/san-pham/san-pham-15131/","https://vongbicongnghiep.vn/wp-content/uploads/2024/12/PHC-OL.png","[""https://vongbicongnghiep.vn/wp-content/uploads/2024/12/PHC-OL.png""]","","","[]","32000","out_of_stock","vongbicongnghiep.vn-wc-store-api-category-search-skf","2026-04-29T13:54:48.716Z"
"65314","SKF","PHC 35-1DR-C/L-SKF","PHC 35-1DR-C/L-SKF","PHC351DRCLSKF","PHC 35-1DR-C/L","Xích","Xích","87","xich","https://vongbicongnghiep.vn/san-pham/san-pham-15130/","https://vongbicongnghiep.vn/wp-content/uploads/2024/12/PHC-CL.png","[""https://vongbicongnghiep.vn/wp-content/uploads/2024/12/PHC-CL.png""]","","","[]","15000","out_of_stock","vongbicongnghiep.vn-wc-store-api-category-search-skf","2026-04-29T13:54:50.460Z"
"65313","SKF","PHC 32S-6X10FT-SKF","PHC 32S-6X10FT-SKF","PHC32S6X10FTSKF","PHC 32S-6X10FT","Xích","Xích","87","xich","https://vongbicongnghiep.vn/san-pham/san-pham-15129/","https://vongbicongnghiep.vn/wp-content/uploads/2024/12/PHC-3FT.png","[""https://vongbicongnghiep.vn/wp-content/uploads/2024/12/PHC-3FT.png"",""https://vongbicongnghiep.vn/wp-content/uploads/product_images/truyen-dong/xich/xich-ansi.jpg""]","","","[]","98451000","out_of_stock","vongbicongnghiep.vn-wc-store-api-category-search-skf","2026-04-29T13:54:50.460Z"
"65312","SKF","PHC 32S-6O/L-SKF","PHC 32S-6O/L-SKF","PHC32S6OLSKF","PHC 32S-6O/L","Xích","Xích","87","xich","https://vongbicongnghiep.vn/san-pham/san-pham-15128/","https://vongbicongnghiep.vn/wp-content/uploads/2024/12/PHC-3CL.png","[""https://vongbicongnghiep.vn/wp-content/uploads/2024/12/PHC-3CL.png""]","","","[]","12068000","out_of_stock","vongbicongnghiep.vn-wc-store-api-category-search-skf","2026-04-29T13:54:50.460Z"
"65311","SKF","PHC 32S-6C/L-SKF","PHC 32S-6C/L-SKF","PHC32S6CLSKF","PHC 32S-6C/L","Xích","Xích","87","xich","https://vongbicongnghiep.vn/san-pham/san-pham-15127/","https://vongbicongnghiep.vn/wp-content/uploads/2024/12/PHC-3OL.png","[""https://vongbicongnghiep.vn/wp-content/uploads/2024/12/PHC-3OL.png""]","","","[]","6034000","out_of_stock","vongbicongnghiep.vn-wc-store-api-category-search-skf","2026-04-29T13:54:50.460Z"
"65310","SKF","PHC 32S-5O/L-SKF","PHC 32S-5O/L-SKF","PHC32S5OLSKF","PHC 32S-5O/L","Xích","Xích","87","xich","https://vongbicongnghiep.vn/san-pham/san-pham-15126/","https://vongbicongnghiep.vn/wp-content/uploads/2024/12/PHC-3CL.png","[""https://vongbicongnghiep.vn/wp-content/uploads/2024/12/PHC-3CL.png""]","","","[]","10056000","out_of_stock","vongbicongnghiep.vn-wc-store-api-category-search-skf","2026-04-29T13:54:50.460Z"
"65309","SKF","PHC 32S-5C/L-SKF","PHC 32S-5C/L-SKF","PHC32S5CLSKF","PHC 32S-5C/L","Xích","Xích","87","xich","https://vongbicongnghiep.vn/san-pham/san-pham-15125/","https://vongbicongnghiep.vn/wp-content/uploads/2024/12/PHC-3OL.png","[""https://vongbicongnghiep.vn/wp-content/uploads/2024/12/PHC-3OL.png""]","","","[]","5029000","out_of_stock","vongbicongnghiep.vn-wc-store-api-category-search-skf","2026-04-29T13:54:50.460Z"
"65308","SKF","PHC 32S-4X10FT-SKF","PHC 32S-4X10FT-SKF","PHC32S4X10FTSKF","PHC 32S-4X10FT","Xích","Xích","87","xich","https://vongbicongnghiep.vn/san-pham/san-pham-15124/","https://vongbicongnghiep.vn/wp-content/uploads/2024/12/PHC-3FT.png","[""https://vongbicongnghiep.vn/wp-content/uploads/2024/12/PHC-3FT.png"",""https://vongbicongnghiep.vn/wp-content/uploads/product_images/truyen-dong/xich/xich-ansi.jpg""]","","","[]","55380000","out_of_stock","vongbicongnghiep.vn-wc-store-api-category-search-skf","2026-04-29T13:54:50.460Z"
"65307","SKF","PHC 32S-4O/L-SKF","PHC 32S-4O/L-SKF","PHC32S4OLSKF","PHC 32S-4O/L","Xích","Xích","87","xich","https://vongbicongnghiep.vn/san-pham/san-pham-15123/","https://vongbicongnghiep.vn/wp-content/uploads/2024/12/PHC-3CL.png","[""https://vongbicongnghiep.vn/wp-content/uploads/2024/12/PHC-3CL.png""]","","","[]","7542000","out_of_stock","vongbicongnghiep.vn-wc-store-api-category-search-skf","2026-04-29T13:54:50.460Z"
"65306","SKF","PHC 32S-4C/L-SKF","PHC 32S-4C/L-SKF","PHC32S4CLSKF","PHC 32S-4C/L","Xích","Xích","87","xich","https://vongbicongnghiep.vn/san-pham/san-pham-15122/","https://vongbicongnghiep.vn/wp-content/uploads/2024/12/PHC-3OL.png","[""https://vongbicongnghiep.vn/wp-content/uploads/2024/12/PHC-3OL.png""]","","","[]","3771000","out_of_stock","vongbicongnghiep.vn-wc-store-api-category-search-skf","2026-04-29T13:54:50.460Z"
"65305","SKF","PHC 32S-3X10FT-SKF","PHC 32S-3X10FT-SKF","PHC32S3X10FTSKF","PHC 32S-3X10FT","Xích","Xích","87","xich","https://vongbicongnghiep.vn/san-pham/san-pham-15121/","https://vongbicongnghiep.vn/wp-content/uploads/2024/12/PHC-3FT.png","[""https://vongbicongnghiep.vn/wp-content/uploads/2024/12/PHC-3FT.png"",""https://vongbicongnghiep.vn/wp-content/uploads/product_images/truyen-dong/xich/xich-ansi.jpg""]","","","[]","39380000","out_of_stock","vongbicongnghiep.vn-wc-store-api-category-search-skf","2026-04-29T13:54:50.460Z"
"65304","SKF","PHC 32S-3O/L-SKF","PHC 32S-3O/L-SKF","PHC32S3OLSKF","PHC 32S-3O/L","Xích","Xích","87","xich","https://vongbicongnghiep.vn/san-pham/san-pham-15120/","https://vongbicongnghiep.vn/wp-content/uploads/2024/12/PHC-3CL.png","[""https://vongbicongnghiep.vn/wp-content/uploads/2024/12/PHC-3CL.png""]","","","[]","5364000","out_of_stock","vongbicongnghiep.vn-wc-store-api-category-search-skf","2026-04-29T13:54:50.460Z"
"65303","SKF","PHC 32S-3C/L-SKF","PHC 32S-3C/L-SKF","PHC32S3CLSKF","PHC 32S-3C/L","Xích","Xích","87","xich","https://vongbicongnghiep.vn/san-pham/san-pham-15119/","https://vongbicongnghiep.vn/wp-content/uploads/2024/12/PHC-3OL.png","[""https://vongbicongnghiep.vn/wp-content/uploads/2024/12/PHC-3OL.png""]","","","[]","2682000","out_of_stock","vongbicongnghiep.vn-wc-store-api-category-search-skf","2026-04-29T13:54:50.460Z"
"65302","SKF","PHC 32S-2X10FT-SKF","PHC 32S-2X10FT-SKF","PHC32S2X10FTSKF","PHC 32S-2X10FT","Xích","Xích","87","xich","https://vongbicongnghiep.vn/san-pham/san-pham-15118/","https://vongbicongnghiep.vn/wp-content/uploads/2024/12/PHC-2FT.png","[""https://vongbicongnghiep.vn/wp-content/uploads/2024/12/PHC-2FT.png"",""https://vongbicongnghiep.vn/wp-content/uploads/product_images/truyen-dong/xich/xich-ansi.jpg""]","","","[]","24613000","out_of_stock","vongbicongnghiep.vn-wc-store-api-category-search-skf","2026-04-29T13:54:50.461Z"
"65301","SKF","PHC 32S-2O/L-SKF","PHC 32S-2O/L-SKF","PHC32S2OLSKF","PHC 32S-2O/L","Xích","Xích","87","xich","https://vongbicongnghiep.vn/san-pham/san-pham-15117/","https://vongbicongnghiep.vn/wp-content/uploads/2024/12/PHC-2OL.png","[""https://vongbicongnghiep.vn/wp-content/uploads/2024/12/PHC-2OL.png""]","","","[]","3353000","out_of_stock","vongbicongnghiep.vn-wc-store-api-category-search-skf","2026-04-29T13:54:50.461Z"
"65300","SKF","PHC 32S-2C/L-SKF","PHC 32S-2C/L-SKF","PHC32S2CLSKF","PHC 32S-2C/L","Xích","Xích","87","xich","https://vongbicongnghiep.vn/san-pham/san-pham-15116/","https://vongbicongnghiep.vn/wp-content/uploads/2024/12/PHC-2CL.png","[""https://vongbicongnghiep.vn/wp-content/uploads/2024/12/PHC-2CL.png""]","","","[]","1675000","out_of_stock","vongbicongnghiep.vn-wc-store-api-category-search-skf","2026-04-29T13:54:50.461Z"
"65299","SKF","PHC 32S-1X10FT-SKF","PHC 32S-1X10FT-SKF","PHC32S1X10FTSKF","PHC 32S-1X10FT","Xích","Xích","87","xich","https://vongbicongnghiep.vn/san-pham/san-pham-15115/","https://vongbicongnghiep.vn/wp-content/uploads/2024/12/PHC-1FT.png","[""https://vongbicongnghiep.vn/wp-content/uploads/2024/12/PHC-1FT.png"",""https://vongbicongnghiep.vn/wp-content/uploads/2024/12/BV-PHC-1FT.png""]","","","[]","12307000","out_of_stock","vongbicongnghiep.vn-wc-store-api-category-search-skf","2026-04-29T13:54:50.461Z"
"65298","SKF","PHC 32S-1O/L-SKF","PHC 32S-1O/L-SKF","PHC32S1OLSKF","PHC 32S-1O/L","Xích","Xích","87","xich","https://vongbicongnghiep.vn/san-pham/san-pham-15114/","https://vongbicongnghiep.vn/wp-content/uploads/2024/12/PHC-OL.png","[""https://vongbicongnghiep.vn/wp-content/uploads/2024/12/PHC-OL.png""]","","","[]","1675000","out_of_stock","vongbicongnghiep.vn-wc-store-api-category-search-skf","2026-04-29T13:54:50.461Z"
"65297","SKF","PHC 32S-1C/L-SKF","PHC 32S-1C/L-SKF","PHC32S1CLSKF","PHC 32S-1C/L","Xích","Xích","87","xich","https://vongbicongnghiep.vn/san-pham/san-pham-15113/","https://vongbicongnghiep.vn/wp-content/uploads/2024/12/PHC-CL.png","[""https://vongbicongnghiep.vn/wp-content/uploads/2024/12/PHC-CL.png""]","","","[]","836000","out_of_stock","vongbicongnghiep.vn-wc-store-api-category-search-skf","2026-04-29T13:54:50.461Z"
"65296","SKF","PHC 32B-3X10FT-SKF","PHC 32B-3X10FT-SKF","PHC32B3X10FTSKF","PHC 32B-3X10FT","Xích","Xích","87","xich","https://vongbicongnghiep.vn/san-pham/san-pham-15112/","https://vongbicongnghiep.vn/wp-content/uploads/2024/12/PHC-3FT.png","[""https://vongbicongnghiep.vn/wp-content/uploads/2024/12/PHC-3FT.png"",""https://vongbicongnghiep.vn/wp-content/uploads/product_images/truyen-dong/xich/xich-ansi.jpg""]","","","[]","22837000","out_of_stock","vongbicongnghiep.vn-wc-store-api-category-search-skf","2026-04-29T13:54:50.461Z"
"65295","SKF","PHC 32B-3C/L-SKF","PHC 32B-3C/L-SKF","PHC32B3CLSKF","PHC 32B-3C/L","Xích","Xích","87","xich","https://vongbicongnghiep.vn/san-pham/san-pham-15111/","https://vongbicongnghiep.vn/wp-content/uploads/2024/12/PHC-3OL.png","[""https://vongbicongnghiep.vn/wp-content/uploads/2024/12/PHC-3OL.png""]","","","[]","1018000","out_of_stock","vongbicongnghiep.vn-wc-store-api-category-search-skf","2026-04-29T13:54:50.461Z"
"65294","SKF","PHC 32B-2ZPX10FT-SKF","PHC 32B-2ZPX10FT-SKF","PHC32B2ZPX10FTSKF","PHC 32B-2ZPX10FT","Xích","Xích","87","xich","https://vongbicongnghiep.vn/san-pham/san-pham-15110/","https://vongbicongnghiep.vn/wp-content/uploads/2024/12/PHC-2FT.png","[""https://vongbicongnghiep.vn/wp-content/uploads/2024/12/PHC-2FT.png"",""https://vongbicongnghiep.vn/wp-content/uploads/product_images/truyen-dong/xich/xich-ansi.jpg""]","","","[]","15145000","out_of_stock","vongbicongnghiep.vn-wc-store-api-category-search-skf","2026-04-29T13:54:50.461Z"
"65293","SKF","PHC 32B-2ZP-O/L-SKF","PHC 32B-2ZP-O/L-SKF","PHC32B2ZPOLSKF","PHC 32B-2ZP-O/L","Xích","Xích","87","xich","https://vongbicongnghiep.vn/san-pham/san-pham-15109/","https://vongbicongnghiep.vn/wp-content/uploads/2024/12/PHC-2OL.png","[""https://vongbicongnghiep.vn/wp-content/uploads/2024/12/PHC-2OL.png""]","","","[]","1547000","out_of_stock","vongbicongnghiep.vn-wc-store-api-category-search-skf","2026-04-29T13:54:50.461Z"
"65292","SKF","PHC 32B-2ZP-C/L-SKF","PHC 32B-2ZP-C/L-SKF","PHC32B2ZPCLSKF","PHC 32B-2ZP-C/L","Xích","Xích","87","xich","https://vongbicongnghiep.vn/san-pham/san-pham-15108/","https://vongbicongnghiep.vn/wp-content/uploads/2024/12/PHC-2CL.png","[""https://vongbicongnghiep.vn/wp-content/uploads/2024/12/PHC-2CL.png""]","","","[]","775000","out_of_stock","vongbicongnghiep.vn-wc-store-api-category-search-skf","2026-04-29T13:54:50.461Z"
"65291","SKF","PHC 32B-2X10FT-SKF","PHC 32B-2X10FT-SKF","PHC32B2X10FTSKF","PHC 32B-2X10FT","Xích","Xích","87","xich","https://vongbicongnghiep.vn/san-pham/san-pham-15107/","https://vongbicongnghiep.vn/wp-content/uploads/2024/12/PHC-2FT.png","[""https://vongbicongnghiep.vn/wp-content/uploads/2024/12/PHC-2FT.png"",""https://vongbicongnghiep.vn/wp-content/uploads/product_images/truyen-dong/xich/xich-ansi.jpg""]","","","[]","13613000","out_of_stock","vongbicongnghiep.vn-wc-store-api-category-search-skf","2026-04-29T13:54:50.461Z"
"65290","SKF","PHC 32B-2SSX10FT-SKF","PHC 32B-2SSX10FT-SKF","PHC32B2SSX10FTSKF","PHC 32B-2SSX10FT","Xích","Xích","87","xich","https://vongbicongnghiep.vn/san-pham/san-pham-15106/","https://vongbicongnghiep.vn/wp-content/uploads/2024/12/PHC-2FT.png","[""https://vongbicongnghiep.vn/wp-content/uploads/2024/12/PHC-2FT.png"",""https://vongbicongnghiep.vn/wp-content/uploads/product_images/truyen-dong/xich/xich-ansi.jpg""]","","","[]","44226000","out_of_stock","vongbicongnghiep.vn-wc-store-api-category-search-skf","2026-04-29T13:54:50.461Z"
"65289","SKF","PHC 32B-2SS-O/L-SKF","PHC 32B-2SS-O/L-SKF","PHC32B2SSOLSKF","PHC 32B-2SS-O/L","Xích","Xích","87","xich","https://vongbicongnghiep.vn/san-pham/san-pham-15105/","https://vongbicongnghiep.vn/wp-content/uploads/2024/12/PHC-2OL.png","[""https://vongbicongnghiep.vn/wp-content/uploads/2024/12/PHC-2OL.png""]","","","[]","6647000","out_of_stock","vongbicongnghiep.vn-wc-store-api-category-search-skf","2026-04-29T13:54:50.461Z"
"65288","SKF","PHC 32B-2SS-C/L-SKF","PHC 32B-2SS-C/L-SKF","PHC32B2SSCLSKF","PHC 32B-2SS-C/L","Xích","Xích","87","xich","https://vongbicongnghiep.vn/san-pham/san-pham-15104/","https://vongbicongnghiep.vn/wp-content/uploads/2024/12/PHC-2CL.png","[""https://vongbicongnghiep.vn/wp-content/uploads/2024/12/PHC-2CL.png""]","","","[]","3322000","out_of_stock","vongbicongnghiep.vn-wc-store-api-category-search-skf","2026-04-29T13:54:50.461Z"
"65287","SKF","PHC 32B-2O/L-SKF","PHC 32B-2O/L-SKF","PHC32B2OLSKF","PHC 32B-2O/L","Xích","Xích","87","xich","https://vongbicongnghiep.vn/san-pham/san-pham-15103/","https://vongbicongnghiep.vn/wp-content/uploads/2024/12/PHC-2OL.png","[""https://vongbicongnghiep.vn/wp-content/uploads/2024/12/PHC-2OL.png""]","","","[]","1268000","out_of_stock","vongbicongnghiep.vn-wc-store-api-category-search-skf","2026-04-29T13:54:50.461Z"
"65286","SKF","PHC 32B-2NPX10FT-SKF","PHC 32B-2NPX10FT-SKF","PHC32B2NPX10FTSKF","PHC 32B-2NPX10FT","Xích","Xích","87","xich","https://vongbicongnghiep.vn/san-pham/san-pham-15102/","https://vongbicongnghiep.vn/wp-content/uploads/2024/12/PHC-2FT.png","[""https://vongbicongnghiep.vn/wp-content/uploads/2024/12/PHC-2FT.png"",""https://vongbicongnghiep.vn/wp-content/uploads/product_images/truyen-dong/xich/xich-ansi.jpg""]","","","[]","18512000","out_of_stock","vongbicongnghiep.vn-wc-store-api-category-search-skf","2026-04-29T13:54:50.461Z"
"65285","SKF","PHC 32B-2NP-O/L-SKF","PHC 32B-2NP-O/L-SKF","PHC32B2NPOLSKF","PHC 32B-2NP-O/L","Xích","Xích","87","xich","https://vongbicongnghiep.vn/san-pham/san-pham-15101/","https://vongbicongnghiep.vn/wp-content/uploads/2024/12/PHC-2OL.png","[""https://vongbicongnghiep.vn/wp-content/uploads/2024/12/PHC-2OL.png""]","","","[]","2454000","out_of_stock","vongbicongnghiep.vn-wc-store-api-category-search-skf","2026-04-29T13:54:50.461Z"
"65284","SKF","PHC 32B-2NP-C/L-SKF","PHC 32B-2NP-C/L-SKF","PHC32B2NPCLSKF","PHC 32B-2NP-C/L","Xích","Xích","87","xich","https://vongbicongnghiep.vn/san-pham/san-pham-15100/","https://vongbicongnghiep.vn/wp-content/uploads/2024/12/PHC-2CL.png","[""https://vongbicongnghiep.vn/wp-content/uploads/2024/12/PHC-2CL.png""]","","","[]","1226000","out_of_stock","vongbicongnghiep.vn-wc-store-api-category-search-skf","2026-04-29T13:54:50.461Z"
"65283","SKF","PHC 32B-2DRX10FT-SKF","PHC 32B-2DRX10FT-SKF","PHC32B2DRX10FTSKF","PHC 32B-2DRX10FT","Xích","Xích","87","xich","https://vongbicongnghiep.vn/san-pham/san-pham-15099/","https://vongbicongnghiep.vn/wp-content/uploads/2024/12/PHC-2FT.png","[""https://vongbicongnghiep.vn/wp-content/uploads/2024/12/PHC-2FT.png"",""https://vongbicongnghiep.vn/wp-content/uploads/product_images/truyen-dong/xich/xich-ansi.jpg""]","","","[]","21788000","out_of_stock","vongbicongnghiep.vn-wc-store-api-category-search-skf","2026-04-29T13:54:50.461Z"
"65282","SKF","PHC 32B-2DR-O/L-SKF","PHC 32B-2DR-O/L-SKF","PHC32B2DROLSKF","PHC 32B-2DR-O/L","Xích","Xích","87","xich","https://vongbicongnghiep.vn/san-pham/san-pham-15098/","https://vongbicongnghiep.vn/wp-content/uploads/2024/12/PHC-2OL.png","[""https://vongbicongnghiep.vn/wp-content/uploads/2024/12/PHC-2OL.png""]","","","[]","2921000","out_of_stock","vongbicongnghiep.vn-wc-store-api-category-search-skf","2026-04-29T13:54:50.461Z"
"65281","SKF","PHC 32B-2DR-C/L-SKF","PHC 32B-2DR-C/L-SKF","PHC32B2DRCLSKF","PHC 32B-2DR-C/L","Xích","Xích","87","xich","https://vongbicongnghiep.vn/san-pham/san-pham-15097/","https://vongbicongnghiep.vn/wp-content/uploads/2024/12/PHC-2CL.png","[""https://vongbicongnghiep.vn/wp-content/uploads/2024/12/PHC-2CL.png""]","","","[]","1459000","out_of_stock","vongbicongnghiep.vn-wc-store-api-category-search-skf","2026-04-29T13:54:50.461Z"
"65280","SKF","PHC 32B-2C/L-SKF","PHC 32B-2C/L-SKF","PHC32B2CLSKF","PHC 32B-2C/L","Xích","Xích","87","xich","https://vongbicongnghiep.vn/san-pham/san-pham-15096/","https://vongbicongnghiep.vn/wp-content/uploads/2024/12/PHC-2CL.png","[""https://vongbicongnghiep.vn/wp-content/uploads/2024/12/PHC-2CL.png""]","","","[]","636000","out_of_stock","vongbicongnghiep.vn-wc-store-api-category-search-skf","2026-04-29T13:54:50.461Z"
"65279","SKF","PHC 32B-1ZPX10FT-SKF","PHC 32B-1ZPX10FT-SKF","PHC32B1ZPX10FTSKF","PHC 32B-1ZPX10FT","Xích","Xích","87","xich","https://vongbicongnghiep.vn/san-pham/san-pham-15095/","https://vongbicongnghiep.vn/wp-content/uploads/2024/12/PHC-1FT.png","[""https://vongbicongnghiep.vn/wp-content/uploads/2024/12/PHC-1FT.png"",""https://vongbicongnghiep.vn/wp-content/uploads/2024/12/BV-PHC-1FT.png""]","","","[]","7573000","out_of_stock","vongbicongnghiep.vn-wc-store-api-category-search-skf","2026-04-29T13:54:50.461Z"
"65278","SKF","PHC 32B-1ZP-O/L-SKF","PHC 32B-1ZP-O/L-SKF","PHC32B1ZPOLSKF","PHC 32B-1ZP-O/L","Xích","Xích","87","xich","https://vongbicongnghiep.vn/san-pham/san-pham-15094/","https://vongbicongnghiep.vn/wp-content/uploads/2024/12/PHC-OL.png","[""https://vongbicongnghiep.vn/wp-content/uploads/2024/12/PHC-OL.png""]","","","[]","775000","out_of_stock","vongbicongnghiep.vn-wc-store-api-category-search-skf","2026-04-29T13:54:50.461Z"
"65277","SKF","PHC 32B-1ZP-C/L-SKF","PHC 32B-1ZP-C/L-SKF","PHC32B1ZPCLSKF","PHC 32B-1ZP-C/L","Xích","Xích","87","xich","https://vongbicongnghiep.vn/san-pham/san-pham-15093/","https://vongbicongnghiep.vn/wp-content/uploads/2024/12/PHC-CL.png","[""https://vongbicongnghiep.vn/wp-content/uploads/2024/12/PHC-CL.png""]","","","[]","388000","out_of_stock","vongbicongnghiep.vn-wc-store-api-category-search-skf","2026-04-29T13:54:50.461Z"
"65276","SKF","PHC 32B-1X10FT-SKF","PHC 32B-1X10FT-SKF","PHC32B1X10FTSKF","PHC 32B-1X10FT","Xích","Xích","87","xich","https://vongbicongnghiep.vn/san-pham/san-pham-15092/","https://vongbicongnghiep.vn/wp-content/uploads/2024/12/PHC-1FT.png","[""https://vongbicongnghiep.vn/wp-content/uploads/2024/12/PHC-1FT.png"",""https://vongbicongnghiep.vn/wp-content/uploads/2024/12/BV-PHC-1FT.png""]","","","[]","6876000","in_stock","vongbicongnghiep.vn-wc-store-api-category-search-skf","2026-04-29T13:54:50.461Z"
"65275","SKF","PHC 32B-1SSX10FT-SKF","PHC 32B-1SSX10FT-SKF","PHC32B1SSX10FTSKF","PHC 32B-1SSX10FT","Xích","Xích","87","xich","https://vongbicongnghiep.vn/san-pham/san-pham-15091/","https://vongbicongnghiep.vn/wp-content/uploads/2024/12/PHC-1FT.png","[""https://vongbicongnghiep.vn/wp-content/uploads/2024/12/PHC-1FT.png"",""https://vongbicongnghiep.vn/wp-content/uploads/2024/12/BV-PHC-1FT.png""]","","","[]","22113000","out_of_stock","vongbicongnghiep.vn-wc-store-api-category-search-skf","2026-04-29T13:54:50.461Z"
"65274","SKF","PHC 32B-1SS-O/L-SKF","PHC 32B-1SS-O/L-SKF","PHC32B1SSOLSKF","PHC 32B-1SS-O/L","Xích","Xích","87","xich","https://vongbicongnghiep.vn/san-pham/san-pham-15090/","https://vongbicongnghiep.vn/wp-content/uploads/2024/12/PHC-OL.png","[""https://vongbicongnghiep.vn/wp-content/uploads/2024/12/PHC-OL.png""]","","","[]","3322000","out_of_stock","vongbicongnghiep.vn-wc-store-api-category-search-skf","2026-04-29T13:54:50.461Z"
"65273","SKF","PHC 32B-1SS-C/L-SKF","PHC 32B-1SS-C/L-SKF","PHC32B1SSCLSKF","PHC 32B-1SS-C/L","Xích","Xích","87","xich","https://vongbicongnghiep.vn/san-pham/san-pham-15089/","https://vongbicongnghiep.vn/wp-content/uploads/2024/12/PHC-CL.png","[""https://vongbicongnghiep.vn/wp-content/uploads/2024/12/PHC-CL.png""]","","","[]","1662000","out_of_stock","vongbicongnghiep.vn-wc-store-api-category-search-skf","2026-04-29T13:54:50.461Z"
"65272","SKF","PHC 32B-1O/L-SKF","PHC 32B-1O/L-SKF","PHC32B1OLSKF","PHC 32B-1O/L","Xích","Xích","87","xich","https://vongbicongnghiep.vn/san-pham/san-pham-15088/","https://vongbicongnghiep.vn/wp-content/uploads/2024/12/PHC-OL.png","[""https://vongbicongnghiep.vn/wp-content/uploads/2024/12/PHC-OL.png""]","","","[]","633000","out_of_stock","vongbicongnghiep.vn-wc-store-api-category-search-skf","2026-04-29T13:54:50.461Z"
"65271","SKF","PHC 32B-1NPX10FT-SKF","PHC 32B-1NPX10FT-SKF","PHC32B1NPX10FTSKF","PHC 32B-1NPX10FT","Xích","Xích","87","xich","https://vongbicongnghiep.vn/san-pham/san-pham-15087/","https://vongbicongnghiep.vn/wp-content/uploads/2024/12/PHC-1FT.png","[""https://vongbicongnghiep.vn/wp-content/uploads/2024/12/PHC-1FT.png"",""https://vongbicongnghiep.vn/wp-content/uploads/2024/12/BV-PHC-1FT.png""]","","","[]","9256000","out_of_stock","vongbicongnghiep.vn-wc-store-api-category-search-skf","2026-04-29T13:54:50.461Z"
"65270","SKF","PHC 32B-1NP-O/L-SKF","PHC 32B-1NP-O/L-SKF","PHC32B1NPOLSKF","PHC 32B-1NP-O/L","Xích","Xích","87","xich","https://vongbicongnghiep.vn/san-pham/san-pham-15086/","https://vongbicongnghiep.vn/wp-content/uploads/2024/12/PHC-OL.png","[""https://vongbicongnghiep.vn/wp-content/uploads/2024/12/PHC-OL.png""]","","","[]","1226000","out_of_stock","vongbicongnghiep.vn-wc-store-api-category-search-skf","2026-04-29T13:54:50.461Z"
"65269","SKF","PHC 32B-1NP-C/L-SKF","PHC 32B-1NP-C/L-SKF","PHC32B1NPCLSKF","PHC 32B-1NP-C/L","Xích","Xích","87","xich","https://vongbicongnghiep.vn/san-pham/san-pham-15085/","https://vongbicongnghiep.vn/wp-content/uploads/2024/12/PHC-CL.png","[""https://vongbicongnghiep.vn/wp-content/uploads/2024/12/PHC-CL.png""]","","","[]","613000","out_of_stock","vongbicongnghiep.vn-wc-store-api-category-search-skf","2026-04-29T13:54:50.461Z"
"65268","SKF","PHC 32B-1DRX10FT-SKF","PHC 32B-1DRX10FT-SKF","PHC32B1DRX10FTSKF","PHC 32B-1DRX10FT","Xích","Xích","87","xich","https://vongbicongnghiep.vn/san-pham/san-pham-15084/","https://vongbicongnghiep.vn/wp-content/uploads/2024/12/PHC-1FT.png","[""https://vongbicongnghiep.vn/wp-content/uploads/2024/12/PHC-1FT.png"",""https://vongbicongnghiep.vn/wp-content/uploads/2024/12/BV-PHC-1FT.png""]","","","[]","10894000","out_of_stock","vongbicongnghiep.vn-wc-store-api-category-search-skf","2026-04-29T13:54:50.461Z"
"65267","SKF","PHC 32B-1DR-O/L-SKF","PHC 32B-1DR-O/L-SKF","PHC32B1DROLSKF","PHC 32B-1DR-O/L","Xích","Xích","87","xich","https://vongbicongnghiep.vn/san-pham/san-pham-15083/","https://vongbicongnghiep.vn/wp-content/uploads/2024/12/PHC-OL.png","[""https://vongbicongnghiep.vn/wp-content/uploads/2024/12/PHC-OL.png""]","","","[]","1459000","out_of_stock","vongbicongnghiep.vn-wc-store-api-category-search-skf","2026-04-29T13:54:50.461Z"
"65266","SKF","PHC 32B-1DR-C/L-SKF","PHC 32B-1DR-C/L-SKF","PHC32B1DRCLSKF","PHC 32B-1DR-C/L","Xích","Xích","87","xich","https://vongbicongnghiep.vn/san-pham/san-pham-15082/","https://vongbicongnghiep.vn/wp-content/uploads/2024/12/PHC-CL.png","[""https://vongbicongnghiep.vn/wp-content/uploads/2024/12/PHC-CL.png""]","","","[]","730000","out_of_stock","vongbicongnghiep.vn-wc-store-api-category-search-skf","2026-04-29T13:54:50.461Z"
"65265","SKF","PHC 32B-1C/L-SKF","PHC 32B-1C/L-SKF","PHC32B1CLSKF","PHC 32B-1C/L","Xích","Xích","87","xich","https://vongbicongnghiep.vn/san-pham/san-pham-15081/","https://vongbicongnghiep.vn/wp-content/uploads/2024/12/PHC-CL.png","[""https://vongbicongnghiep.vn/wp-content/uploads/2024/12/PHC-CL.png""]","","","[]","318000","out_of_stock","vongbicongnghiep.vn-wc-store-api-category-search-skf","2026-04-29T13:54:50.461Z"
"65264","SKF","PHC 28S-6X10FT-SKF","PHC 28S-6X10FT-SKF","PHC28S6X10FTSKF","PHC 28S-6X10FT","Xích","Xích","87","xich","https://vongbicongnghiep.vn/san-pham/san-pham-15080/","https://vongbicongnghiep.vn/wp-content/uploads/2024/12/PHC-3FT.png","[""https://vongbicongnghiep.vn/wp-content/uploads/2024/12/PHC-3FT.png"",""https://vongbicongnghiep.vn/wp-content/uploads/product_images/truyen-dong/xich/xich-ansi.jpg""]","","","[]","71323000","out_of_stock","vongbicongnghiep.vn-wc-store-api-category-search-skf","2026-04-29T13:54:50.461Z"
"65263","SKF","PHC 28S-6O/L-SKF","PHC 28S-6O/L-SKF","PHC28S6OLSKF","PHC 28S-6O/L","Xích","Xích","87","xich","https://vongbicongnghiep.vn/san-pham/san-pham-15079/","https://vongbicongnghiep.vn/wp-content/uploads/2024/12/PHC-OL.png","[""https://vongbicongnghiep.vn/wp-content/uploads/2024/12/PHC-OL.png""]","","","[]","8045000","out_of_stock","vongbicongnghiep.vn-wc-store-api-category-search-skf","2026-04-29T13:54:50.461Z"
"65262","SKF","PHC 28S-6C/L-SKF","PHC 28S-6C/L-SKF","PHC28S6CLSKF","PHC 28S-6C/L","Xích","Xích","87","xich","https://vongbicongnghiep.vn/san-pham/san-pham-15078/","https://vongbicongnghiep.vn/wp-content/uploads/2024/12/PHC-CL.png","[""https://vongbicongnghiep.vn/wp-content/uploads/2024/12/PHC-CL.png""]","","","[]","4021000","out_of_stock","vongbicongnghiep.vn-wc-store-api-category-search-skf","2026-04-29T13:54:50.461Z"
"65261","SKF","PHC 28S-5O/L-SKF","PHC 28S-5O/L-SKF","PHC28S5OLSKF","PHC 28S-5O/L","Xích","Xích","87","xich","https://vongbicongnghiep.vn/san-pham/san-pham-15077/","https://vongbicongnghiep.vn/wp-content/uploads/2024/12/PHC-OL.png","[""https://vongbicongnghiep.vn/wp-content/uploads/2024/12/PHC-OL.png""]","","","[]","6706000","out_of_stock","vongbicongnghiep.vn-wc-store-api-category-search-skf","2026-04-29T13:54:50.461Z"
"65260","SKF","PHC 28S-5C/L-SKF","PHC 28S-5C/L-SKF","PHC28S5CLSKF","PHC 28S-5C/L","Xích","Xích","87","xich","https://vongbicongnghiep.vn/san-pham/san-pham-15076/","https://vongbicongnghiep.vn/wp-content/uploads/2024/12/PHC-CL.png","[""https://vongbicongnghiep.vn/wp-content/uploads/2024/12/PHC-CL.png""]","","","[]","3353000","out_of_stock","vongbicongnghiep.vn-wc-store-api-category-search-skf","2026-04-29T13:54:50.461Z"
"65259","SKF","PHC 28S-4X10FT-SKF","PHC 28S-4X10FT-SKF","PHC28S4X10FTSKF","PHC 28S-4X10FT","Xích","Xích","87","xich","https://vongbicongnghiep.vn/san-pham/san-pham-15075/","https://vongbicongnghiep.vn/wp-content/uploads/2024/12/PHC-3FT.png","[""https://vongbicongnghiep.vn/wp-content/uploads/2024/12/PHC-3FT.png"",""https://vongbicongnghiep.vn/wp-content/uploads/product_images/truyen-dong/xich/xich-ansi.jpg""]","","","[]","40119000","out_of_stock","vongbicongnghiep.vn-wc-store-api-category-search-skf","2026-04-29T13:54:50.461Z"
"65258","SKF","PHC 28S-4O/L-SKF","PHC 28S-4O/L-SKF","PHC28S4OLSKF","PHC 28S-4O/L","Xích","Xích","87","xich","https://vongbicongnghiep.vn/san-pham/san-pham-15074/","https://vongbicongnghiep.vn/wp-content/uploads/2024/12/PHC-3CL.png","[""https://vongbicongnghiep.vn/wp-content/uploads/2024/12/PHC-3CL.png""]","","","[]","5029000","out_of_stock","vongbicongnghiep.vn-wc-store-api-category-search-skf","2026-04-29T13:54:50.461Z"
"65257","SKF","PHC 28S-4C/L-SKF","PHC 28S-4C/L-SKF","PHC28S4CLSKF","PHC 28S-4C/L","Xích","Xích","87","xich","https://vongbicongnghiep.vn/san-pham/san-pham-15073/","https://vongbicongnghiep.vn/wp-content/uploads/2024/12/PHC-CL.png","[""https://vongbicongnghiep.vn/wp-content/uploads/2024/12/PHC-CL.png""]","","","[]","2515000","out_of_stock","vongbicongnghiep.vn-wc-store-api-category-search-skf","2026-04-29T13:54:50.461Z"
"65256","SKF","PHC 28S-3X10FT-SKF","PHC 28S-3X10FT-SKF","PHC28S3X10FTSKF","PHC 28S-3X10FT","Xích","Xích","87","xich","https://vongbicongnghiep.vn/san-pham/san-pham-15072/","https://vongbicongnghiep.vn/wp-content/uploads/2024/12/PHC-3FT.png","[""https://vongbicongnghiep.vn/wp-content/uploads/2024/12/PHC-3FT.png"",""https://vongbicongnghiep.vn/wp-content/uploads/product_images/truyen-dong/xich/xich-ansi.jpg""]","","","[]","28529000","out_of_stock","vongbicongnghiep.vn-wc-store-api-category-search-skf","2026-04-29T13:54:50.461Z"
"65255","SKF","PHC 28S-3O/L-SKF","PHC 28S-3O/L-SKF","PHC28S3OLSKF","PHC 28S-3O/L","Xích","Xích","87","xich","https://vongbicongnghiep.vn/san-pham/san-pham-15071/","https://vongbicongnghiep.vn/wp-content/uploads/2024/12/PHC-3CL.png","[""https://vongbicongnghiep.vn/wp-content/uploads/2024/12/PHC-3CL.png""]","","","[]","3575000","out_of_stock","vongbicongnghiep.vn-wc-store-api-category-search-skf","2026-04-29T13:54:50.461Z"
"65254","SKF","PHC 28S-3C/L-SKF","PHC 28S-3C/L-SKF","PHC28S3CLSKF","PHC 28S-3C/L","Xích","Xích","87","xich","https://vongbicongnghiep.vn/san-pham/san-pham-15070/","https://vongbicongnghiep.vn/wp-content/uploads/2024/12/PHC-3OL.png","[""https://vongbicongnghiep.vn/wp-content/uploads/2024/12/PHC-3OL.png""]","","","[]","1789000","out_of_stock","vongbicongnghiep.vn-wc-store-api-category-search-skf","2026-04-29T13:54:50.461Z"
"65253","SKF","PHC 28S-2X10FT-SKF","PHC 28S-2X10FT-SKF","PHC28S2X10FTSKF","PHC 28S-2X10FT","Xích","Xích","87","xich","https://vongbicongnghiep.vn/san-pham/san-pham-15069/","https://vongbicongnghiep.vn/wp-content/uploads/2024/12/PHC-2FT.png","[""https://vongbicongnghiep.vn/wp-content/uploads/2024/12/PHC-2FT.png"",""https://vongbicongnghiep.vn/wp-content/uploads/product_images/truyen-dong/xich/xich-ansi.jpg""]","","","[]","17830000","out_of_stock","vongbicongnghiep.vn-wc-store-api-category-search-skf","2026-04-29T13:54:50.461Z"
"65252","SKF","PHC 28S-2O/L-SKF","PHC 28S-2O/L-SKF","PHC28S2OLSKF","PHC 28S-2O/L","Xích","Xích","87","xich","https://vongbicongnghiep.vn/san-pham/san-pham-15068/","https://vongbicongnghiep.vn/wp-content/uploads/2024/12/PHC-2OL.png","[""https://vongbicongnghiep.vn/wp-content/uploads/2024/12/PHC-2OL.png""]","","","[]","2237000","out_of_stock","vongbicongnghiep.vn-wc-store-api-category-search-skf","2026-04-29T13:54:50.461Z"
"65251","SKF","PHC 28S-2C/L-SKF","PHC 28S-2C/L-SKF","PHC28S2CLSKF","PHC 28S-2C/L","Xích","Xích","87","xich","https://vongbicongnghiep.vn/san-pham/san-pham-15067/","https://vongbicongnghiep.vn/wp-content/uploads/2024/12/PHC-2CL.png","[""https://vongbicongnghiep.vn/wp-content/uploads/2024/12/PHC-2CL.png""]","","","[]","1116000","out_of_stock","vongbicongnghiep.vn-wc-store-api-category-search-skf","2026-04-29T13:54:50.461Z"
"65250","SKF","PHC 28S-1X10FT-SKF","PHC 28S-1X10FT-SKF","PHC28S1X10FTSKF","PHC 28S-1X10FT","Xích","Xích","87","xich","https://vongbicongnghiep.vn/san-pham/san-pham-15066/","https://vongbicongnghiep.vn/wp-content/uploads/2024/12/PHC-1FT.png","[""https://vongbicongnghiep.vn/wp-content/uploads/2024/12/PHC-1FT.png"",""https://vongbicongnghiep.vn/wp-content/uploads/2024/12/BV-PHC-1FT.png""]","","","[]","8916000","out_of_stock","vongbicongnghiep.vn-wc-store-api-category-search-skf","2026-04-29T13:54:50.461Z"
"65249","SKF","PHC 28S-1O/L-SKF","PHC 28S-1O/L-SKF","PHC28S1OLSKF","PHC 28S-1O/L","Xích","Xích","87","xich","https://vongbicongnghiep.vn/san-pham/san-pham-15065/","https://vongbicongnghiep.vn/wp-content/uploads/2024/12/PHC-OL.png","[""https://vongbicongnghiep.vn/wp-content/uploads/2024/12/PHC-OL.png""]","","","[]","1116000","out_of_stock","vongbicongnghiep.vn-wc-store-api-category-search-skf","2026-04-29T13:54:50.461Z"
"65248","SKF","PHC 28S-1C/L-SKF","PHC 28S-1C/L-SKF","PHC28S1CLSKF","PHC 28S-1C/L","Xích","Xích","87","xich","https://vongbicongnghiep.vn/san-pham/san-pham-15064/","https://vongbicongnghiep.vn/wp-content/uploads/2024/12/PHC-CL.png","[""https://vongbicongnghiep.vn/wp-content/uploads/2024/12/PHC-CL.png""]","","","[]","558000","out_of_stock","vongbicongnghiep.vn-wc-store-api-category-search-skf","2026-04-29T13:54:50.461Z"
"65247","SKF","PHC 28B-3X10FT-SKF","PHC 28B-3X10FT-SKF","PHC28B3X10FTSKF","PHC 28B-3X10FT","Xích","Xích","87","xich","https://vongbicongnghiep.vn/san-pham/san-pham-15063/","https://vongbicongnghiep.vn/wp-content/uploads/2024/12/PHC-3FT.png","[""https://vongbicongnghiep.vn/wp-content/uploads/2024/12/PHC-3FT.png"",""https://vongbicongnghiep.vn/wp-content/uploads/product_images/truyen-dong/xich/xich-ansi.jpg""]","","","[]","17974000","out_of_stock","vongbicongnghiep.vn-wc-store-api-category-search-skf","2026-04-29T13:54:50.461Z"
"65246","SKF","PHC 28B-3O/L-SKF","PHC 28B-3O/L-SKF","PHC28B3OLSKF","PHC 28B-3O/L","Xích","Xích","87","xich","https://vongbicongnghiep.vn/san-pham/san-pham-15062/","https://vongbicongnghiep.vn/wp-content/uploads/2024/12/PHC-3CL.png","[""https://vongbicongnghiep.vn/wp-content/uploads/2024/12/PHC-3CL.png""]","","","[]","1350000","out_of_stock","vongbicongnghiep.vn-wc-store-api-category-search-skf","2026-04-29T13:54:50.461Z"
"65245","SKF","PHC 28B-3C/L-SKF","PHC 28B-3C/L-SKF","PHC28B3CLSKF","PHC 28B-3C/L","Xích","Xích","87","xich","https://vongbicongnghiep.vn/san-pham/san-pham-15061/","https://vongbicongnghiep.vn/wp-content/uploads/2024/12/PHC-3OL.png","[""https://vongbicongnghiep.vn/wp-content/uploads/2024/12/PHC-3OL.png""]","","","[]","755000","out_of_stock","vongbicongnghiep.vn-wc-store-api-category-search-skf","2026-04-29T13:54:50.461Z"
"65244","SKF","PHC 28B-2ZPX10FT-SKF","PHC 28B-2ZPX10FT-SKF","PHC28B2ZPX10FTSKF","PHC 28B-2ZPX10FT","Xích","Xích","87","xich","https://vongbicongnghiep.vn/san-pham/san-pham-15060/","https://vongbicongnghiep.vn/wp-content/uploads/2024/12/PHC-2FT.png","[""https://vongbicongnghiep.vn/wp-content/uploads/2024/12/PHC-2FT.png"",""https://vongbicongnghiep.vn/wp-content/uploads/product_images/truyen-dong/xich/xich-ansi.jpg""]","","","[]","11992000","out_of_stock","vongbicongnghiep.vn-wc-store-api-category-search-skf","2026-04-29T13:54:50.461Z"
"65243","SKF","PHC 28B-2ZP-O/L-SKF","PHC 28B-2ZP-O/L-SKF","PHC28B2ZPOLSKF","PHC 28B-2ZP-O/L","Xích","Xích","87","xich","https://vongbicongnghiep.vn/san-pham/san-pham-15059/","https://vongbicongnghiep.vn/wp-content/uploads/2024/12/PHC-2OL.png","[""https://vongbicongnghiep.vn/wp-content/uploads/2024/12/PHC-2OL.png""]","","","[]","1041000","out_of_stock","vongbicongnghiep.vn-wc-store-api-category-search-skf","2026-04-29T13:54:50.461Z"
"65242","SKF","PHC 28B-2ZP-C/L-SKF","PHC 28B-2ZP-C/L-SKF","PHC28B2ZPCLSKF","PHC 28B-2ZP-C/L","Xích","Xích","87","xich","https://vongbicongnghiep.vn/san-pham/san-pham-15058/","https://vongbicongnghiep.vn/wp-content/uploads/2024/12/PHC-2CL.png","[""https://vongbicongnghiep.vn/wp-content/uploads/2024/12/PHC-2CL.png""]","","","[]","519000","out_of_stock","vongbicongnghiep.vn-wc-store-api-category-search-skf","2026-04-29T13:54:50.461Z"
"65241","SKF","PHC 28B-2X5MTR-SKF","PHC 28B-2X5MTR-SKF","PHC28B2X5MTRSKF","PHC 28B-2X5MTR","Xích","Xích","87","xich","https://vongbicongnghiep.vn/san-pham/san-pham-15057/","https://vongbicongnghiep.vn/wp-content/uploads/2024/12/PHC-2FT.png","[""https://vongbicongnghiep.vn/wp-content/uploads/2024/12/PHC-2FT.png"",""https://vongbicongnghiep.vn/wp-content/uploads/product_images/truyen-dong/xich/xich-ansi.jpg""]","","","[]","17565000","out_of_stock","vongbicongnghiep.vn-wc-store-api-category-search-skf","2026-04-29T13:54:50.461Z"
"65240","SKF","PHC 28B-2X10FT-SKF","PHC 28B-2X10FT-SKF","PHC28B2X10FTSKF","PHC 28B-2X10FT","Xích","Xích","87","xich","https://vongbicongnghiep.vn/san-pham/san-pham-15056/","https://vongbicongnghiep.vn/wp-content/uploads/2024/12/PHC-2FT.png","[""https://vongbicongnghiep.vn/wp-content/uploads/2024/12/PHC-2FT.png"",""https://vongbicongnghiep.vn/wp-content/uploads/product_images/truyen-dong/xich/xich-ansi.jpg""]","","","[]","10727000","out_of_stock","vongbicongnghiep.vn-wc-store-api-category-search-skf","2026-04-29T13:54:50.461Z"
"65239","SKF","PHC 28B-2O/L-SKF","PHC 28B-2O/L-SKF","PHC28B2OLSKF","PHC 28B-2O/L","Xích","Xích","87","xich","https://vongbicongnghiep.vn/san-pham/san-pham-15055/","https://vongbicongnghiep.vn/wp-content/uploads/2024/12/PHC-2OL.png","[""https://vongbicongnghiep.vn/wp-content/uploads/2024/12/PHC-2OL.png""]","","","[]","843000","out_of_stock","vongbicongnghiep.vn-wc-store-api-category-search-skf","2026-04-29T13:54:50.461Z"
"65238","SKF","PHC 28B-2NPX10FT-SKF","PHC 28B-2NPX10FT-SKF","PHC28B2NPX10FTSKF","PHC 28B-2NPX10FT","Xích","Xích","87","xich","https://vongbicongnghiep.vn/san-pham/san-pham-15054/","https://vongbicongnghiep.vn/wp-content/uploads/2024/12/PHC-2FT.png","[""https://vongbicongnghiep.vn/wp-content/uploads/2024/12/PHC-2FT.png"",""https://vongbicongnghiep.vn/wp-content/uploads/product_images/truyen-dong/xich/xich-ansi.jpg""]","","","[]","14797000","out_of_stock","vongbicongnghiep.vn-wc-store-api-category-search-skf","2026-04-29T13:54:50.461Z"
"65237","SKF","PHC 28B-2NP-O/L-SKF","PHC 28B-2NP-O/L-SKF","PHC28B2NPOLSKF","PHC 28B-2NP-O/L","Xích","Xích","87","xich","https://vongbicongnghiep.vn/san-pham/san-pham-15053/","https://vongbicongnghiep.vn/wp-content/uploads/2024/12/PHC-2OL.png","[""https://vongbicongnghiep.vn/wp-content/uploads/2024/12/PHC-2OL.png""]","","","[]","1669000","out_of_stock","vongbicongnghiep.vn-wc-store-api-category-search-skf","2026-04-29T13:54:50.461Z"
"65236","SKF","PHC 28B-2NP-C/L-SKF","PHC 28B-2NP-C/L-SKF","PHC28B2NPCLSKF","PHC 28B-2NP-C/L","Xích","Xích","87","xich","https://vongbicongnghiep.vn/san-pham/san-pham-15052/","https://vongbicongnghiep.vn/wp-content/uploads/2024/12/PHC-2CL.png","[""https://vongbicongnghiep.vn/wp-content/uploads/2024/12/PHC-2CL.png""]","","","[]","833000","out_of_stock","vongbicongnghiep.vn-wc-store-api-category-search-skf","2026-04-29T13:54:50.461Z"
"65235","SKF","PHC 28B-2DRX10FT-SKF","PHC 28B-2DRX10FT-SKF","PHC28B2DRX10FTSKF","PHC 28B-2DRX10FT","Xích","Xích","87","xich","https://vongbicongnghiep.vn/san-pham/san-pham-15051/","https://vongbicongnghiep.vn/wp-content/uploads/2024/12/PHC-2FT.png","[""https://vongbicongnghiep.vn/wp-content/uploads/2024/12/PHC-2FT.png"",""https://vongbicongnghiep.vn/wp-content/uploads/product_images/truyen-dong/xich/xich-ansi.jpg""]","","","[]","17134000","out_of_stock","vongbicongnghiep.vn-wc-store-api-category-search-skf","2026-04-29T13:54:50.461Z"
"65234","SKF","PHC 28B-2DR-O/L-SKF","PHC 28B-2DR-O/L-SKF","PHC28B2DROLSKF","PHC 28B-2DR-O/L","Xích","Xích","87","xich","https://vongbicongnghiep.vn/san-pham/san-pham-15050/","https://vongbicongnghiep.vn/wp-content/uploads/2024/12/PHC-2OL.png","[""https://vongbicongnghiep.vn/wp-content/uploads/2024/12/PHC-2OL.png""]","","","[]","2023000","out_of_stock","vongbicongnghiep.vn-wc-store-api-category-search-skf","2026-04-29T13:54:50.461Z"
"65233","SKF","PHC 28B-2DR-C/L-SKF","PHC 28B-2DR-C/L-SKF","PHC28B2DRCLSKF","PHC 28B-2DR-C/L","Xích","Xích","87","xich","https://vongbicongnghiep.vn/san-pham/san-pham-15049/","https://vongbicongnghiep.vn/wp-content/uploads/2024/12/PHC-2CL.png","[""https://vongbicongnghiep.vn/wp-content/uploads/2024/12/PHC-2CL.png""]","","","[]","1012000","out_of_stock","vongbicongnghiep.vn-wc-store-api-category-search-skf","2026-04-29T13:54:50.461Z"
"65232","SKF","PHC 28B-2C/L-SKF","PHC 28B-2C/L-SKF","PHC28B2CLSKF","PHC 28B-2C/L","Xích","Xích","87","xich","https://vongbicongnghiep.vn/san-pham/san-pham-15048/","https://vongbicongnghiep.vn/wp-content/uploads/2024/12/PHC-2CL.png","[""https://vongbicongnghiep.vn/wp-content/uploads/2024/12/PHC-2CL.png""]","","","[]","423000","out_of_stock","vongbicongnghiep.vn-wc-store-api-category-search-skf","2026-04-29T13:54:50.461Z"
"65231","SKF","PHC 28B-1ZPX10FT-SKF","PHC 28B-1ZPX10FT-SKF","PHC28B1ZPX10FTSKF","PHC 28B-1ZPX10FT","Xích","Xích","87","xich","https://vongbicongnghiep.vn/san-pham/san-pham-15047/","https://vongbicongnghiep.vn/wp-content/uploads/2024/12/PHC-1FT.png","[""https://vongbicongnghiep.vn/wp-content/uploads/2024/12/PHC-1FT.png"",""https://vongbicongnghiep.vn/wp-content/uploads/2024/12/BV-PHC-1FT.png""]","","","[]","5996000","out_of_stock","vongbicongnghiep.vn-wc-store-api-category-search-skf","2026-04-29T13:54:50.461Z"
"65230","SKF","PHC 28B-1ZP-O/L-SKF","PHC 28B-1ZP-O/L-SKF","PHC28B1ZPOLSKF","PHC 28B-1ZP-O/L","Xích","Xích","87","xich","https://vongbicongnghiep.vn/san-pham/san-pham-15046/","https://vongbicongnghiep.vn/wp-content/uploads/2024/12/PHC-OL.png","[""https://vongbicongnghiep.vn/wp-content/uploads/2024/12/PHC-OL.png""]","","","[]","519000","out_of_stock","vongbicongnghiep.vn-wc-store-api-category-search-skf","2026-04-29T13:54:50.461Z"
"65229","SKF","PHC 28B-1ZP-C/L-SKF","PHC 28B-1ZP-C/L-SKF","PHC28B1ZPCLSKF","PHC 28B-1ZP-C/L","Xích","Xích","87","xich","https://vongbicongnghiep.vn/san-pham/san-pham-15045/","https://vongbicongnghiep.vn/wp-content/uploads/2024/12/PHC-CL.png","[""https://vongbicongnghiep.vn/wp-content/uploads/2024/12/PHC-CL.png""]","","","[]","261000","out_of_stock","vongbicongnghiep.vn-wc-store-api-category-search-skf","2026-04-29T13:54:50.461Z"
"65228","SKF","PHC 28B-1X5MTR-SKF","PHC 28B-1X5MTR-SKF","PHC28B1X5MTRSKF","PHC 28B-1X5MTR","Xích","Xích","87","xich","https://vongbicongnghiep.vn/san-pham/san-pham-15044/","https://vongbicongnghiep.vn/wp-content/uploads/2024/12/PHC-1FT.png","[""https://vongbicongnghiep.vn/wp-content/uploads/2024/12/PHC-1FT.png"",""https://vongbicongnghiep.vn/wp-content/uploads/2024/12/BV-PHC-1FT.png""]","","","[]","8867000","out_of_stock","vongbicongnghiep.vn-wc-store-api-category-search-skf","2026-04-29T13:54:50.461Z"
"65227","SKF","PHC 28B-1X10FT-SKF","PHC 28B-1X10FT-SKF","PHC28B1X10FTSKF","PHC 28B-1X10FT","Xích","Xích","87","xich","https://vongbicongnghiep.vn/san-pham/san-pham-15043/","https://vongbicongnghiep.vn/wp-content/uploads/2024/12/PHC-1FT.png","[""https://vongbicongnghiep.vn/wp-content/uploads/2024/12/PHC-1FT.png"",""https://vongbicongnghiep.vn/wp-content/uploads/2024/12/BV-PHC-1FT.png""]","","","[]","5301000","out_of_stock","vongbicongnghiep.vn-wc-store-api-category-search-skf","2026-04-29T13:54:50.461Z"
"65226","SKF","PHC 28B-1O/L-SKF","PHC 28B-1O/L-SKF","PHC28B1OLSKF","PHC 28B-1O/L","Xích","Xích","87","xich","https://vongbicongnghiep.vn/san-pham/san-pham-15042/","https://vongbicongnghiep.vn/wp-content/uploads/2024/12/PHC-OL.png","[""https://vongbicongnghiep.vn/wp-content/uploads/2024/12/PHC-OL.png""]","","","[]","421000","out_of_stock","vongbicongnghiep.vn-wc-store-api-category-search-skf","2026-04-29T13:54:50.461Z"
"65225","SKF","PHC 28B-1NPX10FT-SKF","PHC 28B-1NPX10FT-SKF","PHC28B1NPX10FTSKF","PHC 28B-1NPX10FT","Xích","Xích","87","xich","https://vongbicongnghiep.vn/san-pham/san-pham-15041/","https://vongbicongnghiep.vn/wp-content/uploads/2024/12/PHC-1FT.png","[""https://vongbicongnghiep.vn/wp-content/uploads/2024/12/PHC-1FT.png"",""https://vongbicongnghiep.vn/wp-content/uploads/2024/12/BV-PHC-1FT.png""]","","","[]","7399000","out_of_stock","vongbicongnghiep.vn-wc-store-api-category-search-skf","2026-04-29T13:54:50.461Z"
"65224","SKF","PHC 28B-1NP-O/L-SKF","PHC 28B-1NP-O/L-SKF","PHC28B1NPOLSKF","PHC 28B-1NP-O/L","Xích","Xích","87","xich","https://vongbicongnghiep.vn/san-pham/san-pham-15040/","https://vongbicongnghiep.vn/wp-content/uploads/2024/12/PHC-OL.png","[""https://vongbicongnghiep.vn/wp-content/uploads/2024/12/PHC-OL.png""]","","","[]","833000","out_of_stock","vongbicongnghiep.vn-wc-store-api-category-search-skf","2026-04-29T13:54:50.461Z"
"65223","SKF","PHC 28B-1NP-C/L-SKF","PHC 28B-1NP-C/L-SKF","PHC28B1NPCLSKF","PHC 28B-1NP-C/L","Xích","Xích","87","xich","https://vongbicongnghiep.vn/san-pham/san-pham-15039/","https://vongbicongnghiep.vn/wp-content/uploads/2024/12/PHC-CL.png","[""https://vongbicongnghiep.vn/wp-content/uploads/2024/12/PHC-CL.png""]","","","[]","417000","out_of_stock","vongbicongnghiep.vn-wc-store-api-category-search-skf","2026-04-29T13:54:50.461Z"
"65222","SKF","PHC 28B-1DRX10FT-SKF","PHC 28B-1DRX10FT-SKF","PHC28B1DRX10FTSKF","PHC 28B-1DRX10FT","Xích","Xích","87","xich","https://vongbicongnghiep.vn/san-pham/san-pham-15038/","https://vongbicongnghiep.vn/wp-content/uploads/2024/12/PHC-1FT.png","[""https://vongbicongnghiep.vn/wp-content/uploads/2024/12/PHC-1FT.png"",""https://vongbicongnghiep.vn/wp-content/uploads/2024/12/BV-PHC-1FT.png""]","","","[]","8568000","out_of_stock","vongbicongnghiep.vn-wc-store-api-category-search-skf","2026-04-29T13:54:50.461Z"
"65221","SKF","PHC 28B-1DR-O/L-SKF","PHC 28B-1DR-O/L-SKF","PHC28B1DROLSKF","PHC 28B-1DR-O/L","Xích","Xích","87","xich","https://vongbicongnghiep.vn/san-pham/san-pham-15037/","https://vongbicongnghiep.vn/wp-content/uploads/2024/12/PHC-OL.png","[""https://vongbicongnghiep.vn/wp-content/uploads/2024/12/PHC-OL.png""]","","","[]","1012000","out_of_stock","vongbicongnghiep.vn-wc-store-api-category-search-skf","2026-04-29T13:54:50.461Z"
"65220","SKF","PHC 28B-1DR-C/L-SKF","PHC 28B-1DR-C/L-SKF","PHC28B1DRCLSKF","PHC 28B-1DR-C/L","Xích","Xích","87","xich","https://vongbicongnghiep.vn/san-pham/san-pham-15036/","https://vongbicongnghiep.vn/wp-content/uploads/2024/12/PHC-CL.png","[""https://vongbicongnghiep.vn/wp-content/uploads/2024/12/PHC-CL.png""]","","","[]","505000","out_of_stock","vongbicongnghiep.vn-wc-store-api-category-search-skf","2026-04-29T13:54:50.461Z"
"65219","SKF","PHC 28B-1C/L-SKF","PHC 28B-1C/L-SKF","PHC28B1CLSKF","PHC 28B-1C/L","Xích","Xích","87","xich","https://vongbicongnghiep.vn/san-pham/san-pham-15035/","https://vongbicongnghiep.vn/wp-content/uploads/2024/12/PHC-CL.png","[""https://vongbicongnghiep.vn/wp-content/uploads/2024/12/PHC-CL.png""]","","","[]","212000","out_of_stock","vongbicongnghiep.vn-wc-store-api-category-search-skf","2026-04-29T13:54:50.461Z"
"65218","SKF","PHC 25-3O/L-SKF","PHC 25-3O/L-SKF","PHC253OLSKF","PHC 25-3O/L","Xích","Xích","87","xich","https://vongbicongnghiep.vn/san-pham/san-pham-15034/","https://vongbicongnghiep.vn/wp-content/uploads/2024/12/PHC-3CL.png","[""https://vongbicongnghiep.vn/wp-content/uploads/2024/12/PHC-3CL.png""]","","","[]","93000","out_of_stock","vongbicongnghiep.vn-wc-store-api-category-search-skf","2026-04-29T13:54:50.461Z"
"65217","SKF","PHC 25-3C/L-SKF","PHC 25-3C/L-SKF","PHC253CLSKF","PHC 25-3C/L","Xích","Xích","87","xich","https://vongbicongnghiep.vn/san-pham/san-pham-15033/","https://vongbicongnghiep.vn/wp-content/uploads/2024/12/PHC-3OL.png","[""https://vongbicongnghiep.vn/wp-content/uploads/2024/12/PHC-3OL.png""]","","","[]","47000","out_of_stock","vongbicongnghiep.vn-wc-store-api-category-search-skf","2026-04-29T13:54:50.461Z"
"65216","SKF","PHC 25-2ZPX10FT-SKF","PHC 25-2ZPX10FT-SKF","PHC252ZPX10FTSKF","PHC 25-2ZPX10FT","Xích","Xích","87","xich","https://vongbicongnghiep.vn/san-pham/san-pham-15032/","https://vongbicongnghiep.vn/wp-content/uploads/2024/12/PHC-2FT.png","[""https://vongbicongnghiep.vn/wp-content/uploads/2024/12/PHC-2FT.png"",""https://vongbicongnghiep.vn/wp-content/uploads/product_images/truyen-dong/xich/xich-ansi.jpg""]","","","[]","1320000","out_of_stock","vongbicongnghiep.vn-wc-store-api-category-search-skf","2026-04-29T13:54:50.461Z"
"65215","SKF","PHC 25-2ZP-O/L-SKF","PHC 25-2ZP-O/L-SKF","PHC252ZPOLSKF","PHC 25-2ZP-O/L","Xích","Xích","87","xich","https://vongbicongnghiep.vn/san-pham/san-pham-15031/","https://vongbicongnghiep.vn/wp-content/uploads/2024/12/PHC-2OL.png","[""https://vongbicongnghiep.vn/wp-content/uploads/2024/12/PHC-2OL.png""]","","","[]","94000","out_of_stock","vongbicongnghiep.vn-wc-store-api-category-search-skf","2026-04-29T13:54:50.461Z"
"65214","SKF","PHC 25-2ZP-C/L-SKF","PHC 25-2ZP-C/L-SKF","PHC252ZPCLSKF","PHC 25-2ZP-C/L","Xích","Xích","87","xich","https://vongbicongnghiep.vn/san-pham/san-pham-15030/","https://vongbicongnghiep.vn/wp-content/uploads/2024/12/PHC-2CL.png","[""https://vongbicongnghiep.vn/wp-content/uploads/2024/12/PHC-2CL.png""]","","","[]","48000","out_of_stock","vongbicongnghiep.vn-wc-store-api-category-search-skf","2026-04-29T13:54:52.106Z"
"65213","SKF","PHC 25-2SSX10FT-SKF","PHC 25-2SSX10FT-SKF","PHC252SSX10FTSKF","PHC 25-2SSX10FT","Xích","Xích","87","xich","https://vongbicongnghiep.vn/san-pham/san-pham-15029/","https://vongbicongnghiep.vn/wp-content/uploads/2024/12/PHC-2FT.png","[""https://vongbicongnghiep.vn/wp-content/uploads/2024/12/PHC-2FT.png"",""https://vongbicongnghiep.vn/wp-content/uploads/product_images/truyen-dong/xich/xich-ansi.jpg""]","","","[]","6067000","out_of_stock","vongbicongnghiep.vn-wc-store-api-category-search-skf","2026-04-29T13:54:52.106Z"
"65212","SKF","PHC 25-2SS-O/L-SKF","PHC 25-2SS-O/L-SKF","PHC252SSOLSKF","PHC 25-2SS-O/L","Xích","Xích","87","xich","https://vongbicongnghiep.vn/san-pham/san-pham-15028/","https://vongbicongnghiep.vn/wp-content/uploads/2024/12/PHC-2OL.png","[""https://vongbicongnghiep.vn/wp-content/uploads/2024/12/PHC-2OL.png""]","","","[]","493000","out_of_stock","vongbicongnghiep.vn-wc-store-api-category-search-skf","2026-04-29T13:54:52.106Z"
"65211","SKF","PHC 25-2SS-C/L-SKF","PHC 25-2SS-C/L-SKF","PHC252SSCLSKF","PHC 25-2SS-C/L","Xích","Xích","87","xich","https://vongbicongnghiep.vn/san-pham/san-pham-15027/","https://vongbicongnghiep.vn/wp-content/uploads/2024/12/PHC-2CL.png","[""https://vongbicongnghiep.vn/wp-content/uploads/2024/12/PHC-2CL.png""]","","","[]","246000","out_of_stock","vongbicongnghiep.vn-wc-store-api-category-search-skf","2026-04-29T13:54:52.106Z"
"65210","SKF","PHC 25-2NPX10FT-SKF","PHC 25-2NPX10FT-SKF","PHC252NPX10FTSKF","PHC 25-2NPX10FT","Xích","Xích","87","xich","https://vongbicongnghiep.vn/san-pham/san-pham-15026/","https://vongbicongnghiep.vn/wp-content/uploads/2024/12/PHC-2FT.png","[""https://vongbicongnghiep.vn/wp-content/uploads/2024/12/PHC-2FT.png"",""https://vongbicongnghiep.vn/wp-content/uploads/product_images/truyen-dong/xich/xich-ansi.jpg""]","","","[]","1100000","out_of_stock","vongbicongnghiep.vn-wc-store-api-category-search-skf","2026-04-29T13:54:52.106Z"
"65209","SKF","PHC 25-2NP-O/L-SKF","PHC 25-2NP-O/L-SKF","PHC252NPOLSKF","PHC 25-2NP-O/L","Xích","Xích","87","xich","https://vongbicongnghiep.vn/san-pham/san-pham-15025/","https://vongbicongnghiep.vn/wp-content/uploads/2024/12/PHC-2OL.png","[""https://vongbicongnghiep.vn/wp-content/uploads/2024/12/PHC-2OL.png""]","","","[]","94000","out_of_stock","vongbicongnghiep.vn-wc-store-api-category-search-skf","2026-04-29T13:54:52.106Z"
"65208","SKF","PHC 25-2NP-C/L-SKF","PHC 25-2NP-C/L-SKF","PHC252NPCLSKF","PHC 25-2NP-C/L","Xích","Xích","87","xich","https://vongbicongnghiep.vn/san-pham/san-pham-15024/","https://vongbicongnghiep.vn/wp-content/uploads/2024/12/PHC-2CL.png","[""https://vongbicongnghiep.vn/wp-content/uploads/2024/12/PHC-2CL.png""]","","","[]","48000","out_of_stock","vongbicongnghiep.vn-wc-store-api-category-search-skf","2026-04-29T13:54:52.106Z"
"65207","SKF","PHC 25-2DRX10FT-SKF","PHC 25-2DRX10FT-SKF","PHC252DRX10FTSKF","PHC 25-2DRX10FT","Xích","Xích","87","xich","https://vongbicongnghiep.vn/san-pham/san-pham-15023/","https://vongbicongnghiep.vn/wp-content/uploads/2024/12/PHC-2FT.png","[""https://vongbicongnghiep.vn/wp-content/uploads/2024/12/PHC-2FT.png"",""https://vongbicongnghiep.vn/wp-content/uploads/product_images/truyen-dong/xich/xich-ansi.jpg""]","","","[]","1314000","out_of_stock","vongbicongnghiep.vn-wc-store-api-category-search-skf","2026-04-29T13:54:52.106Z"
"65206","SKF","PHC 25-2DR-O/L-SKF","PHC 25-2DR-O/L-SKF","PHC252DROLSKF","PHC 25-2DR-O/L","Xích","Xích","87","xich","https://vongbicongnghiep.vn/san-pham/san-pham-15022/","https://vongbicongnghiep.vn/wp-content/uploads/2024/12/PHC-2OL.png","[""https://vongbicongnghiep.vn/wp-content/uploads/2024/12/PHC-2OL.png""]","","","[]","111000","out_of_stock","vongbicongnghiep.vn-wc-store-api-category-search-skf","2026-04-29T13:54:52.106Z"
"65205","SKF","PHC 25-2DR-C/L-SKF","PHC 25-2DR-C/L-SKF","PHC252DRCLSKF","PHC 25-2DR-C/L","Xích","Xích","87","xich","https://vongbicongnghiep.vn/san-pham/san-pham-15021/","https://vongbicongnghiep.vn/wp-content/uploads/2024/12/PHC-2CL.png","[""https://vongbicongnghiep.vn/wp-content/uploads/2024/12/PHC-2CL.png""]","","","[]","54000","out_of_stock","vongbicongnghiep.vn-wc-store-api-category-search-skf","2026-04-29T13:54:52.106Z"
"65204","SKF","PHC 25-2C/L-SKF","PHC 25-2C/L-SKF","PHC252CLSKF","PHC 25-2C/L","Xích","Xích","87","xich","https://vongbicongnghiep.vn/san-pham/san-pham-15020/","https://vongbicongnghiep.vn/wp-content/uploads/2024/12/PHC-2CL.png","[""https://vongbicongnghiep.vn/wp-content/uploads/2024/12/PHC-2CL.png""]","","","[]","23000","out_of_stock","vongbicongnghiep.vn-wc-store-api-category-search-skf","2026-04-29T13:54:52.106Z"
"65203","SKF","PHC 25-1ZPX10FT-SKF","PHC 25-1ZPX10FT-SKF","PHC251ZPX10FTSKF","PHC 25-1ZPX10FT","Xích","Xích","87","xich","https://vongbicongnghiep.vn/san-pham/san-pham-15019/","https://vongbicongnghiep.vn/wp-content/uploads/2024/12/PHC-1FT.png","[""https://vongbicongnghiep.vn/wp-content/uploads/2024/12/PHC-1FT.png"",""https://vongbicongnghiep.vn/wp-content/uploads/2024/12/BV-PHC-1FT.png""]","","","[]","660000","out_of_stock","vongbicongnghiep.vn-wc-store-api-category-search-skf","2026-04-29T13:54:52.106Z"
"65202","SKF","PHC 25-1ZP-O/L-SKF","PHC 25-1ZP-O/L-SKF","PHC251ZPOLSKF","PHC 25-1ZP-O/L","Xích","Xích","87","xich","https://vongbicongnghiep.vn/san-pham/san-pham-15018/","https://vongbicongnghiep.vn/wp-content/uploads/2024/12/PHC-OL.png","[""https://vongbicongnghiep.vn/wp-content/uploads/2024/12/PHC-OL.png""]","","","[]","48000","out_of_stock","vongbicongnghiep.vn-wc-store-api-category-search-skf","2026-04-29T13:54:52.106Z"
"65201","SKF","PHC 25-1ZP-C/L-SKF","PHC 25-1ZP-C/L-SKF","PHC251ZPCLSKF","PHC 25-1ZP-C/L","Xích","Xích","87","xich","https://vongbicongnghiep.vn/san-pham/san-pham-15017/","https://vongbicongnghiep.vn/wp-content/uploads/2024/12/PHC-CL.png","[""https://vongbicongnghiep.vn/wp-content/uploads/2024/12/PHC-CL.png""]","","","[]","22000","out_of_stock","vongbicongnghiep.vn-wc-store-api-category-search-skf","2026-04-29T13:54:52.106Z"
"65200","SKF","PHC 25-1SSX10FT-SKF","PHC 25-1SSX10FT-SKF","PHC251SSX10FTSKF","PHC 25-1SSX10FT","Xích","Xích","87","xich","https://vongbicongnghiep.vn/san-pham/san-pham-15016/","https://vongbicongnghiep.vn/wp-content/uploads/2024/12/PHC-1FT.png","[""https://vongbicongnghiep.vn/wp-content/uploads/2024/12/PHC-1FT.png"",""https://vongbicongnghiep.vn/wp-content/uploads/2024/12/BV-PHC-1FT.png""]","","","[]","3487000","out_of_stock","vongbicongnghiep.vn-wc-store-api-category-search-skf","2026-04-29T13:54:52.106Z"
"65199","SKF","PHC 25-1SS-O/L-SKF","PHC 25-1SS-O/L-SKF","PHC251SSOLSKF","PHC 25-1SS-O/L","Xích","Xích","87","xich","https://vongbicongnghiep.vn/san-pham/san-pham-15015/","https://vongbicongnghiep.vn/wp-content/uploads/2024/12/PHC-OL.png","[""https://vongbicongnghiep.vn/wp-content/uploads/2024/12/PHC-OL.png""]","","","[]","246000","out_of_stock","vongbicongnghiep.vn-wc-store-api-category-search-skf","2026-04-29T13:54:52.106Z"
"65198","SKF","PHC 25-1SS-C/L-SKF","PHC 25-1SS-C/L-SKF","PHC251SSCLSKF","PHC 25-1SS-C/L","Xích","Xích","87","xich","https://vongbicongnghiep.vn/san-pham/san-pham-15014/","https://vongbicongnghiep.vn/wp-content/uploads/2024/12/PHC-CL.png","[""https://vongbicongnghiep.vn/wp-content/uploads/2024/12/PHC-CL.png""]","","","[]","123000","out_of_stock","vongbicongnghiep.vn-wc-store-api-category-search-skf","2026-04-29T13:54:52.106Z"
"65197","SKF","PHC 25-1O/L-SKF","PHC 25-1O/L-SKF","PHC251OLSKF","PHC 25-1O/L","Xích","Xích","87","xich","https://vongbicongnghiep.vn/san-pham/san-pham-15013/","https://vongbicongnghiep.vn/wp-content/uploads/2024/12/PHC-OL.png","[""https://vongbicongnghiep.vn/wp-content/uploads/2024/12/PHC-OL.png""]","","","[]","28000","out_of_stock","vongbicongnghiep.vn-wc-store-api-category-search-skf","2026-04-29T13:54:52.106Z"
"65196","SKF","PHC 25-1NPX10FT-SKF","PHC 25-1NPX10FT-SKF","PHC251NPX10FTSKF","PHC 25-1NPX10FT","Xích","Xích","87","xich","https://vongbicongnghiep.vn/san-pham/san-pham-15012/","https://vongbicongnghiep.vn/wp-content/uploads/2024/12/PHC-1FT.png","[""https://vongbicongnghiep.vn/wp-content/uploads/2024/12/PHC-1FT.png"",""https://vongbicongnghiep.vn/wp-content/uploads/2024/12/BV-PHC-1FT.png""]","","","[]","550000","out_of_stock","vongbicongnghiep.vn-wc-store-api-category-search-skf","2026-04-29T13:54:52.106Z"
"65195","SKF","PHC 25-1NP-O/L-SKF","PHC 25-1NP-O/L-SKF","PHC251NPOLSKF","PHC 25-1NP-O/L","Xích","Xích","87","xich","https://vongbicongnghiep.vn/san-pham/san-pham-15011/","https://vongbicongnghiep.vn/wp-content/uploads/2024/12/PHC-OL.png","[""https://vongbicongnghiep.vn/wp-content/uploads/2024/12/PHC-OL.png""]","","","[]","48000","out_of_stock","vongbicongnghiep.vn-wc-store-api-category-search-skf","2026-04-29T13:54:52.106Z"
"65194","SKF","PHC 25-1NP-C/L-SKF","PHC 25-1NP-C/L-SKF","PHC251NPCLSKF","PHC 25-1NP-C/L","Xích","Xích","87","xich","https://vongbicongnghiep.vn/san-pham/san-pham-15010/","https://vongbicongnghiep.vn/wp-content/uploads/2024/12/PHC-CL.png","[""https://vongbicongnghiep.vn/wp-content/uploads/2024/12/PHC-CL.png""]","","","[]","22000","out_of_stock","vongbicongnghiep.vn-wc-store-api-category-search-skf","2026-04-29T13:54:52.106Z"
"65193","SKF","PHC 25-1DRX10FT-SKF","PHC 25-1DRX10FT-SKF","PHC251DRX10FTSKF","PHC 25-1DRX10FT","Xích","Xích","87","xich","https://vongbicongnghiep.vn/san-pham/san-pham-15009/","https://vongbicongnghiep.vn/wp-content/uploads/2024/12/PHC-1FT.png","[""https://vongbicongnghiep.vn/wp-content/uploads/2024/12/PHC-1FT.png"",""https://vongbicongnghiep.vn/wp-content/uploads/2024/12/BV-PHC-1FT.png""]","","","[]","657000","out_of_stock","vongbicongnghiep.vn-wc-store-api-category-search-skf","2026-04-29T13:54:52.106Z"
"65192","SKF","PHC 25-1DR-O/L-SKF","PHC 25-1DR-O/L-SKF","PHC251DROLSKF","PHC 25-1DR-O/L","Xích","Xích","87","xich","https://vongbicongnghiep.vn/san-pham/san-pham-15008/","https://vongbicongnghiep.vn/wp-content/uploads/2024/12/PHC-OL.png","[""https://vongbicongnghiep.vn/wp-content/uploads/2024/12/PHC-OL.png""]","","","[]","54000","out_of_stock","vongbicongnghiep.vn-wc-store-api-category-search-skf","2026-04-29T13:54:52.106Z"
"65191","SKF","PHC 25-1DR-C/L-SKF","PHC 25-1DR-C/L-SKF","PHC251DRCLSKF","PHC 25-1DR-C/L","Xích","Xích","87","xich","https://vongbicongnghiep.vn/san-pham/san-pham-15007/","https://vongbicongnghiep.vn/wp-content/uploads/2024/12/PHC-CL.png","[""https://vongbicongnghiep.vn/wp-content/uploads/2024/12/PHC-CL.png""]","","","[]","26000","out_of_stock","vongbicongnghiep.vn-wc-store-api-category-search-skf","2026-04-29T13:54:52.106Z"
"65190","SKF","PHC 25-1C/L-SKF","PHC 25-1C/L-SKF","PHC251CLSKF","PHC 25-1C/L","Xích","Xích","87","xich","https://vongbicongnghiep.vn/san-pham/san-pham-15006/","https://vongbicongnghiep.vn/wp-content/uploads/2024/12/PHC-CL.png","[""https://vongbicongnghiep.vn/wp-content/uploads/2024/12/PHC-CL.png""]","","","[]","12000","out_of_stock","vongbicongnghiep.vn-wc-store-api-category-search-skf","2026-04-29T13:54:52.106Z"
"65189","SKF","PHC 24S-8O/L-SKF","PHC 24S-8O/L-SKF","PHC24S8OLSKF","PHC 24S-8O/L","Xích","Xích","87","xich","https://vongbicongnghiep.vn/san-pham/san-pham-15005/","https://vongbicongnghiep.vn/wp-content/uploads/2024/12/PHC-OL.png","[""https://vongbicongnghiep.vn/wp-content/uploads/2024/12/PHC-OL.png""]","","","[]","8461000","out_of_stock","vongbicongnghiep.vn-wc-store-api-category-search-skf","2026-04-29T13:54:52.106Z"
"65188","SKF","PHC 24S-8C/L-SKF","PHC 24S-8C/L-SKF","PHC24S8CLSKF","PHC 24S-8C/L","Xích","Xích","87","xich","https://vongbicongnghiep.vn/san-pham/san-pham-15004/","https://vongbicongnghiep.vn/wp-content/uploads/2024/12/PHC-CL.png","[""https://vongbicongnghiep.vn/wp-content/uploads/2024/12/PHC-CL.png""]","","","[]","4229000","out_of_stock","vongbicongnghiep.vn-wc-store-api-category-search-skf","2026-04-29T13:54:52.106Z"
"65187","SKF","PHC 24S-6X10FT-SKF","PHC 24S-6X10FT-SKF","PHC24S6X10FTSKF","PHC 24S-6X10FT","Xích","Xích","87","xich","https://vongbicongnghiep.vn/san-pham/san-pham-15003/","https://vongbicongnghiep.vn/wp-content/uploads/2024/12/PHC-3FT.png","[""https://vongbicongnghiep.vn/wp-content/uploads/2024/12/PHC-3FT.png"",""https://vongbicongnghiep.vn/wp-content/uploads/product_images/truyen-dong/xich/xich-ansi.jpg""]","","","[]","54708000","out_of_stock","vongbicongnghiep.vn-wc-store-api-category-search-skf","2026-04-29T13:54:52.106Z"
"65186","SKF","PHC 24S-6O/L-SKF","PHC 24S-6O/L-SKF","PHC24S6OLSKF","PHC 24S-6O/L","Xích","Xích","87","xich","https://vongbicongnghiep.vn/san-pham/san-pham-15002/","https://vongbicongnghiep.vn/wp-content/uploads/2024/12/PHC-OL.png","[""https://vongbicongnghiep.vn/wp-content/uploads/2024/12/PHC-OL.png""]","","","[]","5536000","out_of_stock","vongbicongnghiep.vn-wc-store-api-category-search-skf","2026-04-29T13:54:52.106Z"
"65185","SKF","PHC 24S-6C/L-SKF","PHC 24S-6C/L-SKF","PHC24S6CLSKF","PHC 24S-6C/L","Xích","Xích","87","xich","https://vongbicongnghiep.vn/san-pham/san-pham-15001/","https://vongbicongnghiep.vn/wp-content/uploads/2024/12/PHC-CL.png","[""https://vongbicongnghiep.vn/wp-content/uploads/2024/12/PHC-CL.png""]","","","[]","2770000","out_of_stock","vongbicongnghiep.vn-wc-store-api-category-search-skf","2026-04-29T13:54:52.106Z"
"65184","SKF","PHC 24S-5X10FT-SKF","PHC 24S-5X10FT-SKF","PHC24S5X10FTSKF","PHC 24S-5X10FT","Xích","Xích","87","xich","https://vongbicongnghiep.vn/san-pham/san-pham-15000/","https://vongbicongnghiep.vn/wp-content/uploads/2024/12/PHC-3FT.png","[""https://vongbicongnghiep.vn/wp-content/uploads/2024/12/PHC-3FT.png"",""https://vongbicongnghiep.vn/wp-content/uploads/product_images/truyen-dong/xich/xich-ansi.jpg""]","","","[]","41031000","out_of_stock","vongbicongnghiep.vn-wc-store-api-category-search-skf","2026-04-29T13:54:52.106Z"
"65183","SKF","PHC 24S-5O/L-SKF","PHC 24S-5O/L-SKF","PHC24S5OLSKF","PHC 24S-5O/L","Xích","Xích","87","xich","https://vongbicongnghiep.vn/san-pham/san-pham-14999/","https://vongbicongnghiep.vn/wp-content/uploads/2024/12/PHC-OL.png","[""https://vongbicongnghiep.vn/wp-content/uploads/2024/12/PHC-OL.png""]","","","[]","4614000","out_of_stock","vongbicongnghiep.vn-wc-store-api-category-search-skf","2026-04-29T13:54:52.106Z"
"65182","SKF","PHC 24S-5C/L-SKF","PHC 24S-5C/L-SKF","PHC24S5CLSKF","PHC 24S-5C/L","Xích","Xích","87","xich","https://vongbicongnghiep.vn/san-pham/san-pham-14998/","https://vongbicongnghiep.vn/wp-content/uploads/2024/12/PHC-CL.png","[""https://vongbicongnghiep.vn/wp-content/uploads/2024/12/PHC-CL.png""]","","","[]","2306000","out_of_stock","vongbicongnghiep.vn-wc-store-api-category-search-skf","2026-04-29T13:54:52.106Z"
"65181","SKF","PHC 24S-4X10FT-SKF","PHC 24S-4X10FT-SKF","PHC24S4X10FTSKF","PHC 24S-4X10FT","Xích","Xích","87","xich","https://vongbicongnghiep.vn/san-pham/san-pham-14997/","https://vongbicongnghiep.vn/wp-content/uploads/2024/12/PHC-3FT.png","[""https://vongbicongnghiep.vn/wp-content/uploads/2024/12/PHC-3FT.png"",""https://vongbicongnghiep.vn/wp-content/uploads/product_images/truyen-dong/xich/xich-ansi.jpg""]","","","[]","30773000","out_of_stock","vongbicongnghiep.vn-wc-store-api-category-search-skf","2026-04-29T13:54:52.106Z"
"65180","SKF","PHC 24S-4O/L-SKF","PHC 24S-4O/L-SKF","PHC24S4OLSKF","PHC 24S-4O/L","Xích","Xích","87","xich","https://vongbicongnghiep.vn/san-pham/san-pham-14996/","https://vongbicongnghiep.vn/wp-content/uploads/2024/12/PHC-OL.png","[""https://vongbicongnghiep.vn/wp-content/uploads/2024/12/PHC-OL.png""]","","","[]","3463000","out_of_stock","vongbicongnghiep.vn-wc-store-api-category-search-skf","2026-04-29T13:54:52.106Z"
"65179","SKF","PHC 24S-4C/L-SKF","PHC 24S-4C/L-SKF","PHC24S4CLSKF","PHC 24S-4C/L","Xích","Xích","87","xich","https://vongbicongnghiep.vn/san-pham/san-pham-14995/","https://vongbicongnghiep.vn/wp-content/uploads/2024/12/PHC-CL.png","[""https://vongbicongnghiep.vn/wp-content/uploads/2024/12/PHC-CL.png""]","","","[]","1729000","out_of_stock","vongbicongnghiep.vn-wc-store-api-category-search-skf","2026-04-29T13:54:52.106Z"
"65178","SKF","PHC 24S-3X10FT-SKF","PHC 24S-3X10FT-SKF","PHC24S3X10FTSKF","PHC 24S-3X10FT","Xích","Xích","87","xich","https://vongbicongnghiep.vn/san-pham/san-pham-14994/","https://vongbicongnghiep.vn/wp-content/uploads/2024/12/PHC-3FT.png","[""https://vongbicongnghiep.vn/wp-content/uploads/2024/12/PHC-3FT.png"",""https://vongbicongnghiep.vn/wp-content/uploads/product_images/truyen-dong/xich/xich-ansi.jpg""]","","","[]","21885000","out_of_stock","vongbicongnghiep.vn-wc-store-api-category-search-skf","2026-04-29T13:54:52.106Z"
"65177","SKF","PHC 24S-3O/L-SKF","PHC 24S-3O/L-SKF","PHC24S3OLSKF","PHC 24S-3O/L","Xích","Xích","87","xich","https://vongbicongnghiep.vn/san-pham/san-pham-14993/","https://vongbicongnghiep.vn/wp-content/uploads/2024/12/PHC-OL.png","[""https://vongbicongnghiep.vn/wp-content/uploads/2024/12/PHC-OL.png""]","","","[]","2462000","out_of_stock","vongbicongnghiep.vn-wc-store-api-category-search-skf","2026-04-29T13:54:52.106Z"
"65176","SKF","PHC 24S-3C/L-SKF","PHC 24S-3C/L-SKF","PHC24S3CLSKF","PHC 24S-3C/L","Xích","Xích","87","xich","https://vongbicongnghiep.vn/san-pham/san-pham-14992/","https://vongbicongnghiep.vn/wp-content/uploads/2024/12/PHC-CL.png","[""https://vongbicongnghiep.vn/wp-content/uploads/2024/12/PHC-CL.png""]","","","[]","1228000","out_of_stock","vongbicongnghiep.vn-wc-store-api-category-search-skf","2026-04-29T13:54:52.106Z"
"65175","SKF","PHC 24S-2X10FT-SKF","PHC 24S-2X10FT-SKF","PHC24S2X10FTSKF","PHC 24S-2X10FT","Xích","Xích","87","xich","https://vongbicongnghiep.vn/san-pham/san-pham-14991/","https://vongbicongnghiep.vn/wp-content/uploads/2024/12/PHC-2FT.png","[""https://vongbicongnghiep.vn/wp-content/uploads/2024/12/PHC-2FT.png"",""https://vongbicongnghiep.vn/wp-content/uploads/product_images/truyen-dong/xich/xich-ansi.jpg""]","","","[]","13676000","out_of_stock","vongbicongnghiep.vn-wc-store-api-category-search-skf","2026-04-29T13:54:52.106Z"
"65174","SKF","PHC 24S-2O/L-SKF","PHC 24S-2O/L-SKF","PHC24S2OLSKF","PHC 24S-2O/L","Xích","Xích","87","xich","https://vongbicongnghiep.vn/san-pham/san-pham-14990/","https://vongbicongnghiep.vn/wp-content/uploads/2024/12/PHC-OL.png","[""https://vongbicongnghiep.vn/wp-content/uploads/2024/12/PHC-OL.png""]","","","[]","1539000","out_of_stock","vongbicongnghiep.vn-wc-store-api-category-search-skf","2026-04-29T13:54:52.106Z"
"65173","SKF","PHC 24S-2C/L-SKF","PHC 24S-2C/L-SKF","PHC24S2CLSKF","PHC 24S-2C/L","Xích","Xích","87","xich","https://vongbicongnghiep.vn/san-pham/san-pham-14989/","https://vongbicongnghiep.vn/wp-content/uploads/2024/12/PHC-CL.png","[""https://vongbicongnghiep.vn/wp-content/uploads/2024/12/PHC-CL.png""]","","","[]","770000","out_of_stock","vongbicongnghiep.vn-wc-store-api-category-search-skf","2026-04-29T13:54:52.106Z"
"65172","SKF","PHC 24S-1X10FT-SKF","PHC 24S-1X10FT-SKF","PHC24S1X10FTSKF","PHC 24S-1X10FT","Xích","Xích","87","xich","https://vongbicongnghiep.vn/san-pham/san-pham-14988/","https://vongbicongnghiep.vn/wp-content/uploads/2024/12/PHC-1FT.png","[""https://vongbicongnghiep.vn/wp-content/uploads/2024/12/PHC-1FT.png"",""https://vongbicongnghiep.vn/wp-content/uploads/2024/12/BV-PHC-1FT.png""]","","","[]","6839000","out_of_stock","vongbicongnghiep.vn-wc-store-api-category-search-skf","2026-04-29T13:54:52.106Z"
"65171","SKF","PHC 24S-1O/L-SKF","PHC 24S-1O/L-SKF","PHC24S1OLSKF","PHC 24S-1O/L","Xích","Xích","87","xich","https://vongbicongnghiep.vn/san-pham/san-pham-14987/","https://vongbicongnghiep.vn/wp-content/uploads/2024/12/PHC-OL.png","[""https://vongbicongnghiep.vn/wp-content/uploads/2024/12/PHC-OL.png""]","","","[]","770000","out_of_stock","vongbicongnghiep.vn-wc-store-api-category-search-skf","2026-04-29T13:54:52.106Z"
"65170","SKF","PHC 24S-1C/L-SKF","PHC 24S-1C/L-SKF","PHC24S1CLSKF","PHC 24S-1C/L","Xích","Xích","87","xich","https://vongbicongnghiep.vn/san-pham/san-pham-14986/","https://vongbicongnghiep.vn/wp-content/uploads/2024/12/PHC-CL.png","[""https://vongbicongnghiep.vn/wp-content/uploads/2024/12/PHC-CL.png""]","","","[]","384000","out_of_stock","vongbicongnghiep.vn-wc-store-api-category-search-skf","2026-04-29T13:54:52.106Z"
"65169","SKF","PHC 24B-3X10FT-SKF","PHC 24B-3X10FT-SKF","PHC24B3X10FTSKF","PHC 24B-3X10FT","Xích","Xích","87","xich","https://vongbicongnghiep.vn/san-pham/san-pham-14985/","https://vongbicongnghiep.vn/wp-content/uploads/2024/12/PHC-3FT.png","[""https://vongbicongnghiep.vn/wp-content/uploads/2024/12/PHC-3FT.png"",""https://vongbicongnghiep.vn/wp-content/uploads/product_images/truyen-dong/xich/xich-ansi.jpg""]","","","[]","15031000","out_of_stock","vongbicongnghiep.vn-wc-store-api-category-search-skf","2026-04-29T13:54:52.106Z"
"65168","SKF","PHC 24B-3O/L-SKF","PHC 24B-3O/L-SKF","PHC24B3OLSKF","PHC 24B-3O/L","Xích","Xích","87","xich","https://vongbicongnghiep.vn/san-pham/san-pham-14984/","https://vongbicongnghiep.vn/wp-content/uploads/2024/12/PHC-3CL.png","[""https://vongbicongnghiep.vn/wp-content/uploads/2024/12/PHC-3CL.png""]","","","[]","933000","out_of_stock","vongbicongnghiep.vn-wc-store-api-category-search-skf","2026-04-29T13:54:52.106Z"
"65167","SKF","PHC 24B-3CX10FT-SKF","PHC 24B-3CX10FT-SKF","PHC24B3CX10FTSKF","PHC 24B-3CX10FT","Xích","Xích","87","xich","https://vongbicongnghiep.vn/san-pham/san-pham-14983/","https://vongbicongnghiep.vn/wp-content/uploads/2024/12/PHC-3FT.png","[""https://vongbicongnghiep.vn/wp-content/uploads/2024/12/PHC-3FT.png"",""https://vongbicongnghiep.vn/wp-content/uploads/product_images/truyen-dong/xich/xich-ansi.jpg""]","","","[]","20047000","out_of_stock","vongbicongnghiep.vn-wc-store-api-category-search-skf","2026-04-29T13:54:52.106Z"
"65166","SKF","PHC 24B-3C/L-SKF","PHC 24B-3C/L-SKF","PHC24B3CLSKF","PHC 24B-3C/L","Xích","Xích","87","xich","https://vongbicongnghiep.vn/san-pham/san-pham-14982/","https://vongbicongnghiep.vn/wp-content/uploads/2024/12/PHC-3OL.png","[""https://vongbicongnghiep.vn/wp-content/uploads/2024/12/PHC-3OL.png""]","","","[]","462000","out_of_stock","vongbicongnghiep.vn-wc-store-api-category-search-skf","2026-04-29T13:54:52.106Z"
"65165","SKF","PHC 24B-2ZPX10FT-SKF","PHC 24B-2ZPX10FT-SKF","PHC24B2ZPX10FTSKF","PHC 24B-2ZPX10FT","Xích","Xích","87","xich","https://vongbicongnghiep.vn/san-pham/san-pham-14981/","https://vongbicongnghiep.vn/wp-content/uploads/2024/12/PHC-2FT.png","[""https://vongbicongnghiep.vn/wp-content/uploads/2024/12/PHC-2FT.png"",""https://vongbicongnghiep.vn/wp-content/uploads/product_images/truyen-dong/xich/xich-ansi.jpg""]","","","[]","10017000","out_of_stock","vongbicongnghiep.vn-wc-store-api-category-search-skf","2026-04-29T13:54:52.106Z"
"65164","SKF","PHC 24B-2ZP-O/L-SKF","PHC 24B-2ZP-O/L-SKF","PHC24B2ZPOLSKF","PHC 24B-2ZP-O/L","Xích","Xích","87","xich","https://vongbicongnghiep.vn/san-pham/san-pham-14980/","https://vongbicongnghiep.vn/wp-content/uploads/2024/12/PHC-2OL.png","[""https://vongbicongnghiep.vn/wp-content/uploads/2024/12/PHC-2OL.png""]","","","[]","723000","out_of_stock","vongbicongnghiep.vn-wc-store-api-category-search-skf","2026-04-29T13:54:52.106Z"
"65163","SKF","PHC 24B-2ZP-C/L-SKF","PHC 24B-2ZP-C/L-SKF","PHC24B2ZPCLSKF","PHC 24B-2ZP-C/L","Xích","Xích","87","xich","https://vongbicongnghiep.vn/san-pham/san-pham-14979/","https://vongbicongnghiep.vn/wp-content/uploads/2024/12/PHC-2CL.png","[""https://vongbicongnghiep.vn/wp-content/uploads/2024/12/PHC-2CL.png""]","","","[]","363000","out_of_stock","vongbicongnghiep.vn-wc-store-api-category-search-skf","2026-04-29T13:54:52.106Z"
"65162","SKF","PHC 24B-2X5MTR-SKF","PHC 24B-2X5MTR-SKF","PHC24B2X5MTRSKF","PHC 24B-2X5MTR","Xích","Xích","87","xich","https://vongbicongnghiep.vn/san-pham/san-pham-14978/","https://vongbicongnghiep.vn/wp-content/uploads/2024/12/PHC-2FT.png","[""https://vongbicongnghiep.vn/wp-content/uploads/2024/12/PHC-2FT.png"",""https://vongbicongnghiep.vn/wp-content/uploads/product_images/truyen-dong/xich/xich-ansi.jpg""]","","","[]","14680000","out_of_stock","vongbicongnghiep.vn-wc-store-api-category-search-skf","2026-04-29T13:54:52.106Z"
"65161","SKF","PHC 24B-2X10FT-SKF","PHC 24B-2X10FT-SKF","PHC24B2X10FTSKF","PHC 24B-2X10FT","Xích","Xích","87","xich","https://vongbicongnghiep.vn/san-pham/san-pham-14977/","https://vongbicongnghiep.vn/wp-content/uploads/2024/12/PHC-2FT.png","[""https://vongbicongnghiep.vn/wp-content/uploads/2024/12/PHC-2FT.png"",""https://vongbicongnghiep.vn/wp-content/uploads/product_images/truyen-dong/xich/xich-ansi.jpg""]","","","[]","8968000","out_of_stock","vongbicongnghiep.vn-wc-store-api-category-search-skf","2026-04-29T13:54:52.106Z"
"65160","SKF","PHC 24B-2SSX10FT-SKF","PHC 24B-2SSX10FT-SKF","PHC24B2SSX10FTSKF","PHC 24B-2SSX10FT","Xích","Xích","87","xich","https://vongbicongnghiep.vn/san-pham/san-pham-14976/","https://vongbicongnghiep.vn/wp-content/uploads/2024/12/PHC-2FT.png","[""https://vongbicongnghiep.vn/wp-content/uploads/2024/12/PHC-2FT.png"",""https://vongbicongnghiep.vn/wp-content/uploads/product_images/truyen-dong/xich/xich-ansi.jpg""]","","","[]","31097000","out_of_stock","vongbicongnghiep.vn-wc-store-api-category-search-skf","2026-04-29T13:54:52.106Z"
"65159","SKF","PHC 24B-2SS-O/L-SKF","PHC 24B-2SS-O/L-SKF","PHC24B2SSOLSKF","PHC 24B-2SS-O/L","Xích","Xích","87","xich","https://vongbicongnghiep.vn/san-pham/san-pham-14975/","https://vongbicongnghiep.vn/wp-content/uploads/2024/12/PHC-2OL.png","[""https://vongbicongnghiep.vn/wp-content/uploads/2024/12/PHC-2OL.png""]","","","[]","3049000","out_of_stock","vongbicongnghiep.vn-wc-store-api-category-search-skf","2026-04-29T13:54:52.106Z"
"65158","SKF","PHC 24B-2SS-C/L-SKF","PHC 24B-2SS-C/L-SKF","PHC24B2SSCLSKF","PHC 24B-2SS-C/L","Xích","Xích","87","xich","https://vongbicongnghiep.vn/san-pham/san-pham-14974/","https://vongbicongnghiep.vn/wp-content/uploads/2024/12/PHC-2CL.png","[""https://vongbicongnghiep.vn/wp-content/uploads/2024/12/PHC-2CL.png""]","","","[]","1524000","out_of_stock","vongbicongnghiep.vn-wc-store-api-category-search-skf","2026-04-29T13:54:52.106Z"
"65157","SKF","PHC 24B-2O/L-SKF","PHC 24B-2O/L-SKF","PHC24B2OLSKF","PHC 24B-2O/L","Xích","Xích","87","xich","https://vongbicongnghiep.vn/san-pham/san-pham-14973/","https://vongbicongnghiep.vn/wp-content/uploads/2024/12/PHC-2OL.png","[""https://vongbicongnghiep.vn/wp-content/uploads/2024/12/PHC-2OL.png""]","","","[]","583000","out_of_stock","vongbicongnghiep.vn-wc-store-api-category-search-skf","2026-04-29T13:54:52.106Z"
"65156","SKF","PHC 24B-2NPX10FT-SKF","PHC 24B-2NPX10FT-SKF","PHC24B2NPX10FTSKF","PHC 24B-2NPX10FT","Xích","Xích","87","xich","https://vongbicongnghiep.vn/san-pham/san-pham-14972/","https://vongbicongnghiep.vn/wp-content/uploads/2024/12/PHC-2FT.png","[""https://vongbicongnghiep.vn/wp-content/uploads/2024/12/PHC-2FT.png"",""https://vongbicongnghiep.vn/wp-content/uploads/product_images/truyen-dong/xich/xich-ansi.jpg""]","","","[]","12360000","out_of_stock","vongbicongnghiep.vn-wc-store-api-category-search-skf","2026-04-29T13:54:52.106Z"
"65155","SKF","PHC 24B-2NP-O/L-SKF","PHC 24B-2NP-O/L-SKF","PHC24B2NPOLSKF","PHC 24B-2NP-O/L","Xích","Xích","87","xich","https://vongbicongnghiep.vn/san-pham/san-pham-14971/","https://vongbicongnghiep.vn/wp-content/uploads/2024/12/PHC-2OL.png","[""https://vongbicongnghiep.vn/wp-content/uploads/2024/12/PHC-2OL.png""]","","","[]","1148000","out_of_stock","vongbicongnghiep.vn-wc-store-api-category-search-skf","2026-04-29T13:54:52.106Z"
"65154","SKF","PHC 24B-2NP-C/L-SKF","PHC 24B-2NP-C/L-SKF","PHC24B2NPCLSKF","PHC 24B-2NP-C/L","Xích","Xích","87","xich","https://vongbicongnghiep.vn/san-pham/san-pham-14970/","https://vongbicongnghiep.vn/wp-content/uploads/2024/12/PHC-2CL.png","[""https://vongbicongnghiep.vn/wp-content/uploads/2024/12/PHC-2CL.png""]","","","[]","574000","out_of_stock","vongbicongnghiep.vn-wc-store-api-category-search-skf","2026-04-29T13:54:52.106Z"
"65153","SKF","PHC 24B-2DRX10FT-SKF","PHC 24B-2DRX10FT-SKF","PHC24B2DRX10FTSKF","PHC 24B-2DRX10FT","Xích","Xích","87","xich","https://vongbicongnghiep.vn/san-pham/san-pham-14969/","https://vongbicongnghiep.vn/wp-content/uploads/2024/12/PHC-2FT.png","[""https://vongbicongnghiep.vn/wp-content/uploads/2024/12/PHC-2FT.png"",""https://vongbicongnghiep.vn/wp-content/uploads/product_images/truyen-dong/xich/xich-ansi.jpg""]","","","[]","14318000","out_of_stock","vongbicongnghiep.vn-wc-store-api-category-search-skf","2026-04-29T13:54:52.106Z"
"65152","SKF","PHC 24B-2DR-O/L-SKF","PHC 24B-2DR-O/L-SKF","PHC24B2DROLSKF","PHC 24B-2DR-O/L","Xích","Xích","87","xich","https://vongbicongnghiep.vn/san-pham/san-pham-14968/","https://vongbicongnghiep.vn/wp-content/uploads/2024/12/PHC-2OL.png","[""https://vongbicongnghiep.vn/wp-content/uploads/2024/12/PHC-2OL.png""]","","","[]","1364000","out_of_stock","vongbicongnghiep.vn-wc-store-api-category-search-skf","2026-04-29T13:54:52.106Z"
"65151","SKF","PHC 24B-2DR-C/L-SKF","PHC 24B-2DR-C/L-SKF","PHC24B2DRCLSKF","PHC 24B-2DR-C/L","Xích","Xích","87","xich","https://vongbicongnghiep.vn/san-pham/san-pham-14967/","https://vongbicongnghiep.vn/wp-content/uploads/2024/12/PHC-2CL.png","[""https://vongbicongnghiep.vn/wp-content/uploads/2024/12/PHC-2CL.png""]","","","[]","683000","out_of_stock","vongbicongnghiep.vn-wc-store-api-category-search-skf","2026-04-29T13:54:52.106Z"
"65150","SKF","PHC 24B-2C/L-SKF","PHC 24B-2C/L-SKF","PHC24B2CLSKF","PHC 24B-2C/L","Xích","Xích","87","xich","https://vongbicongnghiep.vn/san-pham/san-pham-14966/","https://vongbicongnghiep.vn/wp-content/uploads/2024/12/PHC-2CL.png","[""https://vongbicongnghiep.vn/wp-content/uploads/2024/12/PHC-2CL.png""]","","","[]","289000","out_of_stock","vongbicongnghiep.vn-wc-store-api-category-search-skf","2026-04-29T13:54:52.106Z"
"65149","SKF","PHC 24B-1ZPX10FT-SKF","PHC 24B-1ZPX10FT-SKF","PHC24B1ZPX10FTSKF","PHC 24B-1ZPX10FT","Xích","Xích","87","xich","https://vongbicongnghiep.vn/san-pham/san-pham-14965/","https://vongbicongnghiep.vn/wp-content/uploads/2024/12/PHC-1FT.png","[""https://vongbicongnghiep.vn/wp-content/uploads/2024/12/PHC-1FT.png"",""https://vongbicongnghiep.vn/wp-content/uploads/2024/12/BV-PHC-1FT.png""]","","","[]","5009000","out_of_stock","vongbicongnghiep.vn-wc-store-api-category-search-skf","2026-04-29T13:54:52.106Z"
"65148","SKF","PHC 24B-1ZP-O/L-SKF","PHC 24B-1ZP-O/L-SKF","PHC24B1ZPOLSKF","PHC 24B-1ZP-O/L","Xích","Xích","87","xich","https://vongbicongnghiep.vn/san-pham/san-pham-14964/","https://vongbicongnghiep.vn/wp-content/uploads/2024/12/PHC-OL.png","[""https://vongbicongnghiep.vn/wp-content/uploads/2024/12/PHC-OL.png""]","","","[]","363000","out_of_stock","vongbicongnghiep.vn-wc-store-api-category-search-skf","2026-04-29T13:54:52.106Z"
"65147","SKF","PHC 24B-1ZP-C/L-SKF","PHC 24B-1ZP-C/L-SKF","PHC24B1ZPCLSKF","PHC 24B-1ZP-C/L","Xích","Xích","87","xich","https://vongbicongnghiep.vn/san-pham/san-pham-14963/","https://vongbicongnghiep.vn/wp-content/uploads/2024/12/PHC-CL.png","[""https://vongbicongnghiep.vn/wp-content/uploads/2024/12/PHC-CL.png""]","","","[]","181000","out_of_stock","vongbicongnghiep.vn-wc-store-api-category-search-skf","2026-04-29T13:54:52.106Z"
"65146","SKF","PHC 24B-1X5MTR-SKF","PHC 24B-1X5MTR-SKF","PHC24B1X5MTRSKF","PHC 24B-1X5MTR","Xích","Xích","87","xich","https://vongbicongnghiep.vn/san-pham/san-pham-14962/","https://vongbicongnghiep.vn/wp-content/uploads/2024/12/PHC-1FT.png","[""https://vongbicongnghiep.vn/wp-content/uploads/2024/12/PHC-1FT.png"",""https://vongbicongnghiep.vn/wp-content/uploads/2024/12/BV-PHC-1FT.png""]","","","[]","7263000","out_of_stock","vongbicongnghiep.vn-wc-store-api-category-search-skf","2026-04-29T13:54:52.106Z"
"65145","SKF","PHC 24B-1X10FT-SKF","PHC 24B-1X10FT-SKF","PHC24B1X10FTSKF","PHC 24B-1X10FT","Xích","Xích","87","xich","https://vongbicongnghiep.vn/san-pham/san-pham-14961/","https://vongbicongnghiep.vn/wp-content/uploads/2024/12/PHC-1FT.png","[""https://vongbicongnghiep.vn/wp-content/uploads/2024/12/PHC-1FT.png"",""https://vongbicongnghiep.vn/wp-content/uploads/2024/12/BV-PHC-1FT.png""]","","","[]","4428000","out_of_stock","vongbicongnghiep.vn-wc-store-api-category-search-skf","2026-04-29T13:54:52.106Z"
"65144","SKF","PHC 24B-1SSX10FT-SKF","PHC 24B-1SSX10FT-SKF","PHC24B1SSX10FTSKF","PHC 24B-1SSX10FT","Xích","Xích","87","xich","https://vongbicongnghiep.vn/san-pham/san-pham-14960/","https://vongbicongnghiep.vn/wp-content/uploads/2024/12/PHC-1FT.png","[""https://vongbicongnghiep.vn/wp-content/uploads/2024/12/PHC-1FT.png"",""https://vongbicongnghiep.vn/wp-content/uploads/2024/12/BV-PHC-1FT.png""]","","","[]","15548000","out_of_stock","vongbicongnghiep.vn-wc-store-api-category-search-skf","2026-04-29T13:54:52.106Z"
"65143","SKF","PHC 24B-1SS-O/L-SKF","PHC 24B-1SS-O/L-SKF","PHC24B1SSOLSKF","PHC 24B-1SS-O/L","Xích","Xích","87","xich","https://vongbicongnghiep.vn/san-pham/san-pham-14959/","https://vongbicongnghiep.vn/wp-content/uploads/2024/12/PHC-OL.png","[""https://vongbicongnghiep.vn/wp-content/uploads/2024/12/PHC-OL.png""]","","","[]","1524000","out_of_stock","vongbicongnghiep.vn-wc-store-api-category-search-skf","2026-04-29T13:54:52.106Z"
"65142","SKF","PHC 24B-1SS-C/L-SKF","PHC 24B-1SS-C/L-SKF","PHC24B1SSCLSKF","PHC 24B-1SS-C/L","Xích","Xích","87","xich","https://vongbicongnghiep.vn/san-pham/san-pham-14958/","https://vongbicongnghiep.vn/wp-content/uploads/2024/12/PHC-CL.png","[""https://vongbicongnghiep.vn/wp-content/uploads/2024/12/PHC-CL.png""]","","","[]","761000","out_of_stock","vongbicongnghiep.vn-wc-store-api-category-search-skf","2026-04-29T13:54:52.106Z"
"65141","SKF","PHC 24B-1O/L-SKF","PHC 24B-1O/L-SKF","PHC24B1OLSKF","PHC 24B-1O/L","Xích","Xích","87","xich","https://vongbicongnghiep.vn/san-pham/san-pham-14957/","https://vongbicongnghiep.vn/wp-content/uploads/2024/12/PHC-OL.png","[""https://vongbicongnghiep.vn/wp-content/uploads/2024/12/PHC-OL.png""]","","","[]","292000","out_of_stock","vongbicongnghiep.vn-wc-store-api-category-search-skf","2026-04-29T13:54:52.106Z"
"65140","SKF","PHC 24B-1NPX10FT-SKF","PHC 24B-1NPX10FT-SKF","PHC24B1NPX10FTSKF","PHC 24B-1NPX10FT","Xích","Xích","87","xich","https://vongbicongnghiep.vn/san-pham/san-pham-14956/","https://vongbicongnghiep.vn/wp-content/uploads/2024/12/PHC-1FT.png","[""https://vongbicongnghiep.vn/wp-content/uploads/2024/12/PHC-1FT.png"",""https://vongbicongnghiep.vn/wp-content/uploads/2024/12/BV-PHC-1FT.png""]","","","[]","6180000","out_of_stock","vongbicongnghiep.vn-wc-store-api-category-search-skf","2026-04-29T13:54:52.106Z"
"65139","SKF","PHC 24B-1NP-O/L-SKF","PHC 24B-1NP-O/L-SKF","PHC24B1NPOLSKF","PHC 24B-1NP-O/L","Xích","Xích","87","xich","https://vongbicongnghiep.vn/san-pham/san-pham-14955/","https://vongbicongnghiep.vn/wp-content/uploads/2024/12/PHC-OL.png","[""https://vongbicongnghiep.vn/wp-content/uploads/2024/12/PHC-OL.png""]","","","[]","574000","out_of_stock","vongbicongnghiep.vn-wc-store-api-category-search-skf","2026-04-29T13:54:52.106Z"
"65138","SKF","PHC 24B-1NP-C/L-SKF","PHC 24B-1NP-C/L-SKF","PHC24B1NPCLSKF","PHC 24B-1NP-C/L","Xích","Xích","87","xich","https://vongbicongnghiep.vn/san-pham/san-pham-14954/","https://vongbicongnghiep.vn/wp-content/uploads/2024/12/PHC-CL.png","[""https://vongbicongnghiep.vn/wp-content/uploads/2024/12/PHC-CL.png""]","","","[]","286000","out_of_stock","vongbicongnghiep.vn-wc-store-api-category-search-skf","2026-04-29T13:54:52.106Z"
"65137","SKF","PHC 24B-1DRX10FT-SKF","PHC 24B-1DRX10FT-SKF","PHC24B1DRX10FTSKF","PHC 24B-1DRX10FT","Xích","Xích","87","xich","https://vongbicongnghiep.vn/san-pham/san-pham-14953/","https://vongbicongnghiep.vn/wp-content/uploads/2024/12/PHC-1FT.png","[""https://vongbicongnghiep.vn/wp-content/uploads/2024/12/PHC-1FT.png"",""https://vongbicongnghiep.vn/wp-content/uploads/2024/12/BV-PHC-1FT.png""]","","","[]","7159000","out_of_stock","vongbicongnghiep.vn-wc-store-api-category-search-skf","2026-04-29T13:54:52.106Z"
"65136","SKF","PHC 24B-1DR-O/L-SKF","PHC 24B-1DR-O/L-SKF","PHC24B1DROLSKF","PHC 24B-1DR-O/L","Xích","Xích","87","xich","https://vongbicongnghiep.vn/san-pham/san-pham-14952/","https://vongbicongnghiep.vn/wp-content/uploads/2024/12/PHC-OL.png","[""https://vongbicongnghiep.vn/wp-content/uploads/2024/12/PHC-OL.png""]","","","[]","683000","out_of_stock","vongbicongnghiep.vn-wc-store-api-category-search-skf","2026-04-29T13:54:52.106Z"
"65135","SKF","PHC 24B-1DR-C/L-SKF","PHC 24B-1DR-C/L-SKF","PHC24B1DRCLSKF","PHC 24B-1DR-C/L","Xích","Xích","87","xich","https://vongbicongnghiep.vn/san-pham/san-pham-14951/","https://vongbicongnghiep.vn/wp-content/uploads/2024/12/PHC-CL.png","[""https://vongbicongnghiep.vn/wp-content/uploads/2024/12/PHC-CL.png""]","","","[]","340000","out_of_stock","vongbicongnghiep.vn-wc-store-api-category-search-skf","2026-04-29T13:54:52.106Z"
"65134","SKF","PHC 24B-1C/L-SKF","PHC 24B-1C/L-SKF","PHC24B1CLSKF","PHC 24B-1C/L","Xích","Xích","87","xich","https://vongbicongnghiep.vn/san-pham/san-pham-14950/","https://vongbicongnghiep.vn/wp-content/uploads/2024/12/PHC-CL.png","[""https://vongbicongnghiep.vn/wp-content/uploads/2024/12/PHC-CL.png""]","","","[]","144000","out_of_stock","vongbicongnghiep.vn-wc-store-api-category-search-skf","2026-04-29T13:54:52.106Z"
"65133","SKF","PHC 240SH-1X10FT-SKF","PHC 240SH-1X10FT-SKF","PHC240SH1X10FTSKF","PHC 240SH-1X10FT","Xích","Xích","87","xich","https://vongbicongnghiep.vn/san-pham/san-pham-14949/","https://vongbicongnghiep.vn/wp-content/uploads/2024/12/PHC-1FT.png","[""https://vongbicongnghiep.vn/wp-content/uploads/2024/12/PHC-1FT.png"",""https://vongbicongnghiep.vn/wp-content/uploads/2024/12/BV-PHC-1FT.png""]","","","[]","29161000","out_of_stock","vongbicongnghiep.vn-wc-store-api-category-search-skf","2026-04-29T13:54:52.106Z"
"65132","SKF","PHC 240H-1X10FT-SKF","PHC 240H-1X10FT-SKF","PHC240H1X10FTSKF","PHC 240H-1X10FT","Xích","Xích","87","xich","https://vongbicongnghiep.vn/san-pham/san-pham-14948/","https://vongbicongnghiep.vn/wp-content/uploads/2024/12/PHC-1FT.png","[""https://vongbicongnghiep.vn/wp-content/uploads/2024/12/PHC-1FT.png"",""https://vongbicongnghiep.vn/wp-content/uploads/2024/12/BV-PHC-1FT.png""]","","","[]","20591000","out_of_stock","vongbicongnghiep.vn-wc-store-api-category-search-skf","2026-04-29T13:54:52.106Z"
"65131","SKF","PHC 240H-1O/L-SKF","PHC 240H-1O/L-SKF","PHC240H1OLSKF","PHC 240H-1O/L","Xích","Xích","87","xich","https://vongbicongnghiep.vn/san-pham/san-pham-14947/","https://vongbicongnghiep.vn/wp-content/uploads/2024/12/PHC-OL.png","[""https://vongbicongnghiep.vn/wp-content/uploads/2024/12/PHC-OL.png""]","","","[]","2668000","out_of_stock","vongbicongnghiep.vn-wc-store-api-category-search-skf","2026-04-29T13:54:52.106Z"
"65130","SKF","PHC 240H-1C/L-SKF","PHC 240H-1C/L-SKF","PHC240H1CLSKF","PHC 240H-1C/L","Xích","Xích","87","xich","https://vongbicongnghiep.vn/san-pham/san-pham-14946/","https://vongbicongnghiep.vn/wp-content/uploads/2024/12/PHC-CL.png","[""https://vongbicongnghiep.vn/wp-content/uploads/2024/12/PHC-CL.png""]","","","[]","1333000","out_of_stock","vongbicongnghiep.vn-wc-store-api-category-search-skf","2026-04-29T13:54:52.106Z"
"65129","SKF","PHC 240-3O/L-SKF","PHC 240-3O/L-SKF","PHC2403OLSKF","PHC 240-3O/L","Xích","Xích","87","xich","https://vongbicongnghiep.vn/san-pham/san-pham-14945/","https://vongbicongnghiep.vn/wp-content/uploads/2024/12/PHC-3CL.png","[""https://vongbicongnghiep.vn/wp-content/uploads/2024/12/PHC-3CL.png""]","","","[]","6400000","out_of_stock","vongbicongnghiep.vn-wc-store-api-category-search-skf","2026-04-29T13:54:52.106Z"
"65128","SKF","PHC 240-3CX10FT-SKF","PHC 240-3CX10FT-SKF","PHC2403CX10FTSKF","PHC 240-3CX10FT","Xích","Xích","87","xich","https://vongbicongnghiep.vn/san-pham/san-pham-14944/","https://vongbicongnghiep.vn/wp-content/uploads/2024/12/PHC-3FT.png","[""https://vongbicongnghiep.vn/wp-content/uploads/2024/12/PHC-3FT.png"",""https://vongbicongnghiep.vn/wp-content/uploads/product_images/truyen-dong/xich/xich-ansi.jpg""]","","","[]","54773000","out_of_stock","vongbicongnghiep.vn-wc-store-api-category-search-skf","2026-04-29T13:54:52.106Z"
"65127","SKF","PHC 240-3C/L-SKF","PHC 240-3C/L-SKF","PHC2403CLSKF","PHC 240-3C/L","Xích","Xích","87","xich","https://vongbicongnghiep.vn/san-pham/san-pham-14943/","https://vongbicongnghiep.vn/wp-content/uploads/2024/12/PHC-3OL.png","[""https://vongbicongnghiep.vn/wp-content/uploads/2024/12/PHC-3OL.png""]","","","[]","3199000","out_of_stock","vongbicongnghiep.vn-wc-store-api-category-search-skf","2026-04-29T13:54:52.106Z"
"65126","SKF","PHC 240-2O/L-SKF","PHC 240-2O/L-SKF","PHC2402OLSKF","PHC 240-2O/L","Xích","Xích","87","xich","https://vongbicongnghiep.vn/san-pham/san-pham-14942/","https://vongbicongnghiep.vn/wp-content/uploads/2024/12/PHC-2OL.png","[""https://vongbicongnghiep.vn/wp-content/uploads/2024/12/PHC-2OL.png""]","","","[]","4001000","out_of_stock","vongbicongnghiep.vn-wc-store-api-category-search-skf","2026-04-29T13:54:52.106Z"
"65125","SKF","PHC 240-2CX10FT-SKF","PHC 240-2CX10FT-SKF","PHC2402CX10FTSKF","PHC 240-2CX10FT","Xích","Xích","87","xich","https://vongbicongnghiep.vn/san-pham/san-pham-14941/","https://vongbicongnghiep.vn/wp-content/uploads/2024/12/PHC-2FT.png","[""https://vongbicongnghiep.vn/wp-content/uploads/2024/12/PHC-2FT.png"",""https://vongbicongnghiep.vn/wp-content/uploads/product_images/truyen-dong/xich/xich-ansi.jpg""]","","","[]","34233000","out_of_stock","vongbicongnghiep.vn-wc-store-api-category-search-skf","2026-04-29T13:54:52.106Z"
"65124","SKF","PHC 240-2C/L-SKF","PHC 240-2C/L-SKF","PHC2402CLSKF","PHC 240-2C/L","Xích","Xích","87","xich","https://vongbicongnghiep.vn/san-pham/san-pham-14940/","https://vongbicongnghiep.vn/wp-content/uploads/2024/12/PHC-2CL.png","[""https://vongbicongnghiep.vn/wp-content/uploads/2024/12/PHC-2CL.png""]","","","[]","1999000","out_of_stock","vongbicongnghiep.vn-wc-store-api-category-search-skf","2026-04-29T13:54:52.106Z"
"65123","SKF","PHC 240-1O/L-SKF","PHC 240-1O/L-SKF","PHC2401OLSKF","PHC 240-1O/L","Xích","Xích","87","xich","https://vongbicongnghiep.vn/san-pham/san-pham-14939/","https://vongbicongnghiep.vn/wp-content/uploads/2024/12/PHC-OL.png","[""https://vongbicongnghiep.vn/wp-content/uploads/2024/12/PHC-OL.png""]","","","[]","1999000","out_of_stock","vongbicongnghiep.vn-wc-store-api-category-search-skf","2026-04-29T13:54:52.106Z"
"65122","SKF","PHC 240-1CX10FT-SKF","PHC 240-1CX10FT-SKF","PHC2401CX10FTSKF","PHC 240-1CX10FT","Xích","Xích","87","xich","https://vongbicongnghiep.vn/san-pham/san-pham-14938/","https://vongbicongnghiep.vn/wp-content/uploads/2024/12/PHC-1FT.png","[""https://vongbicongnghiep.vn/wp-content/uploads/2024/12/PHC-1FT.png"",""https://vongbicongnghiep.vn/wp-content/uploads/2024/12/BV-PHC-1FT.png""]","","","[]","17115000","out_of_stock","vongbicongnghiep.vn-wc-store-api-category-search-skf","2026-04-29T13:54:52.106Z"
"65121","SKF","PHC 240-1C/L-SKF","PHC 240-1C/L-SKF","PHC2401CLSKF","PHC 240-1C/L","Xích","Xích","87","xich","https://vongbicongnghiep.vn/san-pham/san-pham-14937/","https://vongbicongnghiep.vn/wp-content/uploads/2024/12/PHC-CL.png","[""https://vongbicongnghiep.vn/wp-content/uploads/2024/12/PHC-CL.png""]","","","[]","999000","out_of_stock","vongbicongnghiep.vn-wc-store-api-category-search-skf","2026-04-29T13:54:52.106Z"
"65120","SKF","PHC 232BX10FT-SKF","PHC 232BX10FT-SKF","PHC232BX10FTSKF","PHC 232BX10FT","Xích","Xích","87","xich","https://vongbicongnghiep.vn/san-pham/san-pham-14936/","https://vongbicongnghiep.vn/wp-content/uploads/2024/12/PHC-1FT.png","[""https://vongbicongnghiep.vn/wp-content/uploads/2024/12/PHC-1FT.png"",""https://vongbicongnghiep.vn/wp-content/uploads/2024/12/BV-PHC-1FT.png""]","","","[]","4993000","out_of_stock","vongbicongnghiep.vn-wc-store-api-category-search-skf","2026-04-29T13:54:52.106Z"
"65119","SKF","PHC 232B-O/L-SKF","PHC 232B-O/L-SKF","PHC232BOLSKF","PHC 232B-O/L","Xích","Xích","87","xich","https://vongbicongnghiep.vn/san-pham/san-pham-14935/","https://vongbicongnghiep.vn/wp-content/uploads/2024/12/PHC-3CL.png","[""https://vongbicongnghiep.vn/wp-content/uploads/2024/12/PHC-3CL.png""]","","","[]","1372000","out_of_stock","vongbicongnghiep.vn-wc-store-api-category-search-skf","2026-04-29T13:54:52.106Z"
"65118","SKF","PHC 232B-C/L-SKF","PHC 232B-C/L-SKF","PHC232BCLSKF","PHC 232B-C/L","Xích","Xích","87","xich","https://vongbicongnghiep.vn/san-pham/san-pham-14934/","https://vongbicongnghiep.vn/wp-content/uploads/2024/12/PHC-3OL.png","[""https://vongbicongnghiep.vn/wp-content/uploads/2024/12/PHC-3OL.png""]","","","[]","684000","out_of_stock","vongbicongnghiep.vn-wc-store-api-category-search-skf","2026-04-29T13:54:52.106Z"
"65117","SKF","PHC 228BX10FT-SKF","PHC 228BX10FT-SKF","PHC228BX10FTSKF","PHC 228BX10FT","Xích","Xích","87","xich","https://vongbicongnghiep.vn/san-pham/san-pham-14933/","https://vongbicongnghiep.vn/wp-content/uploads/2024/12/PHC-1FT.png","[""https://vongbicongnghiep.vn/wp-content/uploads/2024/12/PHC-1FT.png"",""https://vongbicongnghiep.vn/wp-content/uploads/2024/12/BV-PHC-1FT.png""]","","","[]","4037000","out_of_stock","vongbicongnghiep.vn-wc-store-api-category-search-skf","2026-04-29T13:54:52.106Z"
"65116","SKF","PHC 228B-O/L-SKF","PHC 228B-O/L-SKF","PHC228BOLSKF","PHC 228B-O/L","Xích","Xích","87","xich","https://vongbicongnghiep.vn/san-pham/san-pham-14932/","https://vongbicongnghiep.vn/wp-content/uploads/2024/12/PHC-3CL.png","[""https://vongbicongnghiep.vn/wp-content/uploads/2024/12/PHC-3CL.png""]","","","[]","914000","out_of_stock","vongbicongnghiep.vn-wc-store-api-category-search-skf","2026-04-29T13:54:52.106Z"
"65115","SKF","PHC 228B-C/L-SKF","PHC 228B-C/L-SKF","PHC228BCLSKF","PHC 228B-C/L","Xích","Xích","87","xich","https://vongbicongnghiep.vn/san-pham/san-pham-14931/","https://vongbicongnghiep.vn/wp-content/uploads/2024/12/PHC-3OL.png","[""https://vongbicongnghiep.vn/wp-content/uploads/2024/12/PHC-3OL.png""]","","","[]","457000","out_of_stock","vongbicongnghiep.vn-wc-store-api-category-search-skf","2026-04-29T13:54:52.106Z"
"65114","SKF","PHC 224BX10FT-SKF","PHC 224BX10FT-SKF","PHC224BX10FTSKF","PHC 224BX10FT","Xích","Xích","87","xich","https://vongbicongnghiep.vn/san-pham/san-pham-14930/","https://vongbicongnghiep.vn/wp-content/uploads/2024/12/PHC-1FT.png","[""https://vongbicongnghiep.vn/wp-content/uploads/2024/12/PHC-1FT.png"",""https://vongbicongnghiep.vn/wp-content/uploads/2024/12/BV-PHC-1FT.png""]","","","[]","3372000","out_of_stock","vongbicongnghiep.vn-wc-store-api-category-search-skf","2026-04-29T13:54:53.825Z"
"65113","SKF","PHC 224B-O/L-SKF","PHC 224B-O/L-SKF","PHC224BOLSKF","PHC 224B-O/L","Xích","Xích","87","xich","https://vongbicongnghiep.vn/san-pham/san-pham-14929/","https://vongbicongnghiep.vn/wp-content/uploads/2024/12/PHC-3CL.png","[""https://vongbicongnghiep.vn/wp-content/uploads/2024/12/PHC-3CL.png""]","","","[]","635000","out_of_stock","vongbicongnghiep.vn-wc-store-api-category-search-skf","2026-04-29T13:54:53.825Z"
"65112","SKF","PHC 224B-C/L-SKF","PHC 224B-C/L-SKF","PHC224BCLSKF","PHC 224B-C/L","Xích","Xích","87","xich","https://vongbicongnghiep.vn/san-pham/san-pham-14928/","https://vongbicongnghiep.vn/wp-content/uploads/2024/12/PHC-3OL.png","[""https://vongbicongnghiep.vn/wp-content/uploads/2024/12/PHC-3OL.png""]","","","[]","317000","out_of_stock","vongbicongnghiep.vn-wc-store-api-category-search-skf","2026-04-29T13:54:53.825Z"
"65111","SKF","PHC 220BX10FT-SKF","PHC 220BX10FT-SKF","PHC220BX10FTSKF","PHC 220BX10FT","Xích","Xích","87","xich","https://vongbicongnghiep.vn/san-pham/san-pham-14927/","https://vongbicongnghiep.vn/wp-content/uploads/2024/12/PHC-1FT.png","[""https://vongbicongnghiep.vn/wp-content/uploads/2024/12/PHC-1FT.png"",""https://vongbicongnghiep.vn/wp-content/uploads/2024/12/BV-PHC-1FT.png""]","","","[]","1839000","out_of_stock","vongbicongnghiep.vn-wc-store-api-category-search-skf","2026-04-29T13:54:53.825Z"
"65110","SKF","PHC 220B-O/L-SKF","PHC 220B-O/L-SKF","PHC220BOLSKF","PHC 220B-O/L","Xích","Xích","87","xich","https://vongbicongnghiep.vn/san-pham/san-pham-14926/","https://vongbicongnghiep.vn/wp-content/uploads/2024/12/PHC-3CL.png","[""https://vongbicongnghiep.vn/wp-content/uploads/2024/12/PHC-3CL.png""]","","","[]","342000","out_of_stock","vongbicongnghiep.vn-wc-store-api-category-search-skf","2026-04-29T13:54:53.825Z"
"65109","SKF","PHC 220B-C/L-SKF","PHC 220B-C/L-SKF","PHC220BCLSKF","PHC 220B-C/L","Xích","Xích","87","xich","https://vongbicongnghiep.vn/san-pham/san-pham-14925/","https://vongbicongnghiep.vn/wp-content/uploads/2024/12/PHC-3OL.png","[""https://vongbicongnghiep.vn/wp-content/uploads/2024/12/PHC-3OL.png""]","","","[]","172000","out_of_stock","vongbicongnghiep.vn-wc-store-api-category-search-skf","2026-04-29T13:54:53.825Z"
"65108","SKF","PHC 216BX10FT-SKF","PHC 216BX10FT-SKF","PHC216BX10FTSKF","PHC 216BX10FT","Xích","Xích","87","xich","https://vongbicongnghiep.vn/san-pham/san-pham-14924/","https://vongbicongnghiep.vn/wp-content/uploads/2024/12/PHC-1FT.png","[""https://vongbicongnghiep.vn/wp-content/uploads/2024/12/PHC-1FT.png"",""https://vongbicongnghiep.vn/wp-content/uploads/2024/12/BV-PHC-1FT.png""]","","","[]","1243000","out_of_stock","vongbicongnghiep.vn-wc-store-api-category-search-skf","2026-04-29T13:54:53.825Z"
"65107","SKF","PHC 216B-O/L-SKF","PHC 216B-O/L-SKF","PHC216BOLSKF","PHC 216B-O/L","Xích","Xích","87","xich","https://vongbicongnghiep.vn/san-pham/san-pham-14923/","https://vongbicongnghiep.vn/wp-content/uploads/2024/12/PHC-3CL.png","[""https://vongbicongnghiep.vn/wp-content/uploads/2024/12/PHC-3CL.png""]","","","[]","162000","out_of_stock","vongbicongnghiep.vn-wc-store-api-category-search-skf","2026-04-29T13:54:53.825Z"
"65106","SKF","PHC 216B-C/L-SKF","PHC 216B-C/L-SKF","PHC216BCLSKF","PHC 216B-C/L","Xích","Xích","87","xich","https://vongbicongnghiep.vn/san-pham/san-pham-14922/","https://vongbicongnghiep.vn/wp-content/uploads/2024/12/PHC-3OL.png","[""https://vongbicongnghiep.vn/wp-content/uploads/2024/12/PHC-3OL.png""]","","","[]","80000","out_of_stock","vongbicongnghiep.vn-wc-store-api-category-search-skf","2026-04-29T13:54:53.825Z"
"65105","SKF","PHC 212BX10FT-SKF","PHC 212BX10FT-SKF","PHC212BX10FTSKF","PHC 212BX10FT","Xích","Xích","87","xich","https://vongbicongnghiep.vn/san-pham/san-pham-14921/","https://vongbicongnghiep.vn/wp-content/uploads/2024/12/PHC-1FT.png","[""https://vongbicongnghiep.vn/wp-content/uploads/2024/12/PHC-1FT.png"",""https://vongbicongnghiep.vn/wp-content/uploads/2024/12/BV-PHC-1FT.png""]","","","[]","620000","out_of_stock","vongbicongnghiep.vn-wc-store-api-category-search-skf","2026-04-29T13:54:53.825Z"
"65104","SKF","PHC 212B-O/L-SKF","PHC 212B-O/L-SKF","PHC212BOLSKF","PHC 212B-O/L","Xích","Xích","87","xich","https://vongbicongnghiep.vn/san-pham/san-pham-14920/","https://vongbicongnghiep.vn/wp-content/uploads/2024/12/PHC-3CL.png","[""https://vongbicongnghiep.vn/wp-content/uploads/2024/12/PHC-3CL.png""]","","","[]","75000","out_of_stock","vongbicongnghiep.vn-wc-store-api-category-search-skf","2026-04-29T13:54:53.825Z"
"65103","SKF","PHC 212B-C/L-SKF","PHC 212B-C/L-SKF","PHC212BCLSKF","PHC 212B-C/L","Xích","Xích","87","xich","https://vongbicongnghiep.vn/san-pham/san-pham-14919/","https://vongbicongnghiep.vn/wp-content/uploads/2024/12/PHC-3OL.png","[""https://vongbicongnghiep.vn/wp-content/uploads/2024/12/PHC-3OL.png""]","","","[]","35000","out_of_stock","vongbicongnghiep.vn-wc-store-api-category-search-skf","2026-04-29T13:54:53.825Z"
"65102","SKF","PHC 2120X10FT-SKF","PHC 2120X10FT-SKF","PHC2120X10FTSKF","PHC 2120X10FT","Xích","Xích","87","xich","https://vongbicongnghiep.vn/san-pham/san-pham-14918/","https://vongbicongnghiep.vn/wp-content/uploads/2024/12/PHC-1FT.png","[""https://vongbicongnghiep.vn/wp-content/uploads/2024/12/PHC-1FT.png"",""https://vongbicongnghiep.vn/wp-content/uploads/2024/12/BV-PHC-1FT.png""]","","","[]","3477000","out_of_stock","vongbicongnghiep.vn-wc-store-api-category-search-skf","2026-04-29T13:54:53.825Z"
"65101","SKF","PHC 2120-O/L-SKF","PHC 2120-O/L-SKF","PHC2120OLSKF","PHC 2120-O/L","Xích","Xích","87","xich","https://vongbicongnghiep.vn/san-pham/san-pham-14917/","https://vongbicongnghiep.vn/wp-content/uploads/2024/12/PHC-3CL.png","[""https://vongbicongnghiep.vn/wp-content/uploads/2024/12/PHC-3CL.png""]","","","[]","635000","out_of_stock","vongbicongnghiep.vn-wc-store-api-category-search-skf","2026-04-29T13:54:53.825Z"
"65100","SKF","PHC 2120-C/L-SKF","PHC 2120-C/L-SKF","PHC2120CLSKF","PHC 2120-C/L","Xích","Xích","87","xich","https://vongbicongnghiep.vn/san-pham/san-pham-14916/","https://vongbicongnghiep.vn/wp-content/uploads/2024/12/PHC-3OL.png","[""https://vongbicongnghiep.vn/wp-content/uploads/2024/12/PHC-3OL.png""]","","","[]","317000","out_of_stock","vongbicongnghiep.vn-wc-store-api-category-search-skf","2026-04-29T13:54:53.825Z"
"65099","SKF","PHC 210BX10FT-SKF","PHC 210BX10FT-SKF","PHC210BX10FTSKF","PHC 210BX10FT","Xích","Xích","87","xich","https://vongbicongnghiep.vn/san-pham/san-pham-14915/","https://vongbicongnghiep.vn/wp-content/uploads/2024/12/PHC-1FT.png","[""https://vongbicongnghiep.vn/wp-content/uploads/2024/12/PHC-1FT.png"",""https://vongbicongnghiep.vn/wp-content/uploads/2024/12/BV-PHC-1FT.png""]","","","[]","509000","out_of_stock","vongbicongnghiep.vn-wc-store-api-category-search-skf","2026-04-29T13:54:53.825Z"
"65098","SKF","PHC 210B-O/L-SKF","PHC 210B-O/L-SKF","PHC210BOLSKF","PHC 210B-O/L","Xích","Xích","87","xich","https://vongbicongnghiep.vn/san-pham/san-pham-14914/","https://vongbicongnghiep.vn/wp-content/uploads/2024/12/PHC-3CL.png","[""https://vongbicongnghiep.vn/wp-content/uploads/2024/12/PHC-3CL.png""]","","","[]","63000","out_of_stock","vongbicongnghiep.vn-wc-store-api-category-search-skf","2026-04-29T13:54:53.825Z"
"65097","SKF","PHC 210B-C/L-SKF","PHC 210B-C/L-SKF","PHC210BCLSKF","PHC 210B-C/L","Xích","Xích","87","xich","https://vongbicongnghiep.vn/san-pham/san-pham-14913/","https://vongbicongnghiep.vn/wp-content/uploads/2024/12/PHC-3OL.png","[""https://vongbicongnghiep.vn/wp-content/uploads/2024/12/PHC-3OL.png""]","","","[]","32000","out_of_stock","vongbicongnghiep.vn-wc-store-api-category-search-skf","2026-04-29T13:54:53.825Z"
"65096","SKF","PHC 2100X10FT-SKF","PHC 2100X10FT-SKF","PHC2100X10FTSKF","PHC 2100X10FT","Xích","Xích","87","xich","https://vongbicongnghiep.vn/san-pham/san-pham-14912/","https://vongbicongnghiep.vn/wp-content/uploads/2024/12/PHC-1FT.png","[""https://vongbicongnghiep.vn/wp-content/uploads/2024/12/PHC-1FT.png"",""https://vongbicongnghiep.vn/wp-content/uploads/2024/12/BV-PHC-1FT.png""]","","","[]","2348000","out_of_stock","vongbicongnghiep.vn-wc-store-api-category-search-skf","2026-04-29T13:54:53.825Z"
"65095","SKF","PHC 2100-O/L-SKF","PHC 2100-O/L-SKF","PHC2100OLSKF","PHC 2100-O/L","Xích","Xích","87","xich","https://vongbicongnghiep.vn/san-pham/san-pham-14911/","https://vongbicongnghiep.vn/wp-content/uploads/2024/12/PHC-3CL.png","[""https://vongbicongnghiep.vn/wp-content/uploads/2024/12/PHC-3CL.png""]","","","[]","265000","out_of_stock","vongbicongnghiep.vn-wc-store-api-category-search-skf","2026-04-29T13:54:53.825Z"
"65094","SKF","PHC 2100-C/L-SKF","PHC 2100-C/L-SKF","PHC2100CLSKF","PHC 2100-C/L","Xích","Xích","87","xich","https://vongbicongnghiep.vn/san-pham/san-pham-14910/","https://vongbicongnghiep.vn/wp-content/uploads/2024/12/PHC-3OL.png","[""https://vongbicongnghiep.vn/wp-content/uploads/2024/12/PHC-3OL.png""]","","","[]","133000","out_of_stock","vongbicongnghiep.vn-wc-store-api-category-search-skf","2026-04-29T13:54:53.825Z"
"65093","SKF","PHC 20S-8O/L-SKF","PHC 20S-8O/L-SKF","PHC20S8OLSKF","PHC 20S-8O/L","Xích","Xích","87","xich","https://vongbicongnghiep.vn/san-pham/san-pham-14909/","https://vongbicongnghiep.vn/wp-content/uploads/2024/12/PHC-3CL.png","[""https://vongbicongnghiep.vn/wp-content/uploads/2024/12/PHC-3CL.png""]","","","[]","4220000","out_of_stock","vongbicongnghiep.vn-wc-store-api-category-search-skf","2026-04-29T13:54:53.825Z"
"65092","SKF","PHC 20S-8C/L-SKF","PHC 20S-8C/L-SKF","PHC20S8CLSKF","PHC 20S-8C/L","Xích","Xích","87","xich","https://vongbicongnghiep.vn/san-pham/san-pham-14908/","https://vongbicongnghiep.vn/wp-content/uploads/2024/12/PHC-3OL.png","[""https://vongbicongnghiep.vn/wp-content/uploads/2024/12/PHC-3OL.png""]","","","[]","2111000","out_of_stock","vongbicongnghiep.vn-wc-store-api-category-search-skf","2026-04-29T13:54:53.825Z"
"65091","SKF","PHC 20S-6X10FT-SKF","PHC 20S-6X10FT-SKF","PHC20S6X10FTSKF","PHC 20S-6X10FT","Xích","Xích","87","xich","https://vongbicongnghiep.vn/san-pham/san-pham-14907/","https://vongbicongnghiep.vn/wp-content/uploads/2024/12/PHC-3FT.png","[""https://vongbicongnghiep.vn/wp-content/uploads/2024/12/PHC-3FT.png"",""https://vongbicongnghiep.vn/wp-content/uploads/product_images/truyen-dong/xich/xich-ansi.jpg""]","","","[]","36961000","out_of_stock","vongbicongnghiep.vn-wc-store-api-category-search-skf","2026-04-29T13:54:53.825Z"
"65090","SKF","PHC 20S-6O/L-SKF","PHC 20S-6O/L-SKF","PHC20S6OLSKF","PHC 20S-6O/L","Xích","Xích","87","xich","https://vongbicongnghiep.vn/san-pham/san-pham-14906/","https://vongbicongnghiep.vn/wp-content/uploads/2024/12/PHC-3CL.png","[""https://vongbicongnghiep.vn/wp-content/uploads/2024/12/PHC-3CL.png""]","","","[]","2762000","out_of_stock","vongbicongnghiep.vn-wc-store-api-category-search-skf","2026-04-29T13:54:53.825Z"
"65089","SKF","PHC 20S-6C/L-SKF","PHC 20S-6C/L-SKF","PHC20S6CLSKF","PHC 20S-6C/L","Xích","Xích","87","xich","https://vongbicongnghiep.vn/san-pham/san-pham-14905/","https://vongbicongnghiep.vn/wp-content/uploads/2024/12/PHC-1FT.png","[""https://vongbicongnghiep.vn/wp-content/uploads/2024/12/PHC-1FT.png"",""https://vongbicongnghiep.vn/wp-content/uploads/2024/12/BV-PHC-1FT.png""]","","","[]","1382000","out_of_stock","vongbicongnghiep.vn-wc-store-api-category-search-skf","2026-04-29T13:54:53.825Z"
"65088","SKF","PHC 20S-5X10FT-SKF","PHC 20S-5X10FT-SKF","PHC20S5X10FTSKF","PHC 20S-5X10FT","Xích","Xích","87","xich","https://vongbicongnghiep.vn/san-pham/san-pham-14904/","https://vongbicongnghiep.vn/wp-content/uploads/2024/12/PHC-3FT.png","[""https://vongbicongnghiep.vn/wp-content/uploads/2024/12/PHC-3FT.png"",""https://vongbicongnghiep.vn/wp-content/uploads/product_images/truyen-dong/xich/xich-ansi.jpg""]","","","[]","27721000","out_of_stock","vongbicongnghiep.vn-wc-store-api-category-search-skf","2026-04-29T13:54:53.825Z"
"65087","SKF","PHC 20S-5O/L-SKF","PHC 20S-5O/L-SKF","PHC20S5OLSKF","PHC 20S-5O/L","Xích","Xích","87","xich","https://vongbicongnghiep.vn/san-pham/san-pham-14903/","https://vongbicongnghiep.vn/wp-content/uploads/2024/12/PHC-3CL.png","[""https://vongbicongnghiep.vn/wp-content/uploads/2024/12/PHC-3CL.png""]","","","[]","2301000","out_of_stock","vongbicongnghiep.vn-wc-store-api-category-search-skf","2026-04-29T13:54:53.825Z"
"65086","SKF","PHC 20S-5C/L-SKF","PHC 20S-5C/L-SKF","PHC20S5CLSKF","PHC 20S-5C/L","Xích","Xích","87","xich","https://vongbicongnghiep.vn/san-pham/san-pham-14902/","https://vongbicongnghiep.vn/wp-content/uploads/2024/12/PHC-3OL.png","[""https://vongbicongnghiep.vn/wp-content/uploads/2024/12/PHC-3OL.png""]","","","[]","1151000","out_of_stock","vongbicongnghiep.vn-wc-store-api-category-search-skf","2026-04-29T13:54:53.825Z"
"65085","SKF","PHC 20S-4X10FT-SKF","PHC 20S-4X10FT-SKF","PHC20S4X10FTSKF","PHC 20S-4X10FT","Xích","Xích","87","xich","https://vongbicongnghiep.vn/san-pham/san-pham-14901/","https://vongbicongnghiep.vn/wp-content/uploads/2024/12/PHC-3FT.png","[""https://vongbicongnghiep.vn/wp-content/uploads/2024/12/PHC-3FT.png"",""https://vongbicongnghiep.vn/wp-content/uploads/product_images/truyen-dong/xich/xich-ansi.jpg""]","","","[]","20791000","out_of_stock","vongbicongnghiep.vn-wc-store-api-category-search-skf","2026-04-29T13:54:53.825Z"
"65084","SKF","PHC 20S-4O/L-SKF","PHC 20S-4O/L-SKF","PHC20S4OLSKF","PHC 20S-4O/L","Xích","Xích","87","xich","https://vongbicongnghiep.vn/san-pham/san-pham-14900/","https://vongbicongnghiep.vn/wp-content/uploads/2024/12/PHC-3CL.png","[""https://vongbicongnghiep.vn/wp-content/uploads/2024/12/PHC-3CL.png""]","","","[]","1728000","out_of_stock","vongbicongnghiep.vn-wc-store-api-category-search-skf","2026-04-29T13:54:53.825Z"
"65083","SKF","PHC 20S-4C/L-SKF","PHC 20S-4C/L-SKF","PHC20S4CLSKF","PHC 20S-4C/L","Xích","Xích","87","xich","https://vongbicongnghiep.vn/san-pham/san-pham-14899/","https://vongbicongnghiep.vn/wp-content/uploads/2024/12/PHC-3OL.png","[""https://vongbicongnghiep.vn/wp-content/uploads/2024/12/PHC-3OL.png""]","","","[]","862000","out_of_stock","vongbicongnghiep.vn-wc-store-api-category-search-skf","2026-04-29T13:54:53.825Z"
"65082","SKF","PHC 20S-3X10FT-SKF","PHC 20S-3X10FT-SKF","PHC20S3X10FTSKF","PHC 20S-3X10FT","Xích","Xích","87","xich","https://vongbicongnghiep.vn/san-pham/san-pham-14898/","https://vongbicongnghiep.vn/wp-content/uploads/2024/12/PHC-3FT.png","[""https://vongbicongnghiep.vn/wp-content/uploads/2024/12/PHC-3FT.png"",""https://vongbicongnghiep.vn/wp-content/uploads/product_images/truyen-dong/xich/xich-ansi.jpg""]","","","[]","14785000","out_of_stock","vongbicongnghiep.vn-wc-store-api-category-search-skf","2026-04-29T13:54:53.825Z"
"65081","SKF","PHC 20S-3O/L-SKF","PHC 20S-3O/L-SKF","PHC20S3OLSKF","PHC 20S-3O/L","Xích","Xích","87","xich","https://vongbicongnghiep.vn/san-pham/san-pham-14897/","https://vongbicongnghiep.vn/wp-content/uploads/2024/12/PHC-3CL.png","[""https://vongbicongnghiep.vn/wp-content/uploads/2024/12/PHC-3CL.png""]","","","[]","1228000","out_of_stock","vongbicongnghiep.vn-wc-store-api-category-search-skf","2026-04-29T13:54:53.825Z"
"65080","SKF","PHC 20S-3C/L-SKF","PHC 20S-3C/L-SKF","PHC20S3CLSKF","PHC 20S-3C/L","Xích","Xích","87","xich","https://vongbicongnghiep.vn/san-pham/san-pham-14896/","https://vongbicongnghiep.vn/wp-content/uploads/2024/12/PHC-3OL.png","[""https://vongbicongnghiep.vn/wp-content/uploads/2024/12/PHC-3OL.png""]","","","[]","613000","out_of_stock","vongbicongnghiep.vn-wc-store-api-category-search-skf","2026-04-29T13:54:53.825Z"
"65079","SKF","PHC 20S-2X10FT-SKF","PHC 20S-2X10FT-SKF","PHC20S2X10FTSKF","PHC 20S-2X10FT","Xích","Xích","87","xich","https://vongbicongnghiep.vn/san-pham/san-pham-14895/","https://vongbicongnghiep.vn/wp-content/uploads/2024/12/PHC-2FT.png","[""https://vongbicongnghiep.vn/wp-content/uploads/2024/12/PHC-2FT.png"",""https://vongbicongnghiep.vn/wp-content/uploads/product_images/truyen-dong/xich/xich-ansi.jpg""]","","","[]","9240000","out_of_stock","vongbicongnghiep.vn-wc-store-api-category-search-skf","2026-04-29T13:54:53.825Z"
"65078","SKF","PHC 20S-2O/L-SKF","PHC 20S-2O/L-SKF","PHC20S2OLSKF","PHC 20S-2O/L","Xích","Xích","87","xich","https://vongbicongnghiep.vn/san-pham/san-pham-14894/","https://vongbicongnghiep.vn/wp-content/uploads/2024/12/PHC-2OL.png","[""https://vongbicongnghiep.vn/wp-content/uploads/2024/12/PHC-2OL.png""]","","","[]","767000","out_of_stock","vongbicongnghiep.vn-wc-store-api-category-search-skf","2026-04-29T13:54:53.825Z"
"65077","SKF","PHC 20S-2C/L-SKF","PHC 20S-2C/L-SKF","PHC20S2CLSKF","PHC 20S-2C/L","Xích","Xích","87","xich","https://vongbicongnghiep.vn/san-pham/san-pham-14893/","https://vongbicongnghiep.vn/wp-content/uploads/2024/12/PHC-2CL.png","[""https://vongbicongnghiep.vn/wp-content/uploads/2024/12/PHC-2CL.png""]","","","[]","384000","out_of_stock","vongbicongnghiep.vn-wc-store-api-category-search-skf","2026-04-29T13:54:53.825Z"
"65076","SKF","PHC 20S-1X10FT-SKF","PHC 20S-1X10FT-SKF","PHC20S1X10FTSKF","PHC 20S-1X10FT","Xích","Xích","87","xich","https://vongbicongnghiep.vn/san-pham/san-pham-14892/","https://vongbicongnghiep.vn/wp-content/uploads/2024/12/PHC-1FT.png","[""https://vongbicongnghiep.vn/wp-content/uploads/2024/12/PHC-1FT.png"",""https://vongbicongnghiep.vn/wp-content/uploads/2024/12/BV-PHC-1FT.png""]","","","[]","4621000","out_of_stock","vongbicongnghiep.vn-wc-store-api-category-search-skf","2026-04-29T13:54:53.825Z"
"65075","SKF","PHC 20S-1O/L-SKF","PHC 20S-1O/L-SKF","PHC20S1OLSKF","PHC 20S-1O/L","Xích","Xích","87","xich","https://vongbicongnghiep.vn/san-pham/san-pham-14891/","https://vongbicongnghiep.vn/wp-content/uploads/2024/12/PHC-OL.png","[""https://vongbicongnghiep.vn/wp-content/uploads/2024/12/PHC-OL.png""]","","","[]","384000","out_of_stock","vongbicongnghiep.vn-wc-store-api-category-search-skf","2026-04-29T13:54:53.825Z"
"65074","SKF","PHC 20S-1C/L-SKF","PHC 20S-1C/L-SKF","PHC20S1CLSKF","PHC 20S-1C/L","Xích","Xích","87","xich","https://vongbicongnghiep.vn/san-pham/san-pham-14890/","https://vongbicongnghiep.vn/wp-content/uploads/2024/12/PHC-CL.png","[""https://vongbicongnghiep.vn/wp-content/uploads/2024/12/PHC-CL.png""]","","","[]","193000","out_of_stock","vongbicongnghiep.vn-wc-store-api-category-search-skf","2026-04-29T13:54:53.825Z"
"65073","SKF","PHC 20B-3X10FT-SKF","PHC 20B-3X10FT-SKF","PHC20B3X10FTSKF","PHC 20B-3X10FT","Xích","Xích","87","xich","https://vongbicongnghiep.vn/san-pham/san-pham-14889/","https://vongbicongnghiep.vn/wp-content/uploads/2024/12/PHC-3FT.png","[""https://vongbicongnghiep.vn/wp-content/uploads/2024/12/PHC-3FT.png"",""https://vongbicongnghiep.vn/wp-content/uploads/product_images/truyen-dong/xich/xich-ansi.jpg""]","","","[]","8554000","out_of_stock","vongbicongnghiep.vn-wc-store-api-category-search-skf","2026-04-29T13:54:53.825Z"
"65072","SKF","PHC 20B-3O/L-SKF","PHC 20B-3O/L-SKF","PHC20B3OLSKF","PHC 20B-3O/L","Xích","Xích","87","xich","https://vongbicongnghiep.vn/san-pham/san-pham-14888/","https://vongbicongnghiep.vn/wp-content/uploads/2024/12/PHC-3CL.png","[""https://vongbicongnghiep.vn/wp-content/uploads/2024/12/PHC-3CL.png""]","","","[]","501000","out_of_stock","vongbicongnghiep.vn-wc-store-api-category-search-skf","2026-04-29T13:54:53.825Z"
"65071","SKF","PHC 20B-3C/L-SKF","PHC 20B-3C/L-SKF","PHC20B3CLSKF","PHC 20B-3C/L","Xích","Xích","87","xich","https://vongbicongnghiep.vn/san-pham/san-pham-14887/","https://vongbicongnghiep.vn/wp-content/uploads/2024/12/PHC-3OL.png","[""https://vongbicongnghiep.vn/wp-content/uploads/2024/12/PHC-3OL.png""]","","","[]","247000","out_of_stock","vongbicongnghiep.vn-wc-store-api-category-search-skf","2026-04-29T13:54:53.825Z"
"65070","SKF","PHC 20B-2ZPX10FT-SKF","PHC 20B-2ZPX10FT-SKF","PHC20B2ZPX10FTSKF","PHC 20B-2ZPX10FT","Xích","Xích","87","xich","https://vongbicongnghiep.vn/san-pham/san-pham-14886/","https://vongbicongnghiep.vn/wp-content/uploads/2024/12/PHC-2FT.png","[""https://vongbicongnghiep.vn/wp-content/uploads/2024/12/PHC-2FT.png"",""https://vongbicongnghiep.vn/wp-content/uploads/product_images/truyen-dong/xich/xich-ansi.jpg""]","","","[]","5388000","out_of_stock","vongbicongnghiep.vn-wc-store-api-category-search-skf","2026-04-29T13:54:53.825Z"
"65069","SKF","PHC 20B-2ZP-O/L-SKF","PHC 20B-2ZP-O/L-SKF","PHC20B2ZPOLSKF","PHC 20B-2ZP-O/L","Xích","Xích","87","xich","https://vongbicongnghiep.vn/san-pham/san-pham-14885/","https://vongbicongnghiep.vn/wp-content/uploads/2024/12/PHC-2OL.png","[""https://vongbicongnghiep.vn/wp-content/uploads/2024/12/PHC-2OL.png""]","","","[]","407000","out_of_stock","vongbicongnghiep.vn-wc-store-api-category-search-skf","2026-04-29T13:54:53.825Z"
"65068","SKF","PHC 20B-2ZP-C/L-SKF","PHC 20B-2ZP-C/L-SKF","PHC20B2ZPCLSKF","PHC 20B-2ZP-C/L","Xích","Xích","87","xich","https://vongbicongnghiep.vn/san-pham/san-pham-14884/","https://vongbicongnghiep.vn/wp-content/uploads/2024/12/PHC-2CL.png","[""https://vongbicongnghiep.vn/wp-content/uploads/2024/12/PHC-2CL.png""]","","","[]","205000","out_of_stock","vongbicongnghiep.vn-wc-store-api-category-search-skf","2026-04-29T13:54:53.825Z"
"65067","SKF","PHC 20B-2X10FT-SKF","PHC 20B-2X10FT-SKF","PHC20B2X10FTSKF","PHC 20B-2X10FT","Xích","Xích","87","xich","https://vongbicongnghiep.vn/san-pham/san-pham-14883/","https://vongbicongnghiep.vn/wp-content/uploads/2024/12/PHC-2FT.png","[""https://vongbicongnghiep.vn/wp-content/uploads/2024/12/PHC-2FT.png"",""https://vongbicongnghiep.vn/wp-content/uploads/product_images/truyen-dong/xich/xich-ansi.jpg""]","","","[]","4550000","out_of_stock","vongbicongnghiep.vn-wc-store-api-category-search-skf","2026-04-29T13:54:53.825Z"
"65066","SKF","PHC 20B-2SSX10FT-SKF","PHC 20B-2SSX10FT-SKF","PHC20B2SSX10FTSKF","PHC 20B-2SSX10FT","Xích","Xích","87","xich","https://vongbicongnghiep.vn/san-pham/san-pham-14882/","https://vongbicongnghiep.vn/wp-content/uploads/2024/12/PHC-2FT.png","[""https://vongbicongnghiep.vn/wp-content/uploads/2024/12/PHC-2FT.png"",""https://vongbicongnghiep.vn/wp-content/uploads/product_images/truyen-dong/xich/xich-ansi.jpg""]","","","[]","16945000","out_of_stock","vongbicongnghiep.vn-wc-store-api-category-search-skf","2026-04-29T13:54:53.825Z"
"65065","SKF","PHC 20B-2SS-O/L-SKF","PHC 20B-2SS-O/L-SKF","PHC20B2SSOLSKF","PHC 20B-2SS-O/L","Xích","Xích","87","xich","https://vongbicongnghiep.vn/san-pham/san-pham-14881/","https://vongbicongnghiep.vn/wp-content/uploads/2024/12/PHC-2OL.png","[""https://vongbicongnghiep.vn/wp-content/uploads/2024/12/PHC-2OL.png""]","","","[]","2216000","out_of_stock","vongbicongnghiep.vn-wc-store-api-category-search-skf","2026-04-29T13:54:53.825Z"
"65064","SKF","PHC 20B-2SS-C/L-SKF","PHC 20B-2SS-C/L-SKF","PHC20B2SSCLSKF","PHC 20B-2SS-C/L","Xích","Xích","87","xich","https://vongbicongnghiep.vn/san-pham/san-pham-14880/","https://vongbicongnghiep.vn/wp-content/uploads/2024/12/PHC-2CL.png","[""https://vongbicongnghiep.vn/wp-content/uploads/2024/12/PHC-2CL.png""]","","","[]","1105000","out_of_stock","vongbicongnghiep.vn-wc-store-api-category-search-skf","2026-04-29T13:54:53.825Z"
"65063","SKF","PHC 20B-2O/L-SKF","PHC 20B-2O/L-SKF","PHC20B2OLSKF","PHC 20B-2O/L","Xích","Xích","87","xich","https://vongbicongnghiep.vn/san-pham/san-pham-14879/","https://vongbicongnghiep.vn/wp-content/uploads/2024/12/PHC-2OL.png","[""https://vongbicongnghiep.vn/wp-content/uploads/2024/12/PHC-2OL.png""]","","","[]","312000","out_of_stock","vongbicongnghiep.vn-wc-store-api-category-search-skf","2026-04-29T13:54:53.825Z"
"65062","SKF","PHC 20B-2NPX10FT-SKF","PHC 20B-2NPX10FT-SKF","PHC20B2NPX10FTSKF","PHC 20B-2NPX10FT","Xích","Xích","87","xich","https://vongbicongnghiep.vn/san-pham/san-pham-14878/","https://vongbicongnghiep.vn/wp-content/uploads/2024/12/PHC-2FT.png","[""https://vongbicongnghiep.vn/wp-content/uploads/2024/12/PHC-2FT.png"",""https://vongbicongnghiep.vn/wp-content/uploads/product_images/truyen-dong/xich/xich-ansi.jpg""]","","","[]","6687000","out_of_stock","vongbicongnghiep.vn-wc-store-api-category-search-skf","2026-04-29T13:54:53.825Z"
"65061","SKF","PHC 20B-2NP-O/L-SKF","PHC 20B-2NP-O/L-SKF","PHC20B2NPOLSKF","PHC 20B-2NP-O/L","Xích","Xích","87","xich","https://vongbicongnghiep.vn/san-pham/san-pham-14877/","https://vongbicongnghiep.vn/wp-content/uploads/2024/12/PHC-2OL.png","[""https://vongbicongnghiep.vn/wp-content/uploads/2024/12/PHC-2OL.png""]","","","[]","599000","out_of_stock","vongbicongnghiep.vn-wc-store-api-category-search-skf","2026-04-29T13:54:53.825Z"
"65060","SKF","PHC 20B-2NP-C/L-SKF","PHC 20B-2NP-C/L-SKF","PHC20B2NPCLSKF","PHC 20B-2NP-C/L","Xích","Xích","87","xich","https://vongbicongnghiep.vn/san-pham/san-pham-14876/","https://vongbicongnghiep.vn/wp-content/uploads/2024/12/PHC-2CL.png","[""https://vongbicongnghiep.vn/wp-content/uploads/2024/12/PHC-2CL.png""]","","","[]","298000","out_of_stock","vongbicongnghiep.vn-wc-store-api-category-search-skf","2026-04-29T13:54:53.825Z"
"65059","SKF","PHC 20B-2DRX10FT-SKF","PHC 20B-2DRX10FT-SKF","PHC20B2DRX10FTSKF","PHC 20B-2DRX10FT","Xích","Xích","87","xich","https://vongbicongnghiep.vn/san-pham/san-pham-14875/","https://vongbicongnghiep.vn/wp-content/uploads/2024/12/PHC-2FT.png","[""https://vongbicongnghiep.vn/wp-content/uploads/2024/12/PHC-2FT.png"",""https://vongbicongnghiep.vn/wp-content/uploads/product_images/truyen-dong/xich/xich-ansi.jpg""]","","","[]","7801000","out_of_stock","vongbicongnghiep.vn-wc-store-api-category-search-skf","2026-04-29T13:54:53.825Z"
"65058","SKF","PHC 20B-2DR-O/L-SKF","PHC 20B-2DR-O/L-SKF","PHC20B2DROLSKF","PHC 20B-2DR-O/L","Xích","Xích","87","xich","https://vongbicongnghiep.vn/san-pham/san-pham-14874/","https://vongbicongnghiep.vn/wp-content/uploads/2024/12/PHC-2OL.png","[""https://vongbicongnghiep.vn/wp-content/uploads/2024/12/PHC-2OL.png""]","","","[]","752000","out_of_stock","vongbicongnghiep.vn-wc-store-api-category-search-skf","2026-04-29T13:54:53.825Z"
"65057","SKF","PHC 20B-2DR-C/L-SKF","PHC 20B-2DR-C/L-SKF","PHC20B2DRCLSKF","PHC 20B-2DR-C/L","Xích","Xích","87","xich","https://vongbicongnghiep.vn/san-pham/san-pham-14873/","https://vongbicongnghiep.vn/wp-content/uploads/2024/12/PHC-2CL.png","[""https://vongbicongnghiep.vn/wp-content/uploads/2024/12/PHC-2CL.png""]","","","[]","375000","out_of_stock","vongbicongnghiep.vn-wc-store-api-category-search-skf","2026-04-29T13:54:53.825Z"
"65056","SKF","PHC 20B-2C/L-SKF","PHC 20B-2C/L-SKF","PHC20B2CLSKF","PHC 20B-2C/L","Xích","Xích","87","xich","https://vongbicongnghiep.vn/san-pham/san-pham-14872/","https://vongbicongnghiep.vn/wp-content/uploads/2024/12/PHC-2CL.png","[""https://vongbicongnghiep.vn/wp-content/uploads/2024/12/PHC-2CL.png""]","","","[]","153000","out_of_stock","vongbicongnghiep.vn-wc-store-api-category-search-skf","2026-04-29T13:54:53.825Z"
"65055","SKF","PHC 20B-1ZPX10FT-SKF","PHC 20B-1ZPX10FT-SKF","PHC20B1ZPX10FTSKF","PHC 20B-1ZPX10FT","Xích","Xích","87","xich","https://vongbicongnghiep.vn/san-pham/san-pham-14871/","https://vongbicongnghiep.vn/wp-content/uploads/2024/12/PHC-1FT.png","[""https://vongbicongnghiep.vn/wp-content/uploads/2024/12/PHC-1FT.png"",""https://vongbicongnghiep.vn/wp-content/uploads/2024/12/BV-PHC-1FT.png""]","","","[]","2693000","out_of_stock","vongbicongnghiep.vn-wc-store-api-category-search-skf","2026-04-29T13:54:53.825Z"
"65054","SKF","PHC 20B-1ZP-O/L-SKF","PHC 20B-1ZP-O/L-SKF","PHC20B1ZPOLSKF","PHC 20B-1ZP-O/L","Xích","Xích","87","xich","https://vongbicongnghiep.vn/san-pham/san-pham-14870/","https://vongbicongnghiep.vn/wp-content/uploads/2024/12/PHC-OL.png","[""https://vongbicongnghiep.vn/wp-content/uploads/2024/12/PHC-OL.png""]","","","[]","205000","out_of_stock","vongbicongnghiep.vn-wc-store-api-category-search-skf","2026-04-29T13:54:53.825Z"
"65053","SKF","PHC 20B-1ZP-C/L-SKF","PHC 20B-1ZP-C/L-SKF","PHC20B1ZPCLSKF","PHC 20B-1ZP-C/L","Xích","Xích","87","xich","https://vongbicongnghiep.vn/san-pham/san-pham-14869/","https://vongbicongnghiep.vn/wp-content/uploads/2024/12/PHC-CL.png","[""https://vongbicongnghiep.vn/wp-content/uploads/2024/12/PHC-CL.png""]","","","[]","103000","out_of_stock","vongbicongnghiep.vn-wc-store-api-category-search-skf","2026-04-29T13:54:53.825Z"
"65052","SKF","PHC 20B-1X5MTR-SKF","PHC 20B-1X5MTR-SKF","PHC20B1X5MTRSKF","PHC 20B-1X5MTR","Xích","Xích","87","xich","https://vongbicongnghiep.vn/san-pham/san-pham-14868/","https://vongbicongnghiep.vn/wp-content/uploads/2024/12/PHC-1FT.png","[""https://vongbicongnghiep.vn/wp-content/uploads/2024/12/PHC-1FT.png"",""https://vongbicongnghiep.vn/wp-content/uploads/2024/12/BV-PHC-1FT.png""]","","","[]","4146000","out_of_stock","vongbicongnghiep.vn-wc-store-api-category-search-skf","2026-04-29T13:54:53.825Z"
"65051","SKF","PHC 20B-1X10FT-SKF","PHC 20B-1X10FT-SKF","PHC20B1X10FTSKF","PHC 20B-1X10FT","Xích","Xích","87","xich","https://vongbicongnghiep.vn/san-pham/san-pham-14867/","https://vongbicongnghiep.vn/wp-content/uploads/2024/12/PHC-1FT.png","[""https://vongbicongnghiep.vn/wp-content/uploads/2024/12/PHC-1FT.png"",""https://vongbicongnghiep.vn/wp-content/uploads/2024/12/BV-PHC-1FT.png""]","","","[]","2527000","out_of_stock","vongbicongnghiep.vn-wc-store-api-category-search-skf","2026-04-29T13:54:53.825Z"
"65050","SKF","PHC 20B-1SSX10FT-SKF","PHC 20B-1SSX10FT-SKF","PHC20B1SSX10FTSKF","PHC 20B-1SSX10FT","Xích","Xích","87","xich","https://vongbicongnghiep.vn/san-pham/san-pham-14866/","https://vongbicongnghiep.vn/wp-content/uploads/2024/12/PHC-1FT.png","[""https://vongbicongnghiep.vn/wp-content/uploads/2024/12/PHC-1FT.png"",""https://vongbicongnghiep.vn/wp-content/uploads/2024/12/BV-PHC-1FT.png""]","","","[]","8473000","out_of_stock","vongbicongnghiep.vn-wc-store-api-category-search-skf","2026-04-29T13:54:53.825Z"
"65049","SKF","PHC 20B-1SS-O/L-SKF","PHC 20B-1SS-O/L-SKF","PHC20B1SSOLSKF","PHC 20B-1SS-O/L","Xích","Xích","87","xich","https://vongbicongnghiep.vn/san-pham/san-pham-14865/","https://vongbicongnghiep.vn/wp-content/uploads/2024/12/PHC-OL.png","[""https://vongbicongnghiep.vn/wp-content/uploads/2024/12/PHC-OL.png""]","","","[]","1105000","out_of_stock","vongbicongnghiep.vn-wc-store-api-category-search-skf","2026-04-29T13:54:53.825Z"
"65048","SKF","PHC 20B-1SS-C/L-SKF","PHC 20B-1SS-C/L-SKF","PHC20B1SSCLSKF","PHC 20B-1SS-C/L","Xích","Xích","87","xich","https://vongbicongnghiep.vn/san-pham/san-pham-14864/","https://vongbicongnghiep.vn/wp-content/uploads/2024/12/PHC-CL.png","[""https://vongbicongnghiep.vn/wp-content/uploads/2024/12/PHC-CL.png""]","","","[]","553000","out_of_stock","vongbicongnghiep.vn-wc-store-api-category-search-skf","2026-04-29T13:54:53.825Z"
"65047","SKF","PHC 20B-1O/L-SKF","PHC 20B-1O/L-SKF","PHC20B1OLSKF","PHC 20B-1O/L","Xích","Xích","87","xich","https://vongbicongnghiep.vn/san-pham/san-pham-14863/","https://vongbicongnghiep.vn/wp-content/uploads/2024/12/PHC-OL.png","[""https://vongbicongnghiep.vn/wp-content/uploads/2024/12/PHC-OL.png""]","","","[]","156000","out_of_stock","vongbicongnghiep.vn-wc-store-api-category-search-skf","2026-04-29T13:54:53.825Z"
"65046","SKF","PHC 20B-1NPX10FT-SKF","PHC 20B-1NPX10FT-SKF","PHC20B1NPX10FTSKF","PHC 20B-1NPX10FT","Xích","Xích","87","xich","https://vongbicongnghiep.vn/san-pham/san-pham-14862/","https://vongbicongnghiep.vn/wp-content/uploads/2024/12/PHC-1FT.png","[""https://vongbicongnghiep.vn/wp-content/uploads/2024/12/PHC-1FT.png"",""https://vongbicongnghiep.vn/wp-content/uploads/2024/12/BV-PHC-1FT.png""]","","","[]","3343000","out_of_stock","vongbicongnghiep.vn-wc-store-api-category-search-skf","2026-04-29T13:54:53.825Z"
"65045","SKF","PHC 20B-1NP-O/L-SKF","PHC 20B-1NP-O/L-SKF","PHC20B1NPOLSKF","PHC 20B-1NP-O/L","Xích","Xích","87","xich","https://vongbicongnghiep.vn/san-pham/san-pham-14861/","https://vongbicongnghiep.vn/wp-content/uploads/2024/12/PHC-OL.png","[""https://vongbicongnghiep.vn/wp-content/uploads/2024/12/PHC-OL.png""]","","","[]","298000","out_of_stock","vongbicongnghiep.vn-wc-store-api-category-search-skf","2026-04-29T13:54:53.825Z"
"65044","SKF","PHC 20B-1NP-C/L-SKF","PHC 20B-1NP-C/L-SKF","PHC20B1NPCLSKF","PHC 20B-1NP-C/L","Xích","Xích","87","xich","https://vongbicongnghiep.vn/san-pham/san-pham-14860/","https://vongbicongnghiep.vn/wp-content/uploads/2024/12/PHC-CL.png","[""https://vongbicongnghiep.vn/wp-content/uploads/2024/12/PHC-CL.png""]","","","[]","149000","out_of_stock","vongbicongnghiep.vn-wc-store-api-category-search-skf","2026-04-29T13:54:53.825Z"
"65043","SKF","PHC 20B-1DRX10FT-SKF","PHC 20B-1DRX10FT-SKF","PHC20B1DRX10FTSKF","PHC 20B-1DRX10FT","Xích","Xích","87","xich","https://vongbicongnghiep.vn/san-pham/san-pham-14859/","https://vongbicongnghiep.vn/wp-content/uploads/2024/12/PHC-1FT.png","[""https://vongbicongnghiep.vn/wp-content/uploads/2024/12/PHC-1FT.png"",""https://vongbicongnghiep.vn/wp-content/uploads/2024/12/BV-PHC-1FT.png""]","","","[]","3901000","out_of_stock","vongbicongnghiep.vn-wc-store-api-category-search-skf","2026-04-29T13:54:53.825Z"
"65042","SKF","PHC 20B-1DR-O/L-SKF","PHC 20B-1DR-O/L-SKF","PHC20B1DROLSKF","PHC 20B-1DR-O/L","Xích","Xích","87","xich","https://vongbicongnghiep.vn/san-pham/san-pham-14858/","https://vongbicongnghiep.vn/wp-content/uploads/2024/12/PHC-OL.png","[""https://vongbicongnghiep.vn/wp-content/uploads/2024/12/PHC-OL.png""]","","","[]","375000","out_of_stock","vongbicongnghiep.vn-wc-store-api-category-search-skf","2026-04-29T13:54:53.825Z"
"65041","SKF","PHC 20B-1DR-C/L-SKF","PHC 20B-1DR-C/L-SKF","PHC20B1DRCLSKF","PHC 20B-1DR-C/L","Xích","Xích","87","xich","https://vongbicongnghiep.vn/san-pham/san-pham-14857/","https://vongbicongnghiep.vn/wp-content/uploads/2024/12/PHC-CL.png","[""https://vongbicongnghiep.vn/wp-content/uploads/2024/12/PHC-CL.png""]","","","[]","188000","out_of_stock","vongbicongnghiep.vn-wc-store-api-category-search-skf","2026-04-29T13:54:53.825Z"
"65040","SKF","PHC 20B-1C/L-SKF","PHC 20B-1C/L-SKF","PHC20B1CLSKF","PHC 20B-1C/L","Xích","Xích","87","xich","https://vongbicongnghiep.vn/san-pham/san-pham-14856/","https://vongbicongnghiep.vn/wp-content/uploads/2024/12/PHC-CL.png","[""https://vongbicongnghiep.vn/wp-content/uploads/2024/12/PHC-CL.png""]","","","[]","76000","out_of_stock","vongbicongnghiep.vn-wc-store-api-category-search-skf","2026-04-29T13:54:53.825Z"
"65039","SKF","PHC 208BX10FT-SKF","PHC 208BX10FT-SKF","PHC208BX10FTSKF","PHC 208BX10FT","Xích","Xích","87","xich","https://vongbicongnghiep.vn/san-pham/san-pham-14855/","https://vongbicongnghiep.vn/wp-content/uploads/2024/12/PHC-1FT.png","[""https://vongbicongnghiep.vn/wp-content/uploads/2024/12/PHC-1FT.png"",""https://vongbicongnghiep.vn/wp-content/uploads/2024/12/BV-PHC-1FT.png""]","","","[]","350000","out_of_stock","vongbicongnghiep.vn-wc-store-api-category-search-skf","2026-04-29T13:54:53.825Z"
"65038","SKF","PHC 208B-O/L-SKF","PHC 208B-O/L-SKF","PHC208BOLSKF","PHC 208B-O/L","Xích","Xích","87","xich","https://vongbicongnghiep.vn/san-pham/san-pham-14854/","https://vongbicongnghiep.vn/wp-content/uploads/2024/12/PHC-OL.png","[""https://vongbicongnghiep.vn/wp-content/uploads/2024/12/PHC-OL.png""]","","","[]","45000","out_of_stock","vongbicongnghiep.vn-wc-store-api-category-search-skf","2026-04-29T13:54:53.825Z"
"65037","SKF","PHC 208B-C/L-SKF","PHC 208B-C/L-SKF","PHC208BCLSKF","PHC 208B-C/L","Xích","Xích","87","xich","https://vongbicongnghiep.vn/san-pham/san-pham-14853/","https://vongbicongnghiep.vn/wp-content/uploads/2024/12/PHC-CL.png","[""https://vongbicongnghiep.vn/wp-content/uploads/2024/12/PHC-CL.png""]","","","[]","22000","out_of_stock","vongbicongnghiep.vn-wc-store-api-category-search-skf","2026-04-29T13:54:53.825Z"
"65036","SKF","PHC 2080X10FT-SKF","PHC 2080X10FT-SKF","PHC2080X10FTSKF","PHC 2080X10FT","Xích","Xích","87","xich","https://vongbicongnghiep.vn/san-pham/san-pham-14852/","https://vongbicongnghiep.vn/wp-content/uploads/2024/12/PHC-1FT.png","[""https://vongbicongnghiep.vn/wp-content/uploads/2024/12/PHC-1FT.png"",""https://vongbicongnghiep.vn/wp-content/uploads/2024/12/BV-PHC-1FT.png""]","","","[]","1543000","out_of_stock","vongbicongnghiep.vn-wc-store-api-category-search-skf","2026-04-29T13:54:53.825Z"
"65035","SKF","PHC 2080-O/L-SKF","PHC 2080-O/L-SKF","PHC2080OLSKF","PHC 2080-O/L","Xích","Xích","87","xich","https://vongbicongnghiep.vn/san-pham/san-pham-14851/","https://vongbicongnghiep.vn/wp-content/uploads/2024/12/PHC-OL.png","[""https://vongbicongnghiep.vn/wp-content/uploads/2024/12/PHC-OL.png""]","","","[]","142000","out_of_stock","vongbicongnghiep.vn-wc-store-api-category-search-skf","2026-04-29T13:54:53.825Z"
"65034","SKF","PHC 2080HX10FT-SKF","PHC 2080HX10FT-SKF","PHC2080HX10FTSKF","PHC 2080HX10FT","Xích","Xích","87","xich","https://vongbicongnghiep.vn/san-pham/san-pham-14850/","https://vongbicongnghiep.vn/wp-content/uploads/2024/12/PHC-1FT.png","[""https://vongbicongnghiep.vn/wp-content/uploads/2024/12/PHC-1FT.png"",""https://vongbicongnghiep.vn/wp-content/uploads/2024/12/BV-PHC-1FT.png""]","","","[]","1967000","out_of_stock","vongbicongnghiep.vn-wc-store-api-category-search-skf","2026-04-29T13:54:53.825Z"
"65033","SKF","PHC 2080H-O/L-SKF","PHC 2080H-O/L-SKF","PHC2080HOLSKF","PHC 2080H-O/L","Xích","Xích","87","xich","https://vongbicongnghiep.vn/san-pham/san-pham-14849/","https://vongbicongnghiep.vn/wp-content/uploads/2024/12/PHC-OL.png","[""https://vongbicongnghiep.vn/wp-content/uploads/2024/12/PHC-OL.png""]","","","[]","170000","out_of_stock","vongbicongnghiep.vn-wc-store-api-category-search-skf","2026-04-29T13:54:53.825Z"
"65032","SKF","PHC 2080H-C/L-SKF","PHC 2080H-C/L-SKF","PHC2080HCLSKF","PHC 2080H-C/L","Xích","Xích","87","xich","https://vongbicongnghiep.vn/san-pham/san-pham-14848/","https://vongbicongnghiep.vn/wp-content/uploads/2024/12/PHC-CL.png","[""https://vongbicongnghiep.vn/wp-content/uploads/2024/12/PHC-CL.png""]","","","[]","87000","out_of_stock","vongbicongnghiep.vn-wc-store-api-category-search-skf","2026-04-29T13:54:53.825Z"
"65031","SKF","PHC 2080-C/L-SKF","PHC 2080-C/L-SKF","PHC2080CLSKF","PHC 2080-C/L","Xích","Xích","87","xich","https://vongbicongnghiep.vn/san-pham/san-pham-14847/","https://vongbicongnghiep.vn/wp-content/uploads/2024/12/PHC-CL.png","[""https://vongbicongnghiep.vn/wp-content/uploads/2024/12/PHC-CL.png""]","","","[]","71000","out_of_stock","vongbicongnghiep.vn-wc-store-api-category-search-skf","2026-04-29T13:54:53.825Z"
"65030","SKF","PHC 2060X10FT-SKF","PHC 2060X10FT-SKF","PHC2060X10FTSKF","PHC 2060X10FT","Xích","Xích","87","xich","https://vongbicongnghiep.vn/san-pham/san-pham-14846/","https://vongbicongnghiep.vn/wp-content/uploads/2024/12/PHC-1FT.png","[""https://vongbicongnghiep.vn/wp-content/uploads/2024/12/PHC-1FT.png"",""https://vongbicongnghiep.vn/wp-content/uploads/2024/12/BV-PHC-1FT.png""]","","","[]","882000","out_of_stock","vongbicongnghiep.vn-wc-store-api-category-search-skf","2026-04-29T13:54:53.825Z"
"65029","SKF","PHC 2060-O/L-SKF","PHC 2060-O/L-SKF","PHC2060OLSKF","PHC 2060-O/L","Xích","Xích","87","xich","https://vongbicongnghiep.vn/san-pham/san-pham-14845/","https://vongbicongnghiep.vn/wp-content/uploads/2024/12/PHC-OL.png","[""https://vongbicongnghiep.vn/wp-content/uploads/2024/12/PHC-OL.png""]","","","[]","66000","out_of_stock","vongbicongnghiep.vn-wc-store-api-category-search-skf","2026-04-29T13:54:53.825Z"
"65028","SKF","PHC 2060-C/L-SKF","PHC 2060-C/L-SKF","PHC2060CLSKF","PHC 2060-C/L","Xích","Xích","87","xich","https://vongbicongnghiep.vn/san-pham/san-pham-14844/","https://vongbicongnghiep.vn/wp-content/uploads/2024/12/PHC-CL.png","[""https://vongbicongnghiep.vn/wp-content/uploads/2024/12/PHC-CL.png""]","","","[]","34000","out_of_stock","vongbicongnghiep.vn-wc-store-api-category-search-skf","2026-04-29T13:54:53.825Z"
"65027","SKF","PHC 2050X10FT-SKF","PHC 2050X10FT-SKF","PHC2050X10FTSKF","PHC 2050X10FT","Xích","Xích","87","xich","https://vongbicongnghiep.vn/san-pham/san-pham-14843/","https://vongbicongnghiep.vn/wp-content/uploads/2024/12/PHC-1FT.png","[""https://vongbicongnghiep.vn/wp-content/uploads/2024/12/PHC-1FT.png"",""https://vongbicongnghiep.vn/wp-content/uploads/2024/12/BV-PHC-1FT.png""]","","","[]","667000","out_of_stock","vongbicongnghiep.vn-wc-store-api-category-search-skf","2026-04-29T13:54:53.825Z"
"65026","SKF","PHC 2050-O/L-SKF","PHC 2050-O/L-SKF","PHC2050OLSKF","PHC 2050-O/L","Xích","Xích","87","xich","https://vongbicongnghiep.vn/san-pham/san-pham-14842/","https://vongbicongnghiep.vn/wp-content/uploads/2024/12/PHC-OL.png","[""https://vongbicongnghiep.vn/wp-content/uploads/2024/12/PHC-OL.png""]","","","[]","57000","out_of_stock","vongbicongnghiep.vn-wc-store-api-category-search-skf","2026-04-29T13:54:53.825Z"
"65025","SKF","PHC 2050-C/L-SKF","PHC 2050-C/L-SKF","PHC2050CLSKF","PHC 2050-C/L","Xích","Xích","87","xich","https://vongbicongnghiep.vn/san-pham/san-pham-14841/","https://vongbicongnghiep.vn/wp-content/uploads/2024/12/PHC-CL.png","[""https://vongbicongnghiep.vn/wp-content/uploads/2024/12/PHC-CL.png""]","","","[]","26000","out_of_stock","vongbicongnghiep.vn-wc-store-api-category-search-skf","2026-04-29T13:54:53.825Z"
"65024","SKF","PHC 2040X10FT-SKF","PHC 2040X10FT-SKF","PHC2040X10FTSKF","PHC 2040X10FT","Xích","Xích","87","xich","https://vongbicongnghiep.vn/san-pham/san-pham-14840/","https://vongbicongnghiep.vn/wp-content/uploads/2024/12/PHC-1FT.png","[""https://vongbicongnghiep.vn/wp-content/uploads/2024/12/PHC-1FT.png"",""https://vongbicongnghiep.vn/wp-content/uploads/2024/12/BV-PHC-1FT.png""]","","","[]","425000","out_of_stock","vongbicongnghiep.vn-wc-store-api-category-search-skf","2026-04-29T13:54:53.825Z"
"65023","SKF","PHC 2040-O/L-SKF","PHC 2040-O/L-SKF","PHC2040OLSKF","PHC 2040-O/L","Xích","Xích","87","xich","https://vongbicongnghiep.vn/san-pham/san-pham-14839/","https://vongbicongnghiep.vn/wp-content/uploads/2024/12/PHC-OL.png","[""https://vongbicongnghiep.vn/wp-content/uploads/2024/12/PHC-OL.png""]","","","[]","41000","out_of_stock","vongbicongnghiep.vn-wc-store-api-category-search-skf","2026-04-29T13:54:53.825Z"
"65022","SKF","PHC 2040-C/L-SKF","PHC 2040-C/L-SKF","PHC2040CLSKF","PHC 2040-C/L","Xích","Xích","87","xich","https://vongbicongnghiep.vn/san-pham/san-pham-14838/","https://vongbicongnghiep.vn/wp-content/uploads/2024/12/PHC-CL.png","[""https://vongbicongnghiep.vn/wp-content/uploads/2024/12/PHC-CL.png""]","","","[]","20000","out_of_stock","vongbicongnghiep.vn-wc-store-api-category-search-skf","2026-04-29T13:54:53.825Z"
"65021","SKF","PHC 200SPH-2X10FT-SKF","PHC 200SPH-2X10FT-SKF","PHC200SPH2X10FTSKF","PHC 200SPH-2X10FT","Xích","Xích","87","xich","https://vongbicongnghiep.vn/san-pham/san-pham-14837/","https://vongbicongnghiep.vn/wp-content/uploads/2024/12/PHC-2FT.png","[""https://vongbicongnghiep.vn/wp-content/uploads/2024/12/PHC-2FT.png"",""https://vongbicongnghiep.vn/wp-content/uploads/product_images/truyen-dong/xich/xich-ansi.jpg""]","","","[]","49751000","out_of_stock","vongbicongnghiep.vn-wc-store-api-category-search-skf","2026-04-29T13:54:53.825Z"
"65020","SKF","PHC 200SPH-2C/L-SKF","PHC 200SPH-2C/L-SKF","PHC200SPH2CLSKF","PHC 200SPH-2C/L","Xích","Xích","87","xich","https://vongbicongnghiep.vn/san-pham/san-pham-14836/","https://vongbicongnghiep.vn/wp-content/uploads/2024/12/PHC-2CL.png","[""https://vongbicongnghiep.vn/wp-content/uploads/2024/12/PHC-2CL.png""]","","","[]","3144000","out_of_stock","vongbicongnghiep.vn-wc-store-api-category-search-skf","2026-04-29T13:54:53.825Z"
"65019","SKF","PHC 200SPH-1X10FT-SKF","PHC 200SPH-1X10FT-SKF","PHC200SPH1X10FTSKF","PHC 200SPH-1X10FT","Xích","Xích","87","xich","https://vongbicongnghiep.vn/san-pham/san-pham-14835/","https://vongbicongnghiep.vn/wp-content/uploads/2024/12/PHC-1FT.png","[""https://vongbicongnghiep.vn/wp-content/uploads/2024/12/PHC-1FT.png"",""https://vongbicongnghiep.vn/wp-content/uploads/2024/12/BV-PHC-1FT.png""]","","","[]","21216000","out_of_stock","vongbicongnghiep.vn-wc-store-api-category-search-skf","2026-04-29T13:54:53.825Z"
"65018","SKF","PHC 200SPH-1C/L-SKF","PHC 200SPH-1C/L-SKF","PHC200SPH1CLSKF","PHC 200SPH-1C/L","Xích","Xích","87","xich","https://vongbicongnghiep.vn/san-pham/san-pham-14834/","https://vongbicongnghiep.vn/wp-content/uploads/2024/12/PHC-CL.png","[""https://vongbicongnghiep.vn/wp-content/uploads/2024/12/PHC-CL.png""]","","","[]","1572000","out_of_stock","vongbicongnghiep.vn-wc-store-api-category-search-skf","2026-04-29T13:54:53.825Z"
"65017","SKF","PHC 200SHH-2X10FT-SKF","PHC 200SHH-2X10FT-SKF","PHC200SHH2X10FTSKF","PHC 200SHH-2X10FT","Xích","Xích","87","xich","https://vongbicongnghiep.vn/san-pham/san-pham-14833/","https://vongbicongnghiep.vn/wp-content/uploads/2024/12/PHC-2FT.png","[""https://vongbicongnghiep.vn/wp-content/uploads/2024/12/PHC-2FT.png"",""https://vongbicongnghiep.vn/wp-content/uploads/product_images/truyen-dong/xich/xich-ansi.jpg""]","","","[]","53644000","out_of_stock","vongbicongnghiep.vn-wc-store-api-category-search-skf","2026-04-29T13:54:53.825Z"
"65016","SKF","PHC 200SHH-2C/L-SKF","PHC 200SHH-2C/L-SKF","PHC200SHH2CLSKF","PHC 200SHH-2C/L","Xích","Xích","87","xich","https://vongbicongnghiep.vn/san-pham/san-pham-14832/","https://vongbicongnghiep.vn/wp-content/uploads/2024/12/PHC-2CL.png","[""https://vongbicongnghiep.vn/wp-content/uploads/2024/12/PHC-2CL.png""]","","","[]","3391000","out_of_stock","vongbicongnghiep.vn-wc-store-api-category-search-skf","2026-04-29T13:54:53.825Z"
"65015","SKF","PHC 200SHH-1X10FT-SKF","PHC 200SHH-1X10FT-SKF","PHC200SHH1X10FTSKF","PHC 200SHH-1X10FT","Xích","Xích","87","xich","https://vongbicongnghiep.vn/san-pham/san-pham-14831/","https://vongbicongnghiep.vn/wp-content/uploads/2024/12/PHC-1FT.png","[""https://vongbicongnghiep.vn/wp-content/uploads/2024/12/PHC-1FT.png"",""https://vongbicongnghiep.vn/wp-content/uploads/2024/12/BV-PHC-1FT.png""]","","","[]","26821000","out_of_stock","vongbicongnghiep.vn-wc-store-api-category-search-skf","2026-04-29T13:54:53.825Z"
"65014","SKF","PHC 200SHH-1C/L-SKF","PHC 200SHH-1C/L-SKF","PHC200SHH1CLSKF","PHC 200SHH-1C/L","Xích","Xích","87","xich","https://vongbicongnghiep.vn/san-pham/san-pham-14830/","https://vongbicongnghiep.vn/wp-content/uploads/2024/12/PHC-CL.png","[""https://vongbicongnghiep.vn/wp-content/uploads/2024/12/PHC-CL.png""]","","","[]","1695000","out_of_stock","vongbicongnghiep.vn-wc-store-api-category-search-skf","2026-04-29T13:54:55.572Z"
"65013","SKF","PHC 200SH-1X10FT-SKF","PHC 200SH-1X10FT-SKF","PHC200SH1X10FTSKF","PHC 200SH-1X10FT","Xích","Xích","87","xich","https://vongbicongnghiep.vn/san-pham/san-pham-14829/","https://vongbicongnghiep.vn/wp-content/uploads/2024/12/PHC-1FT.png","[""https://vongbicongnghiep.vn/wp-content/uploads/2024/12/PHC-1FT.png"",""https://vongbicongnghiep.vn/wp-content/uploads/2024/12/BV-PHC-1FT.png""]","","","[]","20444000","out_of_stock","vongbicongnghiep.vn-wc-store-api-category-search-skf","2026-04-29T13:54:55.572Z"
"65012","SKF","PHC 200H-3X10FT-SKF","PHC 200H-3X10FT-SKF","PHC200H3X10FTSKF","PHC 200H-3X10FT","Xích","Xích","87","xich","https://vongbicongnghiep.vn/san-pham/san-pham-14828/","https://vongbicongnghiep.vn/wp-content/uploads/2024/12/PHC-3FT.png","[""https://vongbicongnghiep.vn/wp-content/uploads/2024/12/PHC-3FT.png"",""https://vongbicongnghiep.vn/wp-content/uploads/product_images/truyen-dong/xich/xich-ansi.jpg""]","","","[]","46184000","out_of_stock","vongbicongnghiep.vn-wc-store-api-category-search-skf","2026-04-29T13:54:55.572Z"
"65011","SKF","PHC 200H-3O/L-SKF","PHC 200H-3O/L-SKF","PHC200H3OLSKF","PHC 200H-3O/L","Xích","Xích","87","xich","https://vongbicongnghiep.vn/san-pham/san-pham-14827/","https://vongbicongnghiep.vn/wp-content/uploads/2024/12/PHC-3CL.png","[""https://vongbicongnghiep.vn/wp-content/uploads/2024/12/PHC-3CL.png""]","","","[]","5607000","out_of_stock","vongbicongnghiep.vn-wc-store-api-category-search-skf","2026-04-29T13:54:55.572Z"
"65010","SKF","PHC 200H-3CX10FT-SKF","PHC 200H-3CX10FT-SKF","PHC200H3CX10FTSKF","PHC 200H-3CX10FT","Xích","Xích","87","xich","https://vongbicongnghiep.vn/san-pham/san-pham-14826/","https://vongbicongnghiep.vn/wp-content/uploads/2024/12/PHC-3FT.png","[""https://vongbicongnghiep.vn/wp-content/uploads/2024/12/PHC-3FT.png"",""https://vongbicongnghiep.vn/wp-content/uploads/product_images/truyen-dong/xich/xich-ansi.jpg""]","","","[]","48262000","out_of_stock","vongbicongnghiep.vn-wc-store-api-category-search-skf","2026-04-29T13:54:55.572Z"
"65009","SKF","PHC 200H-3C/L-SKF","PHC 200H-3C/L-SKF","PHC200H3CLSKF","PHC 200H-3C/L","Xích","Xích","87","xich","https://vongbicongnghiep.vn/san-pham/san-pham-14825/","https://vongbicongnghiep.vn/wp-content/uploads/2024/12/PHC-3OL.png","[""https://vongbicongnghiep.vn/wp-content/uploads/2024/12/PHC-3OL.png""]","","","[]","2804000","out_of_stock","vongbicongnghiep.vn-wc-store-api-category-search-skf","2026-04-29T13:54:55.572Z"
"65008","SKF","PHC 200H-2X10FT-SKF","PHC 200H-2X10FT-SKF","PHC200H2X10FTSKF","PHC 200H-2X10FT","Xích","Xích","87","xich","https://vongbicongnghiep.vn/san-pham/san-pham-14824/","https://vongbicongnghiep.vn/wp-content/uploads/2024/12/PHC-2FT.png","[""https://vongbicongnghiep.vn/wp-content/uploads/2024/12/PHC-2FT.png"",""https://vongbicongnghiep.vn/wp-content/uploads/product_images/truyen-dong/xich/xich-ansi.jpg""]","","","[]","28866000","out_of_stock","vongbicongnghiep.vn-wc-store-api-category-search-skf","2026-04-29T13:54:55.572Z"
"65007","SKF","PHC 200H-2O/L-SKF","PHC 200H-2O/L-SKF","PHC200H2OLSKF","PHC 200H-2O/L","Xích","Xích","87","xich","https://vongbicongnghiep.vn/san-pham/san-pham-14823/","https://vongbicongnghiep.vn/wp-content/uploads/2024/12/PHC-2OL.png","[""https://vongbicongnghiep.vn/wp-content/uploads/2024/12/PHC-2OL.png""]","","","[]","3506000","out_of_stock","vongbicongnghiep.vn-wc-store-api-category-search-skf","2026-04-29T13:54:55.572Z"
"65006","SKF","PHC 200H-2CX10FT-SKF","PHC 200H-2CX10FT-SKF","PHC200H2CX10FTSKF","PHC 200H-2CX10FT","Xích","Xích","87","xich","https://vongbicongnghiep.vn/san-pham/san-pham-14822/","https://vongbicongnghiep.vn/wp-content/uploads/2024/12/PHC-2FT.png","[""https://vongbicongnghiep.vn/wp-content/uploads/2024/12/PHC-2FT.png"",""https://vongbicongnghiep.vn/wp-content/uploads/product_images/truyen-dong/xich/xich-ansi.jpg""]","","","[]","30164000","out_of_stock","vongbicongnghiep.vn-wc-store-api-category-search-skf","2026-04-29T13:54:55.572Z"
"65005","SKF","PHC 200H-2C/L-SKF","PHC 200H-2C/L-SKF","PHC200H2CLSKF","PHC 200H-2C/L","Xích","Xích","87","xich","https://vongbicongnghiep.vn/san-pham/san-pham-14821/","https://vongbicongnghiep.vn/wp-content/uploads/2024/12/PHC-2CL.png","[""https://vongbicongnghiep.vn/wp-content/uploads/2024/12/PHC-2CL.png""]","","","[]","1752000","out_of_stock","vongbicongnghiep.vn-wc-store-api-category-search-skf","2026-04-29T13:54:55.572Z"
"65004","SKF","PHC 200H-1X10FT-SKF","PHC 200H-1X10FT-SKF","PHC200H1X10FTSKF","PHC 200H-1X10FT","Xích","Xích","87","xich","https://vongbicongnghiep.vn/san-pham/san-pham-14820/","https://vongbicongnghiep.vn/wp-content/uploads/2024/12/PHC-1FT.png","[""https://vongbicongnghiep.vn/wp-content/uploads/2024/12/PHC-1FT.png"",""https://vongbicongnghiep.vn/wp-content/uploads/2024/12/BV-PHC-1FT.png""]","","","[]","14432000","out_of_stock","vongbicongnghiep.vn-wc-store-api-category-search-skf","2026-04-29T13:54:55.572Z"
"65003","SKF","PHC 200H-1O/L-SKF","PHC 200H-1O/L-SKF","PHC200H1OLSKF","PHC 200H-1O/L","Xích","Xích","87","xich","https://vongbicongnghiep.vn/san-pham/san-pham-14819/","https://vongbicongnghiep.vn/wp-content/uploads/2024/12/PHC-OL.png","[""https://vongbicongnghiep.vn/wp-content/uploads/2024/12/PHC-OL.png""]","","","[]","1752000","out_of_stock","vongbicongnghiep.vn-wc-store-api-category-search-skf","2026-04-29T13:54:55.572Z"
"65002","SKF","PHC 200H-1CX10FT-SKF","PHC 200H-1CX10FT-SKF","PHC200H1CX10FTSKF","PHC 200H-1CX10FT","Xích","Xích","87","xich","https://vongbicongnghiep.vn/san-pham/san-pham-14818/","https://vongbicongnghiep.vn/wp-content/uploads/2024/12/PHC-1FT.png","[""https://vongbicongnghiep.vn/wp-content/uploads/2024/12/PHC-1FT.png"",""https://vongbicongnghiep.vn/wp-content/uploads/2024/12/BV-PHC-1FT.png""]","","","[]","15082000","out_of_stock","vongbicongnghiep.vn-wc-store-api-category-search-skf","2026-04-29T13:54:55.572Z"
"65001","SKF","PHC 200H-1C/L-SKF","PHC 200H-1C/L-SKF","PHC200H1CLSKF","PHC 200H-1C/L","Xích","Xích","87","xich","https://vongbicongnghiep.vn/san-pham/san-pham-14817/","https://vongbicongnghiep.vn/wp-content/uploads/2024/12/PHC-CL.png","[""https://vongbicongnghiep.vn/wp-content/uploads/2024/12/PHC-CL.png""]","","","[]","876000","out_of_stock","vongbicongnghiep.vn-wc-store-api-category-search-skf","2026-04-29T13:54:55.572Z"
"65000","SKF","PHC 200-4CX10FT-SKF","PHC 200-4CX10FT-SKF","PHC2004CX10FTSKF","PHC 200-4CX10FT","Xích","Xích","87","xich","https://vongbicongnghiep.vn/san-pham/san-pham-14816/","https://vongbicongnghiep.vn/wp-content/uploads/2024/12/PHC-3FT.png","[""https://vongbicongnghiep.vn/wp-content/uploads/2024/12/PHC-3FT.png"",""https://vongbicongnghiep.vn/wp-content/uploads/product_images/truyen-dong/xich/xich-ansi.jpg""]","","","[]","82734000","out_of_stock","vongbicongnghiep.vn-wc-store-api-category-search-skf","2026-04-29T13:54:55.572Z"
"64999","SKF","PHC 200-3O/L-SKF","PHC 200-3O/L-SKF","PHC2003OLSKF","PHC 200-3O/L","Xích","Xích","87","xich","https://vongbicongnghiep.vn/san-pham/san-pham-14815/","https://vongbicongnghiep.vn/wp-content/uploads/2024/12/PHC-3CL.png","[""https://vongbicongnghiep.vn/wp-content/uploads/2024/12/PHC-3CL.png""]","","","[]","4206000","out_of_stock","vongbicongnghiep.vn-wc-store-api-category-search-skf","2026-04-29T13:54:55.572Z"
"64998","SKF","PHC 200-3CX10FT-SKF","PHC 200-3CX10FT-SKF","PHC2003CX10FTSKF","PHC 200-3CX10FT","Xích","Xích","87","xich","https://vongbicongnghiep.vn/san-pham/san-pham-14814/","https://vongbicongnghiep.vn/wp-content/uploads/2024/12/PHC-3FT.png","[""https://vongbicongnghiep.vn/wp-content/uploads/2024/12/PHC-3FT.png"",""https://vongbicongnghiep.vn/wp-content/uploads/product_images/truyen-dong/xich/xich-ansi.jpg""]","","","[]","38389000","out_of_stock","vongbicongnghiep.vn-wc-store-api-category-search-skf","2026-04-29T13:54:55.572Z"
"64997","SKF","PHC 200-3C/L-SKF","PHC 200-3C/L-SKF","PHC2003CLSKF","PHC 200-3C/L","Xích","Xích","87","xich","https://vongbicongnghiep.vn/san-pham/san-pham-14813/","https://vongbicongnghiep.vn/wp-content/uploads/2024/12/PHC-3OL.png","[""https://vongbicongnghiep.vn/wp-content/uploads/2024/12/PHC-3OL.png""]","","","[]","2102000","out_of_stock","vongbicongnghiep.vn-wc-store-api-category-search-skf","2026-04-29T13:54:55.572Z"
"64996","SKF","PHC 200-2O/L-SKF","PHC 200-2O/L-SKF","PHC2002OLSKF","PHC 200-2O/L","Xích","Xích","87","xich","https://vongbicongnghiep.vn/san-pham/san-pham-14812/","https://vongbicongnghiep.vn/wp-content/uploads/2024/12/PHC-2OL.png","[""https://vongbicongnghiep.vn/wp-content/uploads/2024/12/PHC-2OL.png""]","","","[]","2629000","out_of_stock","vongbicongnghiep.vn-wc-store-api-category-search-skf","2026-04-29T13:54:55.572Z"
"64995","SKF","PHC 200-2CX10FT-SKF","PHC 200-2CX10FT-SKF","PHC2002CX10FTSKF","PHC 200-2CX10FT","Xích","Xích","87","xich","https://vongbicongnghiep.vn/san-pham/san-pham-14811/","https://vongbicongnghiep.vn/wp-content/uploads/2024/12/PHC-2FT.png","[""https://vongbicongnghiep.vn/wp-content/uploads/2024/12/PHC-2FT.png"",""https://vongbicongnghiep.vn/wp-content/uploads/product_images/truyen-dong/xich/xich-ansi.jpg""]","","","[]","23993000","out_of_stock","vongbicongnghiep.vn-wc-store-api-category-search-skf","2026-04-29T13:54:55.572Z"
"64994","SKF","PHC 200-2C/L-SKF","PHC 200-2C/L-SKF","PHC2002CLSKF","PHC 200-2C/L","Xích","Xích","87","xich","https://vongbicongnghiep.vn/san-pham/san-pham-14810/","https://vongbicongnghiep.vn/wp-content/uploads/2024/12/PHC-2CL.png","[""https://vongbicongnghiep.vn/wp-content/uploads/2024/12/PHC-2CL.png""]","","","[]","1313000","out_of_stock","vongbicongnghiep.vn-wc-store-api-category-search-skf","2026-04-29T13:54:55.572Z"
"64993","SKF","PHC 200-1O/L-SKF","PHC 200-1O/L-SKF","PHC2001OLSKF","PHC 200-1O/L","Xích","Xích","87","xich","https://vongbicongnghiep.vn/san-pham/san-pham-14809/","https://vongbicongnghiep.vn/wp-content/uploads/2024/12/PHC-OL.png","[""https://vongbicongnghiep.vn/wp-content/uploads/2024/12/PHC-OL.png""]","","","[]","1313000","out_of_stock","vongbicongnghiep.vn-wc-store-api-category-search-skf","2026-04-29T13:54:55.572Z"
"64992","SKF","PHC 200-1CX10FT-SKF","PHC 200-1CX10FT-SKF","PHC2001CX10FTSKF","PHC 200-1CX10FT","Xích","Xích","87","xich","https://vongbicongnghiep.vn/san-pham/san-pham-14808/","https://vongbicongnghiep.vn/wp-content/uploads/2024/12/PHC-1FT.png","[""https://vongbicongnghiep.vn/wp-content/uploads/2024/12/PHC-1FT.png"",""https://vongbicongnghiep.vn/wp-content/uploads/2024/12/BV-PHC-1FT.png""]","","","[]","11996000","out_of_stock","vongbicongnghiep.vn-wc-store-api-category-search-skf","2026-04-29T13:54:55.572Z"
"64991","SKF","PHC 200-1C/L-SKF","PHC 200-1C/L-SKF","PHC2001CLSKF","PHC 200-1C/L","Xích","Xích","87","xich","https://vongbicongnghiep.vn/san-pham/san-pham-14807/","https://vongbicongnghiep.vn/wp-content/uploads/2024/12/PHC-CL.png","[""https://vongbicongnghiep.vn/wp-content/uploads/2024/12/PHC-CL.png""]","","","[]","657000","out_of_stock","vongbicongnghiep.vn-wc-store-api-category-search-skf","2026-04-29T13:54:55.572Z"
"64990","SKF","PHC 180H-1X10FT-SKF","PHC 180H-1X10FT-SKF","PHC180H1X10FTSKF","PHC 180H-1X10FT","Xích","Xích","87","xich","https://vongbicongnghiep.vn/san-pham/san-pham-14806/","https://vongbicongnghiep.vn/wp-content/uploads/2024/12/PHC-1FT.png","[""https://vongbicongnghiep.vn/wp-content/uploads/2024/12/PHC-1FT.png"",""https://vongbicongnghiep.vn/wp-content/uploads/2024/12/BV-PHC-1FT.png""]","","","[]","12235000","out_of_stock","vongbicongnghiep.vn-wc-store-api-category-search-skf","2026-04-29T13:54:55.572Z"
"64989","SKF","PHC 180H-1O/L-SKF","PHC 180H-1O/L-SKF","PHC180H1OLSKF","PHC 180H-1O/L","Xích","Xích","87","xich","https://vongbicongnghiep.vn/san-pham/san-pham-14805/","https://vongbicongnghiep.vn/wp-content/uploads/2024/12/PHC-OL.png","[""https://vongbicongnghiep.vn/wp-content/uploads/2024/12/PHC-OL.png""]","","","[]","1372000","out_of_stock","vongbicongnghiep.vn-wc-store-api-category-search-skf","2026-04-29T13:54:55.572Z"
"64988","SKF","PHC 180H-1C/L-SKF","PHC 180H-1C/L-SKF","PHC180H1CLSKF","PHC 180H-1C/L","Xích","Xích","87","xich","https://vongbicongnghiep.vn/san-pham/san-pham-14804/","https://vongbicongnghiep.vn/wp-content/uploads/2024/12/PHC-CL.png","[""https://vongbicongnghiep.vn/wp-content/uploads/2024/12/PHC-CL.png""]","","","[]","684000","out_of_stock","vongbicongnghiep.vn-wc-store-api-category-search-skf","2026-04-29T13:54:55.572Z"
"64987","SKF","PHC 180-3O/L-SKF","PHC 180-3O/L-SKF","PHC1803OLSKF","PHC 180-3O/L","Xích","Xích","87","xich","https://vongbicongnghiep.vn/san-pham/san-pham-14803/","https://vongbicongnghiep.vn/wp-content/uploads/2024/12/PHC-3CL.png","[""https://vongbicongnghiep.vn/wp-content/uploads/2024/12/PHC-3CL.png""]","","","[]","3291000","out_of_stock","vongbicongnghiep.vn-wc-store-api-category-search-skf","2026-04-29T13:54:55.572Z"
"64986","SKF","PHC 180-3CX10FT-SKF","PHC 180-3CX10FT-SKF","PHC1803CX10FTSKF","PHC 180-3CX10FT","Xích","Xích","87","xich","https://vongbicongnghiep.vn/san-pham/san-pham-14802/","https://vongbicongnghiep.vn/wp-content/uploads/2024/12/PHC-3FT.png","[""https://vongbicongnghiep.vn/wp-content/uploads/2024/12/PHC-3FT.png"",""https://vongbicongnghiep.vn/wp-content/uploads/product_images/truyen-dong/xich/xich-ansi.jpg""]","","","[]","32542000","out_of_stock","vongbicongnghiep.vn-wc-store-api-category-search-skf","2026-04-29T13:54:55.572Z"
"64985","SKF","PHC 180-3C/L-SKF","PHC 180-3C/L-SKF","PHC1803CLSKF","PHC 180-3C/L","Xích","Xích","87","xich","https://vongbicongnghiep.vn/san-pham/san-pham-14801/","https://vongbicongnghiep.vn/wp-content/uploads/2024/12/PHC-3OL.png","[""https://vongbicongnghiep.vn/wp-content/uploads/2024/12/PHC-3OL.png""]","","","[]","1646000","out_of_stock","vongbicongnghiep.vn-wc-store-api-category-search-skf","2026-04-29T13:54:55.572Z"
"64984","SKF","PHC 180-2O/L-SKF","PHC 180-2O/L-SKF","PHC1802OLSKF","PHC 180-2O/L","Xích","Xích","87","xich","https://vongbicongnghiep.vn/san-pham/san-pham-14800/","https://vongbicongnghiep.vn/wp-content/uploads/2024/12/PHC-2OL.png","[""https://vongbicongnghiep.vn/wp-content/uploads/2024/12/PHC-2OL.png""]","","","[]","2057000","out_of_stock","vongbicongnghiep.vn-wc-store-api-category-search-skf","2026-04-29T13:54:55.572Z"
"64983","SKF","PHC 180-2CX10FT-SKF","PHC 180-2CX10FT-SKF","PHC1802CX10FTSKF","PHC 180-2CX10FT","Xích","Xích","87","xich","https://vongbicongnghiep.vn/san-pham/san-pham-14799/","https://vongbicongnghiep.vn/wp-content/uploads/2024/12/PHC-2FT.png","[""https://vongbicongnghiep.vn/wp-content/uploads/2024/12/PHC-2FT.png"",""https://vongbicongnghiep.vn/wp-content/uploads/product_images/truyen-dong/xich/xich-ansi.jpg""]","","","[]","20338000","out_of_stock","vongbicongnghiep.vn-wc-store-api-category-search-skf","2026-04-29T13:54:55.572Z"
"64982","SKF","PHC 180-2C/L-SKF","PHC 180-2C/L-SKF","PHC1802CLSKF","PHC 180-2C/L","Xích","Xích","87","xich","https://vongbicongnghiep.vn/san-pham/san-pham-14798/","https://vongbicongnghiep.vn/wp-content/uploads/2024/12/PHC-2CL.png","[""https://vongbicongnghiep.vn/wp-content/uploads/2024/12/PHC-2CL.png""]","","","[]","1027000","out_of_stock","vongbicongnghiep.vn-wc-store-api-category-search-skf","2026-04-29T13:54:55.572Z"
"64981","SKF","PHC 180-1O/L-SKF","PHC 180-1O/L-SKF","PHC1801OLSKF","PHC 180-1O/L","Xích","Xích","87","xich","https://vongbicongnghiep.vn/san-pham/san-pham-14797/","https://vongbicongnghiep.vn/wp-content/uploads/2024/12/PHC-OL.png","[""https://vongbicongnghiep.vn/wp-content/uploads/2024/12/PHC-OL.png""]","","","[]","1027000","out_of_stock","vongbicongnghiep.vn-wc-store-api-category-search-skf","2026-04-29T13:54:55.572Z"
"64980","SKF","PHC 180-1CX10FT-SKF","PHC 180-1CX10FT-SKF","PHC1801CX10FTSKF","PHC 180-1CX10FT","Xích","Xích","87","xich","https://vongbicongnghiep.vn/san-pham/san-pham-14796/","https://vongbicongnghiep.vn/wp-content/uploads/2024/12/PHC-1FT.png","[""https://vongbicongnghiep.vn/wp-content/uploads/2024/12/PHC-1FT.png"",""https://vongbicongnghiep.vn/wp-content/uploads/2024/12/BV-PHC-1FT.png""]","","","[]","10170000","out_of_stock","vongbicongnghiep.vn-wc-store-api-category-search-skf","2026-04-29T13:54:55.572Z"
"64979","SKF","PHC 180-1C/L-SKF","PHC 180-1C/L-SKF","PHC1801CLSKF","PHC 180-1C/L","Xích","Xích","87","xich","https://vongbicongnghiep.vn/san-pham/san-pham-14795/","https://vongbicongnghiep.vn/wp-content/uploads/2024/12/PHC-CL.png","[""https://vongbicongnghiep.vn/wp-content/uploads/2024/12/PHC-CL.png""]","","","[]","514000","out_of_stock","vongbicongnghiep.vn-wc-store-api-category-search-skf","2026-04-29T13:54:55.572Z"
"64978","SKF","PHC 16S-8O/L-SKF","PHC 16S-8O/L-SKF","PHC16S8OLSKF","PHC 16S-8O/L","Xích","Xích","87","xich","https://vongbicongnghiep.vn/san-pham/san-pham-14794/","https://vongbicongnghiep.vn/wp-content/uploads/2024/12/PHC-3CL.png","[""https://vongbicongnghiep.vn/wp-content/uploads/2024/12/PHC-3CL.png""]","","","[]","2150000","out_of_stock","vongbicongnghiep.vn-wc-store-api-category-search-skf","2026-04-29T13:54:55.572Z"
"64977","SKF","PHC 16S-8C/L-SKF","PHC 16S-8C/L-SKF","PHC16S8CLSKF","PHC 16S-8C/L","Xích","Xích","87","xich","https://vongbicongnghiep.vn/san-pham/san-pham-14793/","https://vongbicongnghiep.vn/wp-content/uploads/2024/12/PHC-3OL.png","[""https://vongbicongnghiep.vn/wp-content/uploads/2024/12/PHC-3OL.png""]","","","[]","1076000","out_of_stock","vongbicongnghiep.vn-wc-store-api-category-search-skf","2026-04-29T13:54:55.572Z"
"64976","SKF","PHC 16S-6O/L-SKF","PHC 16S-6O/L-SKF","PHC16S6OLSKF","PHC 16S-6O/L","Xích","Xích","87","xich","https://vongbicongnghiep.vn/san-pham/san-pham-14792/","https://vongbicongnghiep.vn/wp-content/uploads/2024/12/PHC-3CL.png","[""https://vongbicongnghiep.vn/wp-content/uploads/2024/12/PHC-3CL.png""]","","","[]","1407000","out_of_stock","vongbicongnghiep.vn-wc-store-api-category-search-skf","2026-04-29T13:54:55.572Z"
"64975","SKF","PHC 16S-6C/L-SKF","PHC 16S-6C/L-SKF","PHC16S6CLSKF","PHC 16S-6C/L","Xích","Xích","87","xich","https://vongbicongnghiep.vn/san-pham/san-pham-14791/","https://vongbicongnghiep.vn/wp-content/uploads/2024/12/PHC-3OL.png","[""https://vongbicongnghiep.vn/wp-content/uploads/2024/12/PHC-3OL.png""]","","","[]","704000","out_of_stock","vongbicongnghiep.vn-wc-store-api-category-search-skf","2026-04-29T13:54:55.572Z"
"64974","SKF","PHC 16S-5X10FT-SKF","PHC 16S-5X10FT-SKF","PHC16S5X10FTSKF","PHC 16S-5X10FT","Xích","Xích","87","xich","https://vongbicongnghiep.vn/san-pham/san-pham-14790/","https://vongbicongnghiep.vn/wp-content/uploads/2024/12/PHC-3FT.png","[""https://vongbicongnghiep.vn/wp-content/uploads/2024/12/PHC-3FT.png"",""https://vongbicongnghiep.vn/wp-content/uploads/product_images/truyen-dong/xich/xich-ansi.jpg""]","","","[]","18227000","out_of_stock","vongbicongnghiep.vn-wc-store-api-category-search-skf","2026-04-29T13:54:55.572Z"
"64973","SKF","PHC 16S-5O/L-SKF","PHC 16S-5O/L-SKF","PHC16S5OLSKF","PHC 16S-5O/L","Xích","Xích","87","xich","https://vongbicongnghiep.vn/san-pham/san-pham-14789/","https://vongbicongnghiep.vn/wp-content/uploads/2024/12/PHC-3CL.png","[""https://vongbicongnghiep.vn/wp-content/uploads/2024/12/PHC-3CL.png""]","","","[]","1174000","out_of_stock","vongbicongnghiep.vn-wc-store-api-category-search-skf","2026-04-29T13:54:55.572Z"
"64972","SKF","PHC 16S-5C/L-SKF","PHC 16S-5C/L-SKF","PHC16S5CLSKF","PHC 16S-5C/L","Xích","Xích","87","xich","https://vongbicongnghiep.vn/san-pham/san-pham-14788/","https://vongbicongnghiep.vn/wp-content/uploads/2024/12/PHC-3OL.png","[""https://vongbicongnghiep.vn/wp-content/uploads/2024/12/PHC-3OL.png""]","","","[]","587000","out_of_stock","vongbicongnghiep.vn-wc-store-api-category-search-skf","2026-04-29T13:54:55.572Z"
"64971","SKF","PHC 16S-4X10FT-SKF","PHC 16S-4X10FT-SKF","PHC16S4X10FTSKF","PHC 16S-4X10FT","Xích","Xích","87","xich","https://vongbicongnghiep.vn/san-pham/san-pham-14787/","https://vongbicongnghiep.vn/wp-content/uploads/2024/12/PHC-3FT.png","[""https://vongbicongnghiep.vn/wp-content/uploads/2024/12/PHC-3FT.png"",""https://vongbicongnghiep.vn/wp-content/uploads/product_images/truyen-dong/xich/xich-ansi.jpg""]","","","[]","13670000","out_of_stock","vongbicongnghiep.vn-wc-store-api-category-search-skf","2026-04-29T13:54:55.572Z"
"64970","SKF","PHC 16S-4O/L-SKF","PHC 16S-4O/L-SKF","PHC16S4OLSKF","PHC 16S-4O/L","Xích","Xích","87","xich","https://vongbicongnghiep.vn/san-pham/san-pham-14786/","https://vongbicongnghiep.vn/wp-content/uploads/2024/12/PHC-3CL.png","[""https://vongbicongnghiep.vn/wp-content/uploads/2024/12/PHC-3CL.png""]","","","[]","879000","out_of_stock","vongbicongnghiep.vn-wc-store-api-category-search-skf","2026-04-29T13:54:55.572Z"
"64969","SKF","PHC 16S-4C/L-SKF","PHC 16S-4C/L-SKF","PHC16S4CLSKF","PHC 16S-4C/L","Xích","Xích","87","xich","https://vongbicongnghiep.vn/san-pham/san-pham-14785/","https://vongbicongnghiep.vn/wp-content/uploads/2024/12/PHC-3OL.png","[""https://vongbicongnghiep.vn/wp-content/uploads/2024/12/PHC-3OL.png""]","","","[]","441000","out_of_stock","vongbicongnghiep.vn-wc-store-api-category-search-skf","2026-04-29T13:54:55.572Z"
"64968","SKF","PHC 16S-3X10FT-SKF","PHC 16S-3X10FT-SKF","PHC16S3X10FTSKF","PHC 16S-3X10FT","Xích","Xích","87","xich","https://vongbicongnghiep.vn/san-pham/san-pham-14784/","https://vongbicongnghiep.vn/wp-content/uploads/2024/12/PHC-3FT.png","[""https://vongbicongnghiep.vn/wp-content/uploads/2024/12/PHC-3FT.png"",""https://vongbicongnghiep.vn/wp-content/uploads/product_images/truyen-dong/xich/xich-ansi.jpg""]","","","[]","9721000","out_of_stock","vongbicongnghiep.vn-wc-store-api-category-search-skf","2026-04-29T13:54:55.572Z"
"64967","SKF","PHC 16S-3O/L-SKF","PHC 16S-3O/L-SKF","PHC16S3OLSKF","PHC 16S-3O/L","Xích","Xích","87","xich","https://vongbicongnghiep.vn/san-pham/san-pham-14783/","https://vongbicongnghiep.vn/wp-content/uploads/2024/12/PHC-3CL.png","[""https://vongbicongnghiep.vn/wp-content/uploads/2024/12/PHC-3CL.png""]","","","[]","626000","out_of_stock","vongbicongnghiep.vn-wc-store-api-category-search-skf","2026-04-29T13:54:55.572Z"
"64966","SKF","PHC 16S-3C/L-SKF","PHC 16S-3C/L-SKF","PHC16S3CLSKF","PHC 16S-3C/L","Xích","Xích","87","xich","https://vongbicongnghiep.vn/san-pham/san-pham-14782/","https://vongbicongnghiep.vn/wp-content/uploads/2024/12/PHC-3OL.png","[""https://vongbicongnghiep.vn/wp-content/uploads/2024/12/PHC-3OL.png""]","","","[]","313000","out_of_stock","vongbicongnghiep.vn-wc-store-api-category-search-skf","2026-04-29T13:54:55.572Z"
"64965","SKF","PHC 16S-2X10FT-SKF","PHC 16S-2X10FT-SKF","PHC16S2X10FTSKF","PHC 16S-2X10FT","Xích","Xích","87","xich","https://vongbicongnghiep.vn/san-pham/san-pham-14781/","https://vongbicongnghiep.vn/wp-content/uploads/2024/12/PHC-2FT.png","[""https://vongbicongnghiep.vn/wp-content/uploads/2024/12/PHC-2FT.png"",""https://vongbicongnghiep.vn/wp-content/uploads/product_images/truyen-dong/xich/xich-ansi.jpg""]","","","[]","6076000","out_of_stock","vongbicongnghiep.vn-wc-store-api-category-search-skf","2026-04-29T13:54:55.572Z"
"64964","SKF","PHC 16S-2O/L-SKF","PHC 16S-2O/L-SKF","PHC16S2OLSKF","PHC 16S-2O/L","Xích","Xích","87","xich","https://vongbicongnghiep.vn/san-pham/san-pham-14780/","https://vongbicongnghiep.vn/wp-content/uploads/2024/12/PHC-2OL.png","[""https://vongbicongnghiep.vn/wp-content/uploads/2024/12/PHC-2OL.png""]","","","[]","389000","out_of_stock","vongbicongnghiep.vn-wc-store-api-category-search-skf","2026-04-29T13:54:55.572Z"
"64963","SKF","PHC 16S-2C/L-SKF","PHC 16S-2C/L-SKF","PHC16S2CLSKF","PHC 16S-2C/L","Xích","Xích","87","xich","https://vongbicongnghiep.vn/san-pham/san-pham-14779/","https://vongbicongnghiep.vn/wp-content/uploads/2024/12/PHC-2CL.png","[""https://vongbicongnghiep.vn/wp-content/uploads/2024/12/PHC-2CL.png""]","","","[]","195000","out_of_stock","vongbicongnghiep.vn-wc-store-api-category-search-skf","2026-04-29T13:54:55.572Z"
"64962","SKF","PHC 16S-1X10FT-SKF","PHC 16S-1X10FT-SKF","PHC16S1X10FTSKF","PHC 16S-1X10FT","Xích","Xích","87","xich","https://vongbicongnghiep.vn/san-pham/san-pham-14778/","https://vongbicongnghiep.vn/wp-content/uploads/2024/12/PHC-1FT.png","[""https://vongbicongnghiep.vn/wp-content/uploads/2024/12/PHC-1FT.png"",""https://vongbicongnghiep.vn/wp-content/uploads/2024/12/BV-PHC-1FT.png""]","","","[]","3036000","out_of_stock","vongbicongnghiep.vn-wc-store-api-category-search-skf","2026-04-29T13:54:55.572Z"
"64961","SKF","PHC 16S-1O/L-SKF","PHC 16S-1O/L-SKF","PHC16S1OLSKF","PHC 16S-1O/L","Xích","Xích","87","xich","https://vongbicongnghiep.vn/san-pham/san-pham-14777/","https://vongbicongnghiep.vn/wp-content/uploads/2024/12/PHC-OL.png","[""https://vongbicongnghiep.vn/wp-content/uploads/2024/12/PHC-OL.png""]","","","[]","195000","out_of_stock","vongbicongnghiep.vn-wc-store-api-category-search-skf","2026-04-29T13:54:55.572Z"
"64960","SKF","PHC 16S-1C/L-SKF","PHC 16S-1C/L-SKF","PHC16S1CLSKF","PHC 16S-1C/L","Xích","Xích","87","xich","https://vongbicongnghiep.vn/san-pham/san-pham-14776/","https://vongbicongnghiep.vn/wp-content/uploads/2024/12/PHC-CL.png","[""https://vongbicongnghiep.vn/wp-content/uploads/2024/12/PHC-CL.png""]","","","[]","97000","out_of_stock","vongbicongnghiep.vn-wc-store-api-category-search-skf","2026-04-29T13:54:55.572Z"
"64959","SKF","PHC 16B-3X10FT-SKF","PHC 16B-3X10FT-SKF","PHC16B3X10FTSKF","PHC 16B-3X10FT","Xích","Xích","87","xich","https://vongbicongnghiep.vn/san-pham/san-pham-14775/","https://vongbicongnghiep.vn/wp-content/uploads/2024/12/PHC-3FT.png","[""https://vongbicongnghiep.vn/wp-content/uploads/2024/12/PHC-3FT.png"",""https://vongbicongnghiep.vn/wp-content/uploads/product_images/truyen-dong/xich/xich-ansi.jpg""]","","","[]","5007000","out_of_stock","vongbicongnghiep.vn-wc-store-api-category-search-skf","2026-04-29T13:54:55.572Z"
"64958","SKF","PHC 16B-3O/L-SKF","PHC 16B-3O/L-SKF","PHC16B3OLSKF","PHC 16B-3O/L","Xích","Xích","87","xich","https://vongbicongnghiep.vn/san-pham/san-pham-14774/","https://vongbicongnghiep.vn/wp-content/uploads/2024/12/PHC-3CL.png","[""https://vongbicongnghiep.vn/wp-content/uploads/2024/12/PHC-3CL.png""]","","","[]","239000","out_of_stock","vongbicongnghiep.vn-wc-store-api-category-search-skf","2026-04-29T13:54:55.572Z"
"64957","SKF","PHC 16B-3C/L-SKF","PHC 16B-3C/L-SKF","PHC16B3CLSKF","PHC 16B-3C/L","Xích","Xích","87","xich","https://vongbicongnghiep.vn/san-pham/san-pham-14773/","https://vongbicongnghiep.vn/wp-content/uploads/2024/12/PHC-3OL.png","[""https://vongbicongnghiep.vn/wp-content/uploads/2024/12/PHC-3OL.png""]","","","[]","115000","out_of_stock","vongbicongnghiep.vn-wc-store-api-category-search-skf","2026-04-29T13:54:55.572Z"
"64956","SKF","PHC 16B-2ZPX10FT-SKF","PHC 16B-2ZPX10FT-SKF","PHC16B2ZPX10FTSKF","PHC 16B-2ZPX10FT","Xích","Xích","87","xich","https://vongbicongnghiep.vn/san-pham/san-pham-14772/","https://vongbicongnghiep.vn/wp-content/uploads/2024/12/PHC-2FT.png","[""https://vongbicongnghiep.vn/wp-content/uploads/2024/12/PHC-2FT.png"",""https://vongbicongnghiep.vn/wp-content/uploads/product_images/truyen-dong/xich/xich-ansi.jpg""]","","","[]","4063000","out_of_stock","vongbicongnghiep.vn-wc-store-api-category-search-skf","2026-04-29T13:54:55.572Z"
"64955","SKF","PHC 16B-2ZP-O/L-SKF","PHC 16B-2ZP-O/L-SKF","PHC16B2ZPOLSKF","PHC 16B-2ZP-O/L","Xích","Xích","87","xich","https://vongbicongnghiep.vn/san-pham/san-pham-14771/","https://vongbicongnghiep.vn/wp-content/uploads/2024/12/PHC-2OL.png","[""https://vongbicongnghiep.vn/wp-content/uploads/2024/12/PHC-2OL.png""]","","","[]","191000","out_of_stock","vongbicongnghiep.vn-wc-store-api-category-search-skf","2026-04-29T13:54:55.572Z"
"64954","SKF","PHC 16B-2ZP-C/L-SKF","PHC 16B-2ZP-C/L-SKF","PHC16B2ZPCLSKF","PHC 16B-2ZP-C/L","Xích","Xích","87","xich","https://vongbicongnghiep.vn/san-pham/san-pham-14770/","https://vongbicongnghiep.vn/wp-content/uploads/2024/12/PHC-2CL.png","[""https://vongbicongnghiep.vn/wp-content/uploads/2024/12/PHC-2CL.png""]","","","[]","94000","out_of_stock","vongbicongnghiep.vn-wc-store-api-category-search-skf","2026-04-29T13:54:55.572Z"
"64953","SKF","PHC 16B-2X5MTR-SKF","PHC 16B-2X5MTR-SKF","PHC16B2X5MTRSKF","PHC 16B-2X5MTR","Xích","Xích","87","xich","https://vongbicongnghiep.vn/san-pham/san-pham-14769/","https://vongbicongnghiep.vn/wp-content/uploads/2024/12/PHC-2FT.png","[""https://vongbicongnghiep.vn/wp-content/uploads/2024/12/PHC-2FT.png"",""https://vongbicongnghiep.vn/wp-content/uploads/product_images/truyen-dong/xich/xich-ansi.jpg""]","","","[]","4699000","out_of_stock","vongbicongnghiep.vn-wc-store-api-category-search-skf","2026-04-29T13:54:55.572Z"
"64952","SKF","PHC 16B-2SSX10FT-SKF","PHC 16B-2SSX10FT-SKF","PHC16B2SSX10FTSKF","PHC 16B-2SSX10FT","Xích","Xích","87","xich","https://vongbicongnghiep.vn/san-pham/san-pham-14768/","https://vongbicongnghiep.vn/wp-content/uploads/2024/12/PHC-2FT.png","[""https://vongbicongnghiep.vn/wp-content/uploads/2024/12/PHC-2FT.png"",""https://vongbicongnghiep.vn/wp-content/uploads/product_images/truyen-dong/xich/xich-ansi.jpg""]","","","[]","13262000","out_of_stock","vongbicongnghiep.vn-wc-store-api-category-search-skf","2026-04-29T13:54:55.572Z"
"64951","SKF","PHC 16B-2SS-O/L-SKF","PHC 16B-2SS-O/L-SKF","PHC16B2SSOLSKF","PHC 16B-2SS-O/L","Xích","Xích","87","xich","https://vongbicongnghiep.vn/san-pham/san-pham-14767/","https://vongbicongnghiep.vn/wp-content/uploads/2024/12/PHC-2OL.png","[""https://vongbicongnghiep.vn/wp-content/uploads/2024/12/PHC-2OL.png""]","","","[]","1157000","out_of_stock","vongbicongnghiep.vn-wc-store-api-category-search-skf","2026-04-29T13:54:55.572Z"
"64950","SKF","PHC 16B-2SS-C/L-SKF","PHC 16B-2SS-C/L-SKF","PHC16B2SSCLSKF","PHC 16B-2SS-C/L","Xích","Xích","87","xich","https://vongbicongnghiep.vn/san-pham/san-pham-14766/","https://vongbicongnghiep.vn/wp-content/uploads/2024/12/PHC-2CL.png","[""https://vongbicongnghiep.vn/wp-content/uploads/2024/12/PHC-2CL.png""]","","","[]","579000","out_of_stock","vongbicongnghiep.vn-wc-store-api-category-search-skf","2026-04-29T13:54:55.572Z"
"64949","SKF","PHC 16B-2SLRX10FT-SKF","PHC 16B-2SLRX10FT-SKF","PHC16B2SLRX10FTSKF","PHC 16B-2SLRX10FT","Xích","Xích","87","xich","https://vongbicongnghiep.vn/san-pham/san-pham-14765/","https://vongbicongnghiep.vn/wp-content/uploads/2024/12/PHC-2FT.png","[""https://vongbicongnghiep.vn/wp-content/uploads/2024/12/PHC-2FT.png"",""https://vongbicongnghiep.vn/wp-content/uploads/product_images/truyen-dong/xich/xich-ansi.jpg""]","","","[]","10890000","out_of_stock","vongbicongnghiep.vn-wc-store-api-category-search-skf","2026-04-29T13:54:55.572Z"
"64948","SKF","PHC 16B-2SLR-O/L-SKF","PHC 16B-2SLR-O/L-SKF","PHC16B2SLROLSKF","PHC 16B-2SLR-O/L","Xích","Xích","87","xich","https://vongbicongnghiep.vn/san-pham/san-pham-14764/","https://vongbicongnghiep.vn/wp-content/uploads/2024/12/PHC-2OL.png","[""https://vongbicongnghiep.vn/wp-content/uploads/2024/12/PHC-2OL.png""]","","","[]","813000","out_of_stock","vongbicongnghiep.vn-wc-store-api-category-search-skf","2026-04-29T13:54:55.572Z"
"64947","SKF","PHC 16B-2SLR-C/L-SKF","PHC 16B-2SLR-C/L-SKF","PHC16B2SLRCLSKF","PHC 16B-2SLR-C/L","Xích","Xích","87","xich","https://vongbicongnghiep.vn/san-pham/san-pham-14763/","https://vongbicongnghiep.vn/wp-content/uploads/2024/12/PHC-2CL.png","[""https://vongbicongnghiep.vn/wp-content/uploads/2024/12/PHC-2CL.png""]","","","[]","354000","out_of_stock","vongbicongnghiep.vn-wc-store-api-category-search-skf","2026-04-29T13:54:55.572Z"
"64946","SKF","PHC 16B-2O/L-SKF","PHC 16B-2O/L-SKF","PHC16B2OLSKF","PHC 16B-2O/L","Xích","Xích","87","xich","https://vongbicongnghiep.vn/san-pham/san-pham-14762/","https://vongbicongnghiep.vn/wp-content/uploads/2024/12/PHC-2OL.png","[""https://vongbicongnghiep.vn/wp-content/uploads/2024/12/PHC-2OL.png""]","","","[]","149000","out_of_stock","vongbicongnghiep.vn-wc-store-api-category-search-skf","2026-04-29T13:54:55.572Z"
"64945","SKF","PHC 16B-2NPX10FT-SKF","PHC 16B-2NPX10FT-SKF","PHC16B2NPX10FTSKF","PHC 16B-2NPX10FT","Xích","Xích","87","xich","https://vongbicongnghiep.vn/san-pham/san-pham-14761/","https://vongbicongnghiep.vn/wp-content/uploads/2024/12/PHC-2FT.png","[""https://vongbicongnghiep.vn/wp-content/uploads/2024/12/PHC-2FT.png"",""https://vongbicongnghiep.vn/wp-content/uploads/product_images/truyen-dong/xich/xich-ansi.jpg""]","","","[]","4832000","out_of_stock","vongbicongnghiep.vn-wc-store-api-category-search-skf","2026-04-29T13:54:55.572Z"
"64944","SKF","PHC 16B-2NP-O/L-SKF","PHC 16B-2NP-O/L-SKF","PHC16B2NPOLSKF","PHC 16B-2NP-O/L","Xích","Xích","87","xich","https://vongbicongnghiep.vn/san-pham/san-pham-14760/","https://vongbicongnghiep.vn/wp-content/uploads/2024/12/PHC-2OL.png","[""https://vongbicongnghiep.vn/wp-content/uploads/2024/12/PHC-2OL.png""]","","","[]","294000","out_of_stock","vongbicongnghiep.vn-wc-store-api-category-search-skf","2026-04-29T13:54:55.572Z"
"64943","SKF","PHC 16B-2NP-C/L-SKF","PHC 16B-2NP-C/L-SKF","PHC16B2NPCLSKF","PHC 16B-2NP-C/L","Xích","Xích","87","xich","https://vongbicongnghiep.vn/san-pham/san-pham-14759/","https://vongbicongnghiep.vn/wp-content/uploads/2024/12/PHC-2CL.png","[""https://vongbicongnghiep.vn/wp-content/uploads/2024/12/PHC-2CL.png""]","","","[]","149000","out_of_stock","vongbicongnghiep.vn-wc-store-api-category-search-skf","2026-04-29T13:54:55.572Z"
"64942","SKF","PHC 16B-2DRX10FT-SKF","PHC 16B-2DRX10FT-SKF","PHC16B2DRX10FTSKF","PHC 16B-2DRX10FT","Xích","Xích","87","xich","https://vongbicongnghiep.vn/san-pham/san-pham-14758/","https://vongbicongnghiep.vn/wp-content/uploads/2024/12/PHC-2FT.png","[""https://vongbicongnghiep.vn/wp-content/uploads/2024/12/PHC-2FT.png"",""https://vongbicongnghiep.vn/wp-content/uploads/product_images/truyen-dong/xich/xich-ansi.jpg""]","","","[]","5457000","out_of_stock","vongbicongnghiep.vn-wc-store-api-category-search-skf","2026-04-29T13:54:55.572Z"
"64941","SKF","PHC 16B-2DR-O/L-SKF","PHC 16B-2DR-O/L-SKF","PHC16B2DROLSKF","PHC 16B-2DR-O/L","Xích","Xích","87","xich","https://vongbicongnghiep.vn/san-pham/san-pham-14757/","https://vongbicongnghiep.vn/wp-content/uploads/2024/12/PHC-2OL.png","[""https://vongbicongnghiep.vn/wp-content/uploads/2024/12/PHC-2OL.png""]","","","[]","350000","out_of_stock","vongbicongnghiep.vn-wc-store-api-category-search-skf","2026-04-29T13:54:55.572Z"
"64940","SKF","PHC 16B-2DR-C/L-SKF","PHC 16B-2DR-C/L-SKF","PHC16B2DRCLSKF","PHC 16B-2DR-C/L","Xích","Xích","87","xich","https://vongbicongnghiep.vn/san-pham/san-pham-14756/","https://vongbicongnghiep.vn/wp-content/uploads/2024/12/PHC-2CL.png","[""https://vongbicongnghiep.vn/wp-content/uploads/2024/12/PHC-2CL.png""]","","","[]","175000","out_of_stock","vongbicongnghiep.vn-wc-store-api-category-search-skf","2026-04-29T13:54:55.572Z"
"64939","SKF","PHC 16B-2C/L-SKF","PHC 16B-2C/L-SKF","PHC16B2CLSKF","PHC 16B-2C/L","Xích","Xích","87","xich","https://vongbicongnghiep.vn/san-pham/san-pham-14755/","https://vongbicongnghiep.vn/wp-content/uploads/2024/12/PHC-2CL.png","[""https://vongbicongnghiep.vn/wp-content/uploads/2024/12/PHC-2CL.png""]","","","[]","72000","in_stock","vongbicongnghiep.vn-wc-store-api-category-search-skf","2026-04-29T13:54:55.572Z"
"64938","SKF","PHC 16B-1ZPX10FT-SKF","PHC 16B-1ZPX10FT-SKF","PHC16B1ZPX10FTSKF","PHC 16B-1ZPX10FT","Xích","Xích","87","xich","https://vongbicongnghiep.vn/san-pham/san-pham-14754/","https://vongbicongnghiep.vn/wp-content/uploads/2024/12/PHC-1FT.png","[""https://vongbicongnghiep.vn/wp-content/uploads/2024/12/PHC-1FT.png"",""https://vongbicongnghiep.vn/wp-content/uploads/2024/12/BV-PHC-1FT.png""]","","","[]","2031000","out_of_stock","vongbicongnghiep.vn-wc-store-api-category-search-skf","2026-04-29T13:54:55.572Z"
"64937","SKF","PHC 16B-1ZP-O/L-SKF","PHC 16B-1ZP-O/L-SKF","PHC16B1ZPOLSKF","PHC 16B-1ZP-O/L","Xích","Xích","87","xich","https://vongbicongnghiep.vn/san-pham/san-pham-14753/","https://vongbicongnghiep.vn/wp-content/uploads/2024/12/PHC-OL.png","[""https://vongbicongnghiep.vn/wp-content/uploads/2024/12/PHC-OL.png""]","","","[]","94000","out_of_stock","vongbicongnghiep.vn-wc-store-api-category-search-skf","2026-04-29T13:54:55.572Z"
"64936","SKF","PHC 16B-1ZP-C/L-SKF","PHC 16B-1ZP-C/L-SKF","PHC16B1ZPCLSKF","PHC 16B-1ZP-C/L","Xích","Xích","87","xich","https://vongbicongnghiep.vn/san-pham/san-pham-14752/","https://vongbicongnghiep.vn/wp-content/uploads/2024/12/PHC-CL.png","[""https://vongbicongnghiep.vn/wp-content/uploads/2024/12/PHC-CL.png""]","","","[]","48000","out_of_stock","vongbicongnghiep.vn-wc-store-api-category-search-skf","2026-04-29T13:54:55.572Z"
"64935","SKF","PHC 16B-1X5MTR-SKF","PHC 16B-1X5MTR-SKF","PHC16B1X5MTRSKF","PHC 16B-1X5MTR","Xích","Xích","87","xich","https://vongbicongnghiep.vn/san-pham/san-pham-14751/","https://vongbicongnghiep.vn/wp-content/uploads/2024/12/PHC-1FT.png","[""https://vongbicongnghiep.vn/wp-content/uploads/2024/12/PHC-1FT.png"",""https://vongbicongnghiep.vn/wp-content/uploads/2024/12/BV-PHC-1FT.png""]","","","[]","2349000","out_of_stock","vongbicongnghiep.vn-wc-store-api-category-search-skf","2026-04-29T13:54:55.572Z"
"64934","SKF","PHC 16B-1X10FT-SKF","PHC 16B-1X10FT-SKF","PHC16B1X10FTSKF","PHC 16B-1X10FT","Xích","Xích","87","xich","https://vongbicongnghiep.vn/san-pham/san-pham-14750/","https://vongbicongnghiep.vn/wp-content/uploads/2024/12/PHC-1FT.png","[""https://vongbicongnghiep.vn/wp-content/uploads/2024/12/PHC-1FT.png"",""https://vongbicongnghiep.vn/wp-content/uploads/2024/12/BV-PHC-1FT.png""]","","","[]","1431000","in_stock","vongbicongnghiep.vn-wc-store-api-category-search-skf","2026-04-29T13:54:55.572Z"
"64933","SKF","PHC 16B-1SSX10FT-SKF","PHC 16B-1SSX10FT-SKF","PHC16B1SSX10FTSKF","PHC 16B-1SSX10FT","Xích","Xích","87","xich","https://vongbicongnghiep.vn/san-pham/san-pham-14749/","https://vongbicongnghiep.vn/wp-content/uploads/2024/12/PHC-1FT.png","[""https://vongbicongnghiep.vn/wp-content/uploads/2024/12/PHC-1FT.png"",""https://vongbicongnghiep.vn/wp-content/uploads/2024/12/BV-PHC-1FT.png""]","","","[]","6631000","out_of_stock","vongbicongnghiep.vn-wc-store-api-category-search-skf","2026-04-29T13:54:55.572Z"
"64932","SKF","PHC 16B-1SS-O/L-SKF","PHC 16B-1SS-O/L-SKF","PHC16B1SSOLSKF","PHC 16B-1SS-O/L","Xích","Xích","87","xich","https://vongbicongnghiep.vn/san-pham/san-pham-14748/","https://vongbicongnghiep.vn/wp-content/uploads/2024/12/PHC-OL.png","[""https://vongbicongnghiep.vn/wp-content/uploads/2024/12/PHC-OL.png""]","","","[]","579000","out_of_stock","vongbicongnghiep.vn-wc-store-api-category-search-skf","2026-04-29T13:54:55.572Z"
"64931","SKF","PHC 16B-1SS-C/L-SKF","PHC 16B-1SS-C/L-SKF","PHC16B1SSCLSKF","PHC 16B-1SS-C/L","Xích","Xích","87","xich","https://vongbicongnghiep.vn/san-pham/san-pham-14747/","https://vongbicongnghiep.vn/wp-content/uploads/2024/12/PHC-CL.png","[""https://vongbicongnghiep.vn/wp-content/uploads/2024/12/PHC-CL.png""]","","","[]","288000","out_of_stock","vongbicongnghiep.vn-wc-store-api-category-search-skf","2026-04-29T13:54:55.572Z"
"64930","SKF","PHC 16B-1SLRX10FT-SKF","PHC 16B-1SLRX10FT-SKF","PHC16B1SLRX10FTSKF","PHC 16B-1SLRX10FT","Xích","Xích","87","xich","https://vongbicongnghiep.vn/san-pham/san-pham-14746/","https://vongbicongnghiep.vn/wp-content/uploads/2024/12/PHC-1FT.png","[""https://vongbicongnghiep.vn/wp-content/uploads/2024/12/PHC-1FT.png"",""https://vongbicongnghiep.vn/wp-content/uploads/2024/12/BV-PHC-1FT.png""]","","","[]","5211000","out_of_stock","vongbicongnghiep.vn-wc-store-api-category-search-skf","2026-04-29T13:54:55.572Z"
"64929","SKF","PHC 16B-1SLR-O/L-SKF","PHC 16B-1SLR-O/L-SKF","PHC16B1SLROLSKF","PHC 16B-1SLR-O/L","Xích","Xích","87","xich","https://vongbicongnghiep.vn/san-pham/san-pham-14745/","https://vongbicongnghiep.vn/wp-content/uploads/2024/12/PHC-OL.png","[""https://vongbicongnghiep.vn/wp-content/uploads/2024/12/PHC-OL.png""]","","","[]","407000","out_of_stock","vongbicongnghiep.vn-wc-store-api-category-search-skf","2026-04-29T13:54:55.572Z"
"64928","SKF","PHC 16B-1SLR-C/L-SKF","PHC 16B-1SLR-C/L-SKF","PHC16B1SLRCLSKF","PHC 16B-1SLR-C/L","Xích","Xích","87","xich","https://vongbicongnghiep.vn/san-pham/san-pham-14744/","https://vongbicongnghiep.vn/wp-content/uploads/2024/12/PHC-CL.png","[""https://vongbicongnghiep.vn/wp-content/uploads/2024/12/PHC-CL.png""]","","","[]","177000","out_of_stock","vongbicongnghiep.vn-wc-store-api-category-search-skf","2026-04-29T13:54:55.572Z"
"64927","SKF","PHC 16B-1O/L-SKF","PHC 16B-1O/L-SKF","PHC16B1OLSKF","PHC 16B-1O/L","Xích","Xích","87","xich","https://vongbicongnghiep.vn/san-pham/san-pham-14743/","https://vongbicongnghiep.vn/wp-content/uploads/2024/12/PHC-OL.png","[""https://vongbicongnghiep.vn/wp-content/uploads/2024/12/PHC-OL.png""]","","","[]","74000","out_of_stock","vongbicongnghiep.vn-wc-store-api-category-search-skf","2026-04-29T13:54:55.572Z"
"64926","SKF","PHC 16B-1NPX10FT-SKF","PHC 16B-1NPX10FT-SKF","PHC16B1NPX10FTSKF","PHC 16B-1NPX10FT","Xích","Xích","87","xich","https://vongbicongnghiep.vn/san-pham/san-pham-14742/","https://vongbicongnghiep.vn/wp-content/uploads/2024/12/PHC-1FT.png","[""https://vongbicongnghiep.vn/wp-content/uploads/2024/12/PHC-1FT.png"",""https://vongbicongnghiep.vn/wp-content/uploads/2024/12/BV-PHC-1FT.png""]","","","[]","2417000","out_of_stock","vongbicongnghiep.vn-wc-store-api-category-search-skf","2026-04-29T13:54:55.573Z"
"64925","SKF","PHC 16B-1NP-O/L-SKF","PHC 16B-1NP-O/L-SKF","PHC16B1NPOLSKF","PHC 16B-1NP-O/L","Xích","Xích","87","xich","https://vongbicongnghiep.vn/san-pham/san-pham-14741/","https://vongbicongnghiep.vn/wp-content/uploads/2024/12/PHC-OL.png","[""https://vongbicongnghiep.vn/wp-content/uploads/2024/12/PHC-OL.png""]","","","[]","149000","out_of_stock","vongbicongnghiep.vn-wc-store-api-category-search-skf","2026-04-29T13:54:55.573Z"
"64924","SKF","PHC 16B-1NP-C/L-SKF","PHC 16B-1NP-C/L-SKF","PHC16B1NPCLSKF","PHC 16B-1NP-C/L","Xích","Xích","87","xich","https://vongbicongnghiep.vn/san-pham/san-pham-14740/","https://vongbicongnghiep.vn/wp-content/uploads/2024/12/PHC-CL.png","[""https://vongbicongnghiep.vn/wp-content/uploads/2024/12/PHC-CL.png""]","","","[]","75000","out_of_stock","vongbicongnghiep.vn-wc-store-api-category-search-skf","2026-04-29T13:54:55.573Z"
"64923","SKF","PHC 16B-1DRX10FT-SKF","PHC 16B-1DRX10FT-SKF","PHC16B1DRX10FTSKF","PHC 16B-1DRX10FT","Xích","Xích","87","xich","https://vongbicongnghiep.vn/san-pham/san-pham-14739/","https://vongbicongnghiep.vn/wp-content/uploads/2024/12/PHC-1FT.png","[""https://vongbicongnghiep.vn/wp-content/uploads/2024/12/PHC-1FT.png"",""https://vongbicongnghiep.vn/wp-content/uploads/2024/12/BV-PHC-1FT.png""]","","","[]","2729000","out_of_stock","vongbicongnghiep.vn-wc-store-api-category-search-skf","2026-04-29T13:54:55.573Z"
"64922","SKF","PHC 16B-1DR-O/L-SKF","PHC 16B-1DR-O/L-SKF","PHC16B1DROLSKF","PHC 16B-1DR-O/L","Xích","Xích","87","xich","https://vongbicongnghiep.vn/san-pham/san-pham-14738/","https://vongbicongnghiep.vn/wp-content/uploads/2024/12/PHC-OL.png","[""https://vongbicongnghiep.vn/wp-content/uploads/2024/12/PHC-OL.png""]","","","[]","175000","out_of_stock","vongbicongnghiep.vn-wc-store-api-category-search-skf","2026-04-29T13:54:55.573Z"
"64921","SKF","PHC 16B-1DR-C/L-SKF","PHC 16B-1DR-C/L-SKF","PHC16B1DRCLSKF","PHC 16B-1DR-C/L","Xích","Xích","87","xich","https://vongbicongnghiep.vn/san-pham/san-pham-14737/","https://vongbicongnghiep.vn/wp-content/uploads/2024/12/PHC-CL.png","[""https://vongbicongnghiep.vn/wp-content/uploads/2024/12/PHC-CL.png""]","","","[]","87000","out_of_stock","vongbicongnghiep.vn-wc-store-api-category-search-skf","2026-04-29T13:54:55.573Z"
"64920","SKF","PHC 16B-1C/L-SKF","PHC 16B-1C/L-SKF","PHC16B1CLSKF","PHC 16B-1C/L","Xích","Xích","87","xich","https://vongbicongnghiep.vn/san-pham/san-pham-14736/","https://vongbicongnghiep.vn/wp-content/uploads/2024/12/PHC-CL.png","[""https://vongbicongnghiep.vn/wp-content/uploads/2024/12/PHC-CL.png""]","","","[]","36000","out_of_stock","vongbicongnghiep.vn-wc-store-api-category-search-skf","2026-04-29T13:54:55.573Z"
"64919","SKF","PHC 160SPH-3X10FT-SKF","PHC 160SPH-3X10FT-SKF","PHC160SPH3X10FTSKF","PHC 160SPH-3X10FT","Xích","Xích","87","xich","https://vongbicongnghiep.vn/san-pham/san-pham-14735/","https://vongbicongnghiep.vn/wp-content/uploads/2024/12/PHC-3FT.png","[""https://vongbicongnghiep.vn/wp-content/uploads/2024/12/PHC-3FT.png"",""https://vongbicongnghiep.vn/wp-content/uploads/product_images/truyen-dong/xich/xich-ansi.jpg""]","","","[]","53445000","out_of_stock","vongbicongnghiep.vn-wc-store-api-category-search-skf","2026-04-29T13:54:55.573Z"
"64918","SKF","PHC 160SPH-3CX10FT-SKF","PHC 160SPH-3CX10FT-SKF","PHC160SPH3CX10FTSKF","PHC 160SPH-3CX10FT","Xích","Xích","87","xich","https://vongbicongnghiep.vn/san-pham/san-pham-14734/","https://vongbicongnghiep.vn/wp-content/uploads/2024/12/PHC-3FT.png","[""https://vongbicongnghiep.vn/wp-content/uploads/2024/12/PHC-3FT.png"",""https://vongbicongnghiep.vn/wp-content/uploads/product_images/truyen-dong/xich/xich-ansi.jpg""]","","","[]","56118000","out_of_stock","vongbicongnghiep.vn-wc-store-api-category-search-skf","2026-04-29T13:54:55.573Z"
"64917","SKF","PHC 160SPH-3C/L-SKF","PHC 160SPH-3C/L-SKF","PHC160SPH3CLSKF","PHC 160SPH-3C/L","Xích","Xích","87","xich","https://vongbicongnghiep.vn/san-pham/san-pham-14733/","https://vongbicongnghiep.vn/wp-content/uploads/2024/12/PHC-3OL.png","[""https://vongbicongnghiep.vn/wp-content/uploads/2024/12/PHC-3OL.png""]","","","[]","2666000","out_of_stock","vongbicongnghiep.vn-wc-store-api-category-search-skf","2026-04-29T13:54:55.573Z"
"64916","SKF","PHC 160SPH-2X10FT-SKF","PHC 160SPH-2X10FT-SKF","PHC160SPH2X10FTSKF","PHC 160SPH-2X10FT","Xích","Xích","87","xich","https://vongbicongnghiep.vn/san-pham/san-pham-14732/","https://vongbicongnghiep.vn/wp-content/uploads/2024/12/PHC-2FT.png","[""https://vongbicongnghiep.vn/wp-content/uploads/2024/12/PHC-2FT.png"",""https://vongbicongnghiep.vn/wp-content/uploads/product_images/truyen-dong/xich/xich-ansi.jpg""]","","","[]","28903000","out_of_stock","vongbicongnghiep.vn-wc-store-api-category-search-skf","2026-04-29T13:54:55.573Z"
"64915","SKF","PHC 160SPH-2C/L-SKF","PHC 160SPH-2C/L-SKF","PHC160SPH2CLSKF","PHC 160SPH-2C/L","Xích","Xích","87","xich","https://vongbicongnghiep.vn/san-pham/san-pham-14731/","https://vongbicongnghiep.vn/wp-content/uploads/2024/12/PHC-2CL.png","[""https://vongbicongnghiep.vn/wp-content/uploads/2024/12/PHC-2CL.png""]","","","[]","1463000","out_of_stock","vongbicongnghiep.vn-wc-store-api-category-search-skf","2026-04-29T13:54:55.573Z"
"64914","SKF","PHC 160SPH-1X10FT-SKF","PHC 160SPH-1X10FT-SKF","PHC160SPH1X10FTSKF","PHC 160SPH-1X10FT","Xích","Xích","87","xich","https://vongbicongnghiep.vn/san-pham/san-pham-14730/","https://vongbicongnghiep.vn/wp-content/uploads/2024/12/PHC-1FT.png","[""https://vongbicongnghiep.vn/wp-content/uploads/2024/12/PHC-1FT.png"",""https://vongbicongnghiep.vn/wp-content/uploads/2024/12/BV-PHC-1FT.png""]","","","[]","16140000","out_of_stock","vongbicongnghiep.vn-wc-store-api-category-search-skf","2026-04-29T13:54:57.264Z"
"64913","SKF","PHC 160SPH-1C/L-SKF","PHC 160SPH-1C/L-SKF","PHC160SPH1CLSKF","PHC 160SPH-1C/L","Xích","Xích","87","xich","https://vongbicongnghiep.vn/san-pham/san-pham-14729/","https://vongbicongnghiep.vn/wp-content/uploads/2024/12/PHC-CL.png","[""https://vongbicongnghiep.vn/wp-content/uploads/2024/12/PHC-CL.png""]","","","[]","731000","out_of_stock","vongbicongnghiep.vn-wc-store-api-category-search-skf","2026-04-29T13:54:57.264Z"
"64912","SKF","PHC 160SHH-2X10FT-SKF","PHC 160SHH-2X10FT-SKF","PHC160SHH2X10FTSKF","PHC 160SHH-2X10FT","Xích","Xích","87","xich","https://vongbicongnghiep.vn/san-pham/san-pham-14728/","https://vongbicongnghiep.vn/wp-content/uploads/2024/12/PHC-2FT.png","[""https://vongbicongnghiep.vn/wp-content/uploads/2024/12/PHC-2FT.png"",""https://vongbicongnghiep.vn/wp-content/uploads/product_images/truyen-dong/xich/xich-ansi.jpg""]","","","[]","31108000","out_of_stock","vongbicongnghiep.vn-wc-store-api-category-search-skf","2026-04-29T13:54:57.264Z"
"64911","SKF","PHC 160SHH-2C/L-SKF","PHC 160SHH-2C/L-SKF","PHC160SHH2CLSKF","PHC 160SHH-2C/L","Xích","Xích","87","xich","https://vongbicongnghiep.vn/san-pham/san-pham-14727/","https://vongbicongnghiep.vn/wp-content/uploads/2024/12/PHC-2CL.png","[""https://vongbicongnghiep.vn/wp-content/uploads/2024/12/PHC-2CL.png""]","","","[]","1571000","out_of_stock","vongbicongnghiep.vn-wc-store-api-category-search-skf","2026-04-29T13:54:57.264Z"
"64910","SKF","PHC 160SHH-1X10FT-SKF","PHC 160SHH-1X10FT-SKF","PHC160SHH1X10FTSKF","PHC 160SHH-1X10FT","Xích","Xích","87","xich","https://vongbicongnghiep.vn/san-pham/san-pham-14726/","https://vongbicongnghiep.vn/wp-content/uploads/2024/12/PHC-1FT.png","[""https://vongbicongnghiep.vn/wp-content/uploads/2024/12/PHC-1FT.png"",""https://vongbicongnghiep.vn/wp-content/uploads/2024/12/BV-PHC-1FT.png""]","","","[]","15555000","out_of_stock","vongbicongnghiep.vn-wc-store-api-category-search-skf","2026-04-29T13:54:57.264Z"
"64909","SKF","PHC 160SHH-1C/L-SKF","PHC 160SHH-1C/L-SKF","PHC160SHH1CLSKF","PHC 160SHH-1C/L","Xích","Xích","87","xich","https://vongbicongnghiep.vn/san-pham/san-pham-14725/","https://vongbicongnghiep.vn/wp-content/uploads/2024/12/PHC-CL.png","[""https://vongbicongnghiep.vn/wp-content/uploads/2024/12/PHC-CL.png""]","","","[]","785000","out_of_stock","vongbicongnghiep.vn-wc-store-api-category-search-skf","2026-04-29T13:54:57.264Z"
"64908","SKF","PHC 160SH-1X10FT-SKF","PHC 160SH-1X10FT-SKF","PHC160SH1X10FTSKF","PHC 160SH-1X10FT","Xích","Xích","87","xich","https://vongbicongnghiep.vn/san-pham/san-pham-14724/","https://vongbicongnghiep.vn/wp-content/uploads/2024/12/PHC-1FT.png","[""https://vongbicongnghiep.vn/wp-content/uploads/2024/12/PHC-1FT.png"",""https://vongbicongnghiep.vn/wp-content/uploads/2024/12/BV-PHC-1FT.png""]","","","[]","11490000","out_of_stock","vongbicongnghiep.vn-wc-store-api-category-search-skf","2026-04-29T13:54:57.264Z"
"64907","SKF","PHC 160H-3X10FT-SKF","PHC 160H-3X10FT-SKF","PHC160H3X10FTSKF","PHC 160H-3X10FT","Xích","Xích","87","xich","https://vongbicongnghiep.vn/san-pham/san-pham-14723/","https://vongbicongnghiep.vn/wp-content/uploads/2024/12/PHC-3FT.png","[""https://vongbicongnghiep.vn/wp-content/uploads/2024/12/PHC-3FT.png"",""https://vongbicongnghiep.vn/wp-content/uploads/product_images/truyen-dong/xich/xich-ansi.jpg""]","","","[]","25967000","out_of_stock","vongbicongnghiep.vn-wc-store-api-category-search-skf","2026-04-29T13:54:57.264Z"
"64906","SKF","PHC 160H-3O/L-SKF","PHC 160H-3O/L-SKF","PHC160H3OLSKF","PHC 160H-3O/L","Xích","Xích","87","xich","https://vongbicongnghiep.vn/san-pham/san-pham-14722/","https://vongbicongnghiep.vn/wp-content/uploads/2024/12/PHC-3CL.png","[""https://vongbicongnghiep.vn/wp-content/uploads/2024/12/PHC-3CL.png""]","","","[]","2926000","out_of_stock","vongbicongnghiep.vn-wc-store-api-category-search-skf","2026-04-29T13:54:57.264Z"
"64905","SKF","PHC 160H-3CX10FT-SKF","PHC 160H-3CX10FT-SKF","PHC160H3CX10FTSKF","PHC 160H-3CX10FT","Xích","Xích","87","xich","https://vongbicongnghiep.vn/san-pham/san-pham-14721/","https://vongbicongnghiep.vn/wp-content/uploads/2024/12/PHC-3FT.png","[""https://vongbicongnghiep.vn/wp-content/uploads/2024/12/PHC-3FT.png"",""https://vongbicongnghiep.vn/wp-content/uploads/product_images/truyen-dong/xich/xich-ansi.jpg""]","","","[]","27133000","out_of_stock","vongbicongnghiep.vn-wc-store-api-category-search-skf","2026-04-29T13:54:57.264Z"
"64904","SKF","PHC 160H-3C/L-SKF","PHC 160H-3C/L-SKF","PHC160H3CLSKF","PHC 160H-3C/L","Xích","Xích","87","xich","https://vongbicongnghiep.vn/san-pham/san-pham-14720/","https://vongbicongnghiep.vn/wp-content/uploads/2024/12/PHC-3OL.png","[""https://vongbicongnghiep.vn/wp-content/uploads/2024/12/PHC-3OL.png""]","","","[]","1461000","out_of_stock","vongbicongnghiep.vn-wc-store-api-category-search-skf","2026-04-29T13:54:57.264Z"
"64903","SKF","PHC 160H-2X10FT-SKF","PHC 160H-2X10FT-SKF","PHC160H2X10FTSKF","PHC 160H-2X10FT","Xích","Xích","87","xich","https://vongbicongnghiep.vn/san-pham/san-pham-14719/","https://vongbicongnghiep.vn/wp-content/uploads/2024/12/PHC-2FT.png","[""https://vongbicongnghiep.vn/wp-content/uploads/2024/12/PHC-2FT.png"",""https://vongbicongnghiep.vn/wp-content/uploads/product_images/truyen-dong/xich/xich-ansi.jpg""]","","","[]","16230000","out_of_stock","vongbicongnghiep.vn-wc-store-api-category-search-skf","2026-04-29T13:54:57.264Z"
"64902","SKF","PHC 160H-2O/L-SKF","PHC 160H-2O/L-SKF","PHC160H2OLSKF","PHC 160H-2O/L","Xích","Xích","87","xich","https://vongbicongnghiep.vn/san-pham/san-pham-14718/","https://vongbicongnghiep.vn/wp-content/uploads/2024/12/PHC-2OL.png","[""https://vongbicongnghiep.vn/wp-content/uploads/2024/12/PHC-2OL.png""]","","","[]","1829000","out_of_stock","vongbicongnghiep.vn-wc-store-api-category-search-skf","2026-04-29T13:54:57.264Z"
"64901","SKF","PHC 160H-2CX10FT-SKF","PHC 160H-2CX10FT-SKF","PHC160H2CX10FTSKF","PHC 160H-2CX10FT","Xích","Xích","87","xich","https://vongbicongnghiep.vn/san-pham/san-pham-14717/","https://vongbicongnghiep.vn/wp-content/uploads/2024/12/PHC-2FT.png","[""https://vongbicongnghiep.vn/wp-content/uploads/2024/12/PHC-2FT.png"",""https://vongbicongnghiep.vn/wp-content/uploads/product_images/truyen-dong/xich/xich-ansi.jpg""]","","","[]","16959000","out_of_stock","vongbicongnghiep.vn-wc-store-api-category-search-skf","2026-04-29T13:54:57.264Z"
"64900","SKF","PHC 160H-2C/L-SKF","PHC 160H-2C/L-SKF","PHC160H2CLSKF","PHC 160H-2C/L","Xích","Xích","87","xich","https://vongbicongnghiep.vn/san-pham/san-pham-14716/","https://vongbicongnghiep.vn/wp-content/uploads/2024/12/PHC-2CL.png","[""https://vongbicongnghiep.vn/wp-content/uploads/2024/12/PHC-2CL.png""]","","","[]","914000","out_of_stock","vongbicongnghiep.vn-wc-store-api-category-search-skf","2026-04-29T13:54:57.264Z"
"64899","SKF","PHC 160H-1X10FT-SKF","PHC 160H-1X10FT-SKF","PHC160H1X10FTSKF","PHC 160H-1X10FT","Xích","Xích","87","xich","https://vongbicongnghiep.vn/san-pham/san-pham-14715/","https://vongbicongnghiep.vn/wp-content/uploads/2024/12/PHC-1FT.png","[""https://vongbicongnghiep.vn/wp-content/uploads/2024/12/PHC-1FT.png"",""https://vongbicongnghiep.vn/wp-content/uploads/2024/12/BV-PHC-1FT.png""]","","","[]","8115000","out_of_stock","vongbicongnghiep.vn-wc-store-api-category-search-skf","2026-04-29T13:54:57.264Z"
"64898","SKF","PHC 160H-1O/L-SKF","PHC 160H-1O/L-SKF","PHC160H1OLSKF","PHC 160H-1O/L","Xích","Xích","87","xich","https://vongbicongnghiep.vn/san-pham/san-pham-14714/","https://vongbicongnghiep.vn/wp-content/uploads/2024/12/PHC-OL.png","[""https://vongbicongnghiep.vn/wp-content/uploads/2024/12/PHC-OL.png""]","","","[]","914000","out_of_stock","vongbicongnghiep.vn-wc-store-api-category-search-skf","2026-04-29T13:54:57.264Z"
"64897","SKF","PHC 160H-1CX10FT-SKF","PHC 160H-1CX10FT-SKF","PHC160H1CX10FTSKF","PHC 160H-1CX10FT","Xích","Xích","87","xich","https://vongbicongnghiep.vn/san-pham/san-pham-14713/","https://vongbicongnghiep.vn/wp-content/uploads/2024/12/PHC-1FT.png","[""https://vongbicongnghiep.vn/wp-content/uploads/2024/12/PHC-1FT.png"",""https://vongbicongnghiep.vn/wp-content/uploads/2024/12/BV-PHC-1FT.png""]","","","[]","8479000","out_of_stock","vongbicongnghiep.vn-wc-store-api-category-search-skf","2026-04-29T13:54:57.264Z"
"64896","SKF","PHC 160H-1C/L-SKF","PHC 160H-1C/L-SKF","PHC160H1CLSKF","PHC 160H-1C/L","Xích","Xích","87","xich","https://vongbicongnghiep.vn/san-pham/san-pham-14712/","https://vongbicongnghiep.vn/wp-content/uploads/2024/12/PHC-CL.png","[""https://vongbicongnghiep.vn/wp-content/uploads/2024/12/PHC-CL.png""]","","","[]","457000","out_of_stock","vongbicongnghiep.vn-wc-store-api-category-search-skf","2026-04-29T13:54:57.264Z"
"64895","SKF","PHC 160-3O/L-SKF","PHC 160-3O/L-SKF","PHC1603OLSKF","PHC 160-3O/L","Xích","Xích","87","xich","https://vongbicongnghiep.vn/san-pham/san-pham-14711/","https://vongbicongnghiep.vn/wp-content/uploads/2024/12/PHC-3CL.png","[""https://vongbicongnghiep.vn/wp-content/uploads/2024/12/PHC-3CL.png""]","","","[]","2028000","out_of_stock","vongbicongnghiep.vn-wc-store-api-category-search-skf","2026-04-29T13:54:57.264Z"
"64894","SKF","PHC 160-3CX10FT-SKF","PHC 160-3CX10FT-SKF","PHC1603CX10FTSKF","PHC 160-3CX10FT","Xích","Xích","87","xich","https://vongbicongnghiep.vn/san-pham/san-pham-14710/","https://vongbicongnghiep.vn/wp-content/uploads/2024/12/PHC-3FT.png","[""https://vongbicongnghiep.vn/wp-content/uploads/2024/12/PHC-3FT.png"",""https://vongbicongnghiep.vn/wp-content/uploads/product_images/truyen-dong/xich/xich-ansi.jpg""]","","","[]","21583000","out_of_stock","vongbicongnghiep.vn-wc-store-api-category-search-skf","2026-04-29T13:54:57.264Z"
"64893","SKF","PHC 160-3C/L-SKF","PHC 160-3C/L-SKF","PHC1603CLSKF","PHC 160-3C/L","Xích","Xích","87","xich","https://vongbicongnghiep.vn/san-pham/san-pham-14709/","https://vongbicongnghiep.vn/wp-content/uploads/2024/12/PHC-3OL.png","[""https://vongbicongnghiep.vn/wp-content/uploads/2024/12/PHC-3OL.png""]","","","[]","1018000","out_of_stock","vongbicongnghiep.vn-wc-store-api-category-search-skf","2026-04-29T13:54:57.264Z"
"64892","SKF","PHC 160-2ZPX10FT-SKF","PHC 160-2ZPX10FT-SKF","PHC1602ZPX10FTSKF","PHC 160-2ZPX10FT","Xích","Xích","87","xich","https://vongbicongnghiep.vn/san-pham/san-pham-14708/","https://vongbicongnghiep.vn/wp-content/uploads/2024/12/PHC-2FT.png","[""https://vongbicongnghiep.vn/wp-content/uploads/2024/12/PHC-2FT.png"",""https://vongbicongnghiep.vn/wp-content/uploads/product_images/truyen-dong/xich/xich-ansi.jpg""]","","","[]","14864000","out_of_stock","vongbicongnghiep.vn-wc-store-api-category-search-skf","2026-04-29T13:54:57.264Z"
"64891","SKF","PHC 160-2ZP-O/L-SKF","PHC 160-2ZP-O/L-SKF","PHC1602ZPOLSKF","PHC 160-2ZP-O/L","Xích","Xích","87","xich","https://vongbicongnghiep.vn/san-pham/san-pham-14707/","https://vongbicongnghiep.vn/wp-content/uploads/2024/12/PHC-2OL.png","[""https://vongbicongnghiep.vn/wp-content/uploads/2024/12/PHC-2OL.png""]","","","[]","1547000","out_of_stock","vongbicongnghiep.vn-wc-store-api-category-search-skf","2026-04-29T13:54:57.264Z"
"64890","SKF","PHC 160-2ZP-C/L-SKF","PHC 160-2ZP-C/L-SKF","PHC1602ZPCLSKF","PHC 160-2ZP-C/L","Xích","Xích","87","xich","https://vongbicongnghiep.vn/san-pham/san-pham-14706/","https://vongbicongnghiep.vn/wp-content/uploads/2024/12/PHC-2CL.png","[""https://vongbicongnghiep.vn/wp-content/uploads/2024/12/PHC-2CL.png""]","","","[]","775000","out_of_stock","vongbicongnghiep.vn-wc-store-api-category-search-skf","2026-04-29T13:54:57.264Z"
"64889","SKF","PHC 160-2O/L-SKF","PHC 160-2O/L-SKF","PHC1602OLSKF","PHC 160-2O/L","Xích","Xích","87","xich","https://vongbicongnghiep.vn/san-pham/san-pham-14705/","https://vongbicongnghiep.vn/wp-content/uploads/2024/12/PHC-2OL.png","[""https://vongbicongnghiep.vn/wp-content/uploads/2024/12/PHC-2OL.png""]","","","[]","1268000","out_of_stock","vongbicongnghiep.vn-wc-store-api-category-search-skf","2026-04-29T13:54:57.264Z"
"64888","SKF","PHC 160-2NPX10FT-SKF","PHC 160-2NPX10FT-SKF","PHC1602NPX10FTSKF","PHC 160-2NPX10FT","Xích","Xích","87","xich","https://vongbicongnghiep.vn/san-pham/san-pham-14704/","https://vongbicongnghiep.vn/wp-content/uploads/2024/12/PHC-2FT.png","[""https://vongbicongnghiep.vn/wp-content/uploads/2024/12/PHC-2FT.png"",""https://vongbicongnghiep.vn/wp-content/uploads/product_images/truyen-dong/xich/xich-ansi.jpg""]","","","[]","18930000","out_of_stock","vongbicongnghiep.vn-wc-store-api-category-search-skf","2026-04-29T13:54:57.264Z"
"64887","SKF","PHC 160-2NP-O/L-SKF","PHC 160-2NP-O/L-SKF","PHC1602NPOLSKF","PHC 160-2NP-O/L","Xích","Xích","87","xich","https://vongbicongnghiep.vn/san-pham/san-pham-14703/","https://vongbicongnghiep.vn/wp-content/uploads/2024/12/PHC-2OL.png","[""https://vongbicongnghiep.vn/wp-content/uploads/2024/12/PHC-2OL.png""]","","","[]","2555000","out_of_stock","vongbicongnghiep.vn-wc-store-api-category-search-skf","2026-04-29T13:54:57.264Z"
"64886","SKF","PHC 160-2NP-C/L-SKF","PHC 160-2NP-C/L-SKF","PHC1602NPCLSKF","PHC 160-2NP-C/L","Xích","Xích","87","xich","https://vongbicongnghiep.vn/san-pham/san-pham-14702/","https://vongbicongnghiep.vn/wp-content/uploads/2024/12/PHC-2CL.png","[""https://vongbicongnghiep.vn/wp-content/uploads/2024/12/PHC-2CL.png""]","","","[]","1276000","out_of_stock","vongbicongnghiep.vn-wc-store-api-category-search-skf","2026-04-29T13:54:57.264Z"
"64885","SKF","PHC 160-2DRX10FT-SKF","PHC 160-2DRX10FT-SKF","PHC1602DRX10FTSKF","PHC 160-2DRX10FT","Xích","Xích","87","xich","https://vongbicongnghiep.vn/san-pham/san-pham-14701/","https://vongbicongnghiep.vn/wp-content/uploads/2024/12/PHC-2FT.png","[""https://vongbicongnghiep.vn/wp-content/uploads/2024/12/PHC-2FT.png"",""https://vongbicongnghiep.vn/wp-content/uploads/product_images/truyen-dong/xich/xich-ansi.jpg""]","","","[]","21384000","out_of_stock","vongbicongnghiep.vn-wc-store-api-category-search-skf","2026-04-29T13:54:57.264Z"
"64884","SKF","PHC 160-2DR-O/L-SKF","PHC 160-2DR-O/L-SKF","PHC1602DROLSKF","PHC 160-2DR-O/L","Xích","Xích","87","xich","https://vongbicongnghiep.vn/san-pham/san-pham-14700/","https://vongbicongnghiep.vn/wp-content/uploads/2024/12/PHC-2OL.png","[""https://vongbicongnghiep.vn/wp-content/uploads/2024/12/PHC-2OL.png""]","","","[]","2921000","out_of_stock","vongbicongnghiep.vn-wc-store-api-category-search-skf","2026-04-29T13:54:57.264Z"
"64883","SKF","PHC 160-2DR-C/L-SKF","PHC 160-2DR-C/L-SKF","PHC1602DRCLSKF","PHC 160-2DR-C/L","Xích","Xích","87","xich","https://vongbicongnghiep.vn/san-pham/san-pham-14699/","https://vongbicongnghiep.vn/wp-content/uploads/2024/12/PHC-2CL.png","[""https://vongbicongnghiep.vn/wp-content/uploads/2024/12/PHC-2CL.png""]","","","[]","1459000","out_of_stock","vongbicongnghiep.vn-wc-store-api-category-search-skf","2026-04-29T13:54:57.264Z"
"64882","SKF","PHC 160-2CX10FT-SKF","PHC 160-2CX10FT-SKF","PHC1602CX10FTSKF","PHC 160-2CX10FT","Xích","Xích","87","xich","https://vongbicongnghiep.vn/san-pham/san-pham-14698/","https://vongbicongnghiep.vn/wp-content/uploads/2024/12/PHC-2FT.png","[""https://vongbicongnghiep.vn/wp-content/uploads/2024/12/PHC-2FT.png"",""https://vongbicongnghiep.vn/wp-content/uploads/product_images/truyen-dong/xich/xich-ansi.jpg""]","","","[]","13490000","out_of_stock","vongbicongnghiep.vn-wc-store-api-category-search-skf","2026-04-29T13:54:57.264Z"
"64881","SKF","PHC 160-2C/L-SKF","PHC 160-2C/L-SKF","PHC1602CLSKF","PHC 160-2C/L","Xích","Xích","87","xich","https://vongbicongnghiep.vn/san-pham/san-pham-14697/","https://vongbicongnghiep.vn/wp-content/uploads/2024/12/PHC-2CL.png","[""https://vongbicongnghiep.vn/wp-content/uploads/2024/12/PHC-2CL.png""]","","","[]","636000","out_of_stock","vongbicongnghiep.vn-wc-store-api-category-search-skf","2026-04-29T13:54:57.264Z"
"64880","SKF","PHC 160-1ZPX10FT-SKF","PHC 160-1ZPX10FT-SKF","PHC1601ZPX10FTSKF","PHC 160-1ZPX10FT","Xích","Xích","87","xich","https://vongbicongnghiep.vn/san-pham/san-pham-14696/","https://vongbicongnghiep.vn/wp-content/uploads/2024/12/PHC-1FT.png","[""https://vongbicongnghiep.vn/wp-content/uploads/2024/12/PHC-1FT.png"",""https://vongbicongnghiep.vn/wp-content/uploads/2024/12/BV-PHC-1FT.png""]","","","[]","7432000","out_of_stock","vongbicongnghiep.vn-wc-store-api-category-search-skf","2026-04-29T13:54:57.264Z"
"64879","SKF","PHC 160-1ZP-O/L-SKF","PHC 160-1ZP-O/L-SKF","PHC1601ZPOLSKF","PHC 160-1ZP-O/L","Xích","Xích","87","xich","https://vongbicongnghiep.vn/san-pham/san-pham-14695/","https://vongbicongnghiep.vn/wp-content/uploads/2024/12/PHC-OL.png","[""https://vongbicongnghiep.vn/wp-content/uploads/2024/12/PHC-OL.png""]","","","[]","775000","out_of_stock","vongbicongnghiep.vn-wc-store-api-category-search-skf","2026-04-29T13:54:57.264Z"
"64878","SKF","PHC 160-1ZP-C/L-SKF","PHC 160-1ZP-C/L-SKF","PHC1601ZPCLSKF","PHC 160-1ZP-C/L","Xích","Xích","87","xich","https://vongbicongnghiep.vn/san-pham/san-pham-14694/","https://vongbicongnghiep.vn/wp-content/uploads/2024/12/PHC-CL.png","[""https://vongbicongnghiep.vn/wp-content/uploads/2024/12/PHC-CL.png""]","","","[]","388000","out_of_stock","vongbicongnghiep.vn-wc-store-api-category-search-skf","2026-04-29T13:54:57.264Z"
"64877","SKF","PHC 160-1O/L-SKF","PHC 160-1O/L-SKF","PHC1601OLSKF","PHC 160-1O/L","Xích","Xích","87","xich","https://vongbicongnghiep.vn/san-pham/san-pham-14693/","https://vongbicongnghiep.vn/wp-content/uploads/2024/12/PHC-OL.png","[""https://vongbicongnghiep.vn/wp-content/uploads/2024/12/PHC-OL.png""]","","","[]","633000","out_of_stock","vongbicongnghiep.vn-wc-store-api-category-search-skf","2026-04-29T13:54:57.264Z"
"64876","SKF","PHC 160-1NPX10FT-SKF","PHC 160-1NPX10FT-SKF","PHC1601NPX10FTSKF","PHC 160-1NPX10FT","Xích","Xích","87","xich","https://vongbicongnghiep.vn/san-pham/san-pham-14692/","https://vongbicongnghiep.vn/wp-content/uploads/2024/12/PHC-1FT.png","[""https://vongbicongnghiep.vn/wp-content/uploads/2024/12/PHC-1FT.png"",""https://vongbicongnghiep.vn/wp-content/uploads/2024/12/BV-PHC-1FT.png""]","","","[]","9043000","out_of_stock","vongbicongnghiep.vn-wc-store-api-category-search-skf","2026-04-29T13:54:57.264Z"
"64875","SKF","PHC 160-1NP-O/L-SKF","PHC 160-1NP-O/L-SKF","PHC1601NPOLSKF","PHC 160-1NP-O/L","Xích","Xích","87","xich","https://vongbicongnghiep.vn/san-pham/san-pham-14691/","https://vongbicongnghiep.vn/wp-content/uploads/2024/12/PHC-OL.png","[""https://vongbicongnghiep.vn/wp-content/uploads/2024/12/PHC-OL.png""]","","","[]","1219000","out_of_stock","vongbicongnghiep.vn-wc-store-api-category-search-skf","2026-04-29T13:54:57.264Z"
"64874","SKF","PHC 160-1NP-C/L-SKF","PHC 160-1NP-C/L-SKF","PHC1601NPCLSKF","PHC 160-1NP-C/L","Xích","Xích","87","xich","https://vongbicongnghiep.vn/san-pham/san-pham-14690/","https://vongbicongnghiep.vn/wp-content/uploads/2024/12/PHC-CL.png","[""https://vongbicongnghiep.vn/wp-content/uploads/2024/12/PHC-CL.png""]","","","[]","611000","out_of_stock","vongbicongnghiep.vn-wc-store-api-category-search-skf","2026-04-29T13:54:57.264Z"
"64873","SKF","PHC 160-1DRX10FT-SKF","PHC 160-1DRX10FT-SKF","PHC1601DRX10FTSKF","PHC 160-1DRX10FT","Xích","Xích","87","xich","https://vongbicongnghiep.vn/san-pham/san-pham-14689/","https://vongbicongnghiep.vn/wp-content/uploads/2024/12/PHC-1FT.png","[""https://vongbicongnghiep.vn/wp-content/uploads/2024/12/PHC-1FT.png"",""https://vongbicongnghiep.vn/wp-content/uploads/2024/12/BV-PHC-1FT.png""]","","","[]","10692000","out_of_stock","vongbicongnghiep.vn-wc-store-api-category-search-skf","2026-04-29T13:54:57.264Z"
"64872","SKF","PHC 160-1DR-O/L-SKF","PHC 160-1DR-O/L-SKF","PHC1601DROLSKF","PHC 160-1DR-O/L","Xích","Xích","87","xich","https://vongbicongnghiep.vn/san-pham/san-pham-14688/","https://vongbicongnghiep.vn/wp-content/uploads/2024/12/PHC-OL.png","[""https://vongbicongnghiep.vn/wp-content/uploads/2024/12/PHC-OL.png""]","","","[]","1459000","out_of_stock","vongbicongnghiep.vn-wc-store-api-category-search-skf","2026-04-29T13:54:57.264Z"
"64871","SKF","PHC 160-1DR-C/L-SKF","PHC 160-1DR-C/L-SKF","PHC1601DRCLSKF","PHC 160-1DR-C/L","Xích","Xích","87","xich","https://vongbicongnghiep.vn/san-pham/san-pham-14687/","https://vongbicongnghiep.vn/wp-content/uploads/2024/12/PHC-CL.png","[""https://vongbicongnghiep.vn/wp-content/uploads/2024/12/PHC-CL.png""]","","","[]","730000","out_of_stock","vongbicongnghiep.vn-wc-store-api-category-search-skf","2026-04-29T13:54:57.264Z"
"64870","SKF","PHC 160-1CX10FT-SKF","PHC 160-1CX10FT-SKF","PHC1601CX10FTSKF","PHC 160-1CX10FT","Xích","Xích","87","xich","https://vongbicongnghiep.vn/san-pham/san-pham-14686/","https://vongbicongnghiep.vn/wp-content/uploads/2024/12/PHC-1FT.png","[""https://vongbicongnghiep.vn/wp-content/uploads/2024/12/PHC-1FT.png"",""https://vongbicongnghiep.vn/wp-content/uploads/2024/12/BV-PHC-1FT.png""]","","","[]","6745000","out_of_stock","vongbicongnghiep.vn-wc-store-api-category-search-skf","2026-04-29T13:54:57.264Z"
"64869","SKF","PHC 160-1C/L-SKF","PHC 160-1C/L-SKF","PHC1601CLSKF","PHC 160-1C/L","Xích","Xích","87","xich","https://vongbicongnghiep.vn/san-pham/san-pham-14685/","https://vongbicongnghiep.vn/wp-content/uploads/2024/12/PHC-CL.png","[""https://vongbicongnghiep.vn/wp-content/uploads/2024/12/PHC-CL.png""]","","","[]","318000","in_stock","vongbicongnghiep.vn-wc-store-api-category-search-skf","2026-04-29T13:54:57.264Z"
"64868","SKF","PHC 15-1O/L-SKF","PHC 15-1O/L-SKF","PHC151OLSKF","PHC 15-1O/L","Xích","Xích","87","xich","https://vongbicongnghiep.vn/san-pham/san-pham-14684/","https://vongbicongnghiep.vn/wp-content/uploads/2024/12/PHC-OL.png","[""https://vongbicongnghiep.vn/wp-content/uploads/2024/12/PHC-OL.png""]","","","[]","34000","out_of_stock","vongbicongnghiep.vn-wc-store-api-category-search-skf","2026-04-29T13:54:57.264Z"
"64867","SKF","PHC 15-1C/L-SKF","PHC 15-1C/L-SKF","PHC151CLSKF","PHC 15-1C/L","Xích","Xích","87","xich","https://vongbicongnghiep.vn/san-pham/san-pham-14683/","https://vongbicongnghiep.vn/wp-content/uploads/2024/12/PHC-CL.png","[""https://vongbicongnghiep.vn/wp-content/uploads/2024/12/PHC-CL.png""]","","","[]","17000","out_of_stock","vongbicongnghiep.vn-wc-store-api-category-search-skf","2026-04-29T13:54:57.264Z"
"64866","SKF","PHC 140SPH-2X10FT-SKF","PHC 140SPH-2X10FT-SKF","PHC140SPH2X10FTSKF","PHC 140SPH-2X10FT","Xích","Xích","87","xich","https://vongbicongnghiep.vn/san-pham/san-pham-14682/","https://vongbicongnghiep.vn/wp-content/uploads/2024/12/PHC-2FT.png","[""https://vongbicongnghiep.vn/wp-content/uploads/2024/12/PHC-2FT.png"",""https://vongbicongnghiep.vn/wp-content/uploads/product_images/truyen-dong/xich/xich-ansi.jpg""]","","","[]","21190000","out_of_stock","vongbicongnghiep.vn-wc-store-api-category-search-skf","2026-04-29T13:54:57.264Z"
"64865","SKF","PHC 140SPH-2C/L-SKF","PHC 140SPH-2C/L-SKF","PHC140SPH2CLSKF","PHC 140SPH-2C/L","Xích","Xích","87","xich","https://vongbicongnghiep.vn/san-pham/san-pham-14681/","https://vongbicongnghiep.vn/wp-content/uploads/2024/12/PHC-2CL.png","[""https://vongbicongnghiep.vn/wp-content/uploads/2024/12/PHC-2CL.png""]","","","[]","935000","out_of_stock","vongbicongnghiep.vn-wc-store-api-category-search-skf","2026-04-29T13:54:57.264Z"
"64864","SKF","PHC 140SPH-1X10FT-SKF","PHC 140SPH-1X10FT-SKF","PHC140SPH1X10FTSKF","PHC 140SPH-1X10FT","Xích","Xích","87","xich","https://vongbicongnghiep.vn/san-pham/san-pham-14680/","https://vongbicongnghiep.vn/wp-content/uploads/2024/12/PHC-1FT.png","[""https://vongbicongnghiep.vn/wp-content/uploads/2024/12/PHC-1FT.png"",""https://vongbicongnghiep.vn/wp-content/uploads/2024/12/BV-PHC-1FT.png""]","","","[]","10595000","out_of_stock","vongbicongnghiep.vn-wc-store-api-category-search-skf","2026-04-29T13:54:57.264Z"
"64863","SKF","PHC 140SPH-1C/L-SKF","PHC 140SPH-1C/L-SKF","PHC140SPH1CLSKF","PHC 140SPH-1C/L","Xích","Xích","87","xich","https://vongbicongnghiep.vn/san-pham/san-pham-14679/","https://vongbicongnghiep.vn/wp-content/uploads/2024/12/PHC-CL.png","[""https://vongbicongnghiep.vn/wp-content/uploads/2024/12/PHC-CL.png""]","","","[]","468000","out_of_stock","vongbicongnghiep.vn-wc-store-api-category-search-skf","2026-04-29T13:54:57.264Z"
"64862","SKF","PHC 140SHH-1X10FT-SKF","PHC 140SHH-1X10FT-SKF","PHC140SHH1X10FTSKF","PHC 140SHH-1X10FT","Xích","Xích","87","xich","https://vongbicongnghiep.vn/san-pham/san-pham-14678/","https://vongbicongnghiep.vn/wp-content/uploads/2024/12/PHC-1FT.png","[""https://vongbicongnghiep.vn/wp-content/uploads/2024/12/PHC-1FT.png"",""https://vongbicongnghiep.vn/wp-content/uploads/2024/12/BV-PHC-1FT.png""]","","","[]","11559000","out_of_stock","vongbicongnghiep.vn-wc-store-api-category-search-skf","2026-04-29T13:54:57.264Z"
"64861","SKF","PHC 140SHH-1C/L-SKF","PHC 140SHH-1C/L-SKF","PHC140SHH1CLSKF","PHC 140SHH-1C/L","Xích","Xích","87","xich","https://vongbicongnghiep.vn/san-pham/san-pham-14677/","https://vongbicongnghiep.vn/wp-content/uploads/2024/12/PHC-CL.png","[""https://vongbicongnghiep.vn/wp-content/uploads/2024/12/PHC-CL.png""]","","","[]","512000","out_of_stock","vongbicongnghiep.vn-wc-store-api-category-search-skf","2026-04-29T13:54:57.264Z"
"64860","SKF","PHC 140SH-1X10FT-SKF","PHC 140SH-1X10FT-SKF","PHC140SH1X10FTSKF","PHC 140SH-1X10FT","Xích","Xích","87","xich","https://vongbicongnghiep.vn/san-pham/san-pham-14676/","https://vongbicongnghiep.vn/wp-content/uploads/2024/12/PHC-1FT.png","[""https://vongbicongnghiep.vn/wp-content/uploads/2024/12/PHC-1FT.png"",""https://vongbicongnghiep.vn/wp-content/uploads/2024/12/BV-PHC-1FT.png""]","","","[]","8044000","out_of_stock","vongbicongnghiep.vn-wc-store-api-category-search-skf","2026-04-29T13:54:57.264Z"
"64859","SKF","PHC 140H-3X10FT-SKF","PHC 140H-3X10FT-SKF","PHC140H3X10FTSKF","PHC 140H-3X10FT","Xích","Xích","87","xich","https://vongbicongnghiep.vn/san-pham/san-pham-14675/","https://vongbicongnghiep.vn/wp-content/uploads/2024/12/PHC-3FT.png","[""https://vongbicongnghiep.vn/wp-content/uploads/2024/12/PHC-3FT.png"",""https://vongbicongnghiep.vn/wp-content/uploads/product_images/truyen-dong/xich/xich-ansi.jpg""]","","","[]","18148000","out_of_stock","vongbicongnghiep.vn-wc-store-api-category-search-skf","2026-04-29T13:54:57.264Z"
"64858","SKF","PHC 140H-3O/L-SKF","PHC 140H-3O/L-SKF","PHC140H3OLSKF","PHC 140H-3O/L","Xích","Xích","87","xich","https://vongbicongnghiep.vn/san-pham/san-pham-14674/","https://vongbicongnghiep.vn/wp-content/uploads/2024/12/PHC-3CL.png","[""https://vongbicongnghiep.vn/wp-content/uploads/2024/12/PHC-3CL.png""]","","","[]","1949000","out_of_stock","vongbicongnghiep.vn-wc-store-api-category-search-skf","2026-04-29T13:54:57.264Z"
"64857","SKF","PHC 140H-3CX10FT-SKF","PHC 140H-3CX10FT-SKF","PHC140H3CX10FTSKF","PHC 140H-3CX10FT","Xích","Xích","87","xich","https://vongbicongnghiep.vn/san-pham/san-pham-14673/","https://vongbicongnghiep.vn/wp-content/uploads/2024/12/PHC-3FT.png","[""https://vongbicongnghiep.vn/wp-content/uploads/2024/12/PHC-3FT.png"",""https://vongbicongnghiep.vn/wp-content/uploads/product_images/truyen-dong/xich/xich-ansi.jpg""]","","","[]","18962000","out_of_stock","vongbicongnghiep.vn-wc-store-api-category-search-skf","2026-04-29T13:54:57.264Z"
"64856","SKF","PHC 140H-3C/L-SKF","PHC 140H-3C/L-SKF","PHC140H3CLSKF","PHC 140H-3C/L","Xích","Xích","87","xich","https://vongbicongnghiep.vn/san-pham/san-pham-14672/","https://vongbicongnghiep.vn/wp-content/uploads/2024/12/PHC-3OL.png","[""https://vongbicongnghiep.vn/wp-content/uploads/2024/12/PHC-3OL.png""]","","","[]","976000","out_of_stock","vongbicongnghiep.vn-wc-store-api-category-search-skf","2026-04-29T13:54:57.264Z"
"64855","SKF","PHC 140H-2X10FT-SKF","PHC 140H-2X10FT-SKF","PHC140H2X10FTSKF","PHC 140H-2X10FT","Xích","Xích","87","xich","https://vongbicongnghiep.vn/san-pham/san-pham-14671/","https://vongbicongnghiep.vn/wp-content/uploads/2024/12/PHC-2FT.png","[""https://vongbicongnghiep.vn/wp-content/uploads/2024/12/PHC-2FT.png"",""https://vongbicongnghiep.vn/wp-content/uploads/product_images/truyen-dong/xich/xich-ansi.jpg""]","","","[]","11342000","out_of_stock","vongbicongnghiep.vn-wc-store-api-category-search-skf","2026-04-29T13:54:57.264Z"
"64854","SKF","PHC 140H-2O/L-SKF","PHC 140H-2O/L-SKF","PHC140H2OLSKF","PHC 140H-2O/L","Xích","Xích","87","xich","https://vongbicongnghiep.vn/san-pham/san-pham-14670/","https://vongbicongnghiep.vn/wp-content/uploads/2024/12/PHC-2OL.png","[""https://vongbicongnghiep.vn/wp-content/uploads/2024/12/PHC-2OL.png""]","","","[]","1219000","out_of_stock","vongbicongnghiep.vn-wc-store-api-category-search-skf","2026-04-29T13:54:57.264Z"
"64853","SKF","PHC 140H-2CX10FT-SKF","PHC 140H-2CX10FT-SKF","PHC140H2CX10FTSKF","PHC 140H-2CX10FT","Xích","Xích","87","xich","https://vongbicongnghiep.vn/san-pham/san-pham-14669/","https://vongbicongnghiep.vn/wp-content/uploads/2024/12/PHC-2FT.png","[""https://vongbicongnghiep.vn/wp-content/uploads/2024/12/PHC-2FT.png"",""https://vongbicongnghiep.vn/wp-content/uploads/product_images/truyen-dong/xich/xich-ansi.jpg""]","","","[]","11851000","out_of_stock","vongbicongnghiep.vn-wc-store-api-category-search-skf","2026-04-29T13:54:57.264Z"
"64852","SKF","PHC 140H-2C/L-SKF","PHC 140H-2C/L-SKF","PHC140H2CLSKF","PHC 140H-2C/L","Xích","Xích","87","xich","https://vongbicongnghiep.vn/san-pham/san-pham-14668/","https://vongbicongnghiep.vn/wp-content/uploads/2024/12/PHC-2CL.png","[""https://vongbicongnghiep.vn/wp-content/uploads/2024/12/PHC-2CL.png""]","","","[]","611000","out_of_stock","vongbicongnghiep.vn-wc-store-api-category-search-skf","2026-04-29T13:54:57.264Z"
"64851","SKF","PHC 140H-1X10FT-SKF","PHC 140H-1X10FT-SKF","PHC140H1X10FTSKF","PHC 140H-1X10FT","Xích","Xích","87","xich","https://vongbicongnghiep.vn/san-pham/san-pham-14667/","https://vongbicongnghiep.vn/wp-content/uploads/2024/12/PHC-1FT.png","[""https://vongbicongnghiep.vn/wp-content/uploads/2024/12/PHC-1FT.png"",""https://vongbicongnghiep.vn/wp-content/uploads/2024/12/BV-PHC-1FT.png""]","","","[]","5671000","out_of_stock","vongbicongnghiep.vn-wc-store-api-category-search-skf","2026-04-29T13:54:57.264Z"
"64850","SKF","PHC 140H-1O/L-SKF","PHC 140H-1O/L-SKF","PHC140H1OLSKF","PHC 140H-1O/L","Xích","Xích","87","xich","https://vongbicongnghiep.vn/san-pham/san-pham-14666/","https://vongbicongnghiep.vn/wp-content/uploads/2024/12/PHC-OL.png","[""https://vongbicongnghiep.vn/wp-content/uploads/2024/12/PHC-OL.png""]","","","[]","611000","out_of_stock","vongbicongnghiep.vn-wc-store-api-category-search-skf","2026-04-29T13:54:57.264Z"
"64849","SKF","PHC 140H-1CX10FT-SKF","PHC 140H-1CX10FT-SKF","PHC140H1CX10FTSKF","PHC 140H-1CX10FT","Xích","Xích","87","xich","https://vongbicongnghiep.vn/san-pham/san-pham-14665/","https://vongbicongnghiep.vn/wp-content/uploads/2024/12/PHC-1FT.png","[""https://vongbicongnghiep.vn/wp-content/uploads/2024/12/PHC-1FT.png"",""https://vongbicongnghiep.vn/wp-content/uploads/2024/12/BV-PHC-1FT.png""]","","","[]","5926000","out_of_stock","vongbicongnghiep.vn-wc-store-api-category-search-skf","2026-04-29T13:54:57.264Z"
"64848","SKF","PHC 140H-1C/L-SKF","PHC 140H-1C/L-SKF","PHC140H1CLSKF","PHC 140H-1C/L","Xích","Xích","87","xich","https://vongbicongnghiep.vn/san-pham/san-pham-14664/","https://vongbicongnghiep.vn/wp-content/uploads/2024/12/PHC-CL.png","[""https://vongbicongnghiep.vn/wp-content/uploads/2024/12/PHC-CL.png""]","","","[]","305000","out_of_stock","vongbicongnghiep.vn-wc-store-api-category-search-skf","2026-04-29T13:54:57.264Z"
"64847","SKF","PHC 140-3O/L-SKF","PHC 140-3O/L-SKF","PHC1403OLSKF","PHC 140-3O/L","Xích","Xích","87","xich","https://vongbicongnghiep.vn/san-pham/san-pham-14663/","https://vongbicongnghiep.vn/wp-content/uploads/2024/12/PHC-3CL.png","[""https://vongbicongnghiep.vn/wp-content/uploads/2024/12/PHC-3CL.png""]","","","[]","1350000","out_of_stock","vongbicongnghiep.vn-wc-store-api-category-search-skf","2026-04-29T13:54:57.264Z"
"64846","SKF","PHC 140-3CX10FT-SKF","PHC 140-3CX10FT-SKF","PHC1403CX10FTSKF","PHC 140-3CX10FT","Xích","Xích","87","xich","https://vongbicongnghiep.vn/san-pham/san-pham-14662/","https://vongbicongnghiep.vn/wp-content/uploads/2024/12/PHC-3FT.png","[""https://vongbicongnghiep.vn/wp-content/uploads/2024/12/PHC-3FT.png"",""https://vongbicongnghiep.vn/wp-content/uploads/product_images/truyen-dong/xich/xich-ansi.jpg""]","","","[]","15083000","out_of_stock","vongbicongnghiep.vn-wc-store-api-category-search-skf","2026-04-29T13:54:57.264Z"
"64845","SKF","PHC 140-3C/L-SKF","PHC 140-3C/L-SKF","PHC1403CLSKF","PHC 140-3C/L","Xích","Xích","87","xich","https://vongbicongnghiep.vn/san-pham/san-pham-14661/","https://vongbicongnghiep.vn/wp-content/uploads/2024/12/PHC-3OL.png","[""https://vongbicongnghiep.vn/wp-content/uploads/2024/12/PHC-3OL.png""]","","","[]","679000","out_of_stock","vongbicongnghiep.vn-wc-store-api-category-search-skf","2026-04-29T13:54:57.264Z"
"64844","SKF","PHC 140-2ZPX10FT-SKF","PHC 140-2ZPX10FT-SKF","PHC1402ZPX10FTSKF","PHC 140-2ZPX10FT","Xích","Xích","87","xich","https://vongbicongnghiep.vn/san-pham/san-pham-14660/","https://vongbicongnghiep.vn/wp-content/uploads/2024/12/PHC-2FT.png","[""https://vongbicongnghiep.vn/wp-content/uploads/2024/12/PHC-2FT.png"",""https://vongbicongnghiep.vn/wp-content/uploads/product_images/truyen-dong/xich/xich-ansi.jpg""]","","","[]","11882000","out_of_stock","vongbicongnghiep.vn-wc-store-api-category-search-skf","2026-04-29T13:54:57.264Z"
"64843","SKF","PHC 140-2ZP-O/L-SKF","PHC 140-2ZP-O/L-SKF","PHC1402ZPOLSKF","PHC 140-2ZP-O/L","Xích","Xích","87","xich","https://vongbicongnghiep.vn/san-pham/san-pham-14659/","https://vongbicongnghiep.vn/wp-content/uploads/2024/12/PHC-2OL.png","[""https://vongbicongnghiep.vn/wp-content/uploads/2024/12/PHC-2OL.png""]","","","[]","1041000","out_of_stock","vongbicongnghiep.vn-wc-store-api-category-search-skf","2026-04-29T13:54:57.264Z"
"64842","SKF","PHC 140-2ZP-C/L-SKF","PHC 140-2ZP-C/L-SKF","PHC1402ZPCLSKF","PHC 140-2ZP-C/L","Xích","Xích","87","xich","https://vongbicongnghiep.vn/san-pham/san-pham-14658/","https://vongbicongnghiep.vn/wp-content/uploads/2024/12/PHC-2CL.png","[""https://vongbicongnghiep.vn/wp-content/uploads/2024/12/PHC-2CL.png""]","","","[]","519000","out_of_stock","vongbicongnghiep.vn-wc-store-api-category-search-skf","2026-04-29T13:54:57.264Z"
"64841","SKF","PHC 140-2SSX10FT-SKF","PHC 140-2SSX10FT-SKF","PHC1402SSX10FTSKF","PHC 140-2SSX10FT","Xích","Xích","87","xich","https://vongbicongnghiep.vn/san-pham/san-pham-14657/","https://vongbicongnghiep.vn/wp-content/uploads/2024/12/PHC-2FT.png","[""https://vongbicongnghiep.vn/wp-content/uploads/2024/12/PHC-2FT.png"",""https://vongbicongnghiep.vn/wp-content/uploads/product_images/truyen-dong/xich/xich-ansi.jpg""]","","","[]","30833000","out_of_stock","vongbicongnghiep.vn-wc-store-api-category-search-skf","2026-04-29T13:54:57.264Z"
"64840","SKF","PHC 140-2SS-O/L-SKF","PHC 140-2SS-O/L-SKF","PHC1402SSOLSKF","PHC 140-2SS-O/L","Xích","Xích","87","xich","https://vongbicongnghiep.vn/san-pham/san-pham-14656/","https://vongbicongnghiep.vn/wp-content/uploads/2024/12/PHC-2OL.png","[""https://vongbicongnghiep.vn/wp-content/uploads/2024/12/PHC-2OL.png""]","","","[]","4431000","out_of_stock","vongbicongnghiep.vn-wc-store-api-category-search-skf","2026-04-29T13:54:57.264Z"
"64839","SKF","PHC 140-2SS-C/L-SKF","PHC 140-2SS-C/L-SKF","PHC1402SSCLSKF","PHC 140-2SS-C/L","Xích","Xích","87","xich","https://vongbicongnghiep.vn/san-pham/san-pham-14655/","https://vongbicongnghiep.vn/wp-content/uploads/2024/12/PHC-2CL.png","[""https://vongbicongnghiep.vn/wp-content/uploads/2024/12/PHC-2CL.png""]","","","[]","2215000","out_of_stock","vongbicongnghiep.vn-wc-store-api-category-search-skf","2026-04-29T13:54:57.264Z"
"64838","SKF","PHC 140-2O/L-SKF","PHC 140-2O/L-SKF","PHC1402OLSKF","PHC 140-2O/L","Xích","Xích","87","xich","https://vongbicongnghiep.vn/san-pham/san-pham-14654/","https://vongbicongnghiep.vn/wp-content/uploads/2024/12/PHC-2OL.png","[""https://vongbicongnghiep.vn/wp-content/uploads/2024/12/PHC-2OL.png""]","","","[]","843000","out_of_stock","vongbicongnghiep.vn-wc-store-api-category-search-skf","2026-04-29T13:54:57.264Z"
"64837","SKF","PHC 140-2NPX10FT-SKF","PHC 140-2NPX10FT-SKF","PHC1402NPX10FTSKF","PHC 140-2NPX10FT","Xích","Xích","87","xich","https://vongbicongnghiep.vn/san-pham/san-pham-14653/","https://vongbicongnghiep.vn/wp-content/uploads/2024/12/PHC-2FT.png","[""https://vongbicongnghiep.vn/wp-content/uploads/2024/12/PHC-2FT.png"",""https://vongbicongnghiep.vn/wp-content/uploads/product_images/truyen-dong/xich/xich-ansi.jpg""]","","","[]","12994000","out_of_stock","vongbicongnghiep.vn-wc-store-api-category-search-skf","2026-04-29T13:54:57.264Z"
"64836","SKF","PHC 140-2NP-O/L-SKF","PHC 140-2NP-O/L-SKF","PHC1402NPOLSKF","PHC 140-2NP-O/L","Xích","Xích","87","xich","https://vongbicongnghiep.vn/san-pham/san-pham-14652/","https://vongbicongnghiep.vn/wp-content/uploads/2024/12/PHC-2OL.png","[""https://vongbicongnghiep.vn/wp-content/uploads/2024/12/PHC-2OL.png""]","","","[]","1667000","out_of_stock","vongbicongnghiep.vn-wc-store-api-category-search-skf","2026-04-29T13:54:57.264Z"
"64835","SKF","PHC 140-2NP-C/L-SKF","PHC 140-2NP-C/L-SKF","PHC1402NPCLSKF","PHC 140-2NP-C/L","Xích","Xích","87","xich","https://vongbicongnghiep.vn/san-pham/san-pham-14651/","https://vongbicongnghiep.vn/wp-content/uploads/2024/12/PHC-2CL.png","[""https://vongbicongnghiep.vn/wp-content/uploads/2024/12/PHC-2CL.png""]","","","[]","833000","out_of_stock","vongbicongnghiep.vn-wc-store-api-category-search-skf","2026-04-29T13:54:57.264Z"
"64834","SKF","PHC 140-2DRX10FT-SKF","PHC 140-2DRX10FT-SKF","PHC1402DRX10FTSKF","PHC 140-2DRX10FT","Xích","Xích","87","xich","https://vongbicongnghiep.vn/san-pham/san-pham-14650/","https://vongbicongnghiep.vn/wp-content/uploads/2024/12/PHC-2FT.png","[""https://vongbicongnghiep.vn/wp-content/uploads/2024/12/PHC-2FT.png"",""https://vongbicongnghiep.vn/wp-content/uploads/product_images/truyen-dong/xich/xich-ansi.jpg""]","","","[]","15079000","out_of_stock","vongbicongnghiep.vn-wc-store-api-category-search-skf","2026-04-29T13:54:57.264Z"
"64833","SKF","PHC 140-2DR-O/L-SKF","PHC 140-2DR-O/L-SKF","PHC1402DROLSKF","PHC 140-2DR-O/L","Xích","Xích","87","xich","https://vongbicongnghiep.vn/san-pham/san-pham-14649/","https://vongbicongnghiep.vn/wp-content/uploads/2024/12/PHC-2OL.png","[""https://vongbicongnghiep.vn/wp-content/uploads/2024/12/PHC-2OL.png""]","","","[]","2023000","out_of_stock","vongbicongnghiep.vn-wc-store-api-category-search-skf","2026-04-29T13:54:57.264Z"
"64832","SKF","PHC 140-2DR-C/L-SKF","PHC 140-2DR-C/L-SKF","PHC1402DRCLSKF","PHC 140-2DR-C/L","Xích","Xích","87","xich","https://vongbicongnghiep.vn/san-pham/san-pham-14648/","https://vongbicongnghiep.vn/wp-content/uploads/2024/12/PHC-2CL.png","[""https://vongbicongnghiep.vn/wp-content/uploads/2024/12/PHC-2CL.png""]","","","[]","1012000","out_of_stock","vongbicongnghiep.vn-wc-store-api-category-search-skf","2026-04-29T13:54:57.264Z"
"64831","SKF","PHC 140-2CX10FT-SKF","PHC 140-2CX10FT-SKF","PHC1402CX10FTSKF","PHC 140-2CX10FT","Xích","Xích","87","xich","https://vongbicongnghiep.vn/san-pham/san-pham-14647/","https://vongbicongnghiep.vn/wp-content/uploads/2024/12/PHC-2FT.png","[""https://vongbicongnghiep.vn/wp-content/uploads/2024/12/PHC-2FT.png"",""https://vongbicongnghiep.vn/wp-content/uploads/product_images/truyen-dong/xich/xich-ansi.jpg""]","","","[]","9426000","out_of_stock","vongbicongnghiep.vn-wc-store-api-category-search-skf","2026-04-29T13:54:57.265Z"
"64830","SKF","PHC 140-2C/L-SKF","PHC 140-2C/L-SKF","PHC1402CLSKF","PHC 140-2C/L","Xích","Xích","87","xich","https://vongbicongnghiep.vn/san-pham/san-pham-14646/","https://vongbicongnghiep.vn/wp-content/uploads/2024/12/PHC-2CL.png","[""https://vongbicongnghiep.vn/wp-content/uploads/2024/12/PHC-2CL.png""]","","","[]","423000","out_of_stock","vongbicongnghiep.vn-wc-store-api-category-search-skf","2026-04-29T13:54:57.265Z"
"64829","SKF","PHC 140-1ZPX10FT-SKF","PHC 140-1ZPX10FT-SKF","PHC1401ZPX10FTSKF","PHC 140-1ZPX10FT","Xích","Xích","87","xich","https://vongbicongnghiep.vn/san-pham/san-pham-14645/","https://vongbicongnghiep.vn/wp-content/uploads/2024/12/PHC-1FT.png","[""https://vongbicongnghiep.vn/wp-content/uploads/2024/12/PHC-1FT.png"",""https://vongbicongnghiep.vn/wp-content/uploads/2024/12/BV-PHC-1FT.png""]","","","[]","5941000","out_of_stock","vongbicongnghiep.vn-wc-store-api-category-search-skf","2026-04-29T13:54:57.265Z"
"64828","SKF","PHC 140-1ZP-O/L-SKF","PHC 140-1ZP-O/L-SKF","PHC1401ZPOLSKF","PHC 140-1ZP-O/L","Xích","Xích","87","xich","https://vongbicongnghiep.vn/san-pham/san-pham-14644/","https://vongbicongnghiep.vn/wp-content/uploads/2024/12/PHC-OL.png","[""https://vongbicongnghiep.vn/wp-content/uploads/2024/12/PHC-OL.png""]","","","[]","519000","out_of_stock","vongbicongnghiep.vn-wc-store-api-category-search-skf","2026-04-29T13:54:57.265Z"
"64827","SKF","PHC 140-1ZP-C/L-SKF","PHC 140-1ZP-C/L-SKF","PHC1401ZPCLSKF","PHC 140-1ZP-C/L","Xích","Xích","87","xich","https://vongbicongnghiep.vn/san-pham/san-pham-14643/","https://vongbicongnghiep.vn/wp-content/uploads/2024/12/PHC-CL.png","[""https://vongbicongnghiep.vn/wp-content/uploads/2024/12/PHC-CL.png""]","","","[]","261000","out_of_stock","vongbicongnghiep.vn-wc-store-api-category-search-skf","2026-04-29T13:54:57.265Z"
"64826","SKF","PHC 140-1SSX10FT-SKF","PHC 140-1SSX10FT-SKF","PHC1401SSX10FTSKF","PHC 140-1SSX10FT","Xích","Xích","87","xich","https://vongbicongnghiep.vn/san-pham/san-pham-14642/","https://vongbicongnghiep.vn/wp-content/uploads/2024/12/PHC-1FT.png","[""https://vongbicongnghiep.vn/wp-content/uploads/2024/12/PHC-1FT.png"",""https://vongbicongnghiep.vn/wp-content/uploads/2024/12/BV-PHC-1FT.png""]","","","[]","15417000","out_of_stock","vongbicongnghiep.vn-wc-store-api-category-search-skf","2026-04-29T13:54:57.265Z"
"64825","SKF","PHC 140-1SS-O/L-SKF","PHC 140-1SS-O/L-SKF","PHC1401SSOLSKF","PHC 140-1SS-O/L","Xích","Xích","87","xich","https://vongbicongnghiep.vn/san-pham/san-pham-14641/","https://vongbicongnghiep.vn/wp-content/uploads/2024/12/PHC-OL.png","[""https://vongbicongnghiep.vn/wp-content/uploads/2024/12/PHC-OL.png""]","","","[]","2216000","out_of_stock","vongbicongnghiep.vn-wc-store-api-category-search-skf","2026-04-29T13:54:57.265Z"
"64824","SKF","PHC 140-1SS-C/L-SKF","PHC 140-1SS-C/L-SKF","PHC1401SSCLSKF","PHC 140-1SS-C/L","Xích","Xích","87","xich","https://vongbicongnghiep.vn/san-pham/san-pham-14640/","https://vongbicongnghiep.vn/wp-content/uploads/2024/12/PHC-CL.png","[""https://vongbicongnghiep.vn/wp-content/uploads/2024/12/PHC-CL.png""]","","","[]","1105000","out_of_stock","vongbicongnghiep.vn-wc-store-api-category-search-skf","2026-04-29T13:54:57.265Z"
"64823","SKF","PHC 140-1O/L-SKF","PHC 140-1O/L-SKF","PHC1401OLSKF","PHC 140-1O/L","Xích","Xích","87","xich","https://vongbicongnghiep.vn/san-pham/san-pham-14639/","https://vongbicongnghiep.vn/wp-content/uploads/2024/12/PHC-OL.png","[""https://vongbicongnghiep.vn/wp-content/uploads/2024/12/PHC-OL.png""]","","","[]","421000","out_of_stock","vongbicongnghiep.vn-wc-store-api-category-search-skf","2026-04-29T13:54:57.265Z"
"64822","SKF","PHC 140-1NPX10FT-SKF","PHC 140-1NPX10FT-SKF","PHC1401NPX10FTSKF","PHC 140-1NPX10FT","Xích","Xích","87","xich","https://vongbicongnghiep.vn/san-pham/san-pham-14638/","https://vongbicongnghiep.vn/wp-content/uploads/2024/12/PHC-1FT.png","[""https://vongbicongnghiep.vn/wp-content/uploads/2024/12/PHC-1FT.png"",""https://vongbicongnghiep.vn/wp-content/uploads/2024/12/BV-PHC-1FT.png""]","","","[]","6497000","out_of_stock","vongbicongnghiep.vn-wc-store-api-category-search-skf","2026-04-29T13:54:57.265Z"
"64821","SKF","PHC 140-1NP-O/L-SKF","PHC 140-1NP-O/L-SKF","PHC1401NPOLSKF","PHC 140-1NP-O/L","Xích","Xích","87","xich","https://vongbicongnghiep.vn/san-pham/san-pham-14637/","https://vongbicongnghiep.vn/wp-content/uploads/2024/12/PHC-OL.png","[""https://vongbicongnghiep.vn/wp-content/uploads/2024/12/PHC-OL.png""]","","","[]","833000","out_of_stock","vongbicongnghiep.vn-wc-store-api-category-search-skf","2026-04-29T13:54:57.265Z"
"64820","SKF","PHC 140-1NP-C/L-SKF","PHC 140-1NP-C/L-SKF","PHC1401NPCLSKF","PHC 140-1NP-C/L","Xích","Xích","87","xich","https://vongbicongnghiep.vn/san-pham/san-pham-14636/","https://vongbicongnghiep.vn/wp-content/uploads/2024/12/PHC-CL.png","[""https://vongbicongnghiep.vn/wp-content/uploads/2024/12/PHC-CL.png""]","","","[]","415000","out_of_stock","vongbicongnghiep.vn-wc-store-api-category-search-skf","2026-04-29T13:54:57.265Z"
"64819","SKF","PHC 140-1DRX10FT-SKF","PHC 140-1DRX10FT-SKF","PHC1401DRX10FTSKF","PHC 140-1DRX10FT","Xích","Xích","87","xich","https://vongbicongnghiep.vn/san-pham/san-pham-14635/","https://vongbicongnghiep.vn/wp-content/uploads/2024/12/PHC-1FT.png","[""https://vongbicongnghiep.vn/wp-content/uploads/2024/12/PHC-1FT.png"",""https://vongbicongnghiep.vn/wp-content/uploads/2024/12/BV-PHC-1FT.png""]","","","[]","7539000","out_of_stock","vongbicongnghiep.vn-wc-store-api-category-search-skf","2026-04-29T13:54:57.265Z"
"64818","SKF","PHC 140-1DR-O/L-SKF","PHC 140-1DR-O/L-SKF","PHC1401DROLSKF","PHC 140-1DR-O/L","Xích","Xích","87","xich","https://vongbicongnghiep.vn/san-pham/san-pham-14634/","https://vongbicongnghiep.vn/wp-content/uploads/2024/12/PHC-OL.png","[""https://vongbicongnghiep.vn/wp-content/uploads/2024/12/PHC-OL.png""]","","","[]","1012000","out_of_stock","vongbicongnghiep.vn-wc-store-api-category-search-skf","2026-04-29T13:54:57.265Z"
"64817","SKF","PHC 140-1DR-C/L-SKF","PHC 140-1DR-C/L-SKF","PHC1401DRCLSKF","PHC 140-1DR-C/L","Xích","Xích","87","xich","https://vongbicongnghiep.vn/san-pham/san-pham-14633/","https://vongbicongnghiep.vn/wp-content/uploads/2024/12/PHC-CL.png","[""https://vongbicongnghiep.vn/wp-content/uploads/2024/12/PHC-CL.png""]","","","[]","505000","out_of_stock","vongbicongnghiep.vn-wc-store-api-category-search-skf","2026-04-29T13:54:57.265Z"
"64816","SKF","PHC 140-1CX10FT-SKF","PHC 140-1CX10FT-SKF","PHC1401CX10FTSKF","PHC 140-1CX10FT","Xích","Xích","87","xich","https://vongbicongnghiep.vn/san-pham/san-pham-14632/","https://vongbicongnghiep.vn/wp-content/uploads/2024/12/PHC-1FT.png","[""https://vongbicongnghiep.vn/wp-content/uploads/2024/12/PHC-1FT.png"",""https://vongbicongnghiep.vn/wp-content/uploads/2024/12/BV-PHC-1FT.png""]","","","[]","4713000","out_of_stock","vongbicongnghiep.vn-wc-store-api-category-search-skf","2026-04-29T13:54:57.265Z"
"64815","SKF","PHC 140-1C/L-SKF","PHC 140-1C/L-SKF","PHC1401CLSKF","PHC 140-1C/L","Xích","Xích","87","xich","https://vongbicongnghiep.vn/san-pham/san-pham-14631/","https://vongbicongnghiep.vn/wp-content/uploads/2024/12/PHC-CL.png","[""https://vongbicongnghiep.vn/wp-content/uploads/2024/12/PHC-CL.png""]","","","[]","212000","out_of_stock","vongbicongnghiep.vn-wc-store-api-category-search-skf","2026-04-29T13:54:57.265Z"
"64814","SKF","PHC 12B-3X10FT-SKF","PHC 12B-3X10FT-SKF","PHC12B3X10FTSKF","PHC 12B-3X10FT","Xích","Xích","87","xich","https://vongbicongnghiep.vn/san-pham/san-pham-14630/","https://vongbicongnghiep.vn/wp-content/uploads/2024/12/PHC-3FT.png","[""https://vongbicongnghiep.vn/wp-content/uploads/2024/12/PHC-3FT.png"",""https://vongbicongnghiep.vn/wp-content/uploads/product_images/truyen-dong/xich/xich-ansi.jpg""]","","","[]","2592000","out_of_stock","vongbicongnghiep.vn-wc-store-api-category-search-skf","2026-04-29T13:54:58.976Z"
"64813","SKF","PHC 12B-3O/L-SKF","PHC 12B-3O/L-SKF","PHC12B3OLSKF","PHC 12B-3O/L","Xích","Xích","87","xich","https://vongbicongnghiep.vn/san-pham/san-pham-14629/","https://vongbicongnghiep.vn/wp-content/uploads/2024/12/PHC-3CL.png","[""https://vongbicongnghiep.vn/wp-content/uploads/2024/12/PHC-3CL.png""]","","","[]","108000","out_of_stock","vongbicongnghiep.vn-wc-store-api-category-search-skf","2026-04-29T13:54:58.976Z"
"64812","SKF","PHC 12B-3C/L-SKF","PHC 12B-3C/L-SKF","PHC12B3CLSKF","PHC 12B-3C/L","Xích","Xích","87","xich","https://vongbicongnghiep.vn/san-pham/san-pham-14628/","https://vongbicongnghiep.vn/wp-content/uploads/2024/12/PHC-3OL.png","[""https://vongbicongnghiep.vn/wp-content/uploads/2024/12/PHC-3OL.png""]","","","[]","54000","out_of_stock","vongbicongnghiep.vn-wc-store-api-category-search-skf","2026-04-29T13:54:58.976Z"
"64811","SKF","PHC 12B-2ZPX10FT-SKF","PHC 12B-2ZPX10FT-SKF","PHC12B2ZPX10FTSKF","PHC 12B-2ZPX10FT","Xích","Xích","87","xich","https://vongbicongnghiep.vn/san-pham/san-pham-14627/","https://vongbicongnghiep.vn/wp-content/uploads/2024/12/PHC-2FT.png","[""https://vongbicongnghiep.vn/wp-content/uploads/2024/12/PHC-2FT.png"",""https://vongbicongnghiep.vn/wp-content/uploads/product_images/truyen-dong/xich/xich-ansi.jpg""]","","","[]","1854000","out_of_stock","vongbicongnghiep.vn-wc-store-api-category-search-skf","2026-04-29T13:54:58.976Z"
"64810","SKF","PHC 12B-2ZP-O/L-SKF","PHC 12B-2ZP-O/L-SKF","PHC12B2ZPOLSKF","PHC 12B-2ZP-O/L","Xích","Xích","87","xich","https://vongbicongnghiep.vn/san-pham/san-pham-14626/","https://vongbicongnghiep.vn/wp-content/uploads/2024/12/PHC-2OL.png","[""https://vongbicongnghiep.vn/wp-content/uploads/2024/12/PHC-2OL.png""]","","","[]","94000","out_of_stock","vongbicongnghiep.vn-wc-store-api-category-search-skf","2026-04-29T13:54:58.976Z"
"64809","SKF","PHC 12B-2ZP-C/L-SKF","PHC 12B-2ZP-C/L-SKF","PHC12B2ZPCLSKF","PHC 12B-2ZP-C/L","Xích","Xích","87","xich","https://vongbicongnghiep.vn/san-pham/san-pham-14625/","https://vongbicongnghiep.vn/wp-content/uploads/2024/12/PHC-2CL.png","[""https://vongbicongnghiep.vn/wp-content/uploads/2024/12/PHC-2CL.png""]","","","[]","48000","out_of_stock","vongbicongnghiep.vn-wc-store-api-category-search-skf","2026-04-29T13:54:58.976Z"
"64808","SKF","PHC 12B-2X5MTR-SKF","PHC 12B-2X5MTR-SKF","PHC12B2X5MTRSKF","PHC 12B-2X5MTR","Xích","Xích","87","xich","https://vongbicongnghiep.vn/san-pham/san-pham-14624/","https://vongbicongnghiep.vn/wp-content/uploads/2024/12/PHC-2FT.png","[""https://vongbicongnghiep.vn/wp-content/uploads/2024/12/PHC-2FT.png"",""https://vongbicongnghiep.vn/wp-content/uploads/product_images/truyen-dong/xich/xich-ansi.jpg""]","","","[]","2516000","out_of_stock","vongbicongnghiep.vn-wc-store-api-category-search-skf","2026-04-29T13:54:58.976Z"
"64807","SKF","PHC 12B-2X10FT-SKF","PHC 12B-2X10FT-SKF","PHC12B2X10FTSKF","PHC 12B-2X10FT","Xích","Xích","87","xich","https://vongbicongnghiep.vn/san-pham/san-pham-14623/","https://vongbicongnghiep.vn/wp-content/uploads/2024/12/PHC-2FT.png","[""https://vongbicongnghiep.vn/wp-content/uploads/2024/12/PHC-2FT.png"",""https://vongbicongnghiep.vn/wp-content/uploads/product_images/truyen-dong/xich/xich-ansi.jpg""]","","","[]","1535000","out_of_stock","vongbicongnghiep.vn-wc-store-api-category-search-skf","2026-04-29T13:54:58.976Z"
"64806","SKF","PHC 12B-2SSX10FT-SKF","PHC 12B-2SSX10FT-SKF","PHC12B2SSX10FTSKF","PHC 12B-2SSX10FT","Xích","Xích","87","xich","https://vongbicongnghiep.vn/san-pham/san-pham-14622/","https://vongbicongnghiep.vn/wp-content/uploads/2024/12/PHC-2FT.png","[""https://vongbicongnghiep.vn/wp-content/uploads/2024/12/PHC-2FT.png"",""https://vongbicongnghiep.vn/wp-content/uploads/product_images/truyen-dong/xich/xich-ansi.jpg""]","","","[]","5495000","out_of_stock","vongbicongnghiep.vn-wc-store-api-category-search-skf","2026-04-29T13:54:58.976Z"
"64805","SKF","PHC 12B-2SS-O/L-SKF","PHC 12B-2SS-O/L-SKF","PHC12B2SSOLSKF","PHC 12B-2SS-O/L","Xích","Xích","87","xich","https://vongbicongnghiep.vn/san-pham/san-pham-14621/","https://vongbicongnghiep.vn/wp-content/uploads/2024/12/PHC-2OL.png","[""https://vongbicongnghiep.vn/wp-content/uploads/2024/12/PHC-2OL.png""]","","","[]","455000","out_of_stock","vongbicongnghiep.vn-wc-store-api-category-search-skf","2026-04-29T13:54:58.976Z"
"64804","SKF","PHC 12B-2SS-C/L-SKF","PHC 12B-2SS-C/L-SKF","PHC12B2SSCLSKF","PHC 12B-2SS-C/L","Xích","Xích","87","xich","https://vongbicongnghiep.vn/san-pham/san-pham-14620/","https://vongbicongnghiep.vn/wp-content/uploads/2024/12/PHC-2CL.png","[""https://vongbicongnghiep.vn/wp-content/uploads/2024/12/PHC-2CL.png""]","","","[]","229000","out_of_stock","vongbicongnghiep.vn-wc-store-api-category-search-skf","2026-04-29T13:54:58.976Z"
"64803","SKF","PHC 12B-2SLRX10FT-SKF","PHC 12B-2SLRX10FT-SKF","PHC12B2SLRX10FTSKF","PHC 12B-2SLRX10FT","Xích","Xích","87","xich","https://vongbicongnghiep.vn/san-pham/san-pham-14619/","https://vongbicongnghiep.vn/wp-content/uploads/2024/12/PHC-2FT.png","[""https://vongbicongnghiep.vn/wp-content/uploads/2024/12/PHC-2FT.png"",""https://vongbicongnghiep.vn/wp-content/uploads/product_images/truyen-dong/xich/xich-ansi.jpg""]","","","[]","7725000","out_of_stock","vongbicongnghiep.vn-wc-store-api-category-search-skf","2026-04-29T13:54:58.976Z"
"64802","SKF","PHC 12B-2SLR-O/L-SKF","PHC 12B-2SLR-O/L-SKF","PHC12B2SLROLSKF","PHC 12B-2SLR-O/L","Xích","Xích","87","xich","https://vongbicongnghiep.vn/san-pham/san-pham-14618/","https://vongbicongnghiep.vn/wp-content/uploads/2024/12/PHC-2OL.png","[""https://vongbicongnghiep.vn/wp-content/uploads/2024/12/PHC-2OL.png""]","","","[]","487000","out_of_stock","vongbicongnghiep.vn-wc-store-api-category-search-skf","2026-04-29T13:54:58.976Z"
"64801","SKF","PHC 12B-2SLR-C/L-SKF","PHC 12B-2SLR-C/L-SKF","PHC12B2SLRCLSKF","PHC 12B-2SLR-C/L","Xích","Xích","87","xich","https://vongbicongnghiep.vn/san-pham/san-pham-14617/","https://vongbicongnghiep.vn/wp-content/uploads/2024/12/PHC-2CL.png","[""https://vongbicongnghiep.vn/wp-content/uploads/2024/12/PHC-2CL.png""]","","","[]","191000","out_of_stock","vongbicongnghiep.vn-wc-store-api-category-search-skf","2026-04-29T13:54:58.976Z"
"64800","SKF","PHC 12B-2O/L-SKF","PHC 12B-2O/L-SKF","PHC12B2OLSKF","PHC 12B-2O/L","Xích","Xích","87","xich","https://vongbicongnghiep.vn/san-pham/san-pham-14616/","https://vongbicongnghiep.vn/wp-content/uploads/2024/12/PHC-2OL.png","[""https://vongbicongnghiep.vn/wp-content/uploads/2024/12/PHC-2OL.png""]","","","[]","67000","out_of_stock","vongbicongnghiep.vn-wc-store-api-category-search-skf","2026-04-29T13:54:58.976Z"
"64799","SKF","PHC 12B-2NPX10FT-SKF","PHC 12B-2NPX10FT-SKF","PHC12B2NPX10FTSKF","PHC 12B-2NPX10FT","Xích","Xích","87","xich","https://vongbicongnghiep.vn/san-pham/san-pham-14615/","https://vongbicongnghiep.vn/wp-content/uploads/2024/12/PHC-2FT.png","[""https://vongbicongnghiep.vn/wp-content/uploads/2024/12/PHC-2FT.png"",""https://vongbicongnghiep.vn/wp-content/uploads/product_images/truyen-dong/xich/xich-ansi.jpg""]","","","[]","2156000","out_of_stock","vongbicongnghiep.vn-wc-store-api-category-search-skf","2026-04-29T13:54:58.976Z"
"64798","SKF","PHC 12B-2NP-O/L-SKF","PHC 12B-2NP-O/L-SKF","PHC12B2NPOLSKF","PHC 12B-2NP-O/L","Xích","Xích","87","xich","https://vongbicongnghiep.vn/san-pham/san-pham-14614/","https://vongbicongnghiep.vn/wp-content/uploads/2024/12/PHC-2OL.png","[""https://vongbicongnghiep.vn/wp-content/uploads/2024/12/PHC-2OL.png""]","","","[]","127000","out_of_stock","vongbicongnghiep.vn-wc-store-api-category-search-skf","2026-04-29T13:54:58.976Z"
"64797","SKF","PHC 12B-2NP-C/L-SKF","PHC 12B-2NP-C/L-SKF","PHC12B2NPCLSKF","PHC 12B-2NP-C/L","Xích","Xích","87","xich","https://vongbicongnghiep.vn/san-pham/san-pham-14613/","https://vongbicongnghiep.vn/wp-content/uploads/2024/12/PHC-2CL.png","[""https://vongbicongnghiep.vn/wp-content/uploads/2024/12/PHC-2CL.png""]","","","[]","63000","out_of_stock","vongbicongnghiep.vn-wc-store-api-category-search-skf","2026-04-29T13:54:58.976Z"
"64796","SKF","PHC 12B-2DRX10FT-SKF","PHC 12B-2DRX10FT-SKF","PHC12B2DRX10FTSKF","PHC 12B-2DRX10FT","Xích","Xích","87","xich","https://vongbicongnghiep.vn/san-pham/san-pham-14612/","https://vongbicongnghiep.vn/wp-content/uploads/2024/12/PHC-2FT.png","[""https://vongbicongnghiep.vn/wp-content/uploads/2024/12/PHC-2FT.png"",""https://vongbicongnghiep.vn/wp-content/uploads/product_images/truyen-dong/xich/xich-ansi.jpg""]","","","[]","2629000","out_of_stock","vongbicongnghiep.vn-wc-store-api-category-search-skf","2026-04-29T13:54:58.976Z"
"64795","SKF","PHC 12B-2DR-O/L-SKF","PHC 12B-2DR-O/L-SKF","PHC12B2DROLSKF","PHC 12B-2DR-O/L","Xích","Xích","87","xich","https://vongbicongnghiep.vn/san-pham/san-pham-14611/","https://vongbicongnghiep.vn/wp-content/uploads/2024/12/PHC-2OL.png","[""https://vongbicongnghiep.vn/wp-content/uploads/2024/12/PHC-2OL.png""]","","","[]","175000","out_of_stock","vongbicongnghiep.vn-wc-store-api-category-search-skf","2026-04-29T13:54:58.976Z"
"64794","SKF","PHC 12B-2DR-C/L-SKF","PHC 12B-2DR-C/L-SKF","PHC12B2DRCLSKF","PHC 12B-2DR-C/L","Xích","Xích","87","xich","https://vongbicongnghiep.vn/san-pham/san-pham-14610/","https://vongbicongnghiep.vn/wp-content/uploads/2024/12/PHC-2CL.png","[""https://vongbicongnghiep.vn/wp-content/uploads/2024/12/PHC-2CL.png""]","","","[]","87000","out_of_stock","vongbicongnghiep.vn-wc-store-api-category-search-skf","2026-04-29T13:54:58.976Z"
"64793","SKF","PHC 12B-2C/L-SKF","PHC 12B-2C/L-SKF","PHC12B2CLSKF","PHC 12B-2C/L","Xích","Xích","87","xich","https://vongbicongnghiep.vn/san-pham/san-pham-14609/","https://vongbicongnghiep.vn/wp-content/uploads/2024/12/PHC-2CL.png","[""https://vongbicongnghiep.vn/wp-content/uploads/2024/12/PHC-2CL.png""]","","","[]","33000","out_of_stock","vongbicongnghiep.vn-wc-store-api-category-search-skf","2026-04-29T13:54:58.976Z"
"64792","SKF","PHC 12B-1ZPX10FT-SKF","PHC 12B-1ZPX10FT-SKF","PHC12B1ZPX10FTSKF","PHC 12B-1ZPX10FT","Xích","Xích","87","xich","https://vongbicongnghiep.vn/san-pham/san-pham-14608/","https://vongbicongnghiep.vn/wp-content/uploads/2024/12/PHC-1FT.png","[""https://vongbicongnghiep.vn/wp-content/uploads/2024/12/PHC-1FT.png"",""https://vongbicongnghiep.vn/wp-content/uploads/2024/12/BV-PHC-1FT.png""]","","","[]","927000","out_of_stock","vongbicongnghiep.vn-wc-store-api-category-search-skf","2026-04-29T13:54:58.976Z"
"64791","SKF","PHC 12B-1ZP-O/L-SKF","PHC 12B-1ZP-O/L-SKF","PHC12B1ZPOLSKF","PHC 12B-1ZP-O/L","Xích","Xích","87","xich","https://vongbicongnghiep.vn/san-pham/san-pham-14607/","https://vongbicongnghiep.vn/wp-content/uploads/2024/12/PHC-OL.png","[""https://vongbicongnghiep.vn/wp-content/uploads/2024/12/PHC-OL.png""]","","","[]","48000","out_of_stock","vongbicongnghiep.vn-wc-store-api-category-search-skf","2026-04-29T13:54:58.976Z"
"64790","SKF","PHC 12B-1ZP-C/L-SKF","PHC 12B-1ZP-C/L-SKF","PHC12B1ZPCLSKF","PHC 12B-1ZP-C/L","Xích","Xích","87","xich","https://vongbicongnghiep.vn/san-pham/san-pham-14606/","https://vongbicongnghiep.vn/wp-content/uploads/2024/12/PHC-CL.png","[""https://vongbicongnghiep.vn/wp-content/uploads/2024/12/PHC-CL.png""]","","","[]","22000","out_of_stock","vongbicongnghiep.vn-wc-store-api-category-search-skf","2026-04-29T13:54:58.976Z"
"64789","SKF","PHC 12B-1X5MTR-SKF","PHC 12B-1X5MTR-SKF","PHC12B1X5MTRSKF","PHC 12B-1X5MTR","Xích","Xích","87","xich","https://vongbicongnghiep.vn/san-pham/san-pham-14605/","https://vongbicongnghiep.vn/wp-content/uploads/2024/12/PHC-1FT.png","[""https://vongbicongnghiep.vn/wp-content/uploads/2024/12/PHC-1FT.png"",""https://vongbicongnghiep.vn/wp-content/uploads/2024/12/BV-PHC-1FT.png""]","","","[]","1257000","out_of_stock","vongbicongnghiep.vn-wc-store-api-category-search-skf","2026-04-29T13:54:58.976Z"
"64788","SKF","PHC 12B-1X10FT-SKF","PHC 12B-1X10FT-SKF","PHC12B1X10FTSKF","PHC 12B-1X10FT","Xích","Xích","87","xich","https://vongbicongnghiep.vn/san-pham/san-pham-14604/","https://vongbicongnghiep.vn/wp-content/uploads/2024/12/PHC-1FT.png","[""https://vongbicongnghiep.vn/wp-content/uploads/2024/12/PHC-1FT.png"",""https://vongbicongnghiep.vn/wp-content/uploads/2024/12/BV-PHC-1FT.png""]","","","[]","767000","out_of_stock","vongbicongnghiep.vn-wc-store-api-category-search-skf","2026-04-29T13:54:58.976Z"
"64787","SKF","PHC 12B-1X100FT-SKF","PHC 12B-1X100FT-SKF","PHC12B1X100FTSKF","PHC 12B-1X100FT","Xích","Xích","87","xich","https://vongbicongnghiep.vn/san-pham/san-pham-14603/","https://vongbicongnghiep.vn/wp-content/uploads/2024/12/PHC-1FT.png","[""https://vongbicongnghiep.vn/wp-content/uploads/2024/12/PHC-1FT.png"",""https://vongbicongnghiep.vn/wp-content/uploads/2024/12/BV-PHC-1FT.png""]","","","[]","7668000","out_of_stock","vongbicongnghiep.vn-wc-store-api-category-search-skf","2026-04-29T13:54:58.976Z"
"64786","SKF","PHC 12B-1SSX10FT-SKF","PHC 12B-1SSX10FT-SKF","PHC12B1SSX10FTSKF","PHC 12B-1SSX10FT","Xích","Xích","87","xich","https://vongbicongnghiep.vn/san-pham/san-pham-14602/","https://vongbicongnghiep.vn/wp-content/uploads/2024/12/PHC-1FT.png","[""https://vongbicongnghiep.vn/wp-content/uploads/2024/12/PHC-1FT.png"",""https://vongbicongnghiep.vn/wp-content/uploads/2024/12/BV-PHC-1FT.png""]","","","[]","2747000","out_of_stock","vongbicongnghiep.vn-wc-store-api-category-search-skf","2026-04-29T13:54:58.976Z"
"64785","SKF","PHC 12B-1SS-O/L-SKF","PHC 12B-1SS-O/L-SKF","PHC12B1SSOLSKF","PHC 12B-1SS-O/L","Xích","Xích","87","xich","https://vongbicongnghiep.vn/san-pham/san-pham-14601/","https://vongbicongnghiep.vn/wp-content/uploads/2024/12/PHC-OL.png","[""https://vongbicongnghiep.vn/wp-content/uploads/2024/12/PHC-OL.png""]","","","[]","229000","out_of_stock","vongbicongnghiep.vn-wc-store-api-category-search-skf","2026-04-29T13:54:58.976Z"
"64784","SKF","PHC 12B-1SS-C/L-SKF","PHC 12B-1SS-C/L-SKF","PHC12B1SSCLSKF","PHC 12B-1SS-C/L","Xích","Xích","87","xich","https://vongbicongnghiep.vn/san-pham/san-pham-14600/","https://vongbicongnghiep.vn/wp-content/uploads/2024/12/PHC-CL.png","[""https://vongbicongnghiep.vn/wp-content/uploads/2024/12/PHC-CL.png""]","","","[]","114000","out_of_stock","vongbicongnghiep.vn-wc-store-api-category-search-skf","2026-04-29T13:54:58.976Z"
"64783","SKF","PHC 12B-1SLRX10FT-SKF","PHC 12B-1SLRX10FT-SKF","PHC12B1SLRX10FTSKF","PHC 12B-1SLRX10FT","Xích","Xích","87","xich","https://vongbicongnghiep.vn/san-pham/san-pham-14599/","https://vongbicongnghiep.vn/wp-content/uploads/2024/12/PHC-1FT.png","[""https://vongbicongnghiep.vn/wp-content/uploads/2024/12/PHC-1FT.png"",""https://vongbicongnghiep.vn/wp-content/uploads/2024/12/BV-PHC-1FT.png""]","","","[]","3822000","out_of_stock","vongbicongnghiep.vn-wc-store-api-category-search-skf","2026-04-29T13:54:58.976Z"
"64782","SKF","PHC 12B-1SLR-O/L-SKF","PHC 12B-1SLR-O/L-SKF","PHC12B1SLROLSKF","PHC 12B-1SLR-O/L","Xích","Xích","87","xich","https://vongbicongnghiep.vn/san-pham/san-pham-14598/","https://vongbicongnghiep.vn/wp-content/uploads/2024/12/PHC-OL.png","[""https://vongbicongnghiep.vn/wp-content/uploads/2024/12/PHC-OL.png""]","","","[]","243000","out_of_stock","vongbicongnghiep.vn-wc-store-api-category-search-skf","2026-04-29T13:54:58.976Z"
"64781","SKF","PHC 12B-1SLRF1X10FT-SKF","PHC 12B-1SLRF1X10FT-SKF","PHC12B1SLRF1X10FTSKF","PHC 12B-1SLRF1X10FT","Xích","Xích","87","xich","https://vongbicongnghiep.vn/san-pham/san-pham-14597/","https://vongbicongnghiep.vn/wp-content/uploads/2024/12/PHC-1FT.png","[""https://vongbicongnghiep.vn/wp-content/uploads/2024/12/PHC-1FT.png"",""https://vongbicongnghiep.vn/wp-content/uploads/2024/12/BV-PHC-1FT.png""]","","","[]","4060000","out_of_stock","vongbicongnghiep.vn-wc-store-api-category-search-skf","2026-04-29T13:54:58.976Z"
"64780","SKF","PHC 12B-1SBX10FT-SKF","PHC 12B-1SBX10FT-SKF","PHC12B1SBX10FTSKF","PHC 12B-1SBX10FT","Xích","Xích","87","xich","https://vongbicongnghiep.vn/san-pham/san-pham-14596/","https://vongbicongnghiep.vn/wp-content/uploads/2024/12/PHC-1FT.png","[""https://vongbicongnghiep.vn/wp-content/uploads/2024/12/PHC-1FT.png"",""https://vongbicongnghiep.vn/wp-content/uploads/2024/12/BV-PHC-1FT.png""]","","","[]","2738000","out_of_stock","vongbicongnghiep.vn-wc-store-api-category-search-skf","2026-04-29T13:54:58.976Z"
"64779","SKF","PHC 12B-1O/L-SKF","PHC 12B-1O/L-SKF","PHC12B1OLSKF","PHC 12B-1O/L","Xích","Xích","87","xich","https://vongbicongnghiep.vn/san-pham/san-pham-14595/","https://vongbicongnghiep.vn/wp-content/uploads/2024/12/PHC-OL.png","[""https://vongbicongnghiep.vn/wp-content/uploads/2024/12/PHC-OL.png""]","","","[]","33000","out_of_stock","vongbicongnghiep.vn-wc-store-api-category-search-skf","2026-04-29T13:54:58.976Z"
"64778","SKF","PHC 12B-1NPX10FT-SKF","PHC 12B-1NPX10FT-SKF","PHC12B1NPX10FTSKF","PHC 12B-1NPX10FT","Xích","Xích","87","xich","https://vongbicongnghiep.vn/san-pham/san-pham-14594/","https://vongbicongnghiep.vn/wp-content/uploads/2024/12/PHC-1FT.png","[""https://vongbicongnghiep.vn/wp-content/uploads/2024/12/PHC-1FT.png"",""https://vongbicongnghiep.vn/wp-content/uploads/2024/12/BV-PHC-1FT.png""]","","","[]","1078000","out_of_stock","vongbicongnghiep.vn-wc-store-api-category-search-skf","2026-04-29T13:54:58.976Z"
"64777","SKF","PHC 12B-1NP-O/L-SKF","PHC 12B-1NP-O/L-SKF","PHC12B1NPOLSKF","PHC 12B-1NP-O/L","Xích","Xích","87","xich","https://vongbicongnghiep.vn/san-pham/san-pham-14593/","https://vongbicongnghiep.vn/wp-content/uploads/2024/12/PHC-OL.png","[""https://vongbicongnghiep.vn/wp-content/uploads/2024/12/PHC-OL.png""]","","","[]","63000","out_of_stock","vongbicongnghiep.vn-wc-store-api-category-search-skf","2026-04-29T13:54:58.976Z"
"64776","SKF","PHC 12B-1NP-C/L-SKF","PHC 12B-1NP-C/L-SKF","PHC12B1NPCLSKF","PHC 12B-1NP-C/L","Xích","Xích","87","xich","https://vongbicongnghiep.vn/san-pham/san-pham-14592/","https://vongbicongnghiep.vn/wp-content/uploads/2024/12/PHC-CL.png","[""https://vongbicongnghiep.vn/wp-content/uploads/2024/12/PHC-CL.png""]","","","[]","32000","out_of_stock","vongbicongnghiep.vn-wc-store-api-category-search-skf","2026-04-29T13:54:58.976Z"
"64775","SKF","PHC 12B-1DRX10FT-SKF","PHC 12B-1DRX10FT-SKF","PHC12B1DRX10FTSKF","PHC 12B-1DRX10FT","Xích","Xích","87","xich","https://vongbicongnghiep.vn/san-pham/san-pham-14591/","https://vongbicongnghiep.vn/wp-content/uploads/2024/12/PHC-1FT.png","[""https://vongbicongnghiep.vn/wp-content/uploads/2024/12/PHC-1FT.png"",""https://vongbicongnghiep.vn/wp-content/uploads/2024/12/BV-PHC-1FT.png""]","","","[]","1314000","out_of_stock","vongbicongnghiep.vn-wc-store-api-category-search-skf","2026-04-29T13:54:58.976Z"
"64774","SKF","PHC 12B-1DR-O/L-SKF","PHC 12B-1DR-O/L-SKF","PHC12B1DROLSKF","PHC 12B-1DR-O/L","Xích","Xích","87","xich","https://vongbicongnghiep.vn/san-pham/san-pham-14590/","https://vongbicongnghiep.vn/wp-content/uploads/2024/12/PHC-OL.png","[""https://vongbicongnghiep.vn/wp-content/uploads/2024/12/PHC-OL.png""]","","","[]","87000","out_of_stock","vongbicongnghiep.vn-wc-store-api-category-search-skf","2026-04-29T13:54:58.976Z"
"64773","SKF","PHC 12B-1DR-C/L-SKF","PHC 12B-1DR-C/L-SKF","PHC12B1DRCLSKF","PHC 12B-1DR-C/L","Xích","Xích","87","xich","https://vongbicongnghiep.vn/san-pham/san-pham-14589/","https://vongbicongnghiep.vn/wp-content/uploads/2024/12/PHC-CL.png","[""https://vongbicongnghiep.vn/wp-content/uploads/2024/12/PHC-CL.png""]","","","[]","42000","out_of_stock","vongbicongnghiep.vn-wc-store-api-category-search-skf","2026-04-29T13:54:58.976Z"
"64772","SKF","PHC 12B-1C/L-SKF","PHC 12B-1C/L-SKF","PHC12B1CLSKF","PHC 12B-1C/L","Xích","Xích","87","xich","https://vongbicongnghiep.vn/san-pham/san-pham-14588/","https://vongbicongnghiep.vn/wp-content/uploads/2024/12/PHC-CL.png","[""https://vongbicongnghiep.vn/wp-content/uploads/2024/12/PHC-CL.png""]","","","[]","17000","out_of_stock","vongbicongnghiep.vn-wc-store-api-category-search-skf","2026-04-29T13:54:58.976Z"
"64771","SKF","PHC 120SPH-2X10FT-SKF","PHC 120SPH-2X10FT-SKF","PHC120SPH2X10FTSKF","PHC 120SPH-2X10FT","Xích","Xích","87","xich","https://vongbicongnghiep.vn/san-pham/san-pham-14587/","https://vongbicongnghiep.vn/wp-content/uploads/2024/12/PHC-2FT.png","[""https://vongbicongnghiep.vn/wp-content/uploads/2024/12/PHC-2FT.png"",""https://vongbicongnghiep.vn/wp-content/uploads/product_images/truyen-dong/xich/xich-ansi.jpg""]","","","[]","16917000","out_of_stock","vongbicongnghiep.vn-wc-store-api-category-search-skf","2026-04-29T13:54:58.976Z"
"64770","SKF","PHC 120SPH-2C/L-SKF","PHC 120SPH-2C/L-SKF","PHC120SPH2CLSKF","PHC 120SPH-2C/L","Xích","Xích","87","xich","https://vongbicongnghiep.vn/san-pham/san-pham-14586/","https://vongbicongnghiep.vn/wp-content/uploads/2024/12/PHC-2CL.png","[""https://vongbicongnghiep.vn/wp-content/uploads/2024/12/PHC-2CL.png""]","","","[]","641000","out_of_stock","vongbicongnghiep.vn-wc-store-api-category-search-skf","2026-04-29T13:54:58.976Z"
"64769","SKF","PHC 120SPH-1X10FT-SKF","PHC 120SPH-1X10FT-SKF","PHC120SPH1X10FTSKF","PHC 120SPH-1X10FT","Xích","Xích","87","xich","https://vongbicongnghiep.vn/san-pham/san-pham-14585/","https://vongbicongnghiep.vn/wp-content/uploads/2024/12/PHC-1FT.png","[""https://vongbicongnghiep.vn/wp-content/uploads/2024/12/PHC-1FT.png"",""https://vongbicongnghiep.vn/wp-content/uploads/2024/12/BV-PHC-1FT.png""]","","","[]","8458000","out_of_stock","vongbicongnghiep.vn-wc-store-api-category-search-skf","2026-04-29T13:54:58.976Z"
"64768","SKF","PHC 120SPH-1C/L-SKF","PHC 120SPH-1C/L-SKF","PHC120SPH1CLSKF","PHC 120SPH-1C/L","Xích","Xích","87","xich","https://vongbicongnghiep.vn/san-pham/san-pham-14584/","https://vongbicongnghiep.vn/wp-content/uploads/2024/12/PHC-CL.png","[""https://vongbicongnghiep.vn/wp-content/uploads/2024/12/PHC-CL.png""]","","","[]","321000","out_of_stock","vongbicongnghiep.vn-wc-store-api-category-search-skf","2026-04-29T13:54:58.976Z"
"64767","SKF","PHC 120SHH-2X10FT-SKF","PHC 120SHH-2X10FT-SKF","PHC120SHH2X10FTSKF","PHC 120SHH-2X10FT","Xích","Xích","87","xich","https://vongbicongnghiep.vn/san-pham/san-pham-14583/","https://vongbicongnghiep.vn/wp-content/uploads/2024/12/PHC-2FT.png","[""https://vongbicongnghiep.vn/wp-content/uploads/2024/12/PHC-2FT.png"",""https://vongbicongnghiep.vn/wp-content/uploads/product_images/truyen-dong/xich/xich-ansi.jpg""]","","","[]","18612000","out_of_stock","vongbicongnghiep.vn-wc-store-api-category-search-skf","2026-04-29T13:54:58.976Z"
"64766","SKF","PHC 120SHH-2C/L-SKF","PHC 120SHH-2C/L-SKF","PHC120SHH2CLSKF","PHC 120SHH-2C/L","Xích","Xích","87","xich","https://vongbicongnghiep.vn/san-pham/san-pham-14582/","https://vongbicongnghiep.vn/wp-content/uploads/2024/12/PHC-2CL.png","[""https://vongbicongnghiep.vn/wp-content/uploads/2024/12/PHC-2CL.png""]","","","[]","704000","out_of_stock","vongbicongnghiep.vn-wc-store-api-category-search-skf","2026-04-29T13:54:58.976Z"
"64765","SKF","PHC 120SHH-1X10FT-SKF","PHC 120SHH-1X10FT-SKF","PHC120SHH1X10FTSKF","PHC 120SHH-1X10FT","Xích","Xích","87","xich","https://vongbicongnghiep.vn/san-pham/san-pham-14581/","https://vongbicongnghiep.vn/wp-content/uploads/2024/12/PHC-1FT.png","[""https://vongbicongnghiep.vn/wp-content/uploads/2024/12/PHC-1FT.png"",""https://vongbicongnghiep.vn/wp-content/uploads/2024/12/BV-PHC-1FT.png""]","","","[]","9307000","out_of_stock","vongbicongnghiep.vn-wc-store-api-category-search-skf","2026-04-29T13:54:58.976Z"
"64764","SKF","PHC 120SHH-1C/L-SKF","PHC 120SHH-1C/L-SKF","PHC120SHH1CLSKF","PHC 120SHH-1C/L","Xích","Xích","87","xich","https://vongbicongnghiep.vn/san-pham/san-pham-14580/","https://vongbicongnghiep.vn/wp-content/uploads/2024/12/PHC-CL.png","[""https://vongbicongnghiep.vn/wp-content/uploads/2024/12/PHC-CL.png""]","","","[]","353000","out_of_stock","vongbicongnghiep.vn-wc-store-api-category-search-skf","2026-04-29T13:54:58.976Z"
"64763","SKF","PHC 120SH-1X10FT-SKF","PHC 120SH-1X10FT-SKF","PHC120SH1X10FTSKF","PHC 120SH-1X10FT","Xích","Xích","87","xich","https://vongbicongnghiep.vn/san-pham/san-pham-14579/","https://vongbicongnghiep.vn/wp-content/uploads/2024/12/PHC-1FT.png","[""https://vongbicongnghiep.vn/wp-content/uploads/2024/12/PHC-1FT.png"",""https://vongbicongnghiep.vn/wp-content/uploads/2024/12/BV-PHC-1FT.png""]","","","[]","6391000","out_of_stock","vongbicongnghiep.vn-wc-store-api-category-search-skf","2026-04-29T13:54:58.976Z"
"64762","SKF","PHC 120SH-1C/L-SKF","PHC 120SH-1C/L-SKF","PHC120SH1CLSKF","PHC 120SH-1C/L","Xích","Xích","87","xich","https://vongbicongnghiep.vn/san-pham/san-pham-14578/","https://vongbicongnghiep.vn/wp-content/uploads/2024/12/PHC-CL.png","[""https://vongbicongnghiep.vn/wp-content/uploads/2024/12/PHC-CL.png""]","","","[]","311000","out_of_stock","vongbicongnghiep.vn-wc-store-api-category-search-skf","2026-04-29T13:54:58.976Z"
"64761","SKF","PHC 120H-3X10FT-SKF","PHC 120H-3X10FT-SKF","PHC120H3X10FTSKF","PHC 120H-3X10FT","Xích","Xích","87","xich","https://vongbicongnghiep.vn/san-pham/san-pham-14577/","https://vongbicongnghiep.vn/wp-content/uploads/2024/12/PHC-3FT.png","[""https://vongbicongnghiep.vn/wp-content/uploads/2024/12/PHC-3FT.png"",""https://vongbicongnghiep.vn/wp-content/uploads/product_images/truyen-dong/xich/xich-ansi.jpg""]","","","[]","14448000","out_of_stock","vongbicongnghiep.vn-wc-store-api-category-search-skf","2026-04-29T13:54:58.976Z"
"64760","SKF","PHC 120H-3O/L-SKF","PHC 120H-3O/L-SKF","PHC120H3OLSKF","PHC 120H-3O/L","Xích","Xích","87","xich","https://vongbicongnghiep.vn/san-pham/san-pham-14576/","https://vongbicongnghiep.vn/wp-content/uploads/2024/12/PHC-3CL.png","[""https://vongbicongnghiep.vn/wp-content/uploads/2024/12/PHC-3CL.png""]","","","[]","1342000","out_of_stock","vongbicongnghiep.vn-wc-store-api-category-search-skf","2026-04-29T13:54:58.976Z"
"64759","SKF","PHC 120H-3CX10FT-SKF","PHC 120H-3CX10FT-SKF","PHC120H3CX10FTSKF","PHC 120H-3CX10FT","Xích","Xích","87","xich","https://vongbicongnghiep.vn/san-pham/san-pham-14575/","https://vongbicongnghiep.vn/wp-content/uploads/2024/12/PHC-3FT.png","[""https://vongbicongnghiep.vn/wp-content/uploads/2024/12/PHC-3FT.png"",""https://vongbicongnghiep.vn/wp-content/uploads/product_images/truyen-dong/xich/xich-ansi.jpg""]","","","[]","15098000","out_of_stock","vongbicongnghiep.vn-wc-store-api-category-search-skf","2026-04-29T13:54:58.976Z"
"64758","SKF","PHC 120H-3C/L-SKF","PHC 120H-3C/L-SKF","PHC120H3CLSKF","PHC 120H-3C/L","Xích","Xích","87","xich","https://vongbicongnghiep.vn/san-pham/san-pham-14574/","https://vongbicongnghiep.vn/wp-content/uploads/2024/12/PHC-3OL.png","[""https://vongbicongnghiep.vn/wp-content/uploads/2024/12/PHC-3OL.png""]","","","[]","670000","out_of_stock","vongbicongnghiep.vn-wc-store-api-category-search-skf","2026-04-29T13:54:58.976Z"
"64757","SKF","PHC 120H-2X10FT-SKF","PHC 120H-2X10FT-SKF","PHC120H2X10FTSKF","PHC 120H-2X10FT","Xích","Xích","87","xich","https://vongbicongnghiep.vn/san-pham/san-pham-14573/","https://vongbicongnghiep.vn/wp-content/uploads/2024/12/PHC-2FT.png","[""https://vongbicongnghiep.vn/wp-content/uploads/2024/12/PHC-2FT.png"",""https://vongbicongnghiep.vn/wp-content/uploads/product_images/truyen-dong/xich/xich-ansi.jpg""]","","","[]","9029000","out_of_stock","vongbicongnghiep.vn-wc-store-api-category-search-skf","2026-04-29T13:54:58.976Z"
"64756","SKF","PHC 120H-2O/L-SKF","PHC 120H-2O/L-SKF","PHC120H2OLSKF","PHC 120H-2O/L","Xích","Xích","87","xich","https://vongbicongnghiep.vn/san-pham/san-pham-14572/","https://vongbicongnghiep.vn/wp-content/uploads/2024/12/PHC-2OL.png","[""https://vongbicongnghiep.vn/wp-content/uploads/2024/12/PHC-2OL.png""]","","","[]","836000","out_of_stock","vongbicongnghiep.vn-wc-store-api-category-search-skf","2026-04-29T13:54:58.976Z"
"64755","SKF","PHC 120H-2CX10FT-SKF","PHC 120H-2CX10FT-SKF","PHC120H2CX10FTSKF","PHC 120H-2CX10FT","Xích","Xích","87","xich","https://vongbicongnghiep.vn/san-pham/san-pham-14571/","https://vongbicongnghiep.vn/wp-content/uploads/2024/12/PHC-2FT.png","[""https://vongbicongnghiep.vn/wp-content/uploads/2024/12/PHC-2FT.png"",""https://vongbicongnghiep.vn/wp-content/uploads/product_images/truyen-dong/xich/xich-ansi.jpg""]","","","[]","9437000","out_of_stock","vongbicongnghiep.vn-wc-store-api-category-search-skf","2026-04-29T13:54:58.976Z"
"64754","SKF","PHC 120H-2C/L-SKF","PHC 120H-2C/L-SKF","PHC120H2CLSKF","PHC 120H-2C/L","Xích","Xích","87","xich","https://vongbicongnghiep.vn/san-pham/san-pham-14570/","https://vongbicongnghiep.vn/wp-content/uploads/2024/12/PHC-2CL.png","[""https://vongbicongnghiep.vn/wp-content/uploads/2024/12/PHC-2CL.png""]","","","[]","420000","out_of_stock","vongbicongnghiep.vn-wc-store-api-category-search-skf","2026-04-29T13:54:58.976Z"
"64753","SKF","PHC 120H-1X10FT-SKF","PHC 120H-1X10FT-SKF","PHC120H1X10FTSKF","PHC 120H-1X10FT","Xích","Xích","87","xich","https://vongbicongnghiep.vn/san-pham/san-pham-14569/","https://vongbicongnghiep.vn/wp-content/uploads/2024/12/PHC-1FT.png","[""https://vongbicongnghiep.vn/wp-content/uploads/2024/12/PHC-1FT.png"",""https://vongbicongnghiep.vn/wp-content/uploads/2024/12/BV-PHC-1FT.png""]","","","[]","4514000","out_of_stock","vongbicongnghiep.vn-wc-store-api-category-search-skf","2026-04-29T13:54:58.976Z"
"64752","SKF","PHC 120H-1O/L-SKF","PHC 120H-1O/L-SKF","PHC120H1OLSKF","PHC 120H-1O/L","Xích","Xích","87","xich","https://vongbicongnghiep.vn/san-pham/san-pham-14568/","https://vongbicongnghiep.vn/wp-content/uploads/2024/12/PHC-OL.png","[""https://vongbicongnghiep.vn/wp-content/uploads/2024/12/PHC-OL.png""]","","","[]","420000","out_of_stock","vongbicongnghiep.vn-wc-store-api-category-search-skf","2026-04-29T13:54:58.976Z"
"64751","SKF","PHC 120H-1CX10FT-SKF","PHC 120H-1CX10FT-SKF","PHC120H1CX10FTSKF","PHC 120H-1CX10FT","Xích","Xích","87","xich","https://vongbicongnghiep.vn/san-pham/san-pham-14567/","https://vongbicongnghiep.vn/wp-content/uploads/2024/12/PHC-1FT.png","[""https://vongbicongnghiep.vn/wp-content/uploads/2024/12/PHC-1FT.png"",""https://vongbicongnghiep.vn/wp-content/uploads/2024/12/BV-PHC-1FT.png""]","","","[]","4717000","out_of_stock","vongbicongnghiep.vn-wc-store-api-category-search-skf","2026-04-29T13:54:58.976Z"
"64750","SKF","PHC 120H-1C/L-SKF","PHC 120H-1C/L-SKF","PHC120H1CLSKF","PHC 120H-1C/L","Xích","Xích","87","xich","https://vongbicongnghiep.vn/san-pham/san-pham-14566/","https://vongbicongnghiep.vn/wp-content/uploads/2024/12/PHC-CL.png","[""https://vongbicongnghiep.vn/wp-content/uploads/2024/12/PHC-CL.png""]","","","[]","209000","out_of_stock","vongbicongnghiep.vn-wc-store-api-category-search-skf","2026-04-29T13:54:58.976Z"
"64749","SKF","PHC 120-3O/L-SKF","PHC 120-3O/L-SKF","PHC1203OLSKF","PHC 120-3O/L","Xích","Xích","87","xich","https://vongbicongnghiep.vn/san-pham/san-pham-14565/","https://vongbicongnghiep.vn/wp-content/uploads/2024/12/PHC-3CL.png","[""https://vongbicongnghiep.vn/wp-content/uploads/2024/12/PHC-3CL.png""]","","","[]","933000","out_of_stock","vongbicongnghiep.vn-wc-store-api-category-search-skf","2026-04-29T13:54:58.976Z"
"64748","SKF","PHC 120-3CX10FT-SKF","PHC 120-3CX10FT-SKF","PHC1203CX10FTSKF","PHC 120-3CX10FT","Xích","Xích","87","xich","https://vongbicongnghiep.vn/san-pham/san-pham-14564/","https://vongbicongnghiep.vn/wp-content/uploads/2024/12/PHC-3FT.png","[""https://vongbicongnghiep.vn/wp-content/uploads/2024/12/PHC-3FT.png"",""https://vongbicongnghiep.vn/wp-content/uploads/product_images/truyen-dong/xich/xich-ansi.jpg""]","","","[]","12009000","out_of_stock","vongbicongnghiep.vn-wc-store-api-category-search-skf","2026-04-29T13:54:58.976Z"
"64747","SKF","PHC 120-3C/L-SKF","PHC 120-3C/L-SKF","PHC1203CLSKF","PHC 120-3C/L","Xích","Xích","87","xich","https://vongbicongnghiep.vn/san-pham/san-pham-14563/","https://vongbicongnghiep.vn/wp-content/uploads/2024/12/PHC-3OL.png","[""https://vongbicongnghiep.vn/wp-content/uploads/2024/12/PHC-3OL.png""]","","","[]","462000","in_stock","vongbicongnghiep.vn-wc-store-api-category-search-skf","2026-04-29T13:54:58.976Z"
"64746","SKF","PHC 120-2ZPX10FT-SKF","PHC 120-2ZPX10FT-SKF","PHC1202ZPX10FTSKF","PHC 120-2ZPX10FT","Xích","Xích","87","xich","https://vongbicongnghiep.vn/san-pham/san-pham-14562/","https://vongbicongnghiep.vn/wp-content/uploads/2024/12/PHC-2FT.png","[""https://vongbicongnghiep.vn/wp-content/uploads/2024/12/PHC-2FT.png"",""https://vongbicongnghiep.vn/wp-content/uploads/product_images/truyen-dong/xich/xich-ansi.jpg""]","","","[]","9565000","out_of_stock","vongbicongnghiep.vn-wc-store-api-category-search-skf","2026-04-29T13:54:58.976Z"
"64745","SKF","PHC 120-2ZP-O/L-SKF","PHC 120-2ZP-O/L-SKF","PHC1202ZPOLSKF","PHC 120-2ZP-O/L","Xích","Xích","87","xich","https://vongbicongnghiep.vn/san-pham/san-pham-14561/","https://vongbicongnghiep.vn/wp-content/uploads/2024/12/PHC-2OL.png","[""https://vongbicongnghiep.vn/wp-content/uploads/2024/12/PHC-2OL.png""]","","","[]","723000","out_of_stock","vongbicongnghiep.vn-wc-store-api-category-search-skf","2026-04-29T13:54:58.976Z"
"64744","SKF","PHC 120-2ZP-C/L-SKF","PHC 120-2ZP-C/L-SKF","PHC1202ZPCLSKF","PHC 120-2ZP-C/L","Xích","Xích","87","xich","https://vongbicongnghiep.vn/san-pham/san-pham-14560/","https://vongbicongnghiep.vn/wp-content/uploads/2024/12/PHC-2CL.png","[""https://vongbicongnghiep.vn/wp-content/uploads/2024/12/PHC-2CL.png""]","","","[]","363000","out_of_stock","vongbicongnghiep.vn-wc-store-api-category-search-skf","2026-04-29T13:54:58.976Z"
"64743","SKF","PHC 120-2SSX10FT-SKF","PHC 120-2SSX10FT-SKF","PHC1202SSX10FTSKF","PHC 120-2SSX10FT","Xích","Xích","87","xich","https://vongbicongnghiep.vn/san-pham/san-pham-14559/","https://vongbicongnghiep.vn/wp-content/uploads/2024/12/PHC-2FT.png","[""https://vongbicongnghiep.vn/wp-content/uploads/2024/12/PHC-2FT.png"",""https://vongbicongnghiep.vn/wp-content/uploads/product_images/truyen-dong/xich/xich-ansi.jpg""]","","","[]","25580000","out_of_stock","vongbicongnghiep.vn-wc-store-api-category-search-skf","2026-04-29T13:54:58.976Z"
"64742","SKF","PHC 120-2SS-O/L-SKF","PHC 120-2SS-O/L-SKF","PHC1202SSOLSKF","PHC 120-2SS-O/L","Xích","Xích","87","xich","https://vongbicongnghiep.vn/san-pham/san-pham-14558/","https://vongbicongnghiep.vn/wp-content/uploads/2024/12/PHC-2OL.png","[""https://vongbicongnghiep.vn/wp-content/uploads/2024/12/PHC-2OL.png""]","","","[]","3052000","out_of_stock","vongbicongnghiep.vn-wc-store-api-category-search-skf","2026-04-29T13:54:58.976Z"
"64741","SKF","PHC 120-2SS-C/L-SKF","PHC 120-2SS-C/L-SKF","PHC1202SSCLSKF","PHC 120-2SS-C/L","Xích","Xích","87","xich","https://vongbicongnghiep.vn/san-pham/san-pham-14557/","https://vongbicongnghiep.vn/wp-content/uploads/2024/12/PHC-2CL.png","[""https://vongbicongnghiep.vn/wp-content/uploads/2024/12/PHC-2CL.png""]","","","[]","1527000","out_of_stock","vongbicongnghiep.vn-wc-store-api-category-search-skf","2026-04-29T13:54:58.976Z"
"64740","SKF","PHC 120-2O/L-SKF","PHC 120-2O/L-SKF","PHC1202OLSKF","PHC 120-2O/L","Xích","Xích","87","xich","https://vongbicongnghiep.vn/san-pham/san-pham-14556/","https://vongbicongnghiep.vn/wp-content/uploads/2024/12/PHC-2OL.png","[""https://vongbicongnghiep.vn/wp-content/uploads/2024/12/PHC-2OL.png""]","","","[]","583000","out_of_stock","vongbicongnghiep.vn-wc-store-api-category-search-skf","2026-04-29T13:54:58.976Z"
"64739","SKF","PHC 120-2NPX10FT-SKF","PHC 120-2NPX10FT-SKF","PHC1202NPX10FTSKF","PHC 120-2NPX10FT","Xích","Xích","87","xich","https://vongbicongnghiep.vn/san-pham/san-pham-14555/","https://vongbicongnghiep.vn/wp-content/uploads/2024/12/PHC-2FT.png","[""https://vongbicongnghiep.vn/wp-content/uploads/2024/12/PHC-2FT.png"",""https://vongbicongnghiep.vn/wp-content/uploads/product_images/truyen-dong/xich/xich-ansi.jpg""]","","","[]","9783000","out_of_stock","vongbicongnghiep.vn-wc-store-api-category-search-skf","2026-04-29T13:54:58.976Z"
"64738","SKF","PHC 120-2NP-O/L-SKF","PHC 120-2NP-O/L-SKF","PHC1202NPOLSKF","PHC 120-2NP-O/L","Xích","Xích","87","xich","https://vongbicongnghiep.vn/san-pham/san-pham-14554/","https://vongbicongnghiep.vn/wp-content/uploads/2024/12/PHC-2OL.png","[""https://vongbicongnghiep.vn/wp-content/uploads/2024/12/PHC-2OL.png""]","","","[]","1120000","out_of_stock","vongbicongnghiep.vn-wc-store-api-category-search-skf","2026-04-29T13:54:58.976Z"
"64737","SKF","PHC 120-2NP-C/L-SKF","PHC 120-2NP-C/L-SKF","PHC1202NPCLSKF","PHC 120-2NP-C/L","Xích","Xích","87","xich","https://vongbicongnghiep.vn/san-pham/san-pham-14553/","https://vongbicongnghiep.vn/wp-content/uploads/2024/12/PHC-2CL.png","[""https://vongbicongnghiep.vn/wp-content/uploads/2024/12/PHC-2CL.png""]","","","[]","558000","out_of_stock","vongbicongnghiep.vn-wc-store-api-category-search-skf","2026-04-29T13:54:58.976Z"
"64736","SKF","PHC 120-2DRX10FT-SKF","PHC 120-2DRX10FT-SKF","PHC1202DRX10FTSKF","PHC 120-2DRX10FT","Xích","Xích","87","xich","https://vongbicongnghiep.vn/san-pham/san-pham-14552/","https://vongbicongnghiep.vn/wp-content/uploads/2024/12/PHC-2FT.png","[""https://vongbicongnghiep.vn/wp-content/uploads/2024/12/PHC-2FT.png"",""https://vongbicongnghiep.vn/wp-content/uploads/product_images/truyen-dong/xich/xich-ansi.jpg""]","","","[]","11569000","out_of_stock","vongbicongnghiep.vn-wc-store-api-category-search-skf","2026-04-29T13:54:58.976Z"
"64735","SKF","PHC 120-2DR-O/L-SKF","PHC 120-2DR-O/L-SKF","PHC1202DROLSKF","PHC 120-2DR-O/L","Xích","Xích","87","xich","https://vongbicongnghiep.vn/san-pham/san-pham-14551/","https://vongbicongnghiep.vn/wp-content/uploads/2024/12/PHC-2OL.png","[""https://vongbicongnghiep.vn/wp-content/uploads/2024/12/PHC-2OL.png""]","","","[]","1364000","out_of_stock","vongbicongnghiep.vn-wc-store-api-category-search-skf","2026-04-29T13:54:58.976Z"
"64734","SKF","PHC 120-2DR-C/L-SKF","PHC 120-2DR-C/L-SKF","PHC1202DRCLSKF","PHC 120-2DR-C/L","Xích","Xích","87","xich","https://vongbicongnghiep.vn/san-pham/san-pham-14550/","https://vongbicongnghiep.vn/wp-content/uploads/2024/12/PHC-2CL.png","[""https://vongbicongnghiep.vn/wp-content/uploads/2024/12/PHC-2CL.png""]","","","[]","683000","out_of_stock","vongbicongnghiep.vn-wc-store-api-category-search-skf","2026-04-29T13:54:58.976Z"
"64733","SKF","PHC 120-2CX10FT-SKF","PHC 120-2CX10FT-SKF","PHC1202CX10FTSKF","PHC 120-2CX10FT","Xích","Xích","87","xich","https://vongbicongnghiep.vn/san-pham/san-pham-14549/","https://vongbicongnghiep.vn/wp-content/uploads/2024/12/PHC-2FT.png","[""https://vongbicongnghiep.vn/wp-content/uploads/2024/12/PHC-2FT.png"",""https://vongbicongnghiep.vn/wp-content/uploads/product_images/truyen-dong/xich/xich-ansi.jpg""]","","","[]","7506000","out_of_stock","vongbicongnghiep.vn-wc-store-api-category-search-skf","2026-04-29T13:54:58.976Z"
"64732","SKF","PHC 120-2C/L-SKF","PHC 120-2C/L-SKF","PHC1202CLSKF","PHC 120-2C/L","Xích","Xích","87","xich","https://vongbicongnghiep.vn/san-pham/san-pham-14548/","https://vongbicongnghiep.vn/wp-content/uploads/2024/12/PHC-2CL.png","[""https://vongbicongnghiep.vn/wp-content/uploads/2024/12/PHC-2CL.png""]","","","[]","289000","out_of_stock","vongbicongnghiep.vn-wc-store-api-category-search-skf","2026-04-29T13:54:58.976Z"
"64731","SKF","PHC 120-1ZPX10FT-SKF","PHC 120-1ZPX10FT-SKF","PHC1201ZPX10FTSKF","PHC 120-1ZPX10FT","Xích","Xích","87","xich","https://vongbicongnghiep.vn/san-pham/san-pham-14547/","https://vongbicongnghiep.vn/wp-content/uploads/2024/12/PHC-1FT.png","[""https://vongbicongnghiep.vn/wp-content/uploads/2024/12/PHC-1FT.png"",""https://vongbicongnghiep.vn/wp-content/uploads/2024/12/BV-PHC-1FT.png""]","","","[]","4783000","out_of_stock","vongbicongnghiep.vn-wc-store-api-category-search-skf","2026-04-29T13:54:58.976Z"
"64730","SKF","PHC 120-1ZP-O/L-SKF","PHC 120-1ZP-O/L-SKF","PHC1201ZPOLSKF","PHC 120-1ZP-O/L","Xích","Xích","87","xich","https://vongbicongnghiep.vn/san-pham/san-pham-14546/","https://vongbicongnghiep.vn/wp-content/uploads/2024/12/PHC-OL.png","[""https://vongbicongnghiep.vn/wp-content/uploads/2024/12/PHC-OL.png""]","","","[]","363000","out_of_stock","vongbicongnghiep.vn-wc-store-api-category-search-skf","2026-04-29T13:54:58.976Z"
"64729","SKF","PHC 120-1ZP-C/L-SKF","PHC 120-1ZP-C/L-SKF","PHC1201ZPCLSKF","PHC 120-1ZP-C/L","Xích","Xích","87","xich","https://vongbicongnghiep.vn/san-pham/san-pham-14545/","https://vongbicongnghiep.vn/wp-content/uploads/2024/12/PHC-CL.png","[""https://vongbicongnghiep.vn/wp-content/uploads/2024/12/PHC-CL.png""]","","","[]","181000","out_of_stock","vongbicongnghiep.vn-wc-store-api-category-search-skf","2026-04-29T13:54:58.976Z"
"64728","SKF","PHC 120-1X10FTOE-SKF","PHC 120-1X10FTOE-SKF","PHC1201X10FTOESKF","PHC 120-1X10FTOE","Xích","Xích","87","xich","https://vongbicongnghiep.vn/san-pham/san-pham-14544/","https://vongbicongnghiep.vn/wp-content/uploads/2024/12/PHC-1FT.png","[""https://vongbicongnghiep.vn/wp-content/uploads/2024/12/PHC-1FT.png"",""https://vongbicongnghiep.vn/wp-content/uploads/2024/12/BV-PHC-1FT.png""]","","","[]","4786000","in_stock","vongbicongnghiep.vn-wc-store-api-category-search-skf","2026-04-29T13:54:58.976Z"
"64727","SKF","PHC 120-1SSX10FT-SKF","PHC 120-1SSX10FT-SKF","PHC1201SSX10FTSKF","PHC 120-1SSX10FT","Xích","Xích","87","xich","https://vongbicongnghiep.vn/san-pham/san-pham-14543/","https://vongbicongnghiep.vn/wp-content/uploads/2024/12/PHC-1FT.png","[""https://vongbicongnghiep.vn/wp-content/uploads/2024/12/PHC-1FT.png"",""https://vongbicongnghiep.vn/wp-content/uploads/2024/12/BV-PHC-1FT.png""]","","","[]","12790000","out_of_stock","vongbicongnghiep.vn-wc-store-api-category-search-skf","2026-04-29T13:54:58.976Z"
"64726","SKF","PHC 120-1SS-O/L-SKF","PHC 120-1SS-O/L-SKF","PHC1201SSOLSKF","PHC 120-1SS-O/L","Xích","Xích","87","xich","https://vongbicongnghiep.vn/san-pham/san-pham-14542/","https://vongbicongnghiep.vn/wp-content/uploads/2024/12/PHC-OL.png","[""https://vongbicongnghiep.vn/wp-content/uploads/2024/12/PHC-OL.png""]","","","[]","1524000","out_of_stock","vongbicongnghiep.vn-wc-store-api-category-search-skf","2026-04-29T13:54:58.976Z"
"64725","SKF","PHC 120-1SS-C/L-SKF","PHC 120-1SS-C/L-SKF","PHC1201SSCLSKF","PHC 120-1SS-C/L","Xích","Xích","87","xich","https://vongbicongnghiep.vn/san-pham/san-pham-14541/","https://vongbicongnghiep.vn/wp-content/uploads/2024/12/PHC-CL.png","[""https://vongbicongnghiep.vn/wp-content/uploads/2024/12/PHC-CL.png""]","","","[]","763000","out_of_stock","vongbicongnghiep.vn-wc-store-api-category-search-skf","2026-04-29T13:54:58.977Z"
"64724","SKF","PHC 120-1O/L-SKF","PHC 120-1O/L-SKF","PHC1201OLSKF","PHC 120-1O/L","Xích","Xích","87","xich","https://vongbicongnghiep.vn/san-pham/san-pham-14540/","https://vongbicongnghiep.vn/wp-content/uploads/2024/12/PHC-OL.png","[""https://vongbicongnghiep.vn/wp-content/uploads/2024/12/PHC-OL.png""]","","","[]","292000","out_of_stock","vongbicongnghiep.vn-wc-store-api-category-search-skf","2026-04-29T13:54:58.977Z"
"64723","SKF","PHC 120-1NPX10FT-SKF","PHC 120-1NPX10FT-SKF","PHC1201NPX10FTSKF","PHC 120-1NPX10FT","Xích","Xích","87","xich","https://vongbicongnghiep.vn/san-pham/san-pham-14539/","https://vongbicongnghiep.vn/wp-content/uploads/2024/12/PHC-1FT.png","[""https://vongbicongnghiep.vn/wp-content/uploads/2024/12/PHC-1FT.png"",""https://vongbicongnghiep.vn/wp-content/uploads/2024/12/BV-PHC-1FT.png""]","","","[]","4891000","out_of_stock","vongbicongnghiep.vn-wc-store-api-category-search-skf","2026-04-29T13:54:58.977Z"
"64722","SKF","PHC 120-1NP-O/L-SKF","PHC 120-1NP-O/L-SKF","PHC1201NPOLSKF","PHC 120-1NP-O/L","Xích","Xích","87","xich","https://vongbicongnghiep.vn/san-pham/san-pham-14538/","https://vongbicongnghiep.vn/wp-content/uploads/2024/12/PHC-OL.png","[""https://vongbicongnghiep.vn/wp-content/uploads/2024/12/PHC-OL.png""]","","","[]","558000","out_of_stock","vongbicongnghiep.vn-wc-store-api-category-search-skf","2026-04-29T13:54:58.977Z"
"64721","SKF","PHC 120-1NP-C/L-SKF","PHC 120-1NP-C/L-SKF","PHC1201NPCLSKF","PHC 120-1NP-C/L","Xích","Xích","87","xich","https://vongbicongnghiep.vn/san-pham/san-pham-14537/","https://vongbicongnghiep.vn/wp-content/uploads/2024/12/PHC-CL.png","[""https://vongbicongnghiep.vn/wp-content/uploads/2024/12/PHC-CL.png""]","","","[]","279000","out_of_stock","vongbicongnghiep.vn-wc-store-api-category-search-skf","2026-04-29T13:54:58.977Z"
"64720","SKF","PHC 120-1DRX10FT-SKF","PHC 120-1DRX10FT-SKF","PHC1201DRX10FTSKF","PHC 120-1DRX10FT","Xích","Xích","87","xich","https://vongbicongnghiep.vn/san-pham/san-pham-14536/","https://vongbicongnghiep.vn/wp-content/uploads/2024/12/PHC-1FT.png","[""https://vongbicongnghiep.vn/wp-content/uploads/2024/12/PHC-1FT.png"",""https://vongbicongnghiep.vn/wp-content/uploads/2024/12/BV-PHC-1FT.png""]","","","[]","5785000","out_of_stock","vongbicongnghiep.vn-wc-store-api-category-search-skf","2026-04-29T13:54:58.977Z"
"64719","SKF","PHC 120-1DR-O/L-SKF","PHC 120-1DR-O/L-SKF","PHC1201DROLSKF","PHC 120-1DR-O/L","Xích","Xích","87","xich","https://vongbicongnghiep.vn/san-pham/san-pham-14535/","https://vongbicongnghiep.vn/wp-content/uploads/2024/12/PHC-OL.png","[""https://vongbicongnghiep.vn/wp-content/uploads/2024/12/PHC-OL.png""]","","","[]","683000","out_of_stock","vongbicongnghiep.vn-wc-store-api-category-search-skf","2026-04-29T13:54:58.977Z"
"64718","SKF","PHC 120-1DR-C/L-SKF","PHC 120-1DR-C/L-SKF","PHC1201DRCLSKF","PHC 120-1DR-C/L","Xích","Xích","87","xich","https://vongbicongnghiep.vn/san-pham/san-pham-14534/","https://vongbicongnghiep.vn/wp-content/uploads/2024/12/PHC-CL.png","[""https://vongbicongnghiep.vn/wp-content/uploads/2024/12/PHC-CL.png""]","","","[]","340000","out_of_stock","vongbicongnghiep.vn-wc-store-api-category-search-skf","2026-04-29T13:54:58.977Z"
"64717","SKF","PHC 120-1CX10FT-SKF","PHC 120-1CX10FT-SKF","PHC1201CX10FTSKF","PHC 120-1CX10FT","Xích","Xích","87","xich","https://vongbicongnghiep.vn/san-pham/san-pham-14533/","https://vongbicongnghiep.vn/wp-content/uploads/2024/12/PHC-1FT.png","[""https://vongbicongnghiep.vn/wp-content/uploads/2024/12/PHC-1FT.png"",""https://vongbicongnghiep.vn/wp-content/uploads/2024/12/BV-PHC-1FT.png""]","","","[]","3753000","out_of_stock","vongbicongnghiep.vn-wc-store-api-category-search-skf","2026-04-29T13:54:58.977Z"
"64716","SKF","PHC 120-1C/L-SKF","PHC 120-1C/L-SKF","PHC1201CLSKF","PHC 120-1C/L","Xích","Xích","87","xich","https://vongbicongnghiep.vn/san-pham/san-pham-14532/","https://vongbicongnghiep.vn/wp-content/uploads/2024/12/PHC-CL.png","[""https://vongbicongnghiep.vn/wp-content/uploads/2024/12/PHC-CL.png""]","","","[]","144000","out_of_stock","vongbicongnghiep.vn-wc-store-api-category-search-skf","2026-04-29T13:54:58.977Z"
"64715","SKF","PHC 10B-3X10FT-SKF","PHC 10B-3X10FT-SKF","PHC10B3X10FTSKF","PHC 10B-3X10FT","Xích","Xích","87","xich","https://vongbicongnghiep.vn/san-pham/san-pham-14531/","https://vongbicongnghiep.vn/wp-content/uploads/2024/12/PHC-3FT.png","[""https://vongbicongnghiep.vn/wp-content/uploads/2024/12/PHC-3FT.png"",""https://vongbicongnghiep.vn/wp-content/uploads/product_images/truyen-dong/xich/xich-ansi.jpg""]","","","[]","1983000","out_of_stock","vongbicongnghiep.vn-wc-store-api-category-search-skf","2026-04-29T13:54:58.977Z"
"64714","SKF","PHC 10B-3O/L-SKF","PHC 10B-3O/L-SKF","PHC10B3OLSKF","PHC 10B-3O/L","Xích","Xích","87","xich","https://vongbicongnghiep.vn/san-pham/san-pham-14530/","https://vongbicongnghiep.vn/wp-content/uploads/2024/12/PHC-3CL.png","[""https://vongbicongnghiep.vn/wp-content/uploads/2024/12/PHC-3CL.png""]","","","[]","100000","out_of_stock","vongbicongnghiep.vn-wc-store-api-category-search-skf","2026-04-29T13:55:00.682Z"
"64713","SKF","PHC 10B-3C/L-SKF","PHC 10B-3C/L-SKF","PHC10B3CLSKF","PHC 10B-3C/L","Xích","Xích","87","xich","https://vongbicongnghiep.vn/san-pham/san-pham-14529/","https://vongbicongnghiep.vn/wp-content/uploads/2024/12/PHC-3OL.png","[""https://vongbicongnghiep.vn/wp-content/uploads/2024/12/PHC-3OL.png""]","","","[]","45000","out_of_stock","vongbicongnghiep.vn-wc-store-api-category-search-skf","2026-04-29T13:55:00.682Z"
"64712","SKF","PHC 10B-2ZPX10FT-SKF","PHC 10B-2ZPX10FT-SKF","PHC10B2ZPX10FTSKF","PHC 10B-2ZPX10FT","Xích","Xích","87","xich","https://vongbicongnghiep.vn/san-pham/san-pham-14528/","https://vongbicongnghiep.vn/wp-content/uploads/2024/12/PHC-2FT.png","[""https://vongbicongnghiep.vn/wp-content/uploads/2024/12/PHC-2FT.png"",""https://vongbicongnghiep.vn/wp-content/uploads/product_images/truyen-dong/xich/xich-ansi.jpg""]","","","[]","1517000","out_of_stock","vongbicongnghiep.vn-wc-store-api-category-search-skf","2026-04-29T13:55:00.682Z"
"64711","SKF","PHC 10B-2ZP-O/L-SKF","PHC 10B-2ZP-O/L-SKF","PHC10B2ZPOLSKF","PHC 10B-2ZP-O/L","Xích","Xích","87","xich","https://vongbicongnghiep.vn/san-pham/san-pham-14527/","https://vongbicongnghiep.vn/wp-content/uploads/2024/12/PHC-2OL.png","[""https://vongbicongnghiep.vn/wp-content/uploads/2024/12/PHC-2OL.png""]","","","[]","80000","out_of_stock","vongbicongnghiep.vn-wc-store-api-category-search-skf","2026-04-29T13:55:00.682Z"
"64710","SKF","PHC 10B-2ZP-C/L-SKF","PHC 10B-2ZP-C/L-SKF","PHC10B2ZPCLSKF","PHC 10B-2ZP-C/L","Xích","Xích","87","xich","https://vongbicongnghiep.vn/san-pham/san-pham-14526/","https://vongbicongnghiep.vn/wp-content/uploads/2024/12/PHC-2CL.png","[""https://vongbicongnghiep.vn/wp-content/uploads/2024/12/PHC-2CL.png""]","","","[]","41000","out_of_stock","vongbicongnghiep.vn-wc-store-api-category-search-skf","2026-04-29T13:55:00.682Z"
"64709","SKF","PHC 10B-2X5MTR-SKF","PHC 10B-2X5MTR-SKF","PHC10B2X5MTRSKF","PHC 10B-2X5MTR","Xích","Xích","87","xich","https://vongbicongnghiep.vn/san-pham/san-pham-14525/","https://vongbicongnghiep.vn/wp-content/uploads/2024/12/PHC-2FT.png","[""https://vongbicongnghiep.vn/wp-content/uploads/2024/12/PHC-2FT.png"",""https://vongbicongnghiep.vn/wp-content/uploads/product_images/truyen-dong/xich/xich-ansi.jpg""]","","","[]","2064000","out_of_stock","vongbicongnghiep.vn-wc-store-api-category-search-skf","2026-04-29T13:55:00.682Z"
"64708","SKF","PHC 10B-2X10FT-SKF","PHC 10B-2X10FT-SKF","PHC10B2X10FTSKF","PHC 10B-2X10FT","Xích","Xích","87","xich","https://vongbicongnghiep.vn/san-pham/san-pham-14524/","https://vongbicongnghiep.vn/wp-content/uploads/2024/12/PHC-2FT.png","[""https://vongbicongnghiep.vn/wp-content/uploads/2024/12/PHC-2FT.png"",""https://vongbicongnghiep.vn/wp-content/uploads/product_images/truyen-dong/xich/xich-ansi.jpg""]","","","[]","1257000","out_of_stock","vongbicongnghiep.vn-wc-store-api-category-search-skf","2026-04-29T13:55:00.682Z"
"64707","SKF","PHC 10B-2SSX10FT-SKF","PHC 10B-2SSX10FT-SKF","PHC10B2SSX10FTSKF","PHC 10B-2SSX10FT","Xích","Xích","87","xich","https://vongbicongnghiep.vn/san-pham/san-pham-14523/","https://vongbicongnghiep.vn/wp-content/uploads/2024/12/PHC-2FT.png","[""https://vongbicongnghiep.vn/wp-content/uploads/2024/12/PHC-2FT.png"",""https://vongbicongnghiep.vn/wp-content/uploads/product_images/truyen-dong/xich/xich-ansi.jpg""]","","","[]","4525000","out_of_stock","vongbicongnghiep.vn-wc-store-api-category-search-skf","2026-04-29T13:55:00.682Z"
"64706","SKF","PHC 10B-2SS-O/L-SKF","PHC 10B-2SS-O/L-SKF","PHC10B2SSOLSKF","PHC 10B-2SS-O/L","Xích","Xích","87","xich","https://vongbicongnghiep.vn/san-pham/san-pham-14522/","https://vongbicongnghiep.vn/wp-content/uploads/2024/12/PHC-2OL.png","[""https://vongbicongnghiep.vn/wp-content/uploads/2024/12/PHC-2OL.png""]","","","[]","345000","out_of_stock","vongbicongnghiep.vn-wc-store-api-category-search-skf","2026-04-29T13:55:00.682Z"
"64705","SKF","PHC 10B-2SS-C/L-SKF","PHC 10B-2SS-C/L-SKF","PHC10B2SSCLSKF","PHC 10B-2SS-C/L","Xích","Xích","87","xich","https://vongbicongnghiep.vn/san-pham/san-pham-14521/","https://vongbicongnghiep.vn/wp-content/uploads/2024/12/PHC-2CL.png","[""https://vongbicongnghiep.vn/wp-content/uploads/2024/12/PHC-2CL.png""]","","","[]","172000","out_of_stock","vongbicongnghiep.vn-wc-store-api-category-search-skf","2026-04-29T13:55:00.682Z"
"64704","SKF","PHC 10B-2O/L-SKF","PHC 10B-2O/L-SKF","PHC10B2OLSKF","PHC 10B-2O/L","Xích","Xích","87","xich","https://vongbicongnghiep.vn/san-pham/san-pham-14520/","https://vongbicongnghiep.vn/wp-content/uploads/2024/12/PHC-2OL.png","[""https://vongbicongnghiep.vn/wp-content/uploads/2024/12/PHC-2OL.png""]","","","[]","62000","out_of_stock","vongbicongnghiep.vn-wc-store-api-category-search-skf","2026-04-29T13:55:00.682Z"
"64703","SKF","PHC 10B-2NPX10FT-SKF","PHC 10B-2NPX10FT-SKF","PHC10B2NPX10FTSKF","PHC 10B-2NPX10FT","Xích","Xích","87","xich","https://vongbicongnghiep.vn/san-pham/san-pham-14519/","https://vongbicongnghiep.vn/wp-content/uploads/2024/12/PHC-2FT.png","[""https://vongbicongnghiep.vn/wp-content/uploads/2024/12/PHC-2FT.png"",""https://vongbicongnghiep.vn/wp-content/uploads/product_images/truyen-dong/xich/xich-ansi.jpg""]","","","[]","1762000","out_of_stock","vongbicongnghiep.vn-wc-store-api-category-search-skf","2026-04-29T13:55:00.682Z"
"64702","SKF","PHC 10B-2NP-O/L-SKF","PHC 10B-2NP-O/L-SKF","PHC10B2NPOLSKF","PHC 10B-2NP-O/L","Xích","Xích","87","xich","https://vongbicongnghiep.vn/san-pham/san-pham-14518/","https://vongbicongnghiep.vn/wp-content/uploads/2024/12/PHC-2OL.png","[""https://vongbicongnghiep.vn/wp-content/uploads/2024/12/PHC-2OL.png""]","","","[]","109000","out_of_stock","vongbicongnghiep.vn-wc-store-api-category-search-skf","2026-04-29T13:55:00.682Z"
"64701","SKF","PHC 10B-2NP-C/L-SKF","PHC 10B-2NP-C/L-SKF","PHC10B2NPCLSKF","PHC 10B-2NP-C/L","Xích","Xích","87","xich","https://vongbicongnghiep.vn/san-pham/san-pham-14517/","https://vongbicongnghiep.vn/wp-content/uploads/2024/12/PHC-2CL.png","[""https://vongbicongnghiep.vn/wp-content/uploads/2024/12/PHC-2CL.png""]","","","[]","54000","out_of_stock","vongbicongnghiep.vn-wc-store-api-category-search-skf","2026-04-29T13:55:00.682Z"
"64700","SKF","PHC 10B-2DRX10FT-SKF","PHC 10B-2DRX10FT-SKF","PHC10B2DRX10FTSKF","PHC 10B-2DRX10FT","Xích","Xích","87","xich","https://vongbicongnghiep.vn/san-pham/san-pham-14516/","https://vongbicongnghiep.vn/wp-content/uploads/2024/12/PHC-2FT.png","[""https://vongbicongnghiep.vn/wp-content/uploads/2024/12/PHC-2FT.png"",""https://vongbicongnghiep.vn/wp-content/uploads/product_images/truyen-dong/xich/xich-ansi.jpg""]","","","[]","2156000","out_of_stock","vongbicongnghiep.vn-wc-store-api-category-search-skf","2026-04-29T13:55:00.682Z"
"64699","SKF","PHC 10B-2DR-O/L-SKF","PHC 10B-2DR-O/L-SKF","PHC10B2DROLSKF","PHC 10B-2DR-O/L","Xích","Xích","87","xich","https://vongbicongnghiep.vn/san-pham/san-pham-14515/","https://vongbicongnghiep.vn/wp-content/uploads/2024/12/PHC-2OL.png","[""https://vongbicongnghiep.vn/wp-content/uploads/2024/12/PHC-2OL.png""]","","","[]","116000","out_of_stock","vongbicongnghiep.vn-wc-store-api-category-search-skf","2026-04-29T13:55:00.682Z"
"64698","SKF","PHC 10B-2DR-C/L-SKF","PHC 10B-2DR-C/L-SKF","PHC10B2DRCLSKF","PHC 10B-2DR-C/L","Xích","Xích","87","xich","https://vongbicongnghiep.vn/san-pham/san-pham-14514/","https://vongbicongnghiep.vn/wp-content/uploads/2024/12/PHC-2CL.png","[""https://vongbicongnghiep.vn/wp-content/uploads/2024/12/PHC-2CL.png""]","","","[]","58000","out_of_stock","vongbicongnghiep.vn-wc-store-api-category-search-skf","2026-04-29T13:55:00.682Z"
"64697","SKF","PHC 10B-2C/L-SKF","PHC 10B-2C/L-SKF","PHC10B2CLSKF","PHC 10B-2C/L","Xích","Xích","87","xich","https://vongbicongnghiep.vn/san-pham/san-pham-14513/","https://vongbicongnghiep.vn/wp-content/uploads/2024/12/PHC-2CL.png","[""https://vongbicongnghiep.vn/wp-content/uploads/2024/12/PHC-2CL.png""]","","","[]","28000","out_of_stock","vongbicongnghiep.vn-wc-store-api-category-search-skf","2026-04-29T13:55:00.682Z"
"64696","SKF","PHC 10B-1ZPX10FT-SKF","PHC 10B-1ZPX10FT-SKF","PHC10B1ZPX10FTSKF","PHC 10B-1ZPX10FT","Xích","Xích","87","xich","https://vongbicongnghiep.vn/san-pham/san-pham-14512/","https://vongbicongnghiep.vn/wp-content/uploads/2024/12/PHC-1FT.png","[""https://vongbicongnghiep.vn/wp-content/uploads/2024/12/PHC-1FT.png"",""https://vongbicongnghiep.vn/wp-content/uploads/2024/12/BV-PHC-1FT.png""]","","","[]","759000","out_of_stock","vongbicongnghiep.vn-wc-store-api-category-search-skf","2026-04-29T13:55:00.682Z"
"64695","SKF","PHC 10B-1ZP-O/L-SKF","PHC 10B-1ZP-O/L-SKF","PHC10B1ZPOLSKF","PHC 10B-1ZP-O/L","Xích","Xích","87","xich","https://vongbicongnghiep.vn/san-pham/san-pham-14511/","https://vongbicongnghiep.vn/wp-content/uploads/2024/12/PHC-OL.png","[""https://vongbicongnghiep.vn/wp-content/uploads/2024/12/PHC-OL.png""]","","","[]","41000","out_of_stock","vongbicongnghiep.vn-wc-store-api-category-search-skf","2026-04-29T13:55:00.682Z"
"64694","SKF","PHC 10B-1ZP-C/L-SKF","PHC 10B-1ZP-C/L-SKF","PHC10B1ZPCLSKF","PHC 10B-1ZP-C/L","Xích","Xích","87","xich","https://vongbicongnghiep.vn/san-pham/san-pham-14510/","https://vongbicongnghiep.vn/wp-content/uploads/2024/12/PHC-CL.png","[""https://vongbicongnghiep.vn/wp-content/uploads/2024/12/PHC-CL.png""]","","","[]","20000","out_of_stock","vongbicongnghiep.vn-wc-store-api-category-search-skf","2026-04-29T13:55:00.682Z"
"64693","SKF","PHC 10B-1X5MTR-SKF","PHC 10B-1X5MTR-SKF","PHC10B1X5MTRSKF","PHC 10B-1X5MTR","Xích","Xích","87","xich","https://vongbicongnghiep.vn/san-pham/san-pham-14509/","https://vongbicongnghiep.vn/wp-content/uploads/2024/12/PHC-1FT.png","[""https://vongbicongnghiep.vn/wp-content/uploads/2024/12/PHC-1FT.png"",""https://vongbicongnghiep.vn/wp-content/uploads/2024/12/BV-PHC-1FT.png""]","","","[]","1031000","out_of_stock","vongbicongnghiep.vn-wc-store-api-category-search-skf","2026-04-29T13:55:00.682Z"
"64692","SKF","PHC 10B-1X100FT-SKF","PHC 10B-1X100FT-SKF","PHC10B1X100FTSKF","PHC 10B-1X100FT","Xích","Xích","87","xich","https://vongbicongnghiep.vn/san-pham/san-pham-14508/","https://vongbicongnghiep.vn/wp-content/uploads/2024/12/PHC-1FT.png","[""https://vongbicongnghiep.vn/wp-content/uploads/2024/12/PHC-1FT.png"",""https://vongbicongnghiep.vn/wp-content/uploads/2024/12/BV-PHC-1FT.png""]","","","[]","6282000","out_of_stock","vongbicongnghiep.vn-wc-store-api-category-search-skf","2026-04-29T13:55:00.682Z"
"64691","SKF","PHC 10B-1SSX10FT-SKF","PHC 10B-1SSX10FT-SKF","PHC10B1SSX10FTSKF","PHC 10B-1SSX10FT","Xích","Xích","87","xich","https://vongbicongnghiep.vn/san-pham/san-pham-14507/","https://vongbicongnghiep.vn/wp-content/uploads/2024/12/PHC-1FT.png","[""https://vongbicongnghiep.vn/wp-content/uploads/2024/12/PHC-1FT.png"",""https://vongbicongnghiep.vn/wp-content/uploads/2024/12/BV-PHC-1FT.png""]","","","[]","2262000","out_of_stock","vongbicongnghiep.vn-wc-store-api-category-search-skf","2026-04-29T13:55:00.682Z"
"64690","SKF","PHC 10B-1SS-O/L-SKF","PHC 10B-1SS-O/L-SKF","PHC10B1SSOLSKF","PHC 10B-1SS-O/L","Xích","Xích","87","xich","https://vongbicongnghiep.vn/san-pham/san-pham-14506/","https://vongbicongnghiep.vn/wp-content/uploads/2024/12/PHC-OL.png","[""https://vongbicongnghiep.vn/wp-content/uploads/2024/12/PHC-OL.png""]","","","[]","172000","out_of_stock","vongbicongnghiep.vn-wc-store-api-category-search-skf","2026-04-29T13:55:00.682Z"
"64689","SKF","PHC 10B-1SS-C/L-SKF","PHC 10B-1SS-C/L-SKF","PHC10B1SSCLSKF","PHC 10B-1SS-C/L","Xích","Xích","87","xich","https://vongbicongnghiep.vn/san-pham/san-pham-14505/","https://vongbicongnghiep.vn/wp-content/uploads/2024/12/PHC-CL.png","[""https://vongbicongnghiep.vn/wp-content/uploads/2024/12/PHC-CL.png""]","","","[]","85000","out_of_stock","vongbicongnghiep.vn-wc-store-api-category-search-skf","2026-04-29T13:55:00.682Z"
"64688","SKF","PHC 10B-1SLRX10FT-SKF","PHC 10B-1SLRX10FT-SKF","PHC10B1SLRX10FTSKF","PHC 10B-1SLRX10FT","Xích","Xích","87","xich","https://vongbicongnghiep.vn/san-pham/san-pham-14504/","https://vongbicongnghiep.vn/wp-content/uploads/2024/12/PHC-1FT.png","[""https://vongbicongnghiep.vn/wp-content/uploads/2024/12/PHC-1FT.png"",""https://vongbicongnghiep.vn/wp-content/uploads/2024/12/BV-PHC-1FT.png""]","","","[]","3679000","out_of_stock","vongbicongnghiep.vn-wc-store-api-category-search-skf","2026-04-29T13:55:00.682Z"
"64687","SKF","PHC 10B-1SLRF1X10FT-SKF","PHC 10B-1SLRF1X10FT-SKF","PHC10B1SLRF1X10FTSKF","PHC 10B-1SLRF1X10FT","Xích","Xích","87","xich","https://vongbicongnghiep.vn/san-pham/san-pham-14503/","https://vongbicongnghiep.vn/wp-content/uploads/2024/12/PHC-1FT.png","[""https://vongbicongnghiep.vn/wp-content/uploads/2024/12/PHC-1FT.png"",""https://vongbicongnghiep.vn/wp-content/uploads/2024/12/BV-PHC-1FT.png""]","","","[]","3744000","out_of_stock","vongbicongnghiep.vn-wc-store-api-category-search-skf","2026-04-29T13:55:00.682Z"
"64686","SKF","PHC 10B-1SBX10FT-SKF","PHC 10B-1SBX10FT-SKF","PHC10B1SBX10FTSKF","PHC 10B-1SBX10FT","Xích","Xích","87","xich","https://vongbicongnghiep.vn/san-pham/san-pham-14502/","https://vongbicongnghiep.vn/wp-content/uploads/2024/12/PHC-1FT.png","[""https://vongbicongnghiep.vn/wp-content/uploads/2024/12/PHC-1FT.png"",""https://vongbicongnghiep.vn/wp-content/uploads/2024/12/BV-PHC-1FT.png""]","","","[]","2369000","out_of_stock","vongbicongnghiep.vn-wc-store-api-category-search-skf","2026-04-29T13:55:00.682Z"
"64685","SKF","PHC 10B-1O/L-SKF","PHC 10B-1O/L-SKF","PHC10B1OLSKF","PHC 10B-1O/L","Xích","Xích","87","xich","https://vongbicongnghiep.vn/san-pham/san-pham-14501/","https://vongbicongnghiep.vn/wp-content/uploads/2024/12/PHC-OL.png","[""https://vongbicongnghiep.vn/wp-content/uploads/2024/12/PHC-OL.png""]","","","[]","31000","out_of_stock","vongbicongnghiep.vn-wc-store-api-category-search-skf","2026-04-29T13:55:00.682Z"
"64684","SKF","PHC 10B-1NPX10FT-SKF","PHC 10B-1NPX10FT-SKF","PHC10B1NPX10FTSKF","PHC 10B-1NPX10FT","Xích","Xích","87","xich","https://vongbicongnghiep.vn/san-pham/san-pham-14500/","https://vongbicongnghiep.vn/wp-content/uploads/2024/12/PHC-1FT.png","[""https://vongbicongnghiep.vn/wp-content/uploads/2024/12/PHC-1FT.png"",""https://vongbicongnghiep.vn/wp-content/uploads/2024/12/BV-PHC-1FT.png""]","","","[]","881000","out_of_stock","vongbicongnghiep.vn-wc-store-api-category-search-skf","2026-04-29T13:55:00.682Z"
"64683","SKF","PHC 10B-1NP-O/L-SKF","PHC 10B-1NP-O/L-SKF","PHC10B1NPOLSKF","PHC 10B-1NP-O/L","Xích","Xích","87","xich","https://vongbicongnghiep.vn/san-pham/san-pham-14499/","https://vongbicongnghiep.vn/wp-content/uploads/2024/12/PHC-OL.png","[""https://vongbicongnghiep.vn/wp-content/uploads/2024/12/PHC-OL.png""]","","","[]","54000","out_of_stock","vongbicongnghiep.vn-wc-store-api-category-search-skf","2026-04-29T13:55:00.682Z"
"64682","SKF","PHC 10B-1NP-C/L-SKF","PHC 10B-1NP-C/L-SKF","PHC10B1NPCLSKF","PHC 10B-1NP-C/L","Xích","Xích","87","xich","https://vongbicongnghiep.vn/san-pham/san-pham-14498/","https://vongbicongnghiep.vn/wp-content/uploads/2024/12/PHC-CL.png","[""https://vongbicongnghiep.vn/wp-content/uploads/2024/12/PHC-CL.png""]","","","[]","26000","out_of_stock","vongbicongnghiep.vn-wc-store-api-category-search-skf","2026-04-29T13:55:00.682Z"
"64681","SKF","PHC 10B-1DRX10FT-SKF","PHC 10B-1DRX10FT-SKF","PHC10B1DRX10FTSKF","PHC 10B-1DRX10FT","Xích","Xích","87","xich","https://vongbicongnghiep.vn/san-pham/san-pham-14497/","https://vongbicongnghiep.vn/wp-content/uploads/2024/12/PHC-1FT.png","[""https://vongbicongnghiep.vn/wp-content/uploads/2024/12/PHC-1FT.png"",""https://vongbicongnghiep.vn/wp-content/uploads/2024/12/BV-PHC-1FT.png""]","","","[]","1079000","out_of_stock","vongbicongnghiep.vn-wc-store-api-category-search-skf","2026-04-29T13:55:00.682Z"
"64680","SKF","PHC 10B-1DR-O/L-SKF","PHC 10B-1DR-O/L-SKF","PHC10B1DROLSKF","PHC 10B-1DR-O/L","Xích","Xích","87","xich","https://vongbicongnghiep.vn/san-pham/san-pham-14496/","https://vongbicongnghiep.vn/wp-content/uploads/2024/12/PHC-OL.png","[""https://vongbicongnghiep.vn/wp-content/uploads/2024/12/PHC-OL.png""]","","","[]","58000","out_of_stock","vongbicongnghiep.vn-wc-store-api-category-search-skf","2026-04-29T13:55:00.682Z"
"64679","SKF","PHC 10B-1DR-C/L-SKF","PHC 10B-1DR-C/L-SKF","PHC10B1DRCLSKF","PHC 10B-1DR-C/L","Xích","Xích","87","xich","https://vongbicongnghiep.vn/san-pham/san-pham-14495/","https://vongbicongnghiep.vn/wp-content/uploads/2024/12/PHC-CL.png","[""https://vongbicongnghiep.vn/wp-content/uploads/2024/12/PHC-CL.png""]","","","[]","29000","out_of_stock","vongbicongnghiep.vn-wc-store-api-category-search-skf","2026-04-29T13:55:00.682Z"
"64678","SKF","PHC 100SPH-2X10FT-SKF","PHC 100SPH-2X10FT-SKF","PHC100SPH2X10FTSKF","PHC 100SPH-2X10FT","Xích","Xích","87","xich","https://vongbicongnghiep.vn/san-pham/san-pham-14494/","https://vongbicongnghiep.vn/wp-content/uploads/2024/12/PHC-2FT.png","[""https://vongbicongnghiep.vn/wp-content/uploads/2024/12/PHC-2FT.png"",""https://vongbicongnghiep.vn/wp-content/uploads/product_images/truyen-dong/xich/xich-ansi.jpg""]","","","[]","11634000","out_of_stock","vongbicongnghiep.vn-wc-store-api-category-search-skf","2026-04-29T13:55:00.682Z"
"64677","SKF","PHC 100SPH-2C/L-SKF","PHC 100SPH-2C/L-SKF","PHC100SPH2CLSKF","PHC 100SPH-2C/L","Xích","Xích","87","xich","https://vongbicongnghiep.vn/san-pham/san-pham-14493/","https://vongbicongnghiep.vn/wp-content/uploads/2024/12/PHC-2CL.png","[""https://vongbicongnghiep.vn/wp-content/uploads/2024/12/PHC-2CL.png""]","","","[]","371000","out_of_stock","vongbicongnghiep.vn-wc-store-api-category-search-skf","2026-04-29T13:55:00.682Z"
"64676","SKF","PHC 100SPH-1X10FT-SKF","PHC 100SPH-1X10FT-SKF","PHC100SPH1X10FTSKF","PHC 100SPH-1X10FT","Xích","Xích","87","xich","https://vongbicongnghiep.vn/san-pham/san-pham-14492/","https://vongbicongnghiep.vn/wp-content/uploads/2024/12/PHC-1FT.png","[""https://vongbicongnghiep.vn/wp-content/uploads/2024/12/PHC-1FT.png"",""https://vongbicongnghiep.vn/wp-content/uploads/2024/12/BV-PHC-1FT.png""]","","","[]","6497000","out_of_stock","vongbicongnghiep.vn-wc-store-api-category-search-skf","2026-04-29T13:55:00.682Z"
"64675","SKF","PHC 100SPH-1C/L-SKF","PHC 100SPH-1C/L-SKF","PHC100SPH1CLSKF","PHC 100SPH-1C/L","Xích","Xích","87","xich","https://vongbicongnghiep.vn/san-pham/san-pham-14491/","https://vongbicongnghiep.vn/wp-content/uploads/2024/12/PHC-CL.png","[""https://vongbicongnghiep.vn/wp-content/uploads/2024/12/PHC-CL.png""]","","","[]","186000","out_of_stock","vongbicongnghiep.vn-wc-store-api-category-search-skf","2026-04-29T13:55:00.682Z"
"64674","SKF","PHC 100SHH-2X10FT-SKF","PHC 100SHH-2X10FT-SKF","PHC100SHH2X10FTSKF","PHC 100SHH-2X10FT","Xích","Xích","87","xich","https://vongbicongnghiep.vn/san-pham/san-pham-14490/","https://vongbicongnghiep.vn/wp-content/uploads/2024/12/PHC-2FT.png","[""https://vongbicongnghiep.vn/wp-content/uploads/2024/12/PHC-2FT.png"",""https://vongbicongnghiep.vn/wp-content/uploads/product_images/truyen-dong/xich/xich-ansi.jpg""]","","","[]","13032000","out_of_stock","vongbicongnghiep.vn-wc-store-api-category-search-skf","2026-04-29T13:55:00.682Z"
"64673","SKF","PHC 100SHH-2C/L-SKF","PHC 100SHH-2C/L-SKF","PHC100SHH2CLSKF","PHC 100SHH-2C/L","Xích","Xích","87","xich","https://vongbicongnghiep.vn/san-pham/san-pham-14489/","https://vongbicongnghiep.vn/wp-content/uploads/2024/12/PHC-2CL.png","[""https://vongbicongnghiep.vn/wp-content/uploads/2024/12/PHC-2CL.png""]","","","[]","415000","out_of_stock","vongbicongnghiep.vn-wc-store-api-category-search-skf","2026-04-29T13:55:00.682Z"
"64672","SKF","PHC 100SHH-1X10FT-SKF","PHC 100SHH-1X10FT-SKF","PHC100SHH1X10FTSKF","PHC 100SHH-1X10FT","Xích","Xích","87","xich","https://vongbicongnghiep.vn/san-pham/san-pham-14488/","https://vongbicongnghiep.vn/wp-content/uploads/2024/12/PHC-1FT.png","[""https://vongbicongnghiep.vn/wp-content/uploads/2024/12/PHC-1FT.png"",""https://vongbicongnghiep.vn/wp-content/uploads/2024/12/BV-PHC-1FT.png""]","","","[]","6516000","out_of_stock","vongbicongnghiep.vn-wc-store-api-category-search-skf","2026-04-29T13:55:00.682Z"
"64671","SKF","PHC 100SHH-1C/L-SKF","PHC 100SHH-1C/L-SKF","PHC100SHH1CLSKF","PHC 100SHH-1C/L","Xích","Xích","87","xich","https://vongbicongnghiep.vn/san-pham/san-pham-14487/","https://vongbicongnghiep.vn/wp-content/uploads/2024/12/PHC-CL.png","[""https://vongbicongnghiep.vn/wp-content/uploads/2024/12/PHC-CL.png""]","","","[]","208000","out_of_stock","vongbicongnghiep.vn-wc-store-api-category-search-skf","2026-04-29T13:55:00.682Z"
"64670","SKF","PHC 100SH-1X10FT-SKF","PHC 100SH-1X10FT-SKF","PHC100SH1X10FTSKF","PHC 100SH-1X10FT","Xích","Xích","87","xich","https://vongbicongnghiep.vn/san-pham/san-pham-14486/","https://vongbicongnghiep.vn/wp-content/uploads/2024/12/PHC-1FT.png","[""https://vongbicongnghiep.vn/wp-content/uploads/2024/12/PHC-1FT.png"",""https://vongbicongnghiep.vn/wp-content/uploads/2024/12/BV-PHC-1FT.png""]","","","[]","4311000","out_of_stock","vongbicongnghiep.vn-wc-store-api-category-search-skf","2026-04-29T13:55:00.682Z"
"64669","SKF","PHC 100SH-1C/L-SKF","PHC 100SH-1C/L-SKF","PHC100SH1CLSKF","PHC 100SH-1C/L","Xích","Xích","87","xich","https://vongbicongnghiep.vn/san-pham/san-pham-14485/","https://vongbicongnghiep.vn/wp-content/uploads/2024/12/PHC-CL.png","[""https://vongbicongnghiep.vn/wp-content/uploads/2024/12/PHC-CL.png""]","","","[]","148000","out_of_stock","vongbicongnghiep.vn-wc-store-api-category-search-skf","2026-04-29T13:55:00.682Z"
"64668","SKF","PHC 100H-3O/L-SKF","PHC 100H-3O/L-SKF","PHC100H3OLSKF","PHC 100H-3O/L","Xích","Xích","87","xich","https://vongbicongnghiep.vn/san-pham/san-pham-14484/","https://vongbicongnghiep.vn/wp-content/uploads/2024/12/PHC-3CL.png","[""https://vongbicongnghiep.vn/wp-content/uploads/2024/12/PHC-3CL.png""]","","","[]","672000","out_of_stock","vongbicongnghiep.vn-wc-store-api-category-search-skf","2026-04-29T13:55:00.682Z"
"64667","SKF","PHC 100H-3C/L-SKF","PHC 100H-3C/L-SKF","PHC100H3CLSKF","PHC 100H-3C/L","Xích","Xích","87","xich","https://vongbicongnghiep.vn/san-pham/san-pham-14483/","https://vongbicongnghiep.vn/wp-content/uploads/2024/12/PHC-3OL.png","[""https://vongbicongnghiep.vn/wp-content/uploads/2024/12/PHC-3OL.png""]","","","[]","337000","out_of_stock","vongbicongnghiep.vn-wc-store-api-category-search-skf","2026-04-29T13:55:00.682Z"
"64666","SKF","PHC 100H-2X10FT-SKF","PHC 100H-2X10FT-SKF","PHC100H2X10FTSKF","PHC 100H-2X10FT","Xích","Xích","87","xich","https://vongbicongnghiep.vn/san-pham/san-pham-14482/","https://vongbicongnghiep.vn/wp-content/uploads/2024/12/PHC-2FT.png","[""https://vongbicongnghiep.vn/wp-content/uploads/2024/12/PHC-2FT.png"",""https://vongbicongnghiep.vn/wp-content/uploads/product_images/truyen-dong/xich/xich-ansi.jpg""]","","","[]","6091000","out_of_stock","vongbicongnghiep.vn-wc-store-api-category-search-skf","2026-04-29T13:55:00.682Z"
"64665","SKF","PHC 100H-2O/L-SKF","PHC 100H-2O/L-SKF","PHC100H2OLSKF","PHC 100H-2O/L","Xích","Xích","87","xich","https://vongbicongnghiep.vn/san-pham/san-pham-14481/","https://vongbicongnghiep.vn/wp-content/uploads/2024/12/PHC-2OL.png","[""https://vongbicongnghiep.vn/wp-content/uploads/2024/12/PHC-2OL.png""]","","","[]","420000","out_of_stock","vongbicongnghiep.vn-wc-store-api-category-search-skf","2026-04-29T13:55:00.682Z"
"64664","SKF","PHC 100H-2CX10FT-SKF","PHC 100H-2CX10FT-SKF","PHC100H2CX10FTSKF","PHC 100H-2CX10FT","Xích","Xích","87","xich","https://vongbicongnghiep.vn/san-pham/san-pham-14480/","https://vongbicongnghiep.vn/wp-content/uploads/2024/12/PHC-2FT.png","[""https://vongbicongnghiep.vn/wp-content/uploads/2024/12/PHC-2FT.png"",""https://vongbicongnghiep.vn/wp-content/uploads/product_images/truyen-dong/xich/xich-ansi.jpg""]","","","[]","6365000","out_of_stock","vongbicongnghiep.vn-wc-store-api-category-search-skf","2026-04-29T13:55:00.682Z"
"64663","SKF","PHC 100H-2C/L-SKF","PHC 100H-2C/L-SKF","PHC100H2CLSKF","PHC 100H-2C/L","Xích","Xích","87","xich","https://vongbicongnghiep.vn/san-pham/san-pham-14479/","https://vongbicongnghiep.vn/wp-content/uploads/2024/12/PHC-2CL.png","[""https://vongbicongnghiep.vn/wp-content/uploads/2024/12/PHC-2CL.png""]","","","[]","209000","out_of_stock","vongbicongnghiep.vn-wc-store-api-category-search-skf","2026-04-29T13:55:00.682Z"
"64662","SKF","PHC 100H-1X10FT-SKF","PHC 100H-1X10FT-SKF","PHC100H1X10FTSKF","PHC 100H-1X10FT","Xích","Xích","87","xich","https://vongbicongnghiep.vn/san-pham/san-pham-14478/","https://vongbicongnghiep.vn/wp-content/uploads/2024/12/PHC-1FT.png","[""https://vongbicongnghiep.vn/wp-content/uploads/2024/12/PHC-1FT.png"",""https://vongbicongnghiep.vn/wp-content/uploads/2024/12/BV-PHC-1FT.png""]","","","[]","3138000","out_of_stock","vongbicongnghiep.vn-wc-store-api-category-search-skf","2026-04-29T13:55:00.682Z"
"64661","SKF","PHC 100H-1O/L-SKF","PHC 100H-1O/L-SKF","PHC100H1OLSKF","PHC 100H-1O/L","Xích","Xích","87","xich","https://vongbicongnghiep.vn/san-pham/san-pham-14477/","https://vongbicongnghiep.vn/wp-content/uploads/2024/12/PHC-OL.png","[""https://vongbicongnghiep.vn/wp-content/uploads/2024/12/PHC-OL.png""]","","","[]","205000","out_of_stock","vongbicongnghiep.vn-wc-store-api-category-search-skf","2026-04-29T13:55:00.682Z"
"64660","SKF","PHC 100H-1CX10FT-SKF","PHC 100H-1CX10FT-SKF","PHC100H1CX10FTSKF","PHC 100H-1CX10FT","Xích","Xích","87","xich","https://vongbicongnghiep.vn/san-pham/san-pham-14476/","https://vongbicongnghiep.vn/wp-content/uploads/2024/12/PHC-1FT.png","[""https://vongbicongnghiep.vn/wp-content/uploads/2024/12/PHC-1FT.png"",""https://vongbicongnghiep.vn/wp-content/uploads/2024/12/BV-PHC-1FT.png""]","","","[]","3181000","out_of_stock","vongbicongnghiep.vn-wc-store-api-category-search-skf","2026-04-29T13:55:00.682Z"
"64659","SKF","PHC 100H-1C/L-SKF","PHC 100H-1C/L-SKF","PHC100H1CLSKF","PHC 100H-1C/L","Xích","Xích","87","xich","https://vongbicongnghiep.vn/san-pham/san-pham-14475/","https://vongbicongnghiep.vn/wp-content/uploads/2024/12/PHC-CL.png","[""https://vongbicongnghiep.vn/wp-content/uploads/2024/12/PHC-CL.png""]","","","[]","101000","out_of_stock","vongbicongnghiep.vn-wc-store-api-category-search-skf","2026-04-29T13:55:00.682Z"
"64658","SKF","PHC 100-3O/L-SKF","PHC 100-3O/L-SKF","PHC1003OLSKF","PHC 100-3O/L","Xích","Xích","87","xich","https://vongbicongnghiep.vn/san-pham/san-pham-14474/","https://vongbicongnghiep.vn/wp-content/uploads/2024/12/PHC-3CL.png","[""https://vongbicongnghiep.vn/wp-content/uploads/2024/12/PHC-3CL.png""]","","","[]","462000","out_of_stock","vongbicongnghiep.vn-wc-store-api-category-search-skf","2026-04-29T13:55:00.682Z"
"64657","SKF","PHC 100-3CX10FT-SKF","PHC 100-3CX10FT-SKF","PHC1003CX10FTSKF","PHC 100-3CX10FT","Xích","Xích","87","xich","https://vongbicongnghiep.vn/san-pham/san-pham-14473/","https://vongbicongnghiep.vn/wp-content/uploads/2024/12/PHC-3FT.png","[""https://vongbicongnghiep.vn/wp-content/uploads/2024/12/PHC-3FT.png"",""https://vongbicongnghiep.vn/wp-content/uploads/product_images/truyen-dong/xich/xich-ansi.jpg""]","","","[]","8101000","out_of_stock","vongbicongnghiep.vn-wc-store-api-category-search-skf","2026-04-29T13:55:00.682Z"
"64656","SKF","PHC 100-3C/L-SKF","PHC 100-3C/L-SKF","PHC1003CLSKF","PHC 100-3C/L","Xích","Xích","87","xich","https://vongbicongnghiep.vn/san-pham/san-pham-14472/","https://vongbicongnghiep.vn/wp-content/uploads/2024/12/PHC-3OL.png","[""https://vongbicongnghiep.vn/wp-content/uploads/2024/12/PHC-3OL.png""]","","","[]","231000","out_of_stock","vongbicongnghiep.vn-wc-store-api-category-search-skf","2026-04-29T13:55:00.682Z"
"64655","SKF","PHC 100-2ZPX10FT-SKF","PHC 100-2ZPX10FT-SKF","PHC1002ZPX10FTSKF","PHC 100-2ZPX10FT","Xích","Xích","87","xich","https://vongbicongnghiep.vn/san-pham/san-pham-14471/","https://vongbicongnghiep.vn/wp-content/uploads/2024/12/PHC-2FT.png","[""https://vongbicongnghiep.vn/wp-content/uploads/2024/12/PHC-2FT.png"",""https://vongbicongnghiep.vn/wp-content/uploads/product_images/truyen-dong/xich/xich-ansi.jpg""]","","","[]","5388000","out_of_stock","vongbicongnghiep.vn-wc-store-api-category-search-skf","2026-04-29T13:55:00.682Z"
"64654","SKF","PHC 100-2ZP-O/L-SKF","PHC 100-2ZP-O/L-SKF","PHC1002ZPOLSKF","PHC 100-2ZP-O/L","Xích","Xích","87","xich","https://vongbicongnghiep.vn/san-pham/san-pham-14470/","https://vongbicongnghiep.vn/wp-content/uploads/2024/12/PHC-2OL.png","[""https://vongbicongnghiep.vn/wp-content/uploads/2024/12/PHC-2OL.png""]","","","[]","407000","out_of_stock","vongbicongnghiep.vn-wc-store-api-category-search-skf","2026-04-29T13:55:00.682Z"
"64653","SKF","PHC 100-2ZP-C/L-SKF","PHC 100-2ZP-C/L-SKF","PHC1002ZPCLSKF","PHC 100-2ZP-C/L","Xích","Xích","87","xich","https://vongbicongnghiep.vn/san-pham/san-pham-14469/","https://vongbicongnghiep.vn/wp-content/uploads/2024/12/PHC-2CL.png","[""https://vongbicongnghiep.vn/wp-content/uploads/2024/12/PHC-2CL.png""]","","","[]","205000","out_of_stock","vongbicongnghiep.vn-wc-store-api-category-search-skf","2026-04-29T13:55:00.682Z"
"64652","SKF","PHC 100-2SSX10FT-SKF","PHC 100-2SSX10FT-SKF","PHC1002SSX10FTSKF","PHC 100-2SSX10FT","Xích","Xích","87","xich","https://vongbicongnghiep.vn/san-pham/san-pham-14468/","https://vongbicongnghiep.vn/wp-content/uploads/2024/12/PHC-2FT.png","[""https://vongbicongnghiep.vn/wp-content/uploads/2024/12/PHC-2FT.png"",""https://vongbicongnghiep.vn/wp-content/uploads/product_images/truyen-dong/xich/xich-ansi.jpg""]","","","[]","16437000","out_of_stock","vongbicongnghiep.vn-wc-store-api-category-search-skf","2026-04-29T13:55:00.682Z"
"64651","SKF","PHC 100-2SS-O/L-SKF","PHC 100-2SS-O/L-SKF","PHC1002SSOLSKF","PHC 100-2SS-O/L","Xích","Xích","87","xich","https://vongbicongnghiep.vn/san-pham/san-pham-14467/","https://vongbicongnghiep.vn/wp-content/uploads/2024/12/PHC-2OL.png","[""https://vongbicongnghiep.vn/wp-content/uploads/2024/12/PHC-2OL.png""]","","","[]","2216000","out_of_stock","vongbicongnghiep.vn-wc-store-api-category-search-skf","2026-04-29T13:55:00.682Z"
"64650","SKF","PHC 100-2SS-C/L-SKF","PHC 100-2SS-C/L-SKF","PHC1002SSCLSKF","PHC 100-2SS-C/L","Xích","Xích","87","xich","https://vongbicongnghiep.vn/san-pham/san-pham-14466/","https://vongbicongnghiep.vn/wp-content/uploads/2024/12/PHC-2CL.png","[""https://vongbicongnghiep.vn/wp-content/uploads/2024/12/PHC-2CL.png""]","","","[]","1105000","out_of_stock","vongbicongnghiep.vn-wc-store-api-category-search-skf","2026-04-29T13:55:00.682Z"
"64649","SKF","PHC 100-2O/L-SKF","PHC 100-2O/L-SKF","PHC1002OLSKF","PHC 100-2O/L","Xích","Xích","87","xich","https://vongbicongnghiep.vn/san-pham/san-pham-14465/","https://vongbicongnghiep.vn/wp-content/uploads/2024/12/PHC-2OL.png","[""https://vongbicongnghiep.vn/wp-content/uploads/2024/12/PHC-2OL.png""]","","","[]","289000","out_of_stock","vongbicongnghiep.vn-wc-store-api-category-search-skf","2026-04-29T13:55:00.682Z"
"64648","SKF","PHC 100-2NPX10FT-SKF","PHC 100-2NPX10FT-SKF","PHC1002NPX10FTSKF","PHC 100-2NPX10FT","Xích","Xích","87","xich","https://vongbicongnghiep.vn/san-pham/san-pham-14464/","https://vongbicongnghiep.vn/wp-content/uploads/2024/12/PHC-2FT.png","[""https://vongbicongnghiep.vn/wp-content/uploads/2024/12/PHC-2FT.png"",""https://vongbicongnghiep.vn/wp-content/uploads/product_images/truyen-dong/xich/xich-ansi.jpg""]","","","[]","6660000","out_of_stock","vongbicongnghiep.vn-wc-store-api-category-search-skf","2026-04-29T13:55:00.682Z"
"64647","SKF","PHC 100-2NP-O/L-SKF","PHC 100-2NP-O/L-SKF","PHC1002NPOLSKF","PHC 100-2NP-O/L","Xích","Xích","87","xich","https://vongbicongnghiep.vn/san-pham/san-pham-14463/","https://vongbicongnghiep.vn/wp-content/uploads/2024/12/PHC-2OL.png","[""https://vongbicongnghiep.vn/wp-content/uploads/2024/12/PHC-2OL.png""]","","","[]","567000","out_of_stock","vongbicongnghiep.vn-wc-store-api-category-search-skf","2026-04-29T13:55:00.682Z"
"64646","SKF","PHC 100-2NP-C/L-SKF","PHC 100-2NP-C/L-SKF","PHC1002NPCLSKF","PHC 100-2NP-C/L","Xích","Xích","87","xich","https://vongbicongnghiep.vn/san-pham/san-pham-14462/","https://vongbicongnghiep.vn/wp-content/uploads/2024/12/PHC-2CL.png","[""https://vongbicongnghiep.vn/wp-content/uploads/2024/12/PHC-2CL.png""]","","","[]","284000","out_of_stock","vongbicongnghiep.vn-wc-store-api-category-search-skf","2026-04-29T13:55:00.682Z"
"64645","SKF","PHC 100-2DRX10FT-SKF","PHC 100-2DRX10FT-SKF","PHC1002DRX10FTSKF","PHC 100-2DRX10FT","Xích","Xích","87","xich","https://vongbicongnghiep.vn/san-pham/san-pham-14461/","https://vongbicongnghiep.vn/wp-content/uploads/2024/12/PHC-2FT.png","[""https://vongbicongnghiep.vn/wp-content/uploads/2024/12/PHC-2FT.png"",""https://vongbicongnghiep.vn/wp-content/uploads/product_images/truyen-dong/xich/xich-ansi.jpg""]","","","[]","7801000","out_of_stock","vongbicongnghiep.vn-wc-store-api-category-search-skf","2026-04-29T13:55:00.682Z"
"64644","SKF","PHC 100-2DR-O/L-SKF","PHC 100-2DR-O/L-SKF","PHC1002DROLSKF","PHC 100-2DR-O/L","Xích","Xích","87","xich","https://vongbicongnghiep.vn/san-pham/san-pham-14460/","https://vongbicongnghiep.vn/wp-content/uploads/2024/12/PHC-2OL.png","[""https://vongbicongnghiep.vn/wp-content/uploads/2024/12/PHC-2OL.png""]","","","[]","752000","out_of_stock","vongbicongnghiep.vn-wc-store-api-category-search-skf","2026-04-29T13:55:00.682Z"
"64643","SKF","PHC 100-2DR-C/L-SKF","PHC 100-2DR-C/L-SKF","PHC1002DRCLSKF","PHC 100-2DR-C/L","Xích","Xích","87","xich","https://vongbicongnghiep.vn/san-pham/san-pham-14459/","https://vongbicongnghiep.vn/wp-content/uploads/2024/12/PHC-2CL.png","[""https://vongbicongnghiep.vn/wp-content/uploads/2024/12/PHC-2CL.png""]","","","[]","375000","out_of_stock","vongbicongnghiep.vn-wc-store-api-category-search-skf","2026-04-29T13:55:00.682Z"
"64642","SKF","PHC 100-2CX10FT-SKF","PHC 100-2CX10FT-SKF","PHC1002CX10FTSKF","PHC 100-2CX10FT","Xích","Xích","87","xich","https://vongbicongnghiep.vn/san-pham/san-pham-14458/","https://vongbicongnghiep.vn/wp-content/uploads/2024/12/PHC-2FT.png","[""https://vongbicongnghiep.vn/wp-content/uploads/2024/12/PHC-2FT.png"",""https://vongbicongnghiep.vn/wp-content/uploads/product_images/truyen-dong/xich/xich-ansi.jpg""]","","","[]","5062000","out_of_stock","vongbicongnghiep.vn-wc-store-api-category-search-skf","2026-04-29T13:55:00.682Z"
"64641","SKF","PHC 100-2C/L-SKF","PHC 100-2C/L-SKF","PHC1002CLSKF","PHC 100-2C/L","Xích","Xích","87","xich","https://vongbicongnghiep.vn/san-pham/san-pham-14457/","https://vongbicongnghiep.vn/wp-content/uploads/2024/12/PHC-2CL.png","[""https://vongbicongnghiep.vn/wp-content/uploads/2024/12/PHC-2CL.png""]","","","[]","144000","in_stock","vongbicongnghiep.vn-wc-store-api-category-search-skf","2026-04-29T13:55:00.682Z"
"64640","SKF","PHC 100-1ZPX10FT-SKF","PHC 100-1ZPX10FT-SKF","PHC1001ZPX10FTSKF","PHC 100-1ZPX10FT","Xích","Xích","87","xich","https://vongbicongnghiep.vn/san-pham/san-pham-14456/","https://vongbicongnghiep.vn/wp-content/uploads/2024/12/PHC-1FT.png","[""https://vongbicongnghiep.vn/wp-content/uploads/2024/12/PHC-1FT.png"",""https://vongbicongnghiep.vn/wp-content/uploads/2024/12/BV-PHC-1FT.png""]","","","[]","2693000","out_of_stock","vongbicongnghiep.vn-wc-store-api-category-search-skf","2026-04-29T13:55:00.682Z"
"64639","SKF","PHC 100-1ZP-O/L-SKF","PHC 100-1ZP-O/L-SKF","PHC1001ZPOLSKF","PHC 100-1ZP-O/L","Xích","Xích","87","xich","https://vongbicongnghiep.vn/san-pham/san-pham-14455/","https://vongbicongnghiep.vn/wp-content/uploads/2024/12/PHC-OL.png","[""https://vongbicongnghiep.vn/wp-content/uploads/2024/12/PHC-OL.png""]","","","[]","205000","out_of_stock","vongbicongnghiep.vn-wc-store-api-category-search-skf","2026-04-29T13:55:00.682Z"
"64638","SKF","PHC 100-1ZP-C/L-SKF","PHC 100-1ZP-C/L-SKF","PHC1001ZPCLSKF","PHC 100-1ZP-C/L","Xích","Xích","87","xich","https://vongbicongnghiep.vn/san-pham/san-pham-14454/","https://vongbicongnghiep.vn/wp-content/uploads/2024/12/PHC-CL.png","[""https://vongbicongnghiep.vn/wp-content/uploads/2024/12/PHC-CL.png""]","","","[]","103000","out_of_stock","vongbicongnghiep.vn-wc-store-api-category-search-skf","2026-04-29T13:55:00.682Z"
"64637","SKF","PHC 100-1X10FTOE-SKF","PHC 100-1X10FTOE-SKF","PHC1001X10FTOESKF","PHC 100-1X10FTOE","Xích","Xích","87","xich","https://vongbicongnghiep.vn/san-pham/san-pham-14453/","https://vongbicongnghiep.vn/wp-content/uploads/2024/12/PHC-1FT.png","[""https://vongbicongnghiep.vn/wp-content/uploads/2024/12/PHC-1FT.png"",""https://vongbicongnghiep.vn/wp-content/uploads/2024/12/BV-PHC-1FT.png""]","","","[]","2685000","in_stock","vongbicongnghiep.vn-wc-store-api-category-search-skf","2026-04-29T13:55:00.682Z"
"64636","SKF","PHC 100-1SSX10FT-SKF","PHC 100-1SSX10FT-SKF","PHC1001SSX10FTSKF","PHC 100-1SSX10FT","Xích","Xích","87","xich","https://vongbicongnghiep.vn/san-pham/san-pham-14452/","https://vongbicongnghiep.vn/wp-content/uploads/2024/12/PHC-1FT.png","[""https://vongbicongnghiep.vn/wp-content/uploads/2024/12/PHC-1FT.png"",""https://vongbicongnghiep.vn/wp-content/uploads/2024/12/BV-PHC-1FT.png""]","","","[]","8219000","out_of_stock","vongbicongnghiep.vn-wc-store-api-category-search-skf","2026-04-29T13:55:00.682Z"
"64635","SKF","PHC 100-1SS-O/L-SKF","PHC 100-1SS-O/L-SKF","PHC1001SSOLSKF","PHC 100-1SS-O/L","Xích","Xích","87","xich","https://vongbicongnghiep.vn/san-pham/san-pham-14451/","https://vongbicongnghiep.vn/wp-content/uploads/2024/12/PHC-OL.png","[""https://vongbicongnghiep.vn/wp-content/uploads/2024/12/PHC-OL.png""]","","","[]","1105000","out_of_stock","vongbicongnghiep.vn-wc-store-api-category-search-skf","2026-04-29T13:55:00.682Z"
"64634","SKF","PHC 100-1SS-C/L-SKF","PHC 100-1SS-C/L-SKF","PHC1001SSCLSKF","PHC 100-1SS-C/L","Xích","Xích","87","xich","https://vongbicongnghiep.vn/san-pham/san-pham-14450/","https://vongbicongnghiep.vn/wp-content/uploads/2024/12/PHC-CL.png","[""https://vongbicongnghiep.vn/wp-content/uploads/2024/12/PHC-CL.png""]","","","[]","553000","out_of_stock","vongbicongnghiep.vn-wc-store-api-category-search-skf","2026-04-29T13:55:00.682Z"
"64633","SKF","PHC 100-1SLRX10FT-SKF","PHC 100-1SLRX10FT-SKF","PHC1001SLRX10FTSKF","PHC 100-1SLRX10FT","Xích","Xích","87","xich","https://vongbicongnghiep.vn/san-pham/san-pham-14449/","https://vongbicongnghiep.vn/wp-content/uploads/2024/12/PHC-1FT.png","[""https://vongbicongnghiep.vn/wp-content/uploads/2024/12/PHC-1FT.png"",""https://vongbicongnghiep.vn/wp-content/uploads/2024/12/BV-PHC-1FT.png""]","","","[]","5596000","out_of_stock","vongbicongnghiep.vn-wc-store-api-category-search-skf","2026-04-29T13:55:00.682Z"
"64632","SKF","PHC 100-1SLR-O/L-SKF","PHC 100-1SLR-O/L-SKF","PHC1001SLROLSKF","PHC 100-1SLR-O/L","Xích","Xích","87","xich","https://vongbicongnghiep.vn/san-pham/san-pham-14448/","https://vongbicongnghiep.vn/wp-content/uploads/2024/12/PHC-OL.png","[""https://vongbicongnghiep.vn/wp-content/uploads/2024/12/PHC-OL.png""]","","","[]","418000","out_of_stock","vongbicongnghiep.vn-wc-store-api-category-search-skf","2026-04-29T13:55:00.682Z"
"64631","SKF","PHC 100-1SLR-C/L-SKF","PHC 100-1SLR-C/L-SKF","PHC1001SLRCLSKF","PHC 100-1SLR-C/L","Xích","Xích","87","xich","https://vongbicongnghiep.vn/san-pham/san-pham-14447/","https://vongbicongnghiep.vn/wp-content/uploads/2024/12/PHC-CL.png","[""https://vongbicongnghiep.vn/wp-content/uploads/2024/12/PHC-CL.png""]","","","[]","139000","out_of_stock","vongbicongnghiep.vn-wc-store-api-category-search-skf","2026-04-29T13:55:00.682Z"
"64630","SKF","PHC 100-1O/L-SKF","PHC 100-1O/L-SKF","PHC1001OLSKF","PHC 100-1O/L","Xích","Xích","87","xich","https://vongbicongnghiep.vn/san-pham/san-pham-14446/","https://vongbicongnghiep.vn/wp-content/uploads/2024/12/PHC-OL.png","[""https://vongbicongnghiep.vn/wp-content/uploads/2024/12/PHC-OL.png""]","","","[]","144000","out_of_stock","vongbicongnghiep.vn-wc-store-api-category-search-skf","2026-04-29T13:55:00.682Z"
"64629","SKF","PHC 100-1NPX10FT-SKF","PHC 100-1NPX10FT-SKF","PHC1001NPX10FTSKF","PHC 100-1NPX10FT","Xích","Xích","87","xich","https://vongbicongnghiep.vn/san-pham/san-pham-14445/","https://vongbicongnghiep.vn/wp-content/uploads/2024/12/PHC-1FT.png","[""https://vongbicongnghiep.vn/wp-content/uploads/2024/12/PHC-1FT.png"",""https://vongbicongnghiep.vn/wp-content/uploads/2024/12/BV-PHC-1FT.png""]","","","[]","3331000","out_of_stock","vongbicongnghiep.vn-wc-store-api-category-search-skf","2026-04-29T13:55:00.682Z"
"64628","SKF","PHC 100-1NP-O/L-SKF","PHC 100-1NP-O/L-SKF","PHC1001NPOLSKF","PHC 100-1NP-O/L","Xích","Xích","87","xich","https://vongbicongnghiep.vn/san-pham/san-pham-14444/","https://vongbicongnghiep.vn/wp-content/uploads/2024/12/PHC-OL.png","[""https://vongbicongnghiep.vn/wp-content/uploads/2024/12/PHC-OL.png""]","","","[]","284000","out_of_stock","vongbicongnghiep.vn-wc-store-api-category-search-skf","2026-04-29T13:55:00.682Z"
"64627","SKF","PHC 100-1NP-C/L-SKF","PHC 100-1NP-C/L-SKF","PHC1001NPCLSKF","PHC 100-1NP-C/L","Xích","Xích","87","xich","https://vongbicongnghiep.vn/san-pham/san-pham-14443/","https://vongbicongnghiep.vn/wp-content/uploads/2024/12/PHC-CL.png","[""https://vongbicongnghiep.vn/wp-content/uploads/2024/12/PHC-CL.png""]","","","[]","139000","out_of_stock","vongbicongnghiep.vn-wc-store-api-category-search-skf","2026-04-29T13:55:00.682Z"
"64626","SKF","PHC 100-1DRX10FT-SKF","PHC 100-1DRX10FT-SKF","PHC1001DRX10FTSKF","PHC 100-1DRX10FT","Xích","Xích","87","xich","https://vongbicongnghiep.vn/san-pham/san-pham-14442/","https://vongbicongnghiep.vn/wp-content/uploads/2024/12/PHC-1FT.png","[""https://vongbicongnghiep.vn/wp-content/uploads/2024/12/PHC-1FT.png"",""https://vongbicongnghiep.vn/wp-content/uploads/2024/12/BV-PHC-1FT.png""]","","","[]","3901000","out_of_stock","vongbicongnghiep.vn-wc-store-api-category-search-skf","2026-04-29T13:55:00.682Z"
"64625","SKF","PHC 100-1DR-O/L-SKF","PHC 100-1DR-O/L-SKF","PHC1001DROLSKF","PHC 100-1DR-O/L","Xích","Xích","87","xich","https://vongbicongnghiep.vn/san-pham/san-pham-14441/","https://vongbicongnghiep.vn/wp-content/uploads/2024/12/PHC-OL.png","[""https://vongbicongnghiep.vn/wp-content/uploads/2024/12/PHC-OL.png""]","","","[]","375000","out_of_stock","vongbicongnghiep.vn-wc-store-api-category-search-skf","2026-04-29T13:55:00.682Z"
"64624","SKF","PHC 100-1DR-C/L-SKF","PHC 100-1DR-C/L-SKF","PHC1001DRCLSKF","PHC 100-1DR-C/L","Xích","Xích","87","xich","https://vongbicongnghiep.vn/san-pham/san-pham-14440/","https://vongbicongnghiep.vn/wp-content/uploads/2024/12/PHC-CL.png","[""https://vongbicongnghiep.vn/wp-content/uploads/2024/12/PHC-CL.png""]","","","[]","188000","out_of_stock","vongbicongnghiep.vn-wc-store-api-category-search-skf","2026-04-29T13:55:00.682Z"
"64623","SKF","PHC 100-1CX10FT-SKF","PHC 100-1CX10FT-SKF","PHC1001CX10FTSKF","PHC 100-1CX10FT","Xích","Xích","87","xich","https://vongbicongnghiep.vn/san-pham/san-pham-14439/","https://vongbicongnghiep.vn/wp-content/uploads/2024/12/PHC-1FT.png","[""https://vongbicongnghiep.vn/wp-content/uploads/2024/12/PHC-1FT.png"",""https://vongbicongnghiep.vn/wp-content/uploads/2024/12/BV-PHC-1FT.png""]","","","[]","2532000","out_of_stock","vongbicongnghiep.vn-wc-store-api-category-search-skf","2026-04-29T13:55:00.682Z"
"64622","SKF","PHC 100-1C/L-SKF","PHC 100-1C/L-SKF","PHC1001CLSKF","PHC 100-1C/L","Xích","Xích","87","xich","https://vongbicongnghiep.vn/san-pham/san-pham-14438/","https://vongbicongnghiep.vn/wp-content/uploads/2024/12/PHC-CL.png","[""https://vongbicongnghiep.vn/wp-content/uploads/2024/12/PHC-CL.png""]","","","[]","72000","in_stock","vongbicongnghiep.vn-wc-store-api-category-search-skf","2026-04-29T13:55:00.682Z"
"64621","SKF","PHC 08B-3X10FT-SKF","PHC 08B-3X10FT-SKF","PHC08B3X10FTSKF","PHC 08B-3X10FT","Xích","Xích","87","xich","https://vongbicongnghiep.vn/san-pham/san-pham-14437/","https://vongbicongnghiep.vn/wp-content/uploads/2024/12/PHC-3FT.png","[""https://vongbicongnghiep.vn/wp-content/uploads/2024/12/PHC-3FT.png"",""https://vongbicongnghiep.vn/wp-content/uploads/product_images/truyen-dong/xich/xich-ansi.jpg""]","","","[]","1551000","in_stock","vongbicongnghiep.vn-wc-store-api-category-search-skf","2026-04-29T13:55:00.682Z"
"64620","SKF","PHC 08B-3O/L-SKF","PHC 08B-3O/L-SKF","PHC08B3OLSKF","PHC 08B-3O/L","Xích","Xích","87","xich","https://vongbicongnghiep.vn/san-pham/san-pham-14436/","https://vongbicongnghiep.vn/wp-content/uploads/2024/12/PHC-3CL.png","[""https://vongbicongnghiep.vn/wp-content/uploads/2024/12/PHC-3CL.png""]","","","[]","69000","out_of_stock","vongbicongnghiep.vn-wc-store-api-category-search-skf","2026-04-29T13:55:00.682Z"
"64619","SKF","PHC 08B-3C/L-SKF","PHC 08B-3C/L-SKF","PHC08B3CLSKF","PHC 08B-3C/L","Xích","Xích","87","xich","https://vongbicongnghiep.vn/san-pham/san-pham-14435/","https://vongbicongnghiep.vn/wp-content/uploads/2024/12/PHC-3OL.png","[""https://vongbicongnghiep.vn/wp-content/uploads/2024/12/PHC-3OL.png""]","","","[]","38000","out_of_stock","vongbicongnghiep.vn-wc-store-api-category-search-skf","2026-04-29T13:55:00.682Z"
"64618","SKF","PHC 08B-2ZPX10FT-SKF","PHC 08B-2ZPX10FT-SKF","PHC08B2ZPX10FTSKF","PHC 08B-2ZPX10FT","Xích","Xích","87","xich","https://vongbicongnghiep.vn/san-pham/san-pham-14434/","https://vongbicongnghiep.vn/wp-content/uploads/2024/12/PHC-2FT.png","[""https://vongbicongnghiep.vn/wp-content/uploads/2024/12/PHC-2FT.png"",""https://vongbicongnghiep.vn/wp-content/uploads/product_images/truyen-dong/xich/xich-ansi.jpg""]","","","[]","1153000","out_of_stock","vongbicongnghiep.vn-wc-store-api-category-search-skf","2026-04-29T13:55:00.682Z"
"64617","SKF","PHC 08B-2ZP-O/L-SKF","PHC 08B-2ZP-O/L-SKF","PHC08B2ZPOLSKF","PHC 08B-2ZP-O/L","Xích","Xích","87","xich","https://vongbicongnghiep.vn/san-pham/san-pham-14433/","https://vongbicongnghiep.vn/wp-content/uploads/2024/12/PHC-2OL.png","[""https://vongbicongnghiep.vn/wp-content/uploads/2024/12/PHC-2OL.png""]","","","[]","63000","out_of_stock","vongbicongnghiep.vn-wc-store-api-category-search-skf","2026-04-29T13:55:00.682Z"
"64616","SKF","PHC 08B-2ZP-C/L-SKF","PHC 08B-2ZP-C/L-SKF","PHC08B2ZPCLSKF","PHC 08B-2ZP-C/L","Xích","Xích","87","xich","https://vongbicongnghiep.vn/san-pham/san-pham-14432/","https://vongbicongnghiep.vn/wp-content/uploads/2024/12/PHC-2CL.png","[""https://vongbicongnghiep.vn/wp-content/uploads/2024/12/PHC-2CL.png""]","","","[]","32000","out_of_stock","vongbicongnghiep.vn-wc-store-api-category-search-skf","2026-04-29T13:55:00.682Z"
"64615","SKF","PHC 08B-2X5MTR-SKF","PHC 08B-2X5MTR-SKF","PHC08B2X5MTRSKF","PHC 08B-2X5MTR","Xích","Xích","87","xich","https://vongbicongnghiep.vn/san-pham/san-pham-14431/","https://vongbicongnghiep.vn/wp-content/uploads/2024/12/PHC-2FT.png","[""https://vongbicongnghiep.vn/wp-content/uploads/2024/12/PHC-2FT.png"",""https://vongbicongnghiep.vn/wp-content/uploads/product_images/truyen-dong/xich/xich-ansi.jpg""]","","","[]","1427000","out_of_stock","vongbicongnghiep.vn-wc-store-api-category-search-skf","2026-04-29T13:55:00.682Z"
"64614","SKF","PHC 08B-2X10FT-SKF","PHC 08B-2X10FT-SKF","PHC08B2X10FTSKF","PHC 08B-2X10FT","Xích","Xích","87","xich","https://vongbicongnghiep.vn/san-pham/san-pham-14430/","https://vongbicongnghiep.vn/wp-content/uploads/2024/12/PHC-2FT.png","[""https://vongbicongnghiep.vn/wp-content/uploads/2024/12/PHC-2FT.png"",""https://vongbicongnghiep.vn/wp-content/uploads/product_images/truyen-dong/xich/xich-ansi.jpg""]","","","[]","870000","out_of_stock","vongbicongnghiep.vn-wc-store-api-category-search-skf","2026-04-29T13:55:02.390Z"
"64613","SKF","PHC 08B-2SSX10FT-SKF","PHC 08B-2SSX10FT-SKF","PHC08B2SSX10FTSKF","PHC 08B-2SSX10FT","Xích","Xích","87","xich","https://vongbicongnghiep.vn/san-pham/san-pham-14429/","https://vongbicongnghiep.vn/wp-content/uploads/2024/12/PHC-2FT.png","[""https://vongbicongnghiep.vn/wp-content/uploads/2024/12/PHC-2FT.png"",""https://vongbicongnghiep.vn/wp-content/uploads/product_images/truyen-dong/xich/xich-ansi.jpg""]","","","[]","3843000","out_of_stock","vongbicongnghiep.vn-wc-store-api-category-search-skf","2026-04-29T13:55:02.390Z"
"64612","SKF","PHC 08B-2SS-O/L-SKF","PHC 08B-2SS-O/L-SKF","PHC08B2SSOLSKF","PHC 08B-2SS-O/L","Xích","Xích","87","xich","https://vongbicongnghiep.vn/san-pham/san-pham-14428/","https://vongbicongnghiep.vn/wp-content/uploads/2024/12/PHC-2OL.png","[""https://vongbicongnghiep.vn/wp-content/uploads/2024/12/PHC-2OL.png""]","","","[]","198000","out_of_stock","vongbicongnghiep.vn-wc-store-api-category-search-skf","2026-04-29T13:55:02.390Z"
"64611","SKF","PHC 08B-2SS-C/L-SKF","PHC 08B-2SS-C/L-SKF","PHC08B2SSCLSKF","PHC 08B-2SS-C/L","Xích","Xích","87","xich","https://vongbicongnghiep.vn/san-pham/san-pham-14427/","https://vongbicongnghiep.vn/wp-content/uploads/2024/12/PHC-2CL.png","[""https://vongbicongnghiep.vn/wp-content/uploads/2024/12/PHC-2CL.png""]","","","[]","99000","out_of_stock","vongbicongnghiep.vn-wc-store-api-category-search-skf","2026-04-29T13:55:02.390Z"
"64610","SKF","PHC 08B-2SLRX10FT-SKF","PHC 08B-2SLRX10FT-SKF","PHC08B2SLRX10FTSKF","PHC 08B-2SLRX10FT","Xích","Xích","87","xich","https://vongbicongnghiep.vn/san-pham/san-pham-14426/","https://vongbicongnghiep.vn/wp-content/uploads/2024/12/PHC-2FT.png","[""https://vongbicongnghiep.vn/wp-content/uploads/2024/12/PHC-2FT.png"",""https://vongbicongnghiep.vn/wp-content/uploads/product_images/truyen-dong/xich/xich-ansi.jpg""]","","","[]","7742000","out_of_stock","vongbicongnghiep.vn-wc-store-api-category-search-skf","2026-04-29T13:55:02.390Z"
"64609","SKF","PHC 08B-2SLR-C/L-SKF","PHC 08B-2SLR-C/L-SKF","PHC08B2SLRCLSKF","PHC 08B-2SLR-C/L","Xích","Xích","87","xich","https://vongbicongnghiep.vn/san-pham/san-pham-14425/","https://vongbicongnghiep.vn/wp-content/uploads/2024/12/PHC-2CL.png","[""https://vongbicongnghiep.vn/wp-content/uploads/2024/12/PHC-2CL.png""]","","","[]","41000","out_of_stock","vongbicongnghiep.vn-wc-store-api-category-search-skf","2026-04-29T13:55:02.390Z"
"64608","SKF","PHC 08B-2O/L-SKF","PHC 08B-2O/L-SKF","PHC08B2OLSKF","PHC 08B-2O/L","Xích","Xích","87","xich","https://vongbicongnghiep.vn/san-pham/san-pham-14424/","https://vongbicongnghiep.vn/wp-content/uploads/2024/12/PHC-2OL.png","[""https://vongbicongnghiep.vn/wp-content/uploads/2024/12/PHC-2OL.png""]","","","[]","43000","out_of_stock","vongbicongnghiep.vn-wc-store-api-category-search-skf","2026-04-29T13:55:02.390Z"
"64607","SKF","PHC 08B-2NPX10FT-SKF","PHC 08B-2NPX10FT-SKF","PHC08B2NPX10FTSKF","PHC 08B-2NPX10FT","Xích","Xích","87","xich","https://vongbicongnghiep.vn/san-pham/san-pham-14423/","https://vongbicongnghiep.vn/wp-content/uploads/2024/12/PHC-2FT.png","[""https://vongbicongnghiep.vn/wp-content/uploads/2024/12/PHC-2FT.png"",""https://vongbicongnghiep.vn/wp-content/uploads/product_images/truyen-dong/xich/xich-ansi.jpg""]","","","[]","1336000","out_of_stock","vongbicongnghiep.vn-wc-store-api-category-search-skf","2026-04-29T13:55:02.390Z"
"64606","SKF","PHC 08B-2NP-O/L-SKF","PHC 08B-2NP-O/L-SKF","PHC08B2NPOLSKF","PHC 08B-2NP-O/L","Xích","Xích","87","xich","https://vongbicongnghiep.vn/san-pham/san-pham-14422/","https://vongbicongnghiep.vn/wp-content/uploads/2024/12/PHC-2OL.png","[""https://vongbicongnghiep.vn/wp-content/uploads/2024/12/PHC-2OL.png""]","","","[]","75000","out_of_stock","vongbicongnghiep.vn-wc-store-api-category-search-skf","2026-04-29T13:55:02.390Z"
"64605","SKF","PHC 08B-2NP-C/L-SKF","PHC 08B-2NP-C/L-SKF","PHC08B2NPCLSKF","PHC 08B-2NP-C/L","Xích","Xích","87","xich","https://vongbicongnghiep.vn/san-pham/san-pham-14421/","https://vongbicongnghiep.vn/wp-content/uploads/2024/12/PHC-2CL.png","[""https://vongbicongnghiep.vn/wp-content/uploads/2024/12/PHC-2CL.png""]","","","[]","38000","out_of_stock","vongbicongnghiep.vn-wc-store-api-category-search-skf","2026-04-29T13:55:02.390Z"
"64604","SKF","PHC 08B-2DRX10FT-SKF","PHC 08B-2DRX10FT-SKF","PHC08B2DRX10FTSKF","PHC 08B-2DRX10FT","Xích","Xích","87","xich","https://vongbicongnghiep.vn/san-pham/san-pham-14420/","https://vongbicongnghiep.vn/wp-content/uploads/2024/12/PHC-2FT.png","[""https://vongbicongnghiep.vn/wp-content/uploads/2024/12/PHC-2FT.png"",""https://vongbicongnghiep.vn/wp-content/uploads/product_images/truyen-dong/xich/xich-ansi.jpg""]","","","[]","1491000","out_of_stock","vongbicongnghiep.vn-wc-store-api-category-search-skf","2026-04-29T13:55:02.390Z"
"64603","SKF","PHC 08B-2DR-O/L-SKF","PHC 08B-2DR-O/L-SKF","PHC08B2DROLSKF","PHC 08B-2DR-O/L","Xích","Xích","87","xich","https://vongbicongnghiep.vn/san-pham/san-pham-14419/","https://vongbicongnghiep.vn/wp-content/uploads/2024/12/PHC-2OL.png","[""https://vongbicongnghiep.vn/wp-content/uploads/2024/12/PHC-2OL.png""]","","","[]","93000","out_of_stock","vongbicongnghiep.vn-wc-store-api-category-search-skf","2026-04-29T13:55:02.390Z"
"64602","SKF","PHC 08B-2DR-C/L-SKF","PHC 08B-2DR-C/L-SKF","PHC08B2DRCLSKF","PHC 08B-2DR-C/L","Xích","Xích","87","xich","https://vongbicongnghiep.vn/san-pham/san-pham-14418/","https://vongbicongnghiep.vn/wp-content/uploads/2024/12/PHC-2CL.png","[""https://vongbicongnghiep.vn/wp-content/uploads/2024/12/PHC-2CL.png""]","","","[]","48000","out_of_stock","vongbicongnghiep.vn-wc-store-api-category-search-skf","2026-04-29T13:55:02.390Z"
"64601","SKF","PHC 08B-2C/L-SKF","PHC 08B-2C/L-SKF","PHC08B2CLSKF","PHC 08B-2C/L","Xích","Xích","87","xich","https://vongbicongnghiep.vn/san-pham/san-pham-14417/","https://vongbicongnghiep.vn/wp-content/uploads/2024/12/PHC-2CL.png","[""https://vongbicongnghiep.vn/wp-content/uploads/2024/12/PHC-2CL.png""]","","","[]","23000","out_of_stock","vongbicongnghiep.vn-wc-store-api-category-search-skf","2026-04-29T13:55:02.390Z"
"64600","SKF","PHC 08B-1ZPX10FT-SKF","PHC 08B-1ZPX10FT-SKF","PHC08B1ZPX10FTSKF","PHC 08B-1ZPX10FT","Xích","Xích","87","xich","https://vongbicongnghiep.vn/san-pham/san-pham-14416/","https://vongbicongnghiep.vn/wp-content/uploads/2024/12/PHC-1FT.png","[""https://vongbicongnghiep.vn/wp-content/uploads/2024/12/PHC-1FT.png"",""https://vongbicongnghiep.vn/wp-content/uploads/2024/12/BV-PHC-1FT.png""]","","","[]","578000","out_of_stock","vongbicongnghiep.vn-wc-store-api-category-search-skf","2026-04-29T13:55:02.390Z"
"64599","SKF","PHC 08B-1ZP-O/L-SKF","PHC 08B-1ZP-O/L-SKF","PHC08B1ZPOLSKF","PHC 08B-1ZP-O/L","Xích","Xích","87","xich","https://vongbicongnghiep.vn/san-pham/san-pham-14415/","https://vongbicongnghiep.vn/wp-content/uploads/2024/12/PHC-OL.png","[""https://vongbicongnghiep.vn/wp-content/uploads/2024/12/PHC-OL.png""]","","","[]","32000","out_of_stock","vongbicongnghiep.vn-wc-store-api-category-search-skf","2026-04-29T13:55:02.391Z"
"64598","SKF","PHC 08B-1ZP-C/L-SKF","PHC 08B-1ZP-C/L-SKF","PHC08B1ZPCLSKF","PHC 08B-1ZP-C/L","Xích","Xích","87","xich","https://vongbicongnghiep.vn/san-pham/san-pham-14414/","https://vongbicongnghiep.vn/wp-content/uploads/2024/12/PHC-CL.png","[""https://vongbicongnghiep.vn/wp-content/uploads/2024/12/PHC-CL.png""]","","","[]","15000","out_of_stock","vongbicongnghiep.vn-wc-store-api-category-search-skf","2026-04-29T13:55:02.391Z"
"64597","SKF","PHC 08B-1X5MTR-SKF","PHC 08B-1X5MTR-SKF","PHC08B1X5MTRSKF","PHC 08B-1X5MTR","Xích","Xích","87","xich","https://vongbicongnghiep.vn/san-pham/san-pham-14413/","https://vongbicongnghiep.vn/wp-content/uploads/2024/12/PHC-1FT.png","[""https://vongbicongnghiep.vn/wp-content/uploads/2024/12/PHC-1FT.png"",""https://vongbicongnghiep.vn/wp-content/uploads/2024/12/BV-PHC-1FT.png""]","","","[]","714000","out_of_stock","vongbicongnghiep.vn-wc-store-api-category-search-skf","2026-04-29T13:55:02.391Z"
"64596","SKF","PHC 08B-1X10FT-SKF","PHC 08B-1X10FT-SKF","PHC08B1X10FTSKF","PHC 08B-1X10FT","Xích","Xích","87","xich","https://vongbicongnghiep.vn/san-pham/san-pham-14412/","https://vongbicongnghiep.vn/wp-content/uploads/2024/12/PHC-1FT.png","[""https://vongbicongnghiep.vn/wp-content/uploads/2024/12/PHC-1FT.png"",""https://vongbicongnghiep.vn/wp-content/uploads/2024/12/BV-PHC-1FT.png""]","","","[]","433000","out_of_stock","vongbicongnghiep.vn-wc-store-api-category-search-skf","2026-04-29T13:55:02.391Z"
"64595","SKF","PHC 08B-1X100FT-SKF","PHC 08B-1X100FT-SKF","PHC08B1X100FTSKF","PHC 08B-1X100FT","Xích","Xích","87","xich","https://vongbicongnghiep.vn/san-pham/san-pham-14411/","https://vongbicongnghiep.vn/wp-content/uploads/2024/12/PHC-1FT.png","[""https://vongbicongnghiep.vn/wp-content/uploads/2024/12/PHC-1FT.png"",""https://vongbicongnghiep.vn/wp-content/uploads/2024/12/BV-PHC-1FT.png""]","","","[]","4344000","out_of_stock","vongbicongnghiep.vn-wc-store-api-category-search-skf","2026-04-29T13:55:02.391Z"
"64594","SKF","PHC 08B-1SSX10FT-SKF","PHC 08B-1SSX10FT-SKF","PHC08B1SSX10FTSKF","PHC 08B-1SSX10FT","Xích","Xích","87","xich","https://vongbicongnghiep.vn/san-pham/san-pham-14410/","https://vongbicongnghiep.vn/wp-content/uploads/2024/12/PHC-1FT.png","[""https://vongbicongnghiep.vn/wp-content/uploads/2024/12/PHC-1FT.png"",""https://vongbicongnghiep.vn/wp-content/uploads/2024/12/BV-PHC-1FT.png""]","","","[]","1922000","out_of_stock","vongbicongnghiep.vn-wc-store-api-category-search-skf","2026-04-29T13:55:02.391Z"
"64593","SKF","PHC 08B-1SS-O/L-SKF","PHC 08B-1SS-O/L-SKF","PHC08B1SSOLSKF","PHC 08B-1SS-O/L","Xích","Xích","87","xich","https://vongbicongnghiep.vn/san-pham/san-pham-14409/","https://vongbicongnghiep.vn/wp-content/uploads/2024/12/PHC-OL.png","[""https://vongbicongnghiep.vn/wp-content/uploads/2024/12/PHC-OL.png""]","","","[]","99000","out_of_stock","vongbicongnghiep.vn-wc-store-api-category-search-skf","2026-04-29T13:55:02.391Z"
"64592","SKF","PHC 08B-1SS-C/L-SKF","PHC 08B-1SS-C/L-SKF","PHC08B1SSCLSKF","PHC 08B-1SS-C/L","Xích","Xích","87","xich","https://vongbicongnghiep.vn/san-pham/san-pham-14408/","https://vongbicongnghiep.vn/wp-content/uploads/2024/12/PHC-CL.png","[""https://vongbicongnghiep.vn/wp-content/uploads/2024/12/PHC-CL.png""]","","","[]","48000","out_of_stock","vongbicongnghiep.vn-wc-store-api-category-search-skf","2026-04-29T13:55:02.391Z"
"64591","SKF","PHC 08B-1SLRX10FT-SKF","PHC 08B-1SLRX10FT-SKF","PHC08B1SLRX10FTSKF","PHC 08B-1SLRX10FT","Xích","Xích","87","xich","https://vongbicongnghiep.vn/san-pham/san-pham-14407/","https://vongbicongnghiep.vn/wp-content/uploads/2024/12/PHC-1FT.png","[""https://vongbicongnghiep.vn/wp-content/uploads/2024/12/PHC-1FT.png"",""https://vongbicongnghiep.vn/wp-content/uploads/2024/12/BV-PHC-1FT.png""]","","","[]","3580000","out_of_stock","vongbicongnghiep.vn-wc-store-api-category-search-skf","2026-04-29T13:55:02.391Z"
"64590","SKF","PHC 08B-1SLR-O/L-SKF","PHC 08B-1SLR-O/L-SKF","PHC08B1SLROLSKF","PHC 08B-1SLR-O/L","Xích","Xích","87","xich","https://vongbicongnghiep.vn/san-pham/san-pham-14406/","https://vongbicongnghiep.vn/wp-content/uploads/2024/12/PHC-OL.png","[""https://vongbicongnghiep.vn/wp-content/uploads/2024/12/PHC-OL.png""]","","","[]","81000","out_of_stock","vongbicongnghiep.vn-wc-store-api-category-search-skf","2026-04-29T13:55:02.391Z"
"64589","SKF","PHC 08B-1SLRF1X10FT-SKF","PHC 08B-1SLRF1X10FT-SKF","PHC08B1SLRF1X10FTSKF","PHC 08B-1SLRF1X10FT","Xích","Xích","87","xich","https://vongbicongnghiep.vn/san-pham/san-pham-14405/","https://vongbicongnghiep.vn/wp-content/uploads/2024/12/PHC-1FT.png","[""https://vongbicongnghiep.vn/wp-content/uploads/2024/12/PHC-1FT.png"",""https://vongbicongnghiep.vn/wp-content/uploads/2024/12/BV-PHC-1FT.png""]","","","[]","2689000","out_of_stock","vongbicongnghiep.vn-wc-store-api-category-search-skf","2026-04-29T13:55:02.391Z"
"64588","SKF","PHC 08B-1SLR-C/L-SKF","PHC 08B-1SLR-C/L-SKF","PHC08B1SLRCLSKF","PHC 08B-1SLR-C/L","Xích","Xích","87","xich","https://vongbicongnghiep.vn/san-pham/san-pham-14404/","https://vongbicongnghiep.vn/wp-content/uploads/2024/12/PHC-CL.png","[""https://vongbicongnghiep.vn/wp-content/uploads/2024/12/PHC-CL.png""]","","","[]","28000","out_of_stock","vongbicongnghiep.vn-wc-store-api-category-search-skf","2026-04-29T13:55:02.391Z"
"64587","SKF","PHC 08B-1SBX10FT-SKF","PHC 08B-1SBX10FT-SKF","PHC08B1SBX10FTSKF","PHC 08B-1SBX10FT","Xích","Xích","87","xich","https://vongbicongnghiep.vn/san-pham/san-pham-14403/","https://vongbicongnghiep.vn/wp-content/uploads/2024/12/PHC-1FT.png","[""https://vongbicongnghiep.vn/wp-content/uploads/2024/12/PHC-1FT.png"",""https://vongbicongnghiep.vn/wp-content/uploads/2024/12/BV-PHC-1FT.png""]","","","[]","1458000","out_of_stock","vongbicongnghiep.vn-wc-store-api-category-search-skf","2026-04-29T13:55:02.391Z"
"64586","SKF","PHC 08B-1O/L-SKF","PHC 08B-1O/L-SKF","PHC08B1OLSKF","PHC 08B-1O/L","Xích","Xích","87","xich","https://vongbicongnghiep.vn/san-pham/san-pham-14402/","https://vongbicongnghiep.vn/wp-content/uploads/2024/12/PHC-OL.png","[""https://vongbicongnghiep.vn/wp-content/uploads/2024/12/PHC-OL.png""]","","","[]","23000","out_of_stock","vongbicongnghiep.vn-wc-store-api-category-search-skf","2026-04-29T13:55:02.391Z"
"64585","SKF","PHC 08B-1NPX10FT-SKF","PHC 08B-1NPX10FT-SKF","PHC08B1NPX10FTSKF","PHC 08B-1NPX10FT","Xích","Xích","87","xich","https://vongbicongnghiep.vn/san-pham/san-pham-14401/","https://vongbicongnghiep.vn/wp-content/uploads/2024/12/PHC-1FT.png","[""https://vongbicongnghiep.vn/wp-content/uploads/2024/12/PHC-1FT.png"",""https://vongbicongnghiep.vn/wp-content/uploads/2024/12/BV-PHC-1FT.png""]","","","[]","668000","out_of_stock","vongbicongnghiep.vn-wc-store-api-category-search-skf","2026-04-29T13:55:02.391Z"
"64584","SKF","PHC 08B-1NP-O/L-SKF","PHC 08B-1NP-O/L-SKF","PHC08B1NPOLSKF","PHC 08B-1NP-O/L","Xích","Xích","87","xich","https://vongbicongnghiep.vn/san-pham/san-pham-14400/","https://vongbicongnghiep.vn/wp-content/uploads/2024/12/PHC-OL.png","[""https://vongbicongnghiep.vn/wp-content/uploads/2024/12/PHC-OL.png""]","","","[]","38000","out_of_stock","vongbicongnghiep.vn-wc-store-api-category-search-skf","2026-04-29T13:55:02.391Z"
"64583","SKF","PHC 08B-1NP-C/L-SKF","PHC 08B-1NP-C/L-SKF","PHC08B1NPCLSKF","PHC 08B-1NP-C/L","Xích","Xích","87","xich","https://vongbicongnghiep.vn/san-pham/san-pham-14399/","https://vongbicongnghiep.vn/wp-content/uploads/2024/12/PHC-CL.png","[""https://vongbicongnghiep.vn/wp-content/uploads/2024/12/PHC-CL.png""]","","","[]","19000","out_of_stock","vongbicongnghiep.vn-wc-store-api-category-search-skf","2026-04-29T13:55:02.391Z"
"64582","SKF","PHC 08B-1DRX10FT-SKF","PHC 08B-1DRX10FT-SKF","PHC08B1DRX10FTSKF","PHC 08B-1DRX10FT","Xích","Xích","87","xich","https://vongbicongnghiep.vn/san-pham/san-pham-14398/","https://vongbicongnghiep.vn/wp-content/uploads/2024/12/PHC-1FT.png","[""https://vongbicongnghiep.vn/wp-content/uploads/2024/12/PHC-1FT.png"",""https://vongbicongnghiep.vn/wp-content/uploads/2024/12/BV-PHC-1FT.png""]","","","[]","747000","out_of_stock","vongbicongnghiep.vn-wc-store-api-category-search-skf","2026-04-29T13:55:02.391Z"
"64581","SKF","PHC 08B-1DR-O/L-SKF","PHC 08B-1DR-O/L-SKF","PHC08B1DROLSKF","PHC 08B-1DR-O/L","Xích","Xích","87","xich","https://vongbicongnghiep.vn/san-pham/san-pham-14397/","https://vongbicongnghiep.vn/wp-content/uploads/2024/12/PHC-OL.png","[""https://vongbicongnghiep.vn/wp-content/uploads/2024/12/PHC-OL.png""]","","","[]","48000","out_of_stock","vongbicongnghiep.vn-wc-store-api-category-search-skf","2026-04-29T13:55:02.391Z"
"64580","SKF","PHC 08B-1DR-C/L-SKF","PHC 08B-1DR-C/L-SKF","PHC08B1DRCLSKF","PHC 08B-1DR-C/L","Xích","Xích","87","xich","https://vongbicongnghiep.vn/san-pham/san-pham-14396/","https://vongbicongnghiep.vn/wp-content/uploads/2024/12/PHC-CL.png","[""https://vongbicongnghiep.vn/wp-content/uploads/2024/12/PHC-CL.png""]","","","[]","22000","out_of_stock","vongbicongnghiep.vn-wc-store-api-category-search-skf","2026-04-29T13:55:02.391Z"
"64579","SKF","PHC 08B-1C/L-SKF","PHC 08B-1C/L-SKF","PHC08B1CLSKF","PHC 08B-1C/L","Xích","Xích","87","xich","https://vongbicongnghiep.vn/san-pham/san-pham-14395/","https://vongbicongnghiep.vn/wp-content/uploads/2024/12/PHC-CL.png","[""https://vongbicongnghiep.vn/wp-content/uploads/2024/12/PHC-CL.png""]","","","[]","12000","in_stock","vongbicongnghiep.vn-wc-store-api-category-search-skf","2026-04-29T13:55:02.391Z"
"64578","SKF","PHC 06B-3X10FT-SKF","PHC 06B-3X10FT-SKF","PHC06B3X10FTSKF","PHC 06B-3X10FT","Xích","Xích","87","xich","https://vongbicongnghiep.vn/san-pham/san-pham-14394/","https://vongbicongnghiep.vn/wp-content/uploads/2024/12/PHC-3FT.png","[""https://vongbicongnghiep.vn/wp-content/uploads/2024/12/PHC-3FT.png"",""https://vongbicongnghiep.vn/wp-content/uploads/product_images/truyen-dong/xich/xich-ansi.jpg""]","","","[]","1459000","out_of_stock","vongbicongnghiep.vn-wc-store-api-category-search-skf","2026-04-29T13:55:02.391Z"
"64577","SKF","PHC 06B-3O/L-SKF","PHC 06B-3O/L-SKF","PHC06B3OLSKF","PHC 06B-3O/L","Xích","Xích","87","xich","https://vongbicongnghiep.vn/san-pham/san-pham-14393/","https://vongbicongnghiep.vn/wp-content/uploads/2024/12/PHC-3CL.png","[""https://vongbicongnghiep.vn/wp-content/uploads/2024/12/PHC-3CL.png""]","","","[]","54000","out_of_stock","vongbicongnghiep.vn-wc-store-api-category-search-skf","2026-04-29T13:55:02.391Z"
"64576","SKF","PHC 06B-3C/L-SKF","PHC 06B-3C/L-SKF","PHC06B3CLSKF","PHC 06B-3C/L","Xích","Xích","87","xich","https://vongbicongnghiep.vn/san-pham/san-pham-14392/","https://vongbicongnghiep.vn/wp-content/uploads/2024/12/PHC-3OL.png","[""https://vongbicongnghiep.vn/wp-content/uploads/2024/12/PHC-3OL.png""]","","","[]","31000","out_of_stock","vongbicongnghiep.vn-wc-store-api-category-search-skf","2026-04-29T13:55:02.391Z"
"64575","SKF","PHC 06B-2ZPX10FT-SKF","PHC 06B-2ZPX10FT-SKF","PHC06B2ZPX10FTSKF","PHC 06B-2ZPX10FT","Xích","Xích","87","xich","https://vongbicongnghiep.vn/san-pham/san-pham-14391/","https://vongbicongnghiep.vn/wp-content/uploads/2024/12/PHC-2FT.png","[""https://vongbicongnghiep.vn/wp-content/uploads/2024/12/PHC-2FT.png"",""https://vongbicongnghiep.vn/wp-content/uploads/product_images/truyen-dong/xich/xich-ansi.jpg""]","","","[]","924000","out_of_stock","vongbicongnghiep.vn-wc-store-api-category-search-skf","2026-04-29T13:55:02.391Z"
"64574","SKF","PHC 06B-2ZP-O/L-SKF","PHC 06B-2ZP-O/L-SKF","PHC06B2ZPOLSKF","PHC 06B-2ZP-O/L","Xích","Xích","87","xich","https://vongbicongnghiep.vn/san-pham/san-pham-14390/","https://vongbicongnghiep.vn/wp-content/uploads/2024/12/PHC-2OL.png","[""https://vongbicongnghiep.vn/wp-content/uploads/2024/12/PHC-2OL.png""]","","","[]","49000","out_of_stock","vongbicongnghiep.vn-wc-store-api-category-search-skf","2026-04-29T13:55:02.391Z"
"64573","SKF","PHC 06B-2ZP-C/L-SKF","PHC 06B-2ZP-C/L-SKF","PHC06B2ZPCLSKF","PHC 06B-2ZP-C/L","Xích","Xích","87","xich","https://vongbicongnghiep.vn/san-pham/san-pham-14389/","https://vongbicongnghiep.vn/wp-content/uploads/2024/12/PHC-2CL.png","[""https://vongbicongnghiep.vn/wp-content/uploads/2024/12/PHC-2CL.png""]","","","[]","25000","out_of_stock","vongbicongnghiep.vn-wc-store-api-category-search-skf","2026-04-29T13:55:02.391Z"
"64572","SKF","PHC 06B-2SSX10FT-SKF","PHC 06B-2SSX10FT-SKF","PHC06B2SSX10FTSKF","PHC 06B-2SSX10FT","Xích","Xích","87","xich","https://vongbicongnghiep.vn/san-pham/san-pham-14388/","https://vongbicongnghiep.vn/wp-content/uploads/2024/12/PHC-2FT.png","[""https://vongbicongnghiep.vn/wp-content/uploads/2024/12/PHC-2FT.png"",""https://vongbicongnghiep.vn/wp-content/uploads/product_images/truyen-dong/xich/xich-ansi.jpg""]","","","[]","2957000","out_of_stock","vongbicongnghiep.vn-wc-store-api-category-search-skf","2026-04-29T13:55:02.391Z"
"64571","SKF","PHC 06B-2SS-O/L-SKF","PHC 06B-2SS-O/L-SKF","PHC06B2SSOLSKF","PHC 06B-2SS-O/L","Xích","Xích","87","xich","https://vongbicongnghiep.vn/san-pham/san-pham-14387/","https://vongbicongnghiep.vn/wp-content/uploads/2024/12/PHC-2OL.png","[""https://vongbicongnghiep.vn/wp-content/uploads/2024/12/PHC-2OL.png""]","","","[]","153000","out_of_stock","vongbicongnghiep.vn-wc-store-api-category-search-skf","2026-04-29T13:55:02.391Z"
"64570","SKF","PHC 06B-2SS-C/L-SKF","PHC 06B-2SS-C/L-SKF","PHC06B2SSCLSKF","PHC 06B-2SS-C/L","Xích","Xích","87","xich","https://vongbicongnghiep.vn/san-pham/san-pham-14386/","https://vongbicongnghiep.vn/wp-content/uploads/2024/12/PHC-2CL.png","[""https://vongbicongnghiep.vn/wp-content/uploads/2024/12/PHC-2CL.png""]","","","[]","77000","out_of_stock","vongbicongnghiep.vn-wc-store-api-category-search-skf","2026-04-29T13:55:02.391Z"
"64569","SKF","PHC 06B-2O/L-SKF","PHC 06B-2O/L-SKF","PHC06B2OLSKF","PHC 06B-2O/L","Xích","Xích","87","xich","https://vongbicongnghiep.vn/san-pham/san-pham-14385/","https://vongbicongnghiep.vn/wp-content/uploads/2024/12/PHC-2OL.png","[""https://vongbicongnghiep.vn/wp-content/uploads/2024/12/PHC-2OL.png""]","","","[]","33000","out_of_stock","vongbicongnghiep.vn-wc-store-api-category-search-skf","2026-04-29T13:55:02.391Z"
"64568","SKF","PHC 06B-2NPX10FT-SKF","PHC 06B-2NPX10FT-SKF","PHC06B2NPX10FTSKF","PHC 06B-2NPX10FT","Xích","Xích","87","xich","https://vongbicongnghiep.vn/san-pham/san-pham-14384/","https://vongbicongnghiep.vn/wp-content/uploads/2024/12/PHC-2FT.png","[""https://vongbicongnghiep.vn/wp-content/uploads/2024/12/PHC-2FT.png"",""https://vongbicongnghiep.vn/wp-content/uploads/product_images/truyen-dong/xich/xich-ansi.jpg""]","","","[]","1029000","out_of_stock","vongbicongnghiep.vn-wc-store-api-category-search-skf","2026-04-29T13:55:02.391Z"
"64567","SKF","PHC 06B-2NP-O/L-SKF","PHC 06B-2NP-O/L-SKF","PHC06B2NPOLSKF","PHC 06B-2NP-O/L","Xích","Xích","87","xich","https://vongbicongnghiep.vn/san-pham/san-pham-14383/","https://vongbicongnghiep.vn/wp-content/uploads/2024/12/PHC-2OL.png","[""https://vongbicongnghiep.vn/wp-content/uploads/2024/12/PHC-2OL.png""]","","","[]","42000","out_of_stock","vongbicongnghiep.vn-wc-store-api-category-search-skf","2026-04-29T13:55:02.391Z"
"64566","SKF","PHC 06B-2NP-C/L-SKF","PHC 06B-2NP-C/L-SKF","PHC06B2NPCLSKF","PHC 06B-2NP-C/L","Xích","Xích","87","xich","https://vongbicongnghiep.vn/san-pham/san-pham-14382/","https://vongbicongnghiep.vn/wp-content/uploads/2024/12/PHC-2CL.png","[""https://vongbicongnghiep.vn/wp-content/uploads/2024/12/PHC-2CL.png""]","","","[]","20000","out_of_stock","vongbicongnghiep.vn-wc-store-api-category-search-skf","2026-04-29T13:55:02.391Z"
"64565","SKF","PHC 06B-2DRX10FT-SKF","PHC 06B-2DRX10FT-SKF","PHC06B2DRX10FTSKF","PHC 06B-2DRX10FT","Xích","Xích","87","xich","https://vongbicongnghiep.vn/san-pham/san-pham-14381/","https://vongbicongnghiep.vn/wp-content/uploads/2024/12/PHC-2FT.png","[""https://vongbicongnghiep.vn/wp-content/uploads/2024/12/PHC-2FT.png"",""https://vongbicongnghiep.vn/wp-content/uploads/product_images/truyen-dong/xich/xich-ansi.jpg""]","","","[]","1331000","out_of_stock","vongbicongnghiep.vn-wc-store-api-category-search-skf","2026-04-29T13:55:02.391Z"
"64564","SKF","PHC 06B-2DR-O/L-SKF","PHC 06B-2DR-O/L-SKF","PHC06B2DROLSKF","PHC 06B-2DR-O/L","Xích","Xích","87","xich","https://vongbicongnghiep.vn/san-pham/san-pham-14380/","https://vongbicongnghiep.vn/wp-content/uploads/2024/12/PHC-2OL.png","[""https://vongbicongnghiep.vn/wp-content/uploads/2024/12/PHC-2OL.png""]","","","[]","62000","out_of_stock","vongbicongnghiep.vn-wc-store-api-category-search-skf","2026-04-29T13:55:02.391Z"
"64563","SKF","PHC 06B-2DR-C/L-SKF","PHC 06B-2DR-C/L-SKF","PHC06B2DRCLSKF","PHC 06B-2DR-C/L","Xích","Xích","87","xich","https://vongbicongnghiep.vn/san-pham/san-pham-14379/","https://vongbicongnghiep.vn/wp-content/uploads/2024/12/PHC-2CL.png","[""https://vongbicongnghiep.vn/wp-content/uploads/2024/12/PHC-2CL.png""]","","","[]","32000","out_of_stock","vongbicongnghiep.vn-wc-store-api-category-search-skf","2026-04-29T13:55:02.391Z"
"64562","SKF","PHC 06B-2C/L-SKF","PHC 06B-2C/L-SKF","PHC06B2CLSKF","PHC 06B-2C/L","Xích","Xích","87","xich","https://vongbicongnghiep.vn/san-pham/san-pham-14378/","https://vongbicongnghiep.vn/wp-content/uploads/2024/12/PHC-2CL.png","[""https://vongbicongnghiep.vn/wp-content/uploads/2024/12/PHC-2CL.png""]","","","[]","18000","in_stock","vongbicongnghiep.vn-wc-store-api-category-search-skf","2026-04-29T13:55:02.391Z"
"64561","SKF","PHC 06B-1ZPX10FT-SKF","PHC 06B-1ZPX10FT-SKF","PHC06B1ZPX10FTSKF","PHC 06B-1ZPX10FT","Xích","Xích","87","xich","https://vongbicongnghiep.vn/san-pham/san-pham-14377/","https://vongbicongnghiep.vn/wp-content/uploads/2024/12/PHC-1FT.png","[""https://vongbicongnghiep.vn/wp-content/uploads/2024/12/PHC-1FT.png"",""https://vongbicongnghiep.vn/wp-content/uploads/2024/12/BV-PHC-1FT.png""]","","","[]","462000","out_of_stock","vongbicongnghiep.vn-wc-store-api-category-search-skf","2026-04-29T13:55:02.391Z"
"64560","SKF","PHC 06B-1ZP-O/L-SKF","PHC 06B-1ZP-O/L-SKF","PHC06B1ZPOLSKF","PHC 06B-1ZP-O/L","Xích","Xích","87","xich","https://vongbicongnghiep.vn/san-pham/san-pham-14376/","https://vongbicongnghiep.vn/wp-content/uploads/2024/12/PHC-OL.png","[""https://vongbicongnghiep.vn/wp-content/uploads/2024/12/PHC-OL.png""]","","","[]","25000","out_of_stock","vongbicongnghiep.vn-wc-store-api-category-search-skf","2026-04-29T13:55:02.391Z"
"64559","SKF","PHC 06B-1ZP-C/L-SKF","PHC 06B-1ZP-C/L-SKF","PHC06B1ZPCLSKF","PHC 06B-1ZP-C/L","Xích","Xích","87","xich","https://vongbicongnghiep.vn/san-pham/san-pham-14375/","https://vongbicongnghiep.vn/wp-content/uploads/2024/12/PHC-CL.png","[""https://vongbicongnghiep.vn/wp-content/uploads/2024/12/PHC-CL.png""]","","","[]","13000","out_of_stock","vongbicongnghiep.vn-wc-store-api-category-search-skf","2026-04-29T13:55:02.391Z"
"64558","SKF","PHC 06B-1X5MTR-SKF","PHC 06B-1X5MTR-SKF","PHC06B1X5MTRSKF","PHC 06B-1X5MTR","Xích","Xích","87","xich","https://vongbicongnghiep.vn/san-pham/san-pham-14374/","https://vongbicongnghiep.vn/wp-content/uploads/2024/12/PHC-1FT.png","[""https://vongbicongnghiep.vn/wp-content/uploads/2024/12/PHC-1FT.png"",""https://vongbicongnghiep.vn/wp-content/uploads/2024/12/BV-PHC-1FT.png""]","","","[]","674000","out_of_stock","vongbicongnghiep.vn-wc-store-api-category-search-skf","2026-04-29T13:55:02.391Z"
"64557","SKF","PHC 06B-1X10FT-SKF","PHC 06B-1X10FT-SKF","PHC06B1X10FTSKF","PHC 06B-1X10FT","Xích","Xích","87","xich","https://vongbicongnghiep.vn/san-pham/san-pham-14373/","https://vongbicongnghiep.vn/wp-content/uploads/2024/12/PHC-1FT.png","[""https://vongbicongnghiep.vn/wp-content/uploads/2024/12/PHC-1FT.png"",""https://vongbicongnghiep.vn/wp-content/uploads/2024/12/BV-PHC-1FT.png""]","","","[]","412000","in_stock","vongbicongnghiep.vn-wc-store-api-category-search-skf","2026-04-29T13:55:02.391Z"
"64556","SKF","PHC 06B-1SSX10FT-SKF","PHC 06B-1SSX10FT-SKF","PHC06B1SSX10FTSKF","PHC 06B-1SSX10FT","Xích","Xích","87","xich","https://vongbicongnghiep.vn/san-pham/san-pham-14372/","https://vongbicongnghiep.vn/wp-content/uploads/2024/12/PHC-1FT.png","[""https://vongbicongnghiep.vn/wp-content/uploads/2024/12/PHC-1FT.png"",""https://vongbicongnghiep.vn/wp-content/uploads/2024/12/BV-PHC-1FT.png""]","","","[]","1479000","out_of_stock","vongbicongnghiep.vn-wc-store-api-category-search-skf","2026-04-29T13:55:02.391Z"
"64555","SKF","PHC 06B-1SS-O/L-SKF","PHC 06B-1SS-O/L-SKF","PHC06B1SSOLSKF","PHC 06B-1SS-O/L","Xích","Xích","87","xich","https://vongbicongnghiep.vn/san-pham/san-pham-14371/","https://vongbicongnghiep.vn/wp-content/uploads/2024/12/PHC-OL.png","[""https://vongbicongnghiep.vn/wp-content/uploads/2024/12/PHC-OL.png""]","","","[]","77000","out_of_stock","vongbicongnghiep.vn-wc-store-api-category-search-skf","2026-04-29T13:55:02.391Z"
"64554","SKF","PHC 06B-1SSCL-SKF","PHC 06B-1SSCL-SKF","PHC06B1SSCLSKF","PHC 06B-1SSCL","Xích","Xích","87","xich","https://vongbicongnghiep.vn/san-pham/san-pham-14370/","https://vongbicongnghiep.vn/wp-content/uploads/2024/12/PHC-1FT.png","[""https://vongbicongnghiep.vn/wp-content/uploads/2024/12/PHC-1FT.png"",""https://vongbicongnghiep.vn/wp-content/uploads/2024/12/BV-PHC-1FT.png""]","","","[]","0","in_stock","vongbicongnghiep.vn-wc-store-api-category-search-skf","2026-04-29T13:55:02.391Z"
"64553","SKF","PHC 06B-1SS-C/L-SKF","PHC 06B-1SS-C/L-SKF","PHC06B1SSCLSKF","PHC 06B-1SS-C/L","Xích","Xích","87","xich","https://vongbicongnghiep.vn/san-pham/san-pham-14369/","https://vongbicongnghiep.vn/wp-content/uploads/2024/12/PHC-CL.png","[""https://vongbicongnghiep.vn/wp-content/uploads/2024/12/PHC-CL.png""]","","","[]","40000","out_of_stock","vongbicongnghiep.vn-wc-store-api-category-search-skf","2026-04-29T13:55:02.391Z"
"64552","SKF","PHC 06B-1SLRX10FT-SKF","PHC 06B-1SLRX10FT-SKF","PHC06B1SLRX10FTSKF","PHC 06B-1SLRX10FT","Xích","Xích","87","xich","https://vongbicongnghiep.vn/san-pham/san-pham-14368/","https://vongbicongnghiep.vn/wp-content/uploads/2024/12/PHC-1FT.png","[""https://vongbicongnghiep.vn/wp-content/uploads/2024/12/PHC-1FT.png"",""https://vongbicongnghiep.vn/wp-content/uploads/2024/12/BV-PHC-1FT.png""]","","","[]","3092000","out_of_stock","vongbicongnghiep.vn-wc-store-api-category-search-skf","2026-04-29T13:55:02.391Z"
"64551","SKF","PHC 06B-1SLR-O/L-SKF","PHC 06B-1SLR-O/L-SKF","PHC06B1SLROLSKF","PHC 06B-1SLR-O/L","Xích","Xích","87","xich","https://vongbicongnghiep.vn/san-pham/san-pham-14367/","https://vongbicongnghiep.vn/wp-content/uploads/2024/12/PHC-OL.png","[""https://vongbicongnghiep.vn/wp-content/uploads/2024/12/PHC-OL.png""]","","","[]","32000","out_of_stock","vongbicongnghiep.vn-wc-store-api-category-search-skf","2026-04-29T13:55:02.391Z"
"64550","SKF","PHC 06B-1O/L-SKF","PHC 06B-1O/L-SKF","PHC06B1OLSKF","PHC 06B-1O/L","Xích","Xích","87","xich","https://vongbicongnghiep.vn/san-pham/san-pham-14366/","https://vongbicongnghiep.vn/wp-content/uploads/2024/12/PHC-OL.png","[""https://vongbicongnghiep.vn/wp-content/uploads/2024/12/PHC-OL.png""]","","","[]","17000","out_of_stock","vongbicongnghiep.vn-wc-store-api-category-search-skf","2026-04-29T13:55:02.391Z"
"64549","SKF","PHC 06B-1NPX10FT-SKF","PHC 06B-1NPX10FT-SKF","PHC06B1NPX10FTSKF","PHC 06B-1NPX10FT","Xích","Xích","87","xich","https://vongbicongnghiep.vn/san-pham/san-pham-14365/","https://vongbicongnghiep.vn/wp-content/uploads/2024/12/PHC-1FT.png","[""https://vongbicongnghiep.vn/wp-content/uploads/2024/12/PHC-1FT.png"",""https://vongbicongnghiep.vn/wp-content/uploads/2024/12/BV-PHC-1FT.png""]","","","[]","514000","out_of_stock","vongbicongnghiep.vn-wc-store-api-category-search-skf","2026-04-29T13:55:02.391Z"
"64548","SKF","PHC 06B-1NP-O/L-SKF","PHC 06B-1NP-O/L-SKF","PHC06B1NPOLSKF","PHC 06B-1NP-O/L","Xích","Xích","87","xich","https://vongbicongnghiep.vn/san-pham/san-pham-14364/","https://vongbicongnghiep.vn/wp-content/uploads/2024/12/PHC-OL.png","[""https://vongbicongnghiep.vn/wp-content/uploads/2024/12/PHC-OL.png""]","","","[]","20000","out_of_stock","vongbicongnghiep.vn-wc-store-api-category-search-skf","2026-04-29T13:55:02.391Z"
"64547","SKF","PHC 06B-1NP-C/L-SKF","PHC 06B-1NP-C/L-SKF","PHC06B1NPCLSKF","PHC 06B-1NP-C/L","Xích","Xích","87","xich","https://vongbicongnghiep.vn/san-pham/san-pham-14363/","https://vongbicongnghiep.vn/wp-content/uploads/2024/12/PHC-CL.png","[""https://vongbicongnghiep.vn/wp-content/uploads/2024/12/PHC-CL.png""]","","","[]","11000","out_of_stock","vongbicongnghiep.vn-wc-store-api-category-search-skf","2026-04-29T13:55:02.391Z"
"64546","SKF","PHC 06B-1DRX10FT-SKF","PHC 06B-1DRX10FT-SKF","PHC06B1DRX10FTSKF","PHC 06B-1DRX10FT","Xích","Xích","87","xich","https://vongbicongnghiep.vn/san-pham/san-pham-14362/","https://vongbicongnghiep.vn/wp-content/uploads/2024/12/PHC-1FT.png","[""https://vongbicongnghiep.vn/wp-content/uploads/2024/12/PHC-1FT.png"",""https://vongbicongnghiep.vn/wp-content/uploads/2024/12/BV-PHC-1FT.png""]","","","[]","665000","out_of_stock","vongbicongnghiep.vn-wc-store-api-category-search-skf","2026-04-29T13:55:02.391Z"
"64545","SKF","PHC 06B-1DR-O/L-SKF","PHC 06B-1DR-O/L-SKF","PHC06B1DROLSKF","PHC 06B-1DR-O/L","Xích","Xích","87","xich","https://vongbicongnghiep.vn/san-pham/san-pham-14361/","https://vongbicongnghiep.vn/wp-content/uploads/2024/12/PHC-OL.png","[""https://vongbicongnghiep.vn/wp-content/uploads/2024/12/PHC-OL.png""]","","","[]","32000","out_of_stock","vongbicongnghiep.vn-wc-store-api-category-search-skf","2026-04-29T13:55:02.391Z"
"64544","SKF","PHC 06B-1DR-C/L-SKF","PHC 06B-1DR-C/L-SKF","PHC06B1DRCLSKF","PHC 06B-1DR-C/L","Xích","Xích","87","xich","https://vongbicongnghiep.vn/san-pham/san-pham-14360/","https://vongbicongnghiep.vn/wp-content/uploads/2024/12/PHC-CL.png","[""https://vongbicongnghiep.vn/wp-content/uploads/2024/12/PHC-CL.png""]","","","[]","15000","out_of_stock","vongbicongnghiep.vn-wc-store-api-category-search-skf","2026-04-29T13:55:02.391Z"
"64543","SKF","PHC 06B-1C/L-SKF","PHC 06B-1C/L-SKF","PHC06B1CLSKF","PHC 06B-1C/L","Xích","Xích","87","xich","https://vongbicongnghiep.vn/san-pham/san-pham-14359/","https://vongbicongnghiep.vn/wp-content/uploads/2024/12/PHC-CL.png","[""https://vongbicongnghiep.vn/wp-content/uploads/2024/12/PHC-CL.png""]","","","[]","9000","in_stock","vongbicongnghiep.vn-wc-store-api-category-search-skf","2026-04-29T13:55:02.391Z"
"64542","SKF","PHC 05B-3O/L-SKF","PHC 05B-3O/L-SKF","PHC05B3OLSKF","PHC 05B-3O/L","Xích","Xích","87","xich","https://vongbicongnghiep.vn/san-pham/san-pham-14358/","https://vongbicongnghiep.vn/wp-content/uploads/2024/12/PHC-3CL.png","[""https://vongbicongnghiep.vn/wp-content/uploads/2024/12/PHC-3CL.png""]","","","[]","72000","out_of_stock","vongbicongnghiep.vn-wc-store-api-category-search-skf","2026-04-29T13:55:02.391Z"
"64541","SKF","PHC 05B-2ZPX10FT-SKF","PHC 05B-2ZPX10FT-SKF","PHC05B2ZPX10FTSKF","PHC 05B-2ZPX10FT","Xích","Xích","87","xich","https://vongbicongnghiep.vn/san-pham/san-pham-14357/","https://vongbicongnghiep.vn/wp-content/uploads/2024/12/PHC-2FT.png","[""https://vongbicongnghiep.vn/wp-content/uploads/2024/12/PHC-2FT.png"",""https://vongbicongnghiep.vn/wp-content/uploads/product_images/truyen-dong/xich/xich-ansi.jpg""]","","","[]","1886000","out_of_stock","vongbicongnghiep.vn-wc-store-api-category-search-skf","2026-04-29T13:55:02.391Z"
"64540","SKF","PHC 05B-2ZP-O/L-SKF","PHC 05B-2ZP-O/L-SKF","PHC05B2ZPOLSKF","PHC 05B-2ZP-O/L","Xích","Xích","87","xich","https://vongbicongnghiep.vn/san-pham/san-pham-14356/","https://vongbicongnghiep.vn/wp-content/uploads/2024/12/PHC-2OL.png","[""https://vongbicongnghiep.vn/wp-content/uploads/2024/12/PHC-2OL.png""]","","","[]","93000","out_of_stock","vongbicongnghiep.vn-wc-store-api-category-search-skf","2026-04-29T13:55:02.391Z"
"64539","SKF","PHC 05B-2ZP-C/L-SKF","PHC 05B-2ZP-C/L-SKF","PHC05B2ZPCLSKF","PHC 05B-2ZP-C/L","Xích","Xích","87","xich","https://vongbicongnghiep.vn/san-pham/san-pham-14355/","https://vongbicongnghiep.vn/wp-content/uploads/2024/12/PHC-2CL.png","[""https://vongbicongnghiep.vn/wp-content/uploads/2024/12/PHC-2CL.png""]","","","[]","48000","out_of_stock","vongbicongnghiep.vn-wc-store-api-category-search-skf","2026-04-29T13:55:02.391Z"
"64538","SKF","PHC 05B-2X10FT-SKF","PHC 05B-2X10FT-SKF","PHC05B2X10FTSKF","PHC 05B-2X10FT","Xích","Xích","87","xich","https://vongbicongnghiep.vn/san-pham/san-pham-14354/","https://vongbicongnghiep.vn/wp-content/uploads/2024/12/PHC-2FT.png","[""https://vongbicongnghiep.vn/wp-content/uploads/2024/12/PHC-2FT.png"",""https://vongbicongnghiep.vn/wp-content/uploads/product_images/truyen-dong/xich/xich-ansi.jpg""]","","","[]","1387000","out_of_stock","vongbicongnghiep.vn-wc-store-api-category-search-skf","2026-04-29T13:55:02.391Z"
"64537","SKF","PHC 05B-2SSX10FT-SKF","PHC 05B-2SSX10FT-SKF","PHC05B2SSX10FTSKF","PHC 05B-2SSX10FT","Xích","Xích","87","xich","https://vongbicongnghiep.vn/san-pham/san-pham-14353/","https://vongbicongnghiep.vn/wp-content/uploads/2024/12/PHC-2FT.png","[""https://vongbicongnghiep.vn/wp-content/uploads/2024/12/PHC-2FT.png"",""https://vongbicongnghiep.vn/wp-content/uploads/product_images/truyen-dong/xich/xich-ansi.jpg""]","","","[]","2249000","out_of_stock","vongbicongnghiep.vn-wc-store-api-category-search-skf","2026-04-29T13:55:02.391Z"
"64536","SKF","PHC 05B-2SS-O/L-SKF","PHC 05B-2SS-O/L-SKF","PHC05B2SSOLSKF","PHC 05B-2SS-O/L","Xích","Xích","87","xich","https://vongbicongnghiep.vn/san-pham/san-pham-14352/","https://vongbicongnghiep.vn/wp-content/uploads/2024/12/PHC-2OL.png","[""https://vongbicongnghiep.vn/wp-content/uploads/2024/12/PHC-2OL.png""]","","","[]","345000","out_of_stock","vongbicongnghiep.vn-wc-store-api-category-search-skf","2026-04-29T13:55:02.391Z"
"64535","SKF","PHC 05B-2SS-C/L-SKF","PHC 05B-2SS-C/L-SKF","PHC05B2SSCLSKF","PHC 05B-2SS-C/L","Xích","Xích","87","xich","https://vongbicongnghiep.vn/san-pham/san-pham-14351/","https://vongbicongnghiep.vn/wp-content/uploads/2024/12/PHC-2CL.png","[""https://vongbicongnghiep.vn/wp-content/uploads/2024/12/PHC-2CL.png""]","","","[]","172000","out_of_stock","vongbicongnghiep.vn-wc-store-api-category-search-skf","2026-04-29T13:55:02.391Z"
"64534","SKF","PHC 05B-2O/L-SKF","PHC 05B-2O/L-SKF","PHC05B2OLSKF","PHC 05B-2O/L","Xích","Xích","87","xich","https://vongbicongnghiep.vn/san-pham/san-pham-14350/","https://vongbicongnghiep.vn/wp-content/uploads/2024/12/PHC-2OL.png","[""https://vongbicongnghiep.vn/wp-content/uploads/2024/12/PHC-2OL.png""]","","","[]","43000","out_of_stock","vongbicongnghiep.vn-wc-store-api-category-search-skf","2026-04-29T13:55:02.391Z"
"64533","SKF","PHC 05B-2NPX10FT-SKF","PHC 05B-2NPX10FT-SKF","PHC05B2NPX10FTSKF","PHC 05B-2NPX10FT","Xích","Xích","87","xich","https://vongbicongnghiep.vn/san-pham/san-pham-14349/","https://vongbicongnghiep.vn/wp-content/uploads/2024/12/PHC-2FT.png","[""https://vongbicongnghiep.vn/wp-content/uploads/2024/12/PHC-2FT.png"",""https://vongbicongnghiep.vn/wp-content/uploads/product_images/truyen-dong/xich/xich-ansi.jpg""]","","","[]","1904000","out_of_stock","vongbicongnghiep.vn-wc-store-api-category-search-skf","2026-04-29T13:55:02.391Z"
"64532","SKF","PHC 05B-2NP-O/L-SKF","PHC 05B-2NP-O/L-SKF","PHC05B2NPOLSKF","PHC 05B-2NP-O/L","Xích","Xích","87","xich","https://vongbicongnghiep.vn/san-pham/san-pham-14348/","https://vongbicongnghiep.vn/wp-content/uploads/2024/12/PHC-2OL.png","[""https://vongbicongnghiep.vn/wp-content/uploads/2024/12/PHC-2OL.png""]","","","[]","63000","out_of_stock","vongbicongnghiep.vn-wc-store-api-category-search-skf","2026-04-29T13:55:02.391Z"
"64531","SKF","PHC 05B-2NP-C/L-SKF","PHC 05B-2NP-C/L-SKF","PHC05B2NPCLSKF","PHC 05B-2NP-C/L","Xích","Xích","87","xich","https://vongbicongnghiep.vn/san-pham/san-pham-14347/","https://vongbicongnghiep.vn/wp-content/uploads/2024/12/PHC-2CL.png","[""https://vongbicongnghiep.vn/wp-content/uploads/2024/12/PHC-2CL.png""]","","","[]","32000","out_of_stock","vongbicongnghiep.vn-wc-store-api-category-search-skf","2026-04-29T13:55:02.391Z"
"64530","SKF","PHC 05B-2DRX10FT-SKF","PHC 05B-2DRX10FT-SKF","PHC05B2DRX10FTSKF","PHC 05B-2DRX10FT","Xích","Xích","87","xich","https://vongbicongnghiep.vn/san-pham/san-pham-14346/","https://vongbicongnghiep.vn/wp-content/uploads/2024/12/PHC-2FT.png","[""https://vongbicongnghiep.vn/wp-content/uploads/2024/12/PHC-2FT.png"",""https://vongbicongnghiep.vn/wp-content/uploads/product_images/truyen-dong/xich/xich-ansi.jpg""]","","","[]","1872000","out_of_stock","vongbicongnghiep.vn-wc-store-api-category-search-skf","2026-04-29T13:55:02.391Z"
"64529","SKF","PHC 05B-2DR-O/L-SKF","PHC 05B-2DR-O/L-SKF","PHC05B2DROLSKF","PHC 05B-2DR-O/L","Xích","Xích","87","xich","https://vongbicongnghiep.vn/san-pham/san-pham-14345/","https://vongbicongnghiep.vn/wp-content/uploads/2024/12/PHC-2OL.png","[""https://vongbicongnghiep.vn/wp-content/uploads/2024/12/PHC-2OL.png""]","","","[]","132000","out_of_stock","vongbicongnghiep.vn-wc-store-api-category-search-skf","2026-04-29T13:55:02.391Z"
"64528","SKF","PHC 05B-2DR-C/L-SKF","PHC 05B-2DR-C/L-SKF","PHC05B2DRCLSKF","PHC 05B-2DR-C/L","Xích","Xích","87","xich","https://vongbicongnghiep.vn/san-pham/san-pham-14344/","https://vongbicongnghiep.vn/wp-content/uploads/2024/12/PHC-2CL.png","[""https://vongbicongnghiep.vn/wp-content/uploads/2024/12/PHC-2CL.png""]","","","[]","66000","out_of_stock","vongbicongnghiep.vn-wc-store-api-category-search-skf","2026-04-29T13:55:02.391Z"
"64527","SKF","PHC 05B-2C/L-SKF","PHC 05B-2C/L-SKF","PHC05B2CLSKF","PHC 05B-2C/L","Xích","Xích","87","xich","https://vongbicongnghiep.vn/san-pham/san-pham-14343/","https://vongbicongnghiep.vn/wp-content/uploads/2024/12/PHC-2CL.png","[""https://vongbicongnghiep.vn/wp-content/uploads/2024/12/PHC-2CL.png""]","","","[]","23000","out_of_stock","vongbicongnghiep.vn-wc-store-api-category-search-skf","2026-04-29T13:55:02.391Z"
"64526","SKF","PHC 05B-1ZPX10FT-SKF","PHC 05B-1ZPX10FT-SKF","PHC05B1ZPX10FTSKF","PHC 05B-1ZPX10FT","Xích","Xích","87","xich","https://vongbicongnghiep.vn/san-pham/san-pham-14342/","https://vongbicongnghiep.vn/wp-content/uploads/2024/12/PHC-1FT.png","[""https://vongbicongnghiep.vn/wp-content/uploads/2024/12/PHC-1FT.png"",""https://vongbicongnghiep.vn/wp-content/uploads/2024/12/BV-PHC-1FT.png""]","","","[]","943000","out_of_stock","vongbicongnghiep.vn-wc-store-api-category-search-skf","2026-04-29T13:55:02.391Z"
"64525","SKF","PHC 05B-1ZP-O/L-SKF","PHC 05B-1ZP-O/L-SKF","PHC05B1ZPOLSKF","PHC 05B-1ZP-O/L","Xích","Xích","87","xich","https://vongbicongnghiep.vn/san-pham/san-pham-14341/","https://vongbicongnghiep.vn/wp-content/uploads/2024/12/PHC-OL.png","[""https://vongbicongnghiep.vn/wp-content/uploads/2024/12/PHC-OL.png""]","","","[]","48000","out_of_stock","vongbicongnghiep.vn-wc-store-api-category-search-skf","2026-04-29T13:55:02.391Z"
"64524","SKF","PHC 05B-1ZP-C/L-SKF","PHC 05B-1ZP-C/L-SKF","PHC05B1ZPCLSKF","PHC 05B-1ZP-C/L","Xích","Xích","87","xich","https://vongbicongnghiep.vn/san-pham/san-pham-14340/","https://vongbicongnghiep.vn/wp-content/uploads/2024/12/PHC-CL.png","[""https://vongbicongnghiep.vn/wp-content/uploads/2024/12/PHC-CL.png""]","","","[]","22000","out_of_stock","vongbicongnghiep.vn-wc-store-api-category-search-skf","2026-04-29T13:55:02.391Z"
"64523","SKF","PHC 05B-1X10FT-SKF","PHC 05B-1X10FT-SKF","PHC05B1X10FTSKF","PHC 05B-1X10FT","Xích","Xích","87","xich","https://vongbicongnghiep.vn/san-pham/san-pham-14339/","https://vongbicongnghiep.vn/wp-content/uploads/2024/12/PHC-1FT.png","[""https://vongbicongnghiep.vn/wp-content/uploads/2024/12/PHC-1FT.png"",""https://vongbicongnghiep.vn/wp-content/uploads/2024/12/BV-PHC-1FT.png""]","","","[]","693000","out_of_stock","vongbicongnghiep.vn-wc-store-api-category-search-skf","2026-04-29T13:55:02.391Z"
"64522","SKF","PHC 05B-1SSX10FT-SKF","PHC 05B-1SSX10FT-SKF","PHC05B1SSX10FTSKF","PHC 05B-1SSX10FT","Xích","Xích","87","xich","https://vongbicongnghiep.vn/san-pham/san-pham-14338/","https://vongbicongnghiep.vn/wp-content/uploads/2024/12/PHC-1FT.png","[""https://vongbicongnghiep.vn/wp-content/uploads/2024/12/PHC-1FT.png"",""https://vongbicongnghiep.vn/wp-content/uploads/2024/12/BV-PHC-1FT.png""]","","","[]","1125000","out_of_stock","vongbicongnghiep.vn-wc-store-api-category-search-skf","2026-04-29T13:55:02.391Z"
"64521","SKF","PHC 05B-1SS-O/L-SKF","PHC 05B-1SS-O/L-SKF","PHC05B1SSOLSKF","PHC 05B-1SS-O/L","Xích","Xích","87","xich","https://vongbicongnghiep.vn/san-pham/san-pham-14337/","https://vongbicongnghiep.vn/wp-content/uploads/2024/12/PHC-OL.png","[""https://vongbicongnghiep.vn/wp-content/uploads/2024/12/PHC-OL.png""]","","","[]","172000","out_of_stock","vongbicongnghiep.vn-wc-store-api-category-search-skf","2026-04-29T13:55:02.391Z"
"64520","SKF","PHC 05B-1SS-C/L-SKF","PHC 05B-1SS-C/L-SKF","PHC05B1SSCLSKF","PHC 05B-1SS-C/L","Xích","Xích","87","xich","https://vongbicongnghiep.vn/san-pham/san-pham-14336/","https://vongbicongnghiep.vn/wp-content/uploads/2024/12/PHC-CL.png","[""https://vongbicongnghiep.vn/wp-content/uploads/2024/12/PHC-CL.png""]","","","[]","85000","out_of_stock","vongbicongnghiep.vn-wc-store-api-category-search-skf","2026-04-29T13:55:02.391Z"
"64519","SKF","PHC 05B-1O/L-SKF","PHC 05B-1O/L-SKF","PHC05B1OLSKF","PHC 05B-1O/L","Xích","Xích","87","xich","https://vongbicongnghiep.vn/san-pham/san-pham-14335/","https://vongbicongnghiep.vn/wp-content/uploads/2024/12/PHC-OL.png","[""https://vongbicongnghiep.vn/wp-content/uploads/2024/12/PHC-OL.png""]","","","[]","21000","out_of_stock","vongbicongnghiep.vn-wc-store-api-category-search-skf","2026-04-29T13:55:02.391Z"
"64518","SKF","PHC 05B-1NPX10FT-SKF","PHC 05B-1NPX10FT-SKF","PHC05B1NPX10FTSKF","PHC 05B-1NPX10FT","Xích","Xích","87","xich","https://vongbicongnghiep.vn/san-pham/san-pham-14334/","https://vongbicongnghiep.vn/wp-content/uploads/2024/12/PHC-1FT.png","[""https://vongbicongnghiep.vn/wp-content/uploads/2024/12/PHC-1FT.png"",""https://vongbicongnghiep.vn/wp-content/uploads/2024/12/BV-PHC-1FT.png""]","","","[]","952000","out_of_stock","vongbicongnghiep.vn-wc-store-api-category-search-skf","2026-04-29T13:55:02.391Z"
"64517","SKF","PHC 05B-1NP-O/L-SKF","PHC 05B-1NP-O/L-SKF","PHC05B1NPOLSKF","PHC 05B-1NP-O/L","Xích","Xích","87","xich","https://vongbicongnghiep.vn/san-pham/san-pham-14333/","https://vongbicongnghiep.vn/wp-content/uploads/2024/12/PHC-OL.png","[""https://vongbicongnghiep.vn/wp-content/uploads/2024/12/PHC-OL.png""]","","","[]","32000","out_of_stock","vongbicongnghiep.vn-wc-store-api-category-search-skf","2026-04-29T13:55:02.391Z"
"64516","SKF","PHC 05B-1NP-C/L-SKF","PHC 05B-1NP-C/L-SKF","PHC05B1NPCLSKF","PHC 05B-1NP-C/L","Xích","Xích","87","xich","https://vongbicongnghiep.vn/san-pham/san-pham-14332/","https://vongbicongnghiep.vn/wp-content/uploads/2024/12/PHC-CL.png","[""https://vongbicongnghiep.vn/wp-content/uploads/2024/12/PHC-CL.png""]","","","[]","15000","out_of_stock","vongbicongnghiep.vn-wc-store-api-category-search-skf","2026-04-29T13:55:02.391Z"
"64515","SKF","PHC 05B-1DRX10FT-SKF","PHC 05B-1DRX10FT-SKF","PHC05B1DRX10FTSKF","PHC 05B-1DRX10FT","Xích","Xích","87","xich","https://vongbicongnghiep.vn/san-pham/san-pham-14331/","https://vongbicongnghiep.vn/wp-content/uploads/2024/12/PHC-1FT.png","[""https://vongbicongnghiep.vn/wp-content/uploads/2024/12/PHC-1FT.png"",""https://vongbicongnghiep.vn/wp-content/uploads/2024/12/BV-PHC-1FT.png""]","","","[]","935000","out_of_stock","vongbicongnghiep.vn-wc-store-api-category-search-skf","2026-04-29T13:55:02.391Z"
"64514","SKF","PHC 05B-1DR-O/L-SKF","PHC 05B-1DR-O/L-SKF","PHC05B1DROLSKF","PHC 05B-1DR-O/L","Xích","Xích","87","xich","https://vongbicongnghiep.vn/san-pham/san-pham-14330/","https://vongbicongnghiep.vn/wp-content/uploads/2024/12/PHC-OL.png","[""https://vongbicongnghiep.vn/wp-content/uploads/2024/12/PHC-OL.png""]","","","[]","66000","out_of_stock","vongbicongnghiep.vn-wc-store-api-category-search-skf","2026-04-29T13:55:04.601Z"
"64513","SKF","PHC 05B-1DR-C/L-SKF","PHC 05B-1DR-C/L-SKF","PHC05B1DRCLSKF","PHC 05B-1DR-C/L","Xích","Xích","87","xich","https://vongbicongnghiep.vn/san-pham/san-pham-14329/","https://vongbicongnghiep.vn/wp-content/uploads/2024/12/PHC-CL.png","[""https://vongbicongnghiep.vn/wp-content/uploads/2024/12/PHC-CL.png""]","","","[]","34000","out_of_stock","vongbicongnghiep.vn-wc-store-api-category-search-skf","2026-04-29T13:55:04.601Z"
"64512","SKF","PHC 05B-1C/L-SKF","PHC 05B-1C/L-SKF","PHC05B1CLSKF","PHC 05B-1C/L","Xích","Xích","87","xich","https://vongbicongnghiep.vn/san-pham/san-pham-14328/","https://vongbicongnghiep.vn/wp-content/uploads/2024/12/PHC-CL.png","[""https://vongbicongnghiep.vn/wp-content/uploads/2024/12/PHC-CL.png""]","","","[]","12000","out_of_stock","vongbicongnghiep.vn-wc-store-api-category-search-skf","2026-04-29T13:55:04.601Z"
"64511","SKF","PHC 04B-2ZPX10FT-SKF","PHC 04B-2ZPX10FT-SKF","PHC04B2ZPX10FTSKF","PHC 04B-2ZPX10FT","Xích","Xích","87","xich","https://vongbicongnghiep.vn/san-pham/san-pham-14327/","https://vongbicongnghiep.vn/wp-content/uploads/2024/12/PHC-2FT.png","[""https://vongbicongnghiep.vn/wp-content/uploads/2024/12/PHC-2FT.png"",""https://vongbicongnghiep.vn/wp-content/uploads/product_images/truyen-dong/xich/xich-ansi.jpg""]","","","[]","2418000","out_of_stock","vongbicongnghiep.vn-wc-store-api-category-search-skf","2026-04-29T13:55:04.601Z"
"64510","SKF","PHC 04B-2ZP-O/L-SKF","PHC 04B-2ZP-O/L-SKF","PHC04B2ZPOLSKF","PHC 04B-2ZP-O/L","Xích","Xích","87","xich","https://vongbicongnghiep.vn/san-pham/san-pham-14326/","https://vongbicongnghiep.vn/wp-content/uploads/2024/12/PHC-2OL.png","[""https://vongbicongnghiep.vn/wp-content/uploads/2024/12/PHC-2OL.png""]","","","[]","93000","out_of_stock","vongbicongnghiep.vn-wc-store-api-category-search-skf","2026-04-29T13:55:04.601Z"
"64509","SKF","PHC 04B-2ZP-C/L-SKF","PHC 04B-2ZP-C/L-SKF","PHC04B2ZPCLSKF","PHC 04B-2ZP-C/L","Xích","Xích","87","xich","https://vongbicongnghiep.vn/san-pham/san-pham-14325/","https://vongbicongnghiep.vn/wp-content/uploads/2024/12/PHC-2CL.png","[""https://vongbicongnghiep.vn/wp-content/uploads/2024/12/PHC-2CL.png""]","","","[]","48000","out_of_stock","vongbicongnghiep.vn-wc-store-api-category-search-skf","2026-04-29T13:55:04.601Z"
"64508","SKF","PHC 04B-2SSX10FT-SKF","PHC 04B-2SSX10FT-SKF","PHC04B2SSX10FTSKF","PHC 04B-2SSX10FT","Xích","Xích","87","xich","https://vongbicongnghiep.vn/san-pham/san-pham-14324/","https://vongbicongnghiep.vn/wp-content/uploads/2024/12/PHC-2FT.png","[""https://vongbicongnghiep.vn/wp-content/uploads/2024/12/PHC-2FT.png"",""https://vongbicongnghiep.vn/wp-content/uploads/product_images/truyen-dong/xich/xich-ansi.jpg""]","","","[]","2174000","out_of_stock","vongbicongnghiep.vn-wc-store-api-category-search-skf","2026-04-29T13:55:04.601Z"
"64507","SKF","PHC 04B-2SS-O/L-SKF","PHC 04B-2SS-O/L-SKF","PHC04B2SSOLSKF","PHC 04B-2SS-O/L","Xích","Xích","87","xich","https://vongbicongnghiep.vn/san-pham/san-pham-14323/","https://vongbicongnghiep.vn/wp-content/uploads/2024/12/PHC-2OL.png","[""https://vongbicongnghiep.vn/wp-content/uploads/2024/12/PHC-2OL.png""]","","","[]","443000","out_of_stock","vongbicongnghiep.vn-wc-store-api-category-search-skf","2026-04-29T13:55:04.601Z"
"64506","SKF","PHC 04B-2SS-C/L-SKF","PHC 04B-2SS-C/L-SKF","PHC04B2SSCLSKF","PHC 04B-2SS-C/L","Xích","Xích","87","xich","https://vongbicongnghiep.vn/san-pham/san-pham-14322/","https://vongbicongnghiep.vn/wp-content/uploads/2024/12/PHC-2CL.png","[""https://vongbicongnghiep.vn/wp-content/uploads/2024/12/PHC-2CL.png""]","","","[]","223000","out_of_stock","vongbicongnghiep.vn-wc-store-api-category-search-skf","2026-04-29T13:55:04.601Z"
"64505","SKF","PHC 04B-2NPX10FT-SKF","PHC 04B-2NPX10FT-SKF","PHC04B2NPX10FTSKF","PHC 04B-2NPX10FT","Xích","Xích","87","xich","https://vongbicongnghiep.vn/san-pham/san-pham-14321/","https://vongbicongnghiep.vn/wp-content/uploads/2024/12/PHC-2FT.png","[""https://vongbicongnghiep.vn/wp-content/uploads/2024/12/PHC-2FT.png"",""https://vongbicongnghiep.vn/wp-content/uploads/product_images/truyen-dong/xich/xich-ansi.jpg""]","","","[]","2408000","out_of_stock","vongbicongnghiep.vn-wc-store-api-category-search-skf","2026-04-29T13:55:04.601Z"
"64504","SKF","PHC 04B-2NP-O/L-SKF","PHC 04B-2NP-O/L-SKF","PHC04B2NPOLSKF","PHC 04B-2NP-O/L","Xích","Xích","87","xich","https://vongbicongnghiep.vn/san-pham/san-pham-14320/","https://vongbicongnghiep.vn/wp-content/uploads/2024/12/PHC-2OL.png","[""https://vongbicongnghiep.vn/wp-content/uploads/2024/12/PHC-2OL.png""]","","","[]","63000","out_of_stock","vongbicongnghiep.vn-wc-store-api-category-search-skf","2026-04-29T13:55:04.601Z"
"64503","SKF","PHC 04B-2NP-C/L-SKF","PHC 04B-2NP-C/L-SKF","PHC04B2NPCLSKF","PHC 04B-2NP-C/L","Xích","Xích","87","xich","https://vongbicongnghiep.vn/san-pham/san-pham-14319/","https://vongbicongnghiep.vn/wp-content/uploads/2024/12/PHC-2CL.png","[""https://vongbicongnghiep.vn/wp-content/uploads/2024/12/PHC-2CL.png""]","","","[]","32000","out_of_stock","vongbicongnghiep.vn-wc-store-api-category-search-skf","2026-04-29T13:55:04.601Z"
"64502","SKF","PHC 04B-2DRX10FT-SKF","PHC 04B-2DRX10FT-SKF","PHC04B2DRX10FTSKF","PHC 04B-2DRX10FT","Xích","Xích","87","xich","https://vongbicongnghiep.vn/san-pham/san-pham-14318/","https://vongbicongnghiep.vn/wp-content/uploads/2024/12/PHC-2FT.png","[""https://vongbicongnghiep.vn/wp-content/uploads/2024/12/PHC-2FT.png"",""https://vongbicongnghiep.vn/wp-content/uploads/product_images/truyen-dong/xich/xich-ansi.jpg""]","","","[]","2247000","out_of_stock","vongbicongnghiep.vn-wc-store-api-category-search-skf","2026-04-29T13:55:04.601Z"
"64501","SKF","PHC 04B-2DR-O/L-SKF","PHC 04B-2DR-O/L-SKF","PHC04B2DROLSKF","PHC 04B-2DR-O/L","Xích","Xích","87","xich","https://vongbicongnghiep.vn/san-pham/san-pham-14317/","https://vongbicongnghiep.vn/wp-content/uploads/2024/12/PHC-2OL.png","[""https://vongbicongnghiep.vn/wp-content/uploads/2024/12/PHC-2OL.png""]","","","[]","132000","out_of_stock","vongbicongnghiep.vn-wc-store-api-category-search-skf","2026-04-29T13:55:04.601Z"
"64500","SKF","PHC 04B-2DR-C/L-SKF","PHC 04B-2DR-C/L-SKF","PHC04B2DRCLSKF","PHC 04B-2DR-C/L","Xích","Xích","87","xich","https://vongbicongnghiep.vn/san-pham/san-pham-14316/","https://vongbicongnghiep.vn/wp-content/uploads/2024/12/PHC-2CL.png","[""https://vongbicongnghiep.vn/wp-content/uploads/2024/12/PHC-2CL.png""]","","","[]","66000","out_of_stock","vongbicongnghiep.vn-wc-store-api-category-search-skf","2026-04-29T13:55:04.601Z"
"64499","SKF","PHC 04B-1ZPX10FT-SKF","PHC 04B-1ZPX10FT-SKF","PHC04B1ZPX10FTSKF","PHC 04B-1ZPX10FT","Xích","Xích","87","xich","https://vongbicongnghiep.vn/san-pham/san-pham-14315/","https://vongbicongnghiep.vn/wp-content/uploads/2024/12/PHC-1FT.png","[""https://vongbicongnghiep.vn/wp-content/uploads/2024/12/PHC-1FT.png"",""https://vongbicongnghiep.vn/wp-content/uploads/2024/12/BV-PHC-1FT.png""]","","","[]","1207000","out_of_stock","vongbicongnghiep.vn-wc-store-api-category-search-skf","2026-04-29T13:55:04.601Z"
"64498","SKF","PHC 04B-1ZP-O/L-SKF","PHC 04B-1ZP-O/L-SKF","PHC04B1ZPOLSKF","PHC 04B-1ZP-O/L","Xích","Xích","87","xich","https://vongbicongnghiep.vn/san-pham/san-pham-14314/","https://vongbicongnghiep.vn/wp-content/uploads/2024/12/PHC-OL.png","[""https://vongbicongnghiep.vn/wp-content/uploads/2024/12/PHC-OL.png""]","","","[]","48000","out_of_stock","vongbicongnghiep.vn-wc-store-api-category-search-skf","2026-04-29T13:55:04.601Z"
"64497","SKF","PHC 04B-1ZP-C/L-SKF","PHC 04B-1ZP-C/L-SKF","PHC04B1ZPCLSKF","PHC 04B-1ZP-C/L","Xích","Xích","87","xich","https://vongbicongnghiep.vn/san-pham/san-pham-14313/","https://vongbicongnghiep.vn/wp-content/uploads/2024/12/PHC-CL.png","[""https://vongbicongnghiep.vn/wp-content/uploads/2024/12/PHC-CL.png""]","","","[]","22000","out_of_stock","vongbicongnghiep.vn-wc-store-api-category-search-skf","2026-04-29T13:55:04.601Z"
"64496","SKF","PHC 04B-1X10FT-SKF","PHC 04B-1X10FT-SKF","PHC04B1X10FTSKF","PHC 04B-1X10FT","Xích","Xích","87","xich","https://vongbicongnghiep.vn/san-pham/san-pham-14312/","https://vongbicongnghiep.vn/wp-content/uploads/2024/12/PHC-1FT.png","[""https://vongbicongnghiep.vn/wp-content/uploads/2024/12/PHC-1FT.png"",""https://vongbicongnghiep.vn/wp-content/uploads/2024/12/BV-PHC-1FT.png""]","","","[]","829000","out_of_stock","vongbicongnghiep.vn-wc-store-api-category-search-skf","2026-04-29T13:55:04.601Z"
"64495","SKF","PHC 04B-1SSX10FT-SKF","PHC 04B-1SSX10FT-SKF","PHC04B1SSX10FTSKF","PHC 04B-1SSX10FT","Xích","Xích","87","xich","https://vongbicongnghiep.vn/san-pham/san-pham-14311/","https://vongbicongnghiep.vn/wp-content/uploads/2024/12/PHC-1FT.png","[""https://vongbicongnghiep.vn/wp-content/uploads/2024/12/PHC-1FT.png"",""https://vongbicongnghiep.vn/wp-content/uploads/2024/12/BV-PHC-1FT.png""]","","","[]","1078000","out_of_stock","vongbicongnghiep.vn-wc-store-api-category-search-skf","2026-04-29T13:55:04.601Z"
"64494","SKF","PHC 04B-1SS-O/L-SKF","PHC 04B-1SS-O/L-SKF","PHC04B1SSOLSKF","PHC 04B-1SS-O/L","Xích","Xích","87","xich","https://vongbicongnghiep.vn/san-pham/san-pham-14310/","https://vongbicongnghiep.vn/wp-content/uploads/2024/12/PHC-OL.png","[""https://vongbicongnghiep.vn/wp-content/uploads/2024/12/PHC-OL.png""]","","","[]","223000","out_of_stock","vongbicongnghiep.vn-wc-store-api-category-search-skf","2026-04-29T13:55:04.601Z"
"64493","SKF","PHC 04B-1SS-C/L-SKF","PHC 04B-1SS-C/L-SKF","PHC04B1SSCLSKF","PHC 04B-1SS-C/L","Xích","Xích","87","xich","https://vongbicongnghiep.vn/san-pham/san-pham-14309/","https://vongbicongnghiep.vn/wp-content/uploads/2024/12/PHC-CL.png","[""https://vongbicongnghiep.vn/wp-content/uploads/2024/12/PHC-CL.png""]","","","[]","110000","out_of_stock","vongbicongnghiep.vn-wc-store-api-category-search-skf","2026-04-29T13:55:04.601Z"
"64492","SKF","PHC 04B-1O/L-SKF","PHC 04B-1O/L-SKF","PHC04B1OLSKF","PHC 04B-1O/L","Xích","Xích","87","xich","https://vongbicongnghiep.vn/san-pham/san-pham-14308/","https://vongbicongnghiep.vn/wp-content/uploads/2024/12/PHC-OL.png","[""https://vongbicongnghiep.vn/wp-content/uploads/2024/12/PHC-OL.png""]","","","[]","21000","out_of_stock","vongbicongnghiep.vn-wc-store-api-category-search-skf","2026-04-29T13:55:04.601Z"
"64491","SKF","PHC 04B-1NPX10FT-SKF","PHC 04B-1NPX10FT-SKF","PHC04B1NPX10FTSKF","PHC 04B-1NPX10FT","Xích","Xích","87","xich","https://vongbicongnghiep.vn/san-pham/san-pham-14307/","https://vongbicongnghiep.vn/wp-content/uploads/2024/12/PHC-1FT.png","[""https://vongbicongnghiep.vn/wp-content/uploads/2024/12/PHC-1FT.png"",""https://vongbicongnghiep.vn/wp-content/uploads/2024/12/BV-PHC-1FT.png""]","","","[]","1205000","out_of_stock","vongbicongnghiep.vn-wc-store-api-category-search-skf","2026-04-29T13:55:04.601Z"
"64490","SKF","PHC 04B-1NP-O/L-SKF","PHC 04B-1NP-O/L-SKF","PHC04B1NPOLSKF","PHC 04B-1NP-O/L","Xích","Xích","87","xich","https://vongbicongnghiep.vn/san-pham/san-pham-14306/","https://vongbicongnghiep.vn/wp-content/uploads/2024/12/PHC-OL.png","[""https://vongbicongnghiep.vn/wp-content/uploads/2024/12/PHC-OL.png""]","","","[]","32000","out_of_stock","vongbicongnghiep.vn-wc-store-api-category-search-skf","2026-04-29T13:55:04.601Z"
"64489","SKF","PHC 04B-1NP-C/L-SKF","PHC 04B-1NP-C/L-SKF","PHC04B1NPCLSKF","PHC 04B-1NP-C/L","Xích","Xích","87","xich","https://vongbicongnghiep.vn/san-pham/san-pham-14305/","https://vongbicongnghiep.vn/wp-content/uploads/2024/12/PHC-CL.png","[""https://vongbicongnghiep.vn/wp-content/uploads/2024/12/PHC-CL.png""]","","","[]","15000","out_of_stock","vongbicongnghiep.vn-wc-store-api-category-search-skf","2026-04-29T13:55:04.601Z"
"64488","SKF","PHC 04B-1DRX10FT-SKF","PHC 04B-1DRX10FT-SKF","PHC04B1DRX10FTSKF","PHC 04B-1DRX10FT","Xích","Xích","87","xich","https://vongbicongnghiep.vn/san-pham/san-pham-14304/","https://vongbicongnghiep.vn/wp-content/uploads/2024/12/PHC-1FT.png","[""https://vongbicongnghiep.vn/wp-content/uploads/2024/12/PHC-1FT.png"",""https://vongbicongnghiep.vn/wp-content/uploads/2024/12/BV-PHC-1FT.png""]","","","[]","1124000","out_of_stock","vongbicongnghiep.vn-wc-store-api-category-search-skf","2026-04-29T13:55:04.601Z"
"64487","SKF","PHC 04B-1DR-O/L-SKF","PHC 04B-1DR-O/L-SKF","PHC04B1DROLSKF","PHC 04B-1DR-O/L","Xích","Xích","87","xich","https://vongbicongnghiep.vn/san-pham/san-pham-14303/","https://vongbicongnghiep.vn/wp-content/uploads/2024/12/PHC-OL.png","[""https://vongbicongnghiep.vn/wp-content/uploads/2024/12/PHC-OL.png""]","","","[]","66000","out_of_stock","vongbicongnghiep.vn-wc-store-api-category-search-skf","2026-04-29T13:55:04.601Z"
"64486","SKF","PHC 04B-1DR-C/L-SKF","PHC 04B-1DR-C/L-SKF","PHC04B1DRCLSKF","PHC 04B-1DR-C/L","Xích","Xích","87","xich","https://vongbicongnghiep.vn/san-pham/san-pham-14302/","https://vongbicongnghiep.vn/wp-content/uploads/2024/12/PHC-CL.png","[""https://vongbicongnghiep.vn/wp-content/uploads/2024/12/PHC-CL.png""]","","","[]","34000","out_of_stock","vongbicongnghiep.vn-wc-store-api-category-search-skf","2026-04-29T13:55:04.601Z"
"64485","SKF","PHC 04B-1C/L-SKF","PHC 04B-1C/L-SKF","PHC04B1CLSKF","PHC 04B-1C/L","Xích","Xích","87","xich","https://vongbicongnghiep.vn/san-pham/san-pham-14301/","https://vongbicongnghiep.vn/wp-content/uploads/2024/12/PHC-CL.png","[""https://vongbicongnghiep.vn/wp-content/uploads/2024/12/PHC-CL.png""]","","","[]","12000","out_of_stock","vongbicongnghiep.vn-wc-store-api-category-search-skf","2026-04-29T13:55:04.601Z"
"41898","SKF","PHC C60-2X10FT-SKF","PHC C60-2X10FT-SKF","PHCC602X10FTSKF","PHC C60-2X10FT","Xích","Xích","87","xich","https://vongbicongnghiep.vn/san-pham/phc-c60-2x10ft/","https://vongbicongnghiep.vn/wp-content/uploads/2024/12/PHC-2FT.png","[""https://vongbicongnghiep.vn/wp-content/uploads/2024/12/PHC-2FT.png"",""https://vongbicongnghiep.vn/wp-content/uploads/product_images/truyen-dong/xich/xich-ansi.jpg""]","","PHC C60-2X10FT","[{""name"":""Lc(mm)"",""terms"":[""145,20""]},{""name"":""chieu-dai-xich"",""terms"":[""3 mét""]},{""name"":""chieu-cao-h2(mm)"",""terms"":[""35,70""]},{""name"":""chieu-day-t(mm)"",""terms"":[""4,80""]},{""name"":""trong-luong(kg/m)"",""terms"":[""17,53""]},{""name"":""Ky-hieu-Ansi"",""terms"":[""120-3""]},{""name"":""Ky-hieu-BS/ISO"",""terms"":[""24A-3""]},{""name"":""So-day-xich"",""terms"":[""Xích 3 dãy""]},{""name"":""brand"",""terms"":[""SKF""]}]","3395000","out_of_stock","vongbicongnghiep.vn-wc-store-api-category-search-skf","2026-04-29T13:55:04.601Z"
"41897","SKF","PHC C60-2C/L-SKF","PHC C60-2C/L-SKF","PHCC602CLSKF","PHC C60-2C/L","Xích","Xích","87","xich","https://vongbicongnghiep.vn/san-pham/khoa-xich-phc-c60-2c-l/","https://vongbicongnghiep.vn/wp-content/uploads/2024/12/PHC-2CL.png","[""https://vongbicongnghiep.vn/wp-content/uploads/2024/12/PHC-2CL.png""]","","PHC C60-2C/L","[{""name"":""brand"",""terms"":[""SKF""]}]","61000","out_of_stock","vongbicongnghiep.vn-wc-store-api-category-search-skf","2026-04-29T13:55:04.601Z"
"41896","SKF","PHC C50-2C/L-SKF","PHC C50-2C/L-SKF","PHCC502CLSKF","PHC C50-2C/L","Xích","Xích","87","xich","https://vongbicongnghiep.vn/san-pham/khoa-xich-phc-c50-2c-l/","https://vongbicongnghiep.vn/wp-content/uploads/2024/12/PHC-2CL.png","[""https://vongbicongnghiep.vn/wp-content/uploads/2024/12/PHC-2CL.png""]","","Khóa xích PHC C50-2C/L","[{""name"":""brand"",""terms"":[""SKF""]}]","53000","out_of_stock","vongbicongnghiep.vn-wc-store-api-category-search-skf","2026-04-29T13:55:04.601Z"
"41893","SKF","PHC C50-2X10FT-SKF","PHC C50-2X10FT-SKF","PHCC502X10FTSKF","PHC C50-2X10FT","Xích","Xích","87","xich","https://vongbicongnghiep.vn/san-pham/phc-c50-2x10ft/","https://vongbicongnghiep.vn/wp-content/uploads/2024/12/PHC-2FT.png","[""https://vongbicongnghiep.vn/wp-content/uploads/2024/12/PHC-2FT.png"",""https://vongbicongnghiep.vn/wp-content/uploads/product_images/truyen-dong/xich/xich-ansi.jpg""]","","PHC C50-2X10FT","[{""name"":""Lc(mm)"",""terms"":[""145,20""]},{""name"":""chieu-dai-xich"",""terms"":[""3 mét""]},{""name"":""chieu-cao-h2(mm)"",""terms"":[""35,70""]},{""name"":""chieu-day-t(mm)"",""terms"":[""4,80""]},{""name"":""trong-luong(kg/m)"",""terms"":[""17,53""]},{""name"":""Ky-hieu-Ansi"",""terms"":[""120-3""]},{""name"":""Ky-hieu-BS/ISO"",""terms"":[""24A-3""]},{""name"":""So-day-xich"",""terms"":[""Xích 3 dãy""]},{""name"":""brand"",""terms"":[""SKF""]}]","2341000","out_of_stock","vongbicongnghiep.vn-wc-store-api-category-search-skf","2026-04-29T13:55:04.601Z"
"41892","SKF","PHC 60-3SS-C/L-SKF","PHC 60-3SS-C/L-SKF","PHC603SSCLSKF","PHC 60-3SS-C/L","Xích","Xích","87","xich","https://vongbicongnghiep.vn/san-pham/khoa-xich-phc-60-2ss-c-l/","https://vongbicongnghiep.vn/wp-content/uploads/2024/12/PHC-3OL.png","[""https://vongbicongnghiep.vn/wp-content/uploads/2024/12/PHC-3OL.png"",""https://vongbicongnghiep.vn/wp-content/uploads/2023/04/PHC-60-3SS-CL.png""]","","Khóa xích PHC 60-3SS-C/L","[{""name"":""brand"",""terms"":[""SKF""]}]","287000","out_of_stock","vongbicongnghiep.vn-wc-store-api-category-search-skf","2026-04-29T13:55:04.601Z"
"41890","SKF","PHC 60-3SSX10FT-SKF","PHC 60-3SSX10FT-SKF","PHC603SSX10FTSKF","PHC 60-3SSX10FT","Xích","Xích","87","xich","https://vongbicongnghiep.vn/san-pham/phc-60-3ssx10ft/","https://vongbicongnghiep.vn/wp-content/uploads/2024/12/PHC-3FT.png","[""https://vongbicongnghiep.vn/wp-content/uploads/2024/12/PHC-3FT.png"",""https://vongbicongnghiep.vn/wp-content/uploads/product_images/truyen-dong/xich/xich-ansi.jpg""]","","PHC 60-3SSX10FT","[{""name"":""Lc(mm)"",""terms"":[""73,30""]},{""name"":""chieu-dai-xich"",""terms"":[""3 mét""]},{""name"":""chieu-cao-h2(mm)"",""terms"":[""18,00""]},{""name"":""chieu-day-t(mm)"",""terms"":[""2,42""]},{""name"":""trong-luong(kg/m)"",""terms"":[""4,54""]},{""name"":""Ky-hieu-Ansi"",""terms"":[""21976""]},{""name"":""Ky-hieu-BS/ISO"",""terms"":[""12A-3""]},{""name"":""So-day-xich"",""terms"":[""Xích 3 dãy""]},{""name"":""brand"",""terms"":[""SKF""]}]","10852000","out_of_stock","vongbicongnghiep.vn-wc-store-api-category-search-skf","2026-04-29T13:55:04.601Z"
"41888","SKF","PHC 10B-1C/L-SKF","PHC 10B-1C/L-SKF","PHC10B1CLSKF","PHC 10B-1C/L","Xích","Xích","87","xich","https://vongbicongnghiep.vn/san-pham/khoa-xich-phc-10b-1c-l/","https://vongbicongnghiep.vn/wp-content/uploads/2024/12/PHC-CL.png","[""https://vongbicongnghiep.vn/wp-content/uploads/2024/12/PHC-CL.png""]","","Khóa xích PHC 10B-1C/L","[{""name"":""brand"",""terms"":[""SKF""]}]","14000","out_of_stock","vongbicongnghiep.vn-wc-store-api-category-search-skf","2026-04-29T13:55:04.601Z"
"41885","SKF","PHC 10B-1X10FT-SKF","PHC 10B-1X10FT-SKF","PHC10B1X10FTSKF","PHC 10B-1X10FT","Xích","Xích","87","xich","https://vongbicongnghiep.vn/san-pham/xich-phc-10b-1x10ft/","https://vongbicongnghiep.vn/wp-content/uploads/2024/12/PHC-1FT.png","[""https://vongbicongnghiep.vn/wp-content/uploads/2024/12/PHC-1FT.png"",""https://vongbicongnghiep.vn/wp-content/uploads/2024/12/BV-PHC-1FT.png""]","","Xích PHC 10B-1X10FT","[{""name"":""brand"",""terms"":[""SKF""]}]","628000","in_stock","vongbicongnghiep.vn-wc-store-api-category-search-skf","2026-04-29T13:55:04.601Z"
"40685","SKF","PHC 50-1C/L-SKF","PHC 50-1C/L-SKF","PHC501CLSKF","PHC 50-1C/L","Xích","Xích","87","xich","https://vongbicongnghiep.vn/san-pham/phc-50-1c-l/","https://vongbicongnghiep.vn/wp-content/uploads/2024/12/PHC-CL.png","[""https://vongbicongnghiep.vn/wp-content/uploads/2024/12/PHC-CL.png""]","","","[{""name"":""brand"",""terms"":[""SKF""]}]","14000","in_stock","vongbicongnghiep.vn-wc-store-api-category-search-skf","2026-04-29T13:55:04.601Z"
"40684","SKF","PHC 40-1O/L-SKF","PHC 40-1O/L-SKF","PHC401OLSKF","PHC 40-1O/L","Xích","Xích","87","xich","https://vongbicongnghiep.vn/san-pham/phc-40-1o-l/","https://vongbicongnghiep.vn/wp-content/uploads/2024/12/PHC-OL.png","[""https://vongbicongnghiep.vn/wp-content/uploads/2024/12/PHC-OL.png""]","","","[{""name"":""brand"",""terms"":[""SKF""]}]","21000","in_stock","vongbicongnghiep.vn-wc-store-api-category-search-skf","2026-04-29T13:55:04.601Z"
"40683","SKF","PHC 40-1C/L-SKF","PHC 40-1C/L-SKF","PHC401CLSKF","PHC 40-1C/L","Xích","Xích","87","xich","https://vongbicongnghiep.vn/san-pham/phc-40-1c-l/","https://vongbicongnghiep.vn/wp-content/uploads/2024/12/PHC-CL.png","[""https://vongbicongnghiep.vn/wp-content/uploads/2024/12/PHC-CL.png""]","","","[{""name"":""brand"",""terms"":[""SKF""]}]","13000","in_stock","vongbicongnghiep.vn-wc-store-api-category-search-skf","2026-04-29T13:55:04.601Z"
"40682","SKF","PHC 35-1C/L-SKF","PHC 35-1C/L-SKF","PHC351CLSKF","PHC 35-1C/L","Xích","Xích","87","xich","https://vongbicongnghiep.vn/san-pham/phc-35-1c-l/","https://vongbicongnghiep.vn/wp-content/uploads/2024/12/PHC-CL.png","[""https://vongbicongnghiep.vn/wp-content/uploads/2024/12/PHC-CL.png""]","","","[{""name"":""brand"",""terms"":[""SKF""]}]","9000","in_stock","vongbicongnghiep.vn-wc-store-api-category-search-skf","2026-04-29T13:55:04.601Z"
"40681","SKF","PHC 80-1O/L-SKF","PHC 80-1O/L-SKF","PHC801OLSKF","PHC 80-1O/L","Xích","Xích","87","xich","https://vongbicongnghiep.vn/san-pham/phc-80-1o-l/","https://vongbicongnghiep.vn/wp-content/uploads/2024/12/PHC-OL.png","[""https://vongbicongnghiep.vn/wp-content/uploads/2024/12/PHC-OL.png""]","","","[{""name"":""brand"",""terms"":[""SKF""]}]","74000","in_stock","vongbicongnghiep.vn-wc-store-api-category-search-skf","2026-04-29T13:55:04.601Z"
"40680","SKF","PHC 80-1C/L-SKF","PHC 80-1C/L-SKF","PHC801CLSKF","PHC 80-1C/L","Xích","Xích","87","xich","https://vongbicongnghiep.vn/san-pham/phc-80-1c-l/","https://vongbicongnghiep.vn/wp-content/uploads/2024/12/PHC-CL.png","[""https://vongbicongnghiep.vn/wp-content/uploads/2024/12/PHC-CL.png""]","","","[{""name"":""brand"",""terms"":[""SKF""]}]","40000","in_stock","vongbicongnghiep.vn-wc-store-api-category-search-skf","2026-04-29T13:55:04.601Z"
"40679","SKF","PHC 50-2C/L-SKF","PHC 50-2C/L-SKF","PHC502CLSKF","PHC 50-2C/L","Xích","Xích","87","xich","https://vongbicongnghiep.vn/san-pham/phc-50-2c-l/","https://vongbicongnghiep.vn/wp-content/uploads/2024/12/PHC-2CL.png","[""https://vongbicongnghiep.vn/wp-content/uploads/2024/12/PHC-2CL.png""]","","","[{""name"":""brand"",""terms"":[""SKF""]}]","28000","in_stock","vongbicongnghiep.vn-wc-store-api-category-search-skf","2026-04-29T13:55:04.601Z"
"40678","SKF","PHC 16B-2X10FT-SKF","PHC 16B-2X10FT-SKF","PHC16B2X10FTSKF","PHC 16B-2X10FT","Xích","Xích","87","xich","https://vongbicongnghiep.vn/san-pham/phc-16b-2x10ft/","https://vongbicongnghiep.vn/wp-content/uploads/2024/12/PHC-2FT.png","[""https://vongbicongnghiep.vn/wp-content/uploads/2024/12/PHC-2FT.png"",""https://vongbicongnghiep.vn/wp-content/uploads/product_images/truyen-dong/xich/xich-ansi.jpg""]","","","[{""name"":""brand"",""terms"":[""SKF""]}]","2866000","in_stock","vongbicongnghiep.vn-wc-store-api-category-search-skf","2026-04-29T13:55:04.601Z"
"40677","SKF","PHC 06B-2X10FT-SKF","PHC 06B-2X10FT-SKF","PHC06B2X10FTSKF","PHC 06B-2X10FT","Xích","Xích","87","xich","https://vongbicongnghiep.vn/san-pham/phc-06b-2x10ft/","https://vongbicongnghiep.vn/wp-content/uploads/2024/12/PHC-2FT.png","[""https://vongbicongnghiep.vn/wp-content/uploads/2024/12/PHC-2FT.png"",""https://vongbicongnghiep.vn/wp-content/uploads/product_images/truyen-dong/xich/xich-ansi.jpg""]","","","[{""name"":""brand"",""terms"":[""SKF""]}]","822000","in_stock","vongbicongnghiep.vn-wc-store-api-category-search-skf","2026-04-29T13:55:04.601Z"
"29564","SKF","PHC 240-3x5MTR-SKF","PHC 240-3x5MTR-SKF","PHC2403X5MTRSKF","PHC 240-3x5MTR","Xích","Xích","87","xich","https://vongbicongnghiep.vn/san-pham/phc-240-3x5mtr/","https://vongbicongnghiep.vn/wp-content/uploads/2024/12/PHC-3FT.png","[""https://vongbicongnghiep.vn/wp-content/uploads/2024/12/PHC-3FT.png"",""https://vongbicongnghiep.vn/wp-content/uploads/product_images/truyen-dong/xich/xich-ansi.jpg""]","","","[{""name"":""Lc(mm)"",""terms"":[""278,60""]},{""name"":""chieu-dai-xich"",""terms"":[""5 mét""]},{""name"":""chieu-cao-h2(mm)"",""terms"":[""72,39""]},{""name"":""chieu-day-t(mm)"",""terms"":[""9,50""]},{""name"":""trong-luong(kg/m)"",""terms"":[""71,60""]},{""name"":""Ky-hieu-Ansi"",""terms"":[""240-3""]},{""name"":""Ky-hieu-BS/ISO"",""terms"":[""484-3""]},{""name"":""So-day-xich"",""terms"":[""Xích 3 dãy""]},{""name"":""brand"",""terms"":[""SKF""]}]","143357000","out_of_stock","vongbicongnghiep.vn-wc-store-api-category-search-skf","2026-04-29T13:55:04.601Z"
"29563","SKF","PHC 240-3x10FT-SKF","PHC 240-3x10FT-SKF","PHC2403X10FTSKF","PHC 240-3x10FT","Xích","Xích","87","xich","https://vongbicongnghiep.vn/san-pham/phc-240-3x10ft/","https://vongbicongnghiep.vn/wp-content/uploads/2024/12/PHC-3FT.png","[""https://vongbicongnghiep.vn/wp-content/uploads/2024/12/PHC-3FT.png"",""https://vongbicongnghiep.vn/wp-content/uploads/product_images/truyen-dong/xich/xich-ansi.jpg""]","","","[{""name"":""Lc(mm)"",""terms"":[""278,60""]},{""name"":""chieu-dai-xich"",""terms"":[""3 mét""]},{""name"":""chieu-cao-h2(mm)"",""terms"":[""72,39""]},{""name"":""chieu-day-t(mm)"",""terms"":[""9,50""]},{""name"":""trong-luong(kg/m)"",""terms"":[""71,60""]},{""name"":""Ky-hieu-Ansi"",""terms"":[""240-3""]},{""name"":""Ky-hieu-BS/ISO"",""terms"":[""484-3""]},{""name"":""So-day-xich"",""terms"":[""Xích 3 dãy""]},{""name"":""brand"",""terms"":[""SKF""]}]","49420000","out_of_stock","vongbicongnghiep.vn-wc-store-api-category-search-skf","2026-04-29T13:55:04.601Z"
"29562","SKF","PHC 200-3x5MTR-SKF","PHC 200-3x5MTR-SKF","PHC2003X5MTRSKF","PHC 200-3x5MTR","Xích","Xích","87","xich","https://vongbicongnghiep.vn/san-pham/phc-200-3x5mtr/","https://vongbicongnghiep.vn/wp-content/uploads/2024/12/PHC-3FT.png","[""https://vongbicongnghiep.vn/wp-content/uploads/2024/12/PHC-3FT.png"",""https://vongbicongnghiep.vn/wp-content/uploads/product_images/truyen-dong/xich/xich-ansi.jpg""]","","","[{""name"":""Lc(mm)"",""terms"":[""230,40""]},{""name"":""chieu-dai-xich"",""terms"":[""5 mét""]},{""name"":""chieu-cao-h2(mm)"",""terms"":[""60,00""]},{""name"":""chieu-day-t(mm)"",""terms"":[""8,00""]},{""name"":""trong-luong(kg/m)"",""terms"":[""49,03""]},{""name"":""Ky-hieu-Ansi"",""terms"":[""200-3""]},{""name"":""Ky-hieu-BS/ISO"",""terms"":[""404-3""]},{""name"":""So-day-xich"",""terms"":[""Xích 3 dãy""]},{""name"":""brand"",""terms"":[""SKF""]}]","100464000","out_of_stock","vongbicongnghiep.vn-wc-store-api-category-search-skf","2026-04-29T13:55:04.601Z"
"29561","SKF","PHC 200-3x10FT-SKF","PHC 200-3x10FT-SKF","PHC2003X10FTSKF","PHC 200-3x10FT","Xích","Xích","87","xich","https://vongbicongnghiep.vn/san-pham/phc-200-3x10ft/","https://vongbicongnghiep.vn/wp-content/uploads/2024/12/PHC-3FT.png","[""https://vongbicongnghiep.vn/wp-content/uploads/2024/12/PHC-3FT.png"",""https://vongbicongnghiep.vn/wp-content/uploads/product_images/truyen-dong/xich/xich-ansi.jpg""]","","","[{""name"":""Lc(mm)"",""terms"":[""230,40""]},{""name"":""chieu-dai-xich"",""terms"":[""3 mét""]},{""name"":""chieu-cao-h2(mm)"",""terms"":[""60,00""]},{""name"":""chieu-day-t(mm)"",""terms"":[""8,00""]},{""name"":""trong-luong(kg/m)"",""terms"":[""49,03""]},{""name"":""Ky-hieu-Ansi"",""terms"":[""200-3""]},{""name"":""Ky-hieu-BS/ISO"",""terms"":[""404-3""]},{""name"":""So-day-xich"",""terms"":[""Xích 3 dãy""]},{""name"":""brand"",""terms"":[""SKF""]}]","34636000","out_of_stock","vongbicongnghiep.vn-wc-store-api-category-search-skf","2026-04-29T13:55:04.601Z"
"29560","SKF","PHC 180-3x5MTR-SKF","PHC 180-3x5MTR-SKF","PHC1803X5MTRSKF","PHC 180-3x5MTR","Xích","Xích","87","xich","https://vongbicongnghiep.vn/san-pham/phc-180-3x5mtr/","https://vongbicongnghiep.vn/wp-content/uploads/2024/12/PHC-3FT.png","[""https://vongbicongnghiep.vn/wp-content/uploads/2024/12/PHC-3FT.png"",""https://vongbicongnghiep.vn/wp-content/uploads/product_images/truyen-dong/xich/xich-ansi.jpg""]","","","[{""name"":""Lc(mm)"",""terms"":[""210,20""]},{""name"":""chieu-dai-xich"",""terms"":[""5 mét""]},{""name"":""chieu-cao-h2(mm)"",""terms"":[""53,60""]},{""name"":""chieu-day-t(mm)"",""terms"":[""7,20""]},{""name"":""trong-luong(kg/m)"",""terms"":[""3822""]},{""name"":""Ky-hieu-Ansi"",""terms"":[""180-3""]},{""name"":""Ky-hieu-BS/ISO"",""terms"":[""364-3""]},{""name"":""So-day-xich"",""terms"":[""Xích 3 dãy""]},{""name"":""brand"",""terms"":[""SKF""]}]","85157000","out_of_stock","vongbicongnghiep.vn-wc-store-api-category-search-skf","2026-04-29T13:55:04.601Z"
"29559","SKF","PHC 180-3x10FT-SKF","PHC 180-3x10FT-SKF","PHC1803X10FTSKF","PHC 180-3x10FT","Xích","Xích","87","xich","https://vongbicongnghiep.vn/san-pham/phc-180-3x10ft/","https://vongbicongnghiep.vn/wp-content/uploads/2024/12/PHC-3FT.png","[""https://vongbicongnghiep.vn/wp-content/uploads/2024/12/PHC-3FT.png"",""https://vongbicongnghiep.vn/wp-content/uploads/product_images/truyen-dong/xich/xich-ansi.jpg""]","","","[{""name"":""Lc(mm)"",""terms"":[""210,20""]},{""name"":""chieu-dai-xich"",""terms"":[""3 mét""]},{""name"":""chieu-cao-h2(mm)"",""terms"":[""53,60""]},{""name"":""chieu-day-t(mm)"",""terms"":[""7,20""]},{""name"":""trong-luong(kg/m)"",""terms"":[""3822""]},{""name"":""Ky-hieu-Ansi"",""terms"":[""180-3""]},{""name"":""Ky-hieu-BS/ISO"",""terms"":[""364-3""]},{""name"":""So-day-xich"",""terms"":[""Xích 3 dãy""]},{""name"":""brand"",""terms"":[""SKF""]}]","29360000","out_of_stock","vongbicongnghiep.vn-wc-store-api-category-search-skf","2026-04-29T13:55:04.601Z"
"29558","SKF","PHC 160-3x5MTR-SKF","PHC 160-3x5MTR-SKF","PHC1603X5MTRSKF","PHC 160-3x5MTR","Xích","Xích","87","xich","https://vongbicongnghiep.vn/san-pham/phc-160-3x5mtr/","https://vongbicongnghiep.vn/wp-content/uploads/2024/12/PHC-3FT.png","[""https://vongbicongnghiep.vn/wp-content/uploads/2024/12/PHC-3FT.png"",""https://vongbicongnghiep.vn/wp-content/uploads/product_images/truyen-dong/xich/xich-ansi.jpg""]","","","[{""name"":""Lc(mm)"",""terms"":[""186,60""]},{""name"":""chieu-dai-xich"",""terms"":[""5 mét""]},{""name"":""chieu-cao-h2(mm)"",""terms"":[""47,80""]},{""name"":""chieu-day-t(mm)"",""terms"":[""6,40""]},{""name"":""trong-luong(kg/m)"",""terms"":[""30,02""]},{""name"":""Ky-hieu-Ansi"",""terms"":[""160-3""]},{""name"":""Ky-hieu-BS/ISO"",""terms"":[""324-3""]},{""name"":""So-day-xich"",""terms"":[""Xích 3 dãy""]},{""name"":""brand"",""terms"":[""SKF""]}]","56500000","out_of_stock","vongbicongnghiep.vn-wc-store-api-category-search-skf","2026-04-29T13:55:04.601Z"
"29557","SKF","PHC 160-3x10FT-SKF","PHC 160-3x10FT-SKF","PHC1603X10FTSKF","PHC 160-3x10FT","Xích","Xích","87","xich","https://vongbicongnghiep.vn/san-pham/phc-160-3x10ft/","https://vongbicongnghiep.vn/wp-content/uploads/2024/12/PHC-3FT.png","[""https://vongbicongnghiep.vn/wp-content/uploads/2024/12/PHC-3FT.png"",""https://vongbicongnghiep.vn/wp-content/uploads/product_images/truyen-dong/xich/xich-ansi.jpg""]","","","[{""name"":""Lc(mm)"",""terms"":[""186,60""]},{""name"":""chieu-dai-xich"",""terms"":[""3 mét""]},{""name"":""chieu-cao-h2(mm)"",""terms"":[""47,80""]},{""name"":""chieu-day-t(mm)"",""terms"":[""6,40""]},{""name"":""trong-luong(kg/m)"",""terms"":[""30,02""]},{""name"":""Ky-hieu-Ansi"",""terms"":[""160-3""]},{""name"":""Ky-hieu-BS/ISO"",""terms"":[""324-3""]},{""name"":""So-day-xich"",""terms"":[""Xích 3 dãy""]},{""name"":""brand"",""terms"":[""SKF""]}]","20098000","out_of_stock","vongbicongnghiep.vn-wc-store-api-category-search-skf","2026-04-29T13:55:04.601Z"
"29556","SKF","PHC 140-3x5MTR-SKF","PHC 140-3x5MTR-SKF","PHC1403X5MTRSKF","PHC 140-3x5MTR","Xích","Xích","87","xich","https://vongbicongnghiep.vn/san-pham/phc-140-3x5mtr/","https://vongbicongnghiep.vn/wp-content/uploads/2024/12/PHC-3FT.png","[""https://vongbicongnghiep.vn/wp-content/uploads/2024/12/PHC-3FT.png"",""https://vongbicongnghiep.vn/wp-content/uploads/product_images/truyen-dong/xich/xich-ansi.jpg""]","","","[{""name"":""Lc(mm)"",""terms"":[""156,80""]},{""name"":""chieu-dai-xich"",""terms"":[""5 mét""]},{""name"":""chieu-cao-h2(mm)"",""terms"":[""41,00""]},{""name"":""chieu-day-t(mm)"",""terms"":[""5,60""]},{""name"":""trong-luong(kg/m)"",""terms"":[""2220""]},{""name"":""Ky-hieu-Ansi"",""terms"":[""140-3""]},{""name"":""Ky-hieu-BS/ISO"",""terms"":[""28A-3""]},{""name"":""So-day-xich"",""terms"":[""Xích 3 dãy""]},{""name"":""brand"",""terms"":[""SKF""]}]","39816000","out_of_stock","vongbicongnghiep.vn-wc-store-api-category-search-skf","2026-04-29T13:55:04.601Z"
"29555","SKF","PHC 140-3x10FT-SKF","PHC 140-3x10FT-SKF","PHC1403X10FTSKF","PHC 140-3x10FT","Xích","Xích","87","xich","https://vongbicongnghiep.vn/san-pham/phc-140-3x10ft/","https://vongbicongnghiep.vn/wp-content/uploads/2024/12/PHC-3FT.png","[""https://vongbicongnghiep.vn/wp-content/uploads/2024/12/PHC-3FT.png"",""https://vongbicongnghiep.vn/wp-content/uploads/product_images/truyen-dong/xich/xich-ansi.jpg""]","","","[{""name"":""Lc(mm)"",""terms"":[""156,80""]},{""name"":""chieu-dai-xich"",""terms"":[""3 mét""]},{""name"":""chieu-cao-h2(mm)"",""terms"":[""41,00""]},{""name"":""chieu-day-t(mm)"",""terms"":[""5,60""]},{""name"":""trong-luong(kg/m)"",""terms"":[""2220""]},{""name"":""Ky-hieu-Ansi"",""terms"":[""140-3""]},{""name"":""Ky-hieu-BS/ISO"",""terms"":[""28A-3""]},{""name"":""So-day-xich"",""terms"":[""Xích 3 dãy""]},{""name"":""brand"",""terms"":[""SKF""]}]","14059000","out_of_stock","vongbicongnghiep.vn-wc-store-api-category-search-skf","2026-04-29T13:55:04.601Z"
"29554","SKF","PHC 120-3x5MTR-SKF","PHC 120-3x5MTR-SKF","PHC1203X5MTRSKF","PHC 120-3x5MTR","Xích","Xích","87","xich","https://vongbicongnghiep.vn/san-pham/phc-120-3x5mtr/","https://vongbicongnghiep.vn/wp-content/uploads/2024/12/PHC-3FT.png","[""https://vongbicongnghiep.vn/wp-content/uploads/2024/12/PHC-3FT.png"",""https://vongbicongnghiep.vn/wp-content/uploads/product_images/truyen-dong/xich/xich-ansi.jpg""]","","","[{""name"":""Lc(mm)"",""terms"":[""145,20""]},{""name"":""chieu-dai-xich"",""terms"":[""5 mét""]},{""name"":""chieu-cao-h2(mm)"",""terms"":[""35,70""]},{""name"":""chieu-day-t(mm)"",""terms"":[""4,80""]},{""name"":""trong-luong(kg/m)"",""terms"":[""17,53""]},{""name"":""Ky-hieu-Ansi"",""terms"":[""120-3""]},{""name"":""Ky-hieu-BS/ISO"",""terms"":[""24A-3""]},{""name"":""So-day-xich"",""terms"":[""Xích 3 dãy""]},{""name"":""brand"",""terms"":[""SKF""]}]","18347000","out_of_stock","vongbicongnghiep.vn-wc-store-api-category-search-skf","2026-04-29T13:55:04.601Z"
"29553","SKF","PHC 120-3x10FT-SKF","PHC 120-3x10FT-SKF","PHC1203X10FTSKF","PHC 120-3x10FT","Xích","Xích","87","xich","https://vongbicongnghiep.vn/san-pham/phc-120-3x10ft/","https://vongbicongnghiep.vn/wp-content/uploads/2024/12/PHC-3FT.png","[""https://vongbicongnghiep.vn/wp-content/uploads/2024/12/PHC-3FT.png"",""https://vongbicongnghiep.vn/wp-content/uploads/product_images/truyen-dong/xich/xich-ansi.jpg""]","","","[{""name"":""Lc(mm)"",""terms"":[""145,20""]},{""name"":""chieu-dai-xich"",""terms"":[""3 mét""]},{""name"":""chieu-cao-h2(mm)"",""terms"":[""35,70""]},{""name"":""chieu-day-t(mm)"",""terms"":[""4,80""]},{""name"":""trong-luong(kg/m)"",""terms"":[""17,53""]},{""name"":""Ky-hieu-Ansi"",""terms"":[""120-3""]},{""name"":""Ky-hieu-BS/ISO"",""terms"":[""24A-3""]},{""name"":""So-day-xich"",""terms"":[""Xích 3 dãy""]},{""name"":""brand"",""terms"":[""SKF""]}]","11184000","in_stock","vongbicongnghiep.vn-wc-store-api-category-search-skf","2026-04-29T13:55:04.601Z"
"29552","SKF","PHC 100-3x5MTR-SKF","PHC 100-3x5MTR-SKF","PHC1003X5MTRSKF","PHC 100-3x5MTR","Xích","Xích","87","xich","https://vongbicongnghiep.vn/san-pham/phc-100-3x5mtr/","https://vongbicongnghiep.vn/wp-content/uploads/2024/12/PHC-3FT.png","[""https://vongbicongnghiep.vn/wp-content/uploads/2024/12/PHC-3FT.png"",""https://vongbicongnghiep.vn/wp-content/uploads/product_images/truyen-dong/xich/xich-ansi.jpg""]","","","[{""name"":""Lc(mm)"",""terms"":[""116,30""]},{""name"":""chieu-dai-xich"",""terms"":[""5 mét""]},{""name"":""chieu-cao-h2(mm)"",""terms"":[""30,00""]},{""name"":""chieu-day-t(mm)"",""terms"":[""4,00""]},{""name"":""trong-luong(kg/m)"",""terms"":[""11,77""]},{""name"":""Ky-hieu-Ansi"",""terms"":[""100-3""]},{""name"":""Ky-hieu-BS/ISO"",""terms"":[""20A-3""]},{""name"":""So-day-xich"",""terms"":[""Xích 3 dãy""]},{""name"":""brand"",""terms"":[""SKF""]}]","20621000","out_of_stock","vongbicongnghiep.vn-wc-store-api-category-search-skf","2026-04-29T13:55:04.601Z"
"29551","SKF","PHC 100-3x10FT-SKF","PHC 100-3x10FT-SKF","PHC1003X10FTSKF","PHC 100-3x10FT","Xích","Xích","87","xich","https://vongbicongnghiep.vn/san-pham/phc-100-3x10ft/","https://vongbicongnghiep.vn/wp-content/uploads/2024/12/PHC-3FT.png","[""https://vongbicongnghiep.vn/wp-content/uploads/2024/12/PHC-3FT.png"",""https://vongbicongnghiep.vn/wp-content/uploads/product_images/truyen-dong/xich/xich-ansi.jpg""]","","","[{""name"":""Lc(mm)"",""terms"":[""116,30""]},{""name"":""chieu-dai-xich"",""terms"":[""3 mét""]},{""name"":""chieu-cao-h2(mm)"",""terms"":[""30,00""]},{""name"":""chieu-day-t(mm)"",""terms"":[""4,00""]},{""name"":""trong-luong(kg/m)"",""terms"":[""11,77""]},{""name"":""Ky-hieu-Ansi"",""terms"":[""100-3""]},{""name"":""Ky-hieu-BS/ISO"",""terms"":[""20A-3""]},{""name"":""So-day-xich"",""terms"":[""Xích 3 dãy""]},{""name"":""brand"",""terms"":[""SKF""]}]","7527000","in_stock","vongbicongnghiep.vn-wc-store-api-category-search-skf","2026-04-29T13:55:04.601Z"
"29550","SKF","PHC 80-3x5MTR-SKF","PHC 80-3x5MTR-SKF","PHC803X5MTRSKF","PHC 80-3x5MTR","Xích","Xích","87","xich","https://vongbicongnghiep.vn/san-pham/phc-80-3x5mtr/","https://vongbicongnghiep.vn/wp-content/uploads/2024/12/PHC-3FT.png","[""https://vongbicongnghiep.vn/wp-content/uploads/2024/12/PHC-3FT.png"",""https://vongbicongnghiep.vn/wp-content/uploads/product_images/truyen-dong/xich/xich-ansi.jpg""]","","","[{""name"":""Lc(mm)"",""terms"":[""93,60""]},{""name"":""chieu-dai-xich"",""terms"":[""5 mét""]},{""name"":""chieu-cao-h2(mm)"",""terms"":[""24,00""]},{""name"":""chieu-day-t(mm)"",""terms"":[""3,25""]},{""name"":""trong-luong(kg/m)"",""terms"":[""7,89""]},{""name"":""Ky-hieu-Ansi"",""terms"":[""29281""]},{""name"":""Ky-hieu-BS/ISO"",""terms"":[""16A-3""]},{""name"":""So-day-xich"",""terms"":[""Xích 3 dãy""]},{""name"":""brand"",""terms"":[""SKF""]}]","13561000","out_of_stock","vongbicongnghiep.vn-wc-store-api-category-search-skf","2026-04-29T13:55:04.601Z"
"29549","SKF","PHC 80-3x10FT-SKF","PHC 80-3x10FT-SKF","PHC803X10FTSKF","PHC 80-3x10FT","Xích","Xích","87","xich","https://vongbicongnghiep.vn/san-pham/phc-80-3x10ft/","https://vongbicongnghiep.vn/wp-content/uploads/2024/12/PHC-3FT.png","[""https://vongbicongnghiep.vn/wp-content/uploads/2024/12/PHC-3FT.png"",""https://vongbicongnghiep.vn/wp-content/uploads/product_images/truyen-dong/xich/xich-ansi.jpg""]","","","[{""name"":""Lc(mm)"",""terms"":[""93,60""]},{""name"":""chieu-dai-xich"",""terms"":[""3 mét""]},{""name"":""chieu-cao-h2(mm)"",""terms"":[""24,00""]},{""name"":""chieu-day-t(mm)"",""terms"":[""3,25""]},{""name"":""trong-luong(kg/m)"",""terms"":[""7,89""]},{""name"":""Ky-hieu-Ansi"",""terms"":[""29281""]},{""name"":""Ky-hieu-BS/ISO"",""terms"":[""16A-3""]},{""name"":""So-day-xich"",""terms"":[""Xích 3 dãy""]},{""name"":""brand"",""terms"":[""SKF""]}]","4937000","out_of_stock","vongbicongnghiep.vn-wc-store-api-category-search-skf","2026-04-29T13:55:04.602Z"
"29548","SKF","PHC 60-3x5MTR-SKF","PHC 60-3x5MTR-SKF","PHC603X5MTRSKF","PHC 60-3x5MTR","Xích","Xích","87","xich","https://vongbicongnghiep.vn/san-pham/phc-60-3x5mtr/","https://vongbicongnghiep.vn/wp-content/uploads/2024/12/PHC-3FT.png","[""https://vongbicongnghiep.vn/wp-content/uploads/2024/12/PHC-3FT.png"",""https://vongbicongnghiep.vn/wp-content/uploads/product_images/truyen-dong/xich/xich-ansi.jpg""]","","","[{""name"":""Lc(mm)"",""terms"":[""73,30""]},{""name"":""chieu-dai-xich"",""terms"":[""5 mét""]},{""name"":""chieu-cao-h2(mm)"",""terms"":[""18,00""]},{""name"":""chieu-day-t(mm)"",""terms"":[""2,42""]},{""name"":""trong-luong(kg/m)"",""terms"":[""4,54""]},{""name"":""Ky-hieu-Ansi"",""terms"":[""21976""]},{""name"":""Ky-hieu-BS/ISO"",""terms"":[""12A-3""]},{""name"":""So-day-xich"",""terms"":[""Xích 3 dãy""]},{""name"":""brand"",""terms"":[""SKF""]}]","7734000","out_of_stock","vongbicongnghiep.vn-wc-store-api-category-search-skf","2026-04-29T13:55:04.602Z"
"29547","SKF","PHC 60-3x10FT-SKF","PHC 60-3x10FT-SKF","PHC603X10FTSKF","PHC 60-3x10FT","Xích","Xích","87","xich","https://vongbicongnghiep.vn/san-pham/phc-60-3x10ft/","https://vongbicongnghiep.vn/wp-content/uploads/2024/12/PHC-3FT.png","[""https://vongbicongnghiep.vn/wp-content/uploads/2024/12/PHC-3FT.png"",""https://vongbicongnghiep.vn/wp-content/uploads/product_images/truyen-dong/xich/xich-ansi.jpg""]","","","[{""name"":""Lc(mm)"",""terms"":[""73,30""]},{""name"":""chieu-dai-xich"",""terms"":[""3 mét""]},{""name"":""chieu-cao-h2(mm)"",""terms"":[""18,00""]},{""name"":""chieu-day-t(mm)"",""terms"":[""2,42""]},{""name"":""trong-luong(kg/m)"",""terms"":[""4,54""]},{""name"":""Ky-hieu-Ansi"",""terms"":[""21976""]},{""name"":""Ky-hieu-BS/ISO"",""terms"":[""12A-3""]},{""name"":""So-day-xich"",""terms"":[""Xích 3 dãy""]},{""name"":""brand"",""terms"":[""SKF""]}]","2638000","in_stock","vongbicongnghiep.vn-wc-store-api-category-search-skf","2026-04-29T13:55:04.602Z"
"29546","SKF","PHC 50-3x5MTR-SKF","PHC 50-3x5MTR-SKF","PHC503X5MTRSKF","PHC 50-3x5MTR","Xích","Xích","87","xich","https://vongbicongnghiep.vn/san-pham/phc-50-3x5mtr/","https://vongbicongnghiep.vn/wp-content/uploads/2024/12/PHC-3FT.png","[""https://vongbicongnghiep.vn/wp-content/uploads/2024/12/PHC-3FT.png"",""https://vongbicongnghiep.vn/wp-content/uploads/product_images/truyen-dong/xich/xich-ansi.jpg""]","","","[{""name"":""Lc(mm)"",""terms"":[""58,50""]},{""name"":""chieu-dai-xich"",""terms"":[""5 mét""]},{""name"":""chieu-cao-h2(mm)"",""terms"":[""15,09""]},{""name"":""chieu-day-t(mm)"",""terms"":[""2,03""]},{""name"":""trong-luong(kg/m)"",""terms"":[""3,09""]},{""name"":""Ky-hieu-Ansi"",""terms"":[""18323""]},{""name"":""Ky-hieu-BS/ISO"",""terms"":[""10A-3""]},{""name"":""So-day-xich"",""terms"":[""Xích 3 dãy""]},{""name"":""brand"",""terms"":[""SKF""]}]","5823000","out_of_stock","vongbicongnghiep.vn-wc-store-api-category-search-skf","2026-04-29T13:55:04.602Z"
"29545","SKF","PHC 50-3x10FT-SKF","PHC 50-3x10FT-SKF","PHC503X10FTSKF","PHC 50-3x10FT","Xích","Xích","87","xich","https://vongbicongnghiep.vn/san-pham/phc-50-3x10ft/","https://vongbicongnghiep.vn/wp-content/uploads/2024/12/PHC-3FT.png","[""https://vongbicongnghiep.vn/wp-content/uploads/2024/12/PHC-3FT.png"",""https://vongbicongnghiep.vn/wp-content/uploads/product_images/truyen-dong/xich/xich-ansi.jpg""]","","","[{""name"":""Lc(mm)"",""terms"":[""58,50""]},{""name"":""chieu-dai-xich"",""terms"":[""3 mét""]},{""name"":""chieu-cao-h2(mm)"",""terms"":[""15,09""]},{""name"":""chieu-day-t(mm)"",""terms"":[""2,03""]},{""name"":""trong-luong(kg/m)"",""terms"":[""3,09""]},{""name"":""Ky-hieu-Ansi"",""terms"":[""18323""]},{""name"":""Ky-hieu-BS/ISO"",""terms"":[""10A-3""]},{""name"":""So-day-xich"",""terms"":[""Xích 3 dãy""]},{""name"":""brand"",""terms"":[""SKF""]}]","2126000","out_of_stock","vongbicongnghiep.vn-wc-store-api-category-search-skf","2026-04-29T13:55:04.602Z"
"29544","SKF","PHC 40-3x5MTR-SKF","PHC 40-3x5MTR-SKF","PHC403X5MTRSKF","PHC 40-3x5MTR","Xích","Xích","87","xich","https://vongbicongnghiep.vn/san-pham/phc-40-3x5mtr/","https://vongbicongnghiep.vn/wp-content/uploads/2024/12/PHC-3FT.png","[""https://vongbicongnghiep.vn/wp-content/uploads/2024/12/PHC-3FT.png"",""https://vongbicongnghiep.vn/wp-content/uploads/product_images/truyen-dong/xich/xich-ansi.jpg""]","","","[{""name"":""Lc(mm)"",""terms"":[""46,60""]},{""name"":""chieu-dai-xich"",""terms"":[""5 mét""]},{""name"":""chieu-cao-h2(mm)"",""terms"":[""12,00""]},{""name"":""chieu-day-t(mm)"",""terms"":[""1,50""]},{""name"":""trong-luong(kg/m)"",""terms"":[""1,90""]},{""name"":""Ky-hieu-Ansi"",""terms"":[""14671""]},{""name"":""Ky-hieu-BS/ISO"",""terms"":[""08A-3""]},{""name"":""So-day-xich"",""terms"":[""Xích 3 dãy""]},{""name"":""brand"",""terms"":[""SKF""]}]","3752000","out_of_stock","vongbicongnghiep.vn-wc-store-api-category-search-skf","2026-04-29T13:55:04.602Z"
"29543","SKF","PHC 40-3x10FT-SKF","PHC 40-3x10FT-SKF","PHC403X10FTSKF","PHC 40-3x10FT","Xích","Xích","87","xich","https://vongbicongnghiep.vn/san-pham/phc-40-3x10ft/","https://vongbicongnghiep.vn/wp-content/uploads/2024/12/PHC-3FT.png","[""https://vongbicongnghiep.vn/wp-content/uploads/2024/12/PHC-3FT.png"",""https://vongbicongnghiep.vn/wp-content/uploads/product_images/truyen-dong/xich/xich-ansi.jpg""]","","","[{""name"":""Lc(mm)"",""terms"":[""46,60""]},{""name"":""chieu-dai-xich"",""terms"":[""3 mét""]},{""name"":""chieu-cao-h2(mm)"",""terms"":[""12,00""]},{""name"":""chieu-day-t(mm)"",""terms"":[""1,50""]},{""name"":""trong-luong(kg/m)"",""terms"":[""1,90""]},{""name"":""Ky-hieu-Ansi"",""terms"":[""14671""]},{""name"":""Ky-hieu-BS/ISO"",""terms"":[""08A-3""]},{""name"":""So-day-xich"",""terms"":[""Xích 3 dãy""]},{""name"":""brand"",""terms"":[""SKF""]}]","1441000","out_of_stock","vongbicongnghiep.vn-wc-store-api-category-search-skf","2026-04-29T13:55:04.602Z"
"29542","SKF","PHC 35-3x5MTR-SKF","PHC 35-3x5MTR-SKF","PHC353X5MTRSKF","PHC 35-3x5MTR","Xích","Xích","87","xich","https://vongbicongnghiep.vn/san-pham/phc-35-3x5mtr/","https://vongbicongnghiep.vn/wp-content/uploads/2024/12/PHC-3FT.png","[""https://vongbicongnghiep.vn/wp-content/uploads/2024/12/PHC-3FT.png"",""https://vongbicongnghiep.vn/wp-content/uploads/product_images/truyen-dong/xich/xich-ansi.jpg""]","","","[{""name"":""Lc(mm)"",""terms"":[""33,50""]},{""name"":""chieu-dai-xich"",""terms"":[""5 mét""]},{""name"":""chieu-cao-h2(mm)"",""terms"":[""9,00""]},{""name"":""chieu-day-t(mm)"",""terms"":[""1,30""]},{""name"":""trong-luong(kg/m)"",""terms"":[""1,05""]},{""name"":""Ky-hieu-Ansi"",""terms"":[""12844""]},{""name"":""Ky-hieu-BS/ISO"",""terms"":[""06C-3""]},{""name"":""So-day-xich"",""terms"":[""Xích 3 dãy""]},{""name"":""brand"",""terms"":[""SKF""]}]","3098000","out_of_stock","vongbicongnghiep.vn-wc-store-api-category-search-skf","2026-04-29T13:55:04.602Z"
"29541","SKF","PHC 35-3x10FT-SKF","PHC 35-3x10FT-SKF","PHC353X10FTSKF","PHC 35-3x10FT","Xích","Xích","87","xich","https://vongbicongnghiep.vn/san-pham/phc-35-3x10ft/","https://vongbicongnghiep.vn/wp-content/uploads/2024/12/PHC-3FT.png","[""https://vongbicongnghiep.vn/wp-content/uploads/2024/12/PHC-3FT.png"",""https://vongbicongnghiep.vn/wp-content/uploads/product_images/truyen-dong/xich/xich-ansi.jpg""]","","","[{""name"":""Lc(mm)"",""terms"":[""33,50""]},{""name"":""chieu-dai-xich"",""terms"":[""3 mét""]},{""name"":""chieu-cao-h2(mm)"",""terms"":[""9,00""]},{""name"":""chieu-day-t(mm)"",""terms"":[""1,30""]},{""name"":""trong-luong(kg/m)"",""terms"":[""1,05""]},{""name"":""Ky-hieu-Ansi"",""terms"":[""12844""]},{""name"":""Ky-hieu-BS/ISO"",""terms"":[""06C-3""]},{""name"":""So-day-xich"",""terms"":[""Xích 3 dãy""]},{""name"":""brand"",""terms"":[""SKF""]}]","1267000","out_of_stock","vongbicongnghiep.vn-wc-store-api-category-search-skf","2026-04-29T13:55:04.602Z"
"29540","SKF","PHC 25-3x5MTR-SKF","PHC 25-3x5MTR-SKF","PHC253X5MTRSKF","PHC 25-3x5MTR","Xích","Xích","87","xich","https://vongbicongnghiep.vn/san-pham/phc-25-3x5mtr/","https://vongbicongnghiep.vn/wp-content/uploads/2024/12/PHC-3FT.png","[""https://vongbicongnghiep.vn/wp-content/uploads/2024/12/PHC-3FT.png"",""https://vongbicongnghiep.vn/wp-content/uploads/product_images/truyen-dong/xich/xich-ansi.jpg""]","","","[{""name"":""Lc(mm)"",""terms"":[""21,50""]},{""name"":""chieu-dai-xich"",""terms"":[""5 mét""]},{""name"":""chieu-cao-h2(mm)"",""terms"":[""6,00""]},{""name"":""chieu-day-t(mm)"",""terms"":[""0,80""]},{""name"":""trong-luong(kg/m)"",""terms"":[""0,44""]},{""name"":""Ky-hieu-Ansi"",""terms"":[""45376""]},{""name"":""Ky-hieu-BS/ISO"",""terms"":[""04C-3""]},{""name"":""So-day-xich"",""terms"":[""Xích 3 dãy""]},{""name"":""brand"",""terms"":[""SKF""]}]","3563000","out_of_stock","vongbicongnghiep.vn-wc-store-api-category-search-skf","2026-04-29T13:55:04.602Z"
"29539","SKF","PHC 25-3x10FT-SKF","PHC 25-3x10FT-SKF","PHC253X10FTSKF","PHC 25-3x10FT","Xích","Xích","87","xich","https://vongbicongnghiep.vn/san-pham/phc-25-3x10ft/","https://vongbicongnghiep.vn/wp-content/uploads/2024/12/PHC-3FT.png","[""https://vongbicongnghiep.vn/wp-content/uploads/2024/12/PHC-3FT.png"",""https://vongbicongnghiep.vn/wp-content/uploads/product_images/truyen-dong/xich/xich-ansi.jpg""]","","","[{""name"":""Lc(mm)"",""terms"":[""21,50""]},{""name"":""chieu-dai-xich"",""terms"":[""3 mét""]},{""name"":""chieu-cao-h2(mm)"",""terms"":[""6,00""]},{""name"":""chieu-day-t(mm)"",""terms"":[""0,80""]},{""name"":""trong-luong(kg/m)"",""terms"":[""0,44""]},{""name"":""Ky-hieu-Ansi"",""terms"":[""45376""]},{""name"":""Ky-hieu-BS/ISO"",""terms"":[""04C-3""]},{""name"":""So-day-xich"",""terms"":[""Xích 3 dãy""]},{""name"":""brand"",""terms"":[""SKF""]}]","1474000","out_of_stock","vongbicongnghiep.vn-wc-store-api-category-search-skf","2026-04-29T13:55:04.602Z"
"29538","SKF","PHC 240-2x5MTR-SKF","PHC 240-2x5MTR-SKF","PHC2402X5MTRSKF","PHC 240-2x5MTR","Xích","Xích","87","xich","https://vongbicongnghiep.vn/san-pham/phc-240-2x5mtr/","https://vongbicongnghiep.vn/wp-content/uploads/2024/12/PHC-2FT.png","[""https://vongbicongnghiep.vn/wp-content/uploads/2024/12/PHC-2FT.png"",""https://vongbicongnghiep.vn/wp-content/uploads/product_images/truyen-dong/xich/xich-ansi.jpg""]","","","[{""name"":""Lc(mm)"",""terms"":[""190,80""]},{""name"":""chieu-dai-xich"",""terms"":[""5 mét""]},{""name"":""chieu-cao-h2(mm)"",""terms"":[""72,39""]},{""name"":""chieu-day-t(mm)"",""terms"":[""9,50""]},{""name"":""trong-luong(kg/m)"",""terms"":[""4523""]},{""name"":""Ky-hieu-Ansi"",""terms"":[""240-2""]},{""name"":""Ky-hieu-BS/ISO"",""terms"":[""48A-2""]},{""name"":""So-day-xich"",""terms"":[""Xích 2 dãy""]},{""name"":""brand"",""terms"":[""SKF""]}]","89595000","out_of_stock","vongbicongnghiep.vn-wc-store-api-category-search-skf","2026-04-29T13:55:04.602Z"
"29537","SKF","PHC 240-2x10FT-SKF","PHC 240-2x10FT-SKF","PHC2402X10FTSKF","PHC 240-2x10FT","Xích","Xích","87","xich","https://vongbicongnghiep.vn/san-pham/phc-240-2x10ft/","https://vongbicongnghiep.vn/wp-content/uploads/2024/12/PHC-2FT.png","[""https://vongbicongnghiep.vn/wp-content/uploads/2024/12/PHC-2FT.png"",""https://vongbicongnghiep.vn/wp-content/uploads/product_images/truyen-dong/xich/xich-ansi.jpg""]","","","[{""name"":""Lc(mm)"",""terms"":[""190,80""]},{""name"":""chieu-dai-xich"",""terms"":[""3 mét""]},{""name"":""chieu-cao-h2(mm)"",""terms"":[""72,39""]},{""name"":""chieu-day-t(mm)"",""terms"":[""9,50""]},{""name"":""trong-luong(kg/m)"",""terms"":[""4523""]},{""name"":""Ky-hieu-Ansi"",""terms"":[""240-2""]},{""name"":""Ky-hieu-BS/ISO"",""terms"":[""48A-2""]},{""name"":""So-day-xich"",""terms"":[""Xích 2 dãy""]},{""name"":""brand"",""terms"":[""SKF""]}]","30888000","out_of_stock","vongbicongnghiep.vn-wc-store-api-category-search-skf","2026-04-29T13:55:04.602Z"
"29536","SKF","PHC 200-2x5MTR-SKF","PHC 200-2x5MTR-SKF","PHC2002X5MTRSKF","PHC 200-2x5MTR","Xích","Xích","87","xich","https://vongbicongnghiep.vn/san-pham/phc-200-2x5mtr/","https://vongbicongnghiep.vn/wp-content/uploads/2024/12/PHC-2FT.png","[""https://vongbicongnghiep.vn/wp-content/uploads/2024/12/PHC-2FT.png"",""https://vongbicongnghiep.vn/wp-content/uploads/product_images/truyen-dong/xich/xich-ansi.jpg""]","","","[{""name"":""Lc(mm)"",""terms"":[""158,80""]},{""name"":""chieu-dai-xich"",""terms"":[""5 mét""]},{""name"":""chieu-cao-h2(mm)"",""terms"":[""60,00""]},{""name"":""chieu-day-t(mm)"",""terms"":[""8,00""]},{""name"":""trong-luong(kg/m)"",""terms"":[""32,24""]},{""name"":""Ky-hieu-Ansi"",""terms"":[""200-2""]},{""name"":""Ky-hieu-BS/ISO"",""terms"":[""40A-2""]},{""name"":""So-day-xich"",""terms"":[""Xích 2 dãy""]},{""name"":""brand"",""terms"":[""SKF""]}]","62791000","out_of_stock","vongbicongnghiep.vn-wc-store-api-category-search-skf","2026-04-29T13:55:04.602Z"
"29535","SKF","PHC 200-2x10FT-SKF","PHC 200-2x10FT-SKF","PHC2002X10FTSKF","PHC 200-2x10FT","Xích","Xích","87","xich","https://vongbicongnghiep.vn/san-pham/phc-200-2x10ft/","https://vongbicongnghiep.vn/wp-content/uploads/2024/12/PHC-2FT.png","[""https://vongbicongnghiep.vn/wp-content/uploads/2024/12/PHC-2FT.png"",""https://vongbicongnghiep.vn/wp-content/uploads/product_images/truyen-dong/xich/xich-ansi.jpg""]","","","[{""name"":""Lc(mm)"",""terms"":[""158,80""]},{""name"":""chieu-dai-xich"",""terms"":[""3 mét""]},{""name"":""chieu-cao-h2(mm)"",""terms"":[""60,00""]},{""name"":""chieu-day-t(mm)"",""terms"":[""8,00""]},{""name"":""trong-luong(kg/m)"",""terms"":[""32,24""]},{""name"":""Ky-hieu-Ansi"",""terms"":[""200-2""]},{""name"":""Ky-hieu-BS/ISO"",""terms"":[""40A-2""]},{""name"":""So-day-xich"",""terms"":[""Xích 2 dãy""]},{""name"":""brand"",""terms"":[""SKF""]}]","21648000","out_of_stock","vongbicongnghiep.vn-wc-store-api-category-search-skf","2026-04-29T13:55:04.602Z"
"29534","SKF","PHC 180-2x5MTR-SKF","PHC 180-2x5MTR-SKF","PHC1802X5MTRSKF","PHC 180-2x5MTR","Xích","Xích","87","xich","https://vongbicongnghiep.vn/san-pham/phc-180-2x5mtr/","https://vongbicongnghiep.vn/wp-content/uploads/2024/12/PHC-2FT.png","[""https://vongbicongnghiep.vn/wp-content/uploads/2024/12/PHC-2FT.png"",""https://vongbicongnghiep.vn/wp-content/uploads/product_images/truyen-dong/xich/xich-ansi.jpg""]","","","[{""name"":""Lc(mm)"",""terms"":[""144,40""]},{""name"":""chieu-dai-xich"",""terms"":[""5 mét""]},{""name"":""chieu-cao-h2(mm)"",""terms"":[""53,60""]},{""name"":""chieu-day-t(mm)"",""terms"":[""7,20""]},{""name"":""trong-luong(kg/m)"",""terms"":[""29,22""]},{""name"":""Ky-hieu-Ansi"",""terms"":[""180-2""]},{""name"":""Ky-hieu-BS/ISO"",""terms"":[""36A-2""]},{""name"":""So-day-xich"",""terms"":[""Xích 2 dãy""]},{""name"":""brand"",""terms"":[""SKF""]}]","53223000","out_of_stock","vongbicongnghiep.vn-wc-store-api-category-search-skf","2026-04-29T13:55:04.602Z"
"29533","SKF","PHC 180-2x10FT-SKF","PHC 180-2x10FT-SKF","PHC1802X10FTSKF","PHC 180-2x10FT","Xích","Xích","87","xich","https://vongbicongnghiep.vn/san-pham/phc-180-2x10ft/","https://vongbicongnghiep.vn/wp-content/uploads/2024/12/PHC-2FT.png","[""https://vongbicongnghiep.vn/wp-content/uploads/2024/12/PHC-2FT.png"",""https://vongbicongnghiep.vn/wp-content/uploads/product_images/truyen-dong/xich/xich-ansi.jpg""]","","","[{""name"":""Lc(mm)"",""terms"":[""144,40""]},{""name"":""chieu-dai-xich"",""terms"":[""3 mét""]},{""name"":""chieu-cao-h2(mm)"",""terms"":[""53,60""]},{""name"":""chieu-day-t(mm)"",""terms"":[""7,20""]},{""name"":""trong-luong(kg/m)"",""terms"":[""29,22""]},{""name"":""Ky-hieu-Ansi"",""terms"":[""180-2""]},{""name"":""Ky-hieu-BS/ISO"",""terms"":[""36A-2""]},{""name"":""So-day-xich"",""terms"":[""Xích 2 dãy""]},{""name"":""brand"",""terms"":[""SKF""]}]","18350000","out_of_stock","vongbicongnghiep.vn-wc-store-api-category-search-skf","2026-04-29T13:55:04.602Z"
"29532","SKF","PHC 160-2x5MTR-SKF","PHC 160-2x5MTR-SKF","PHC1602X5MTRSKF","PHC 160-2x5MTR","Xích","Xích","87","xich","https://vongbicongnghiep.vn/san-pham/phc-160-2x5mtr/","https://vongbicongnghiep.vn/wp-content/uploads/2024/12/PHC-2FT.png","[""https://vongbicongnghiep.vn/wp-content/uploads/2024/12/PHC-2FT.png"",""https://vongbicongnghiep.vn/wp-content/uploads/product_images/truyen-dong/xich/xich-ansi.jpg""]","","","[{""name"":""Lc(mm)"",""terms"":[""128,10""]},{""name"":""chieu-dai-xich"",""terms"":[""5 mét""]},{""name"":""chieu-cao-h2(mm)"",""terms"":[""47,80""]},{""name"":""chieu-day-t(mm)"",""terms"":[""6,40""]},{""name"":""trong-luong(kg/m)"",""terms"":[""20,14""]},{""name"":""Ky-hieu-Ansi"",""terms"":[""160-2""]},{""name"":""Ky-hieu-BS/ISO"",""terms"":[""32A-2""]},{""name"":""So-day-xich"",""terms"":[""Xích 2 dãy""]},{""name"":""brand"",""terms"":[""SKF""]}]","35311000","out_of_stock","vongbicongnghiep.vn-wc-store-api-category-search-skf","2026-04-29T13:55:04.602Z"
"29531","SKF","PHC 160-2x10FT-SKF","PHC 160-2x10FT-SKF","PHC1602X10FTSKF","PHC 160-2x10FT","Xích","Xích","87","xich","https://vongbicongnghiep.vn/san-pham/phc-160-2x10ft/","https://vongbicongnghiep.vn/wp-content/uploads/2024/12/PHC-2FT.png","[""https://vongbicongnghiep.vn/wp-content/uploads/2024/12/PHC-2FT.png"",""https://vongbicongnghiep.vn/wp-content/uploads/product_images/truyen-dong/xich/xich-ansi.jpg""]","","","[{""name"":""Lc(mm)"",""terms"":[""128,10""]},{""name"":""chieu-dai-xich"",""terms"":[""3 mét""]},{""name"":""chieu-cao-h2(mm)"",""terms"":[""47,80""]},{""name"":""chieu-day-t(mm)"",""terms"":[""6,40""]},{""name"":""trong-luong(kg/m)"",""terms"":[""20,14""]},{""name"":""Ky-hieu-Ansi"",""terms"":[""160-2""]},{""name"":""Ky-hieu-BS/ISO"",""terms"":[""32A-2""]},{""name"":""So-day-xich"",""terms"":[""Xích 2 dãy""]},{""name"":""brand"",""terms"":[""SKF""]}]","12249000","in_stock","vongbicongnghiep.vn-wc-store-api-category-search-skf","2026-04-29T13:55:04.602Z"
"29530","SKF","PHC 140-2x5MTR-SKF","PHC 140-2x5MTR-SKF","PHC1402X5MTRSKF","PHC 140-2x5MTR","Xích","Xích","87","xich","https://vongbicongnghiep.vn/san-pham/phc-140-2x5mtr/","https://vongbicongnghiep.vn/wp-content/uploads/2024/12/PHC-2FT.png","[""https://vongbicongnghiep.vn/wp-content/uploads/2024/12/PHC-2FT.png"",""https://vongbicongnghiep.vn/wp-content/uploads/product_images/truyen-dong/xich/xich-ansi.jpg""]","","","[{""name"":""Lc(mm)"",""terms"":[""107,90""]},{""name"":""chieu-dai-xich"",""terms"":[""5 mét""]},{""name"":""chieu-cao-h2(mm)"",""terms"":[""41,00""]},{""name"":""chieu-day-t(mm)"",""terms"":[""5,60""]},{""name"":""trong-luong(kg/m)"",""terms"":[""15,14""]},{""name"":""Ky-hieu-Ansi"",""terms"":[""140-2""]},{""name"":""Ky-hieu-BS/ISO"",""terms"":[""28A-2""]},{""name"":""So-day-xich"",""terms"":[""Xích 2 dãy""]},{""name"":""brand"",""terms"":[""SKF""]}]","13894000","out_of_stock","vongbicongnghiep.vn-wc-store-api-category-search-skf","2026-04-29T13:55:04.602Z"
"29529","SKF","PHC 140-2x10FT-SKF","PHC 140-2x10FT-SKF","PHC1402X10FTSKF","PHC 140-2x10FT","Xích","Xích","87","xich","https://vongbicongnghiep.vn/san-pham/phc-140-2x10ft/","https://vongbicongnghiep.vn/wp-content/uploads/2024/12/PHC-2FT.png","[""https://vongbicongnghiep.vn/wp-content/uploads/2024/12/PHC-2FT.png"",""https://vongbicongnghiep.vn/wp-content/uploads/product_images/truyen-dong/xich/xich-ansi.jpg""]","","","[{""name"":""Lc(mm)"",""terms"":[""107,90""]},{""name"":""chieu-dai-xich"",""terms"":[""3 mét""]},{""name"":""chieu-cao-h2(mm)"",""terms"":[""41,00""]},{""name"":""chieu-day-t(mm)"",""terms"":[""5,60""]},{""name"":""trong-luong(kg/m)"",""terms"":[""15,14""]},{""name"":""Ky-hieu-Ansi"",""terms"":[""140-2""]},{""name"":""Ky-hieu-BS/ISO"",""terms"":[""28A-2""]},{""name"":""So-day-xich"",""terms"":[""Xích 2 dãy""]},{""name"":""brand"",""terms"":[""SKF""]}]","8583000","in_stock","vongbicongnghiep.vn-wc-store-api-category-search-skf","2026-04-29T13:55:04.602Z"
"29528","SKF","PHC 120-2x5MTR-SKF","PHC 120-2x5MTR-SKF","PHC1202X5MTRSKF","PHC 120-2x5MTR","Xích","Xích","87","xich","https://vongbicongnghiep.vn/san-pham/phc-120-2x5mtr/","https://vongbicongnghiep.vn/wp-content/uploads/2024/12/PHC-2FT.png","[""https://vongbicongnghiep.vn/wp-content/uploads/2024/12/PHC-2FT.png"",""https://vongbicongnghiep.vn/wp-content/uploads/product_images/truyen-dong/xich/xich-ansi.jpg""]","","","[{""name"":""Lc(mm)"",""terms"":[""99,70""]},{""name"":""chieu-dai-xich"",""terms"":[""5 mét""]},{""name"":""chieu-cao-h2(mm)"",""terms"":[""35,70""]},{""name"":""chieu-day-t(mm)"",""terms"":[""4,80""]},{""name"":""trong-luong(kg/m)"",""terms"":[""11,70""]},{""name"":""Ky-hieu-Ansi"",""terms"":[""120-2""]},{""name"":""Ky-hieu-BS/ISO"",""terms"":[""24A-2""]},{""name"":""So-day-xich"",""terms"":[""Xích 2 dãy""]},{""name"":""brand"",""terms"":[""SKF""]}]","19104000","out_of_stock","vongbicongnghiep.vn-wc-store-api-category-search-skf","2026-04-29T13:55:04.602Z"
"29527","SKF","PHC 120-2x10FT-SKF","PHC 120-2x10FT-SKF","PHC1202X10FTSKF","PHC 120-2x10FT","Xích","Xích","87","xich","https://vongbicongnghiep.vn/san-pham/phc-120-2x10ft/","https://vongbicongnghiep.vn/wp-content/uploads/2024/12/PHC-2FT.png","[""https://vongbicongnghiep.vn/wp-content/uploads/2024/12/PHC-2FT.png"",""https://vongbicongnghiep.vn/wp-content/uploads/product_images/truyen-dong/xich/xich-ansi.jpg""]","","","[{""name"":""Lc(mm)"",""terms"":[""99,70""]},{""name"":""chieu-dai-xich"",""terms"":[""3 mét""]},{""name"":""chieu-cao-h2(mm)"",""terms"":[""35,70""]},{""name"":""chieu-day-t(mm)"",""terms"":[""4,80""]},{""name"":""trong-luong(kg/m)"",""terms"":[""11,70""]},{""name"":""Ky-hieu-Ansi"",""terms"":[""120-2""]},{""name"":""Ky-hieu-BS/ISO"",""terms"":[""24A-2""]},{""name"":""So-day-xich"",""terms"":[""Xích 2 dãy""]},{""name"":""brand"",""terms"":[""SKF""]}]","6846000","in_stock","vongbicongnghiep.vn-wc-store-api-category-search-skf","2026-04-29T13:55:04.602Z"
"29526","SKF","PHC 100-2x5MTR-SKF","PHC 100-2x5MTR-SKF","PHC1002X5MTRSKF","PHC 100-2x5MTR","Xích","Xích","87","xich","https://vongbicongnghiep.vn/san-pham/phc-100-2x5mtr/","https://vongbicongnghiep.vn/wp-content/uploads/2024/12/PHC-2FT.png","[""https://vongbicongnghiep.vn/wp-content/uploads/2024/12/PHC-2FT.png"",""https://vongbicongnghiep.vn/wp-content/uploads/product_images/truyen-dong/xich/xich-ansi.jpg""]","","","[{""name"":""Lc(mm)"",""terms"":[""80,50""]},{""name"":""chieu-dai-xich"",""terms"":[""5 mét""]},{""name"":""chieu-cao-h2(mm)"",""terms"":[""30,00""]},{""name"":""chieu-day-t(mm)"",""terms"":[""4,00""]},{""name"":""trong-luong(kg/m)"",""terms"":[""7,80""]},{""name"":""Ky-hieu-Ansi"",""terms"":[""100-2""]},{""name"":""Ky-hieu-BS/ISO"",""terms"":[""20A-2""]},{""name"":""So-day-xich"",""terms"":[""Xích 2 dãy""]},{""name"":""brand"",""terms"":[""SKF""]}]","12888000","out_of_stock","vongbicongnghiep.vn-wc-store-api-category-search-skf","2026-04-29T13:55:04.602Z"
"29525","SKF","PHC 100-2x10FT-SKF","PHC 100-2x10FT-SKF","PHC1002X10FTSKF","PHC 100-2x10FT","Xích","Xích","87","xich","https://vongbicongnghiep.vn/san-pham/phc-100-2x10ft/","https://vongbicongnghiep.vn/wp-content/uploads/2024/12/PHC-2FT.png","[""https://vongbicongnghiep.vn/wp-content/uploads/2024/12/PHC-2FT.png"",""https://vongbicongnghiep.vn/wp-content/uploads/product_images/truyen-dong/xich/xich-ansi.jpg""]","","","[{""name"":""Lc(mm)"",""terms"":[""80,50""]},{""name"":""chieu-dai-xich"",""terms"":[""3 mét""]},{""name"":""chieu-cao-h2(mm)"",""terms"":[""30,00""]},{""name"":""chieu-day-t(mm)"",""terms"":[""4,00""]},{""name"":""trong-luong(kg/m)"",""terms"":[""7,80""]},{""name"":""Ky-hieu-Ansi"",""terms"":[""100-2""]},{""name"":""Ky-hieu-BS/ISO"",""terms"":[""20A-2""]},{""name"":""So-day-xich"",""terms"":[""Xích 2 dãy""]},{""name"":""brand"",""terms"":[""SKF""]}]","4550000","in_stock","vongbicongnghiep.vn-wc-store-api-category-search-skf","2026-04-29T13:55:04.602Z"
"29524","SKF","PHC 80-2x5MTR-SKF","PHC 80-2x5MTR-SKF","PHC802X5MTRSKF","PHC 80-2x5MTR","Xích","Xích","87","xich","https://vongbicongnghiep.vn/san-pham/phc-80-2x5mtr/","https://vongbicongnghiep.vn/wp-content/uploads/2024/12/PHC-2FT.png","[""https://vongbicongnghiep.vn/wp-content/uploads/2024/12/PHC-2FT.png"",""https://vongbicongnghiep.vn/wp-content/uploads/product_images/truyen-dong/xich/xich-ansi.jpg""]","","","[{""name"":""Lc(mm)"",""terms"":[""64,30""]},{""name"":""chieu-dai-xich"",""terms"":[""5 mét""]},{""name"":""chieu-cao-h2(mm)"",""terms"":[""24,00""]},{""name"":""chieu-day-t(mm)"",""terms"":[""3,25""]},{""name"":""trong-luong(kg/m)"",""terms"":[""5,15""]},{""name"":""Ky-hieu-Ansi"",""terms"":[""29252""]},{""name"":""Ky-hieu-BS/ISO"",""terms"":[""16A-2""]},{""name"":""So-day-xich"",""terms"":[""Xích 2 dãy""]},{""name"":""brand"",""terms"":[""SKF""]}]","8478000","out_of_stock","vongbicongnghiep.vn-wc-store-api-category-search-skf","2026-04-29T13:55:04.602Z"
"29523","SKF","PHC 80-2x10FT-SKF","PHC 80-2x10FT-SKF","PHC802X10FTSKF","PHC 80-2x10FT","Xích","Xích","87","xich","https://vongbicongnghiep.vn/san-pham/phc-80-2x10ft/","https://vongbicongnghiep.vn/wp-content/uploads/2024/12/PHC-2FT.png","[""https://vongbicongnghiep.vn/wp-content/uploads/2024/12/PHC-2FT.png"",""https://vongbicongnghiep.vn/wp-content/uploads/product_images/truyen-dong/xich/xich-ansi.jpg""]","","","[{""name"":""Lc(mm)"",""terms"":[""64,30""]},{""name"":""chieu-dai-xich"",""terms"":[""3 mét""]},{""name"":""chieu-cao-h2(mm)"",""terms"":[""24,00""]},{""name"":""chieu-day-t(mm)"",""terms"":[""3,25""]},{""name"":""trong-luong(kg/m)"",""terms"":[""5,15""]},{""name"":""Ky-hieu-Ansi"",""terms"":[""29252""]},{""name"":""Ky-hieu-BS/ISO"",""terms"":[""16A-2""]},{""name"":""So-day-xich"",""terms"":[""Xích 2 dãy""]},{""name"":""brand"",""terms"":[""SKF""]}]","2830000","in_stock","vongbicongnghiep.vn-wc-store-api-category-search-skf","2026-04-29T13:55:04.602Z"
"29522","SKF","PHC 60-2x5MTR-SKF","PHC 60-2x5MTR-SKF","PHC602X5MTRSKF","PHC 60-2x5MTR","Xích","Xích","87","xich","https://vongbicongnghiep.vn/san-pham/phc-60-2x5mtr/","https://vongbicongnghiep.vn/wp-content/uploads/2024/12/PHC-2FT.png","[""https://vongbicongnghiep.vn/wp-content/uploads/2024/12/PHC-2FT.png"",""https://vongbicongnghiep.vn/wp-content/uploads/product_images/truyen-dong/xich/xich-ansi.jpg""]","","","[{""name"":""Lc(mm)"",""terms"":[""50,50""]},{""name"":""chieu-dai-xich"",""terms"":[""5 mét""]},{""name"":""chieu-cao-h2(mm)"",""terms"":[""18,00""]},{""name"":""chieu-day-t(mm)"",""terms"":[""2,42""]},{""name"":""trong-luong(kg/m)"",""terms"":[""2,92""]},{""name"":""Ky-hieu-Ansi"",""terms"":[""21947""]},{""name"":""Ky-hieu-BS/ISO"",""terms"":[""12A-2""]},{""name"":""So-day-xich"",""terms"":[""Xích 2 dãy""]},{""name"":""brand"",""terms"":[""SKF""]}]","4835000","out_of_stock","vongbicongnghiep.vn-wc-store-api-category-search-skf","2026-04-29T13:55:04.602Z"
"29521","SKF","PHC 60-2x10FT-SKF","PHC 60-2x10FT-SKF","PHC602X10FTSKF","PHC 60-2x10FT","Xích","Xích","87","xich","https://vongbicongnghiep.vn/san-pham/phc-60-2x10ft/","https://vongbicongnghiep.vn/wp-content/uploads/2024/12/PHC-2FT.png","[""https://vongbicongnghiep.vn/wp-content/uploads/2024/12/PHC-2FT.png"",""https://vongbicongnghiep.vn/wp-content/uploads/product_images/truyen-dong/xich/xich-ansi.jpg""]","","","[{""name"":""Lc(mm)"",""terms"":[""50,50""]},{""name"":""chieu-dai-xich"",""terms"":[""3 mét""]},{""name"":""chieu-cao-h2(mm)"",""terms"":[""18,00""]},{""name"":""chieu-day-t(mm)"",""terms"":[""2,42""]},{""name"":""trong-luong(kg/m)"",""terms"":[""2,92""]},{""name"":""Ky-hieu-Ansi"",""terms"":[""21947""]},{""name"":""Ky-hieu-BS/ISO"",""terms"":[""12A-2""]},{""name"":""So-day-xich"",""terms"":[""Xích 2 dãy""]},{""name"":""brand"",""terms"":[""SKF""]}]","1588000","in_stock","vongbicongnghiep.vn-wc-store-api-category-search-skf","2026-04-29T13:55:04.602Z"
"29520","SKF","PHC 50-2x5MTR-SKF","PHC 50-2x5MTR-SKF","PHC502X5MTRSKF","PHC 50-2x5MTR","Xích","Xích","87","xich","https://vongbicongnghiep.vn/san-pham/phc-50-2x5mtr/","https://vongbicongnghiep.vn/wp-content/uploads/2024/12/PHC-2FT.png","[""https://vongbicongnghiep.vn/wp-content/uploads/2024/12/PHC-2FT.png"",""https://vongbicongnghiep.vn/wp-content/uploads/product_images/truyen-dong/xich/xich-ansi.jpg""]","","","[{""name"":""Lc(mm)"",""terms"":[""40,40""]},{""name"":""chieu-dai-xich"",""terms"":[""5 mét""]},{""name"":""chieu-cao-h2(mm)"",""terms"":[""15,09""]},{""name"":""chieu-day-t(mm)"",""terms"":[""2,03""]},{""name"":""trong-luong(kg/m)"",""terms"":[""2,00""]},{""name"":""Ky-hieu-Ansi"",""terms"":[""18295""]},{""name"":""Ky-hieu-BS/ISO"",""terms"":[""10A-2""]},{""name"":""So-day-xich"",""terms"":[""Xích 2 dãy""]},{""name"":""brand"",""terms"":[""SKF""]}]","3638000","out_of_stock","vongbicongnghiep.vn-wc-store-api-category-search-skf","2026-04-29T13:55:04.602Z"
"29519","SKF","PHC 50-2x10FT-SKF","PHC 50-2x10FT-SKF","PHC502X10FTSKF","PHC 50-2x10FT","Xích","Xích","87","xich","https://vongbicongnghiep.vn/san-pham/phc-50-2x10ft/","https://vongbicongnghiep.vn/wp-content/uploads/2024/12/PHC-2FT.png","[""https://vongbicongnghiep.vn/wp-content/uploads/2024/12/PHC-2FT.png"",""https://vongbicongnghiep.vn/wp-content/uploads/product_images/truyen-dong/xich/xich-ansi.jpg""]","","","[{""name"":""Lc(mm)"",""terms"":[""40,40""]},{""name"":""chieu-dai-xich"",""terms"":[""3 mét""]},{""name"":""chieu-cao-h2(mm)"",""terms"":[""15,09""]},{""name"":""chieu-day-t(mm)"",""terms"":[""2,03""]},{""name"":""trong-luong(kg/m)"",""terms"":[""2,00""]},{""name"":""Ky-hieu-Ansi"",""terms"":[""18295""]},{""name"":""Ky-hieu-BS/ISO"",""terms"":[""10A-2""]},{""name"":""So-day-xich"",""terms"":[""Xích 2 dãy""]},{""name"":""brand"",""terms"":[""SKF""]}]","1287000","out_of_stock","vongbicongnghiep.vn-wc-store-api-category-search-skf","2026-04-29T13:55:04.602Z"
"29518","SKF","PHC 40-2x5MTR-SKF","PHC 40-2x5MTR-SKF","PHC402X5MTRSKF","PHC 40-2x5MTR","Xích","Xích","87","xich","https://vongbicongnghiep.vn/san-pham/phc-40-2x5mtr/","https://vongbicongnghiep.vn/wp-content/uploads/2024/12/PHC-2FT.png","[""https://vongbicongnghiep.vn/wp-content/uploads/2024/12/PHC-2FT.png"",""https://vongbicongnghiep.vn/wp-content/uploads/product_images/truyen-dong/xich/xich-ansi.jpg""]","","","[{""name"":""Lc(mm)"",""terms"":[""32,20""]},{""name"":""chieu-dai-xich"",""terms"":[""5 mét""]},{""name"":""chieu-cao-h2(mm)"",""terms"":[""12,00""]},{""name"":""chieu-day-t(mm)"",""terms"":[""1,50""]},{""name"":""trong-luong(kg/m)"",""terms"":[""1,12""]},{""name"":""Ky-hieu-Ansi"",""terms"":[""14642""]},{""name"":""Ky-hieu-BS/ISO"",""terms"":[""08A-2""]},{""name"":""So-day-xich"",""terms"":[""Xích 2 dãy""]},{""name"":""brand"",""terms"":[""SKF""]}]","2343000","out_of_stock","vongbicongnghiep.vn-wc-store-api-category-search-skf","2026-04-29T13:55:04.602Z"
"29517","SKF","PHC 40-2x10FT-SKF","PHC 40-2x10FT-SKF","PHC402X10FTSKF","PHC 40-2x10FT","Xích","Xích","87","xich","https://vongbicongnghiep.vn/san-pham/phc-40-2x10ft/","https://vongbicongnghiep.vn/wp-content/uploads/2024/12/PHC-2FT.png","[""https://vongbicongnghiep.vn/wp-content/uploads/2024/12/PHC-2FT.png"",""https://vongbicongnghiep.vn/wp-content/uploads/product_images/truyen-dong/xich/xich-ansi.jpg""]","","","[{""name"":""Lc(mm)"",""terms"":[""32,20""]},{""name"":""chieu-dai-xich"",""terms"":[""3 mét""]},{""name"":""chieu-cao-h2(mm)"",""terms"":[""12,00""]},{""name"":""chieu-day-t(mm)"",""terms"":[""1,50""]},{""name"":""trong-luong(kg/m)"",""terms"":[""1,12""]},{""name"":""Ky-hieu-Ansi"",""terms"":[""14642""]},{""name"":""Ky-hieu-BS/ISO"",""terms"":[""08A-2""]},{""name"":""So-day-xich"",""terms"":[""Xích 2 dãy""]},{""name"":""brand"",""terms"":[""SKF""]}]","827000","in_stock","vongbicongnghiep.vn-wc-store-api-category-search-skf","2026-04-29T13:55:04.602Z"
"29516","SKF","PHC 41-2x5MTR-SKF","PHC 41-2x5MTR-SKF","PHC412X5MTRSKF","PHC 41-2x5MTR","Xích","Xích","87","xich","https://vongbicongnghiep.vn/san-pham/phc-41-2x5mtr/","https://vongbicongnghiep.vn/wp-content/uploads/2024/12/PHC-2FT.png","[""https://vongbicongnghiep.vn/wp-content/uploads/2024/12/PHC-2FT.png"",""https://vongbicongnghiep.vn/wp-content/uploads/product_images/truyen-dong/xich/xich-ansi.jpg""]","","","[{""name"":""Lc(mm)"",""terms"":[""26,90""]},{""name"":""chieu-dai-xich"",""terms"":[""5 mét""]},{""name"":""chieu-cao-h2(mm)"",""terms"":[""9,91""]},{""name"":""chieu-day-t(mm)"",""terms"":[""1,30""]},{""name"":""trong-luong(kg/m)"",""terms"":[""0,81""]},{""name"":""Ky-hieu-Ansi"",""terms"":[""15008""]},{""name"":""Ky-hieu-BS/ISO"",""terms"":[""085-2""]},{""name"":""So-day-xich"",""terms"":[""Xích 2 dãy""]},{""name"":""brand"",""terms"":[""SKF""]}]","1515000","out_of_stock","vongbicongnghiep.vn-wc-store-api-category-search-skf","2026-04-29T13:55:04.602Z"
"29515","SKF","PHC 41-2x10FT-SKF","PHC 41-2x10FT-SKF","PHC412X10FTSKF","PHC 41-2x10FT","Xích","Xích","87","xich","https://vongbicongnghiep.vn/san-pham/phc-41-2x10ft/","https://vongbicongnghiep.vn/wp-content/uploads/2024/12/PHC-2FT.png","[""https://vongbicongnghiep.vn/wp-content/uploads/2024/12/PHC-2FT.png"",""https://vongbicongnghiep.vn/wp-content/uploads/product_images/truyen-dong/xich/xich-ansi.jpg""]","","","[{""name"":""Lc(mm)"",""terms"":[""26,90""]},{""name"":""chieu-dai-xich"",""terms"":[""3 mét""]},{""name"":""chieu-cao-h2(mm)"",""terms"":[""9,91""]},{""name"":""chieu-day-t(mm)"",""terms"":[""1,30""]},{""name"":""trong-luong(kg/m)"",""terms"":[""0,81""]},{""name"":""Ky-hieu-Ansi"",""terms"":[""15008""]},{""name"":""Ky-hieu-BS/ISO"",""terms"":[""085-2""]},{""name"":""So-day-xich"",""terms"":[""Xích 2 dãy""]},{""name"":""brand"",""terms"":[""SKF""]}]","707000","out_of_stock","vongbicongnghiep.vn-wc-store-api-category-search-skf","2026-04-29T13:55:04.602Z"
"29514","SKF","PHC 35-2x5MTR-SKF","PHC 35-2x5MTR-SKF","PHC352X5MTRSKF","PHC 35-2x5MTR","Xích","Xích","87","xich","https://vongbicongnghiep.vn/san-pham/phc-35-2x5mtr/","https://vongbicongnghiep.vn/wp-content/uploads/2024/12/PHC-2FT.png","[""https://vongbicongnghiep.vn/wp-content/uploads/2024/12/PHC-2FT.png"",""https://vongbicongnghiep.vn/wp-content/uploads/product_images/truyen-dong/xich/xich-ansi.jpg""]","","","[{""name"":""Lc(mm)"",""terms"":[""23,30""]},{""name"":""chieu-dai-xich"",""terms"":[""5 mét""]},{""name"":""chieu-cao-h2(mm)"",""terms"":[""9,00""]},{""name"":""chieu-day-t(mm)"",""terms"":[""1,30""]},{""name"":""trong-luong(kg/m)"",""terms"":[""0,63""]},{""name"":""Ky-hieu-Ansi"",""terms"":[""12816""]},{""name"":""Ky-hieu-BS/ISO"",""terms"":[""06C-2""]},{""name"":""So-day-xich"",""terms"":[""Xích 2 dãy""]},{""name"":""brand"",""terms"":[""SKF""]}]","1937000","out_of_stock","vongbicongnghiep.vn-wc-store-api-category-search-skf","2026-04-29T13:55:04.602Z"
"29513","SKF","PHC 35-2x10FT-SKF","PHC 35-2x10FT-SKF","PHC352X10FTSKF","PHC 35-2x10FT","Xích","Xích","87","xich","https://vongbicongnghiep.vn/san-pham/phc-35-2x10ft/","https://vongbicongnghiep.vn/wp-content/uploads/2024/12/PHC-2FT.png","[""https://vongbicongnghiep.vn/wp-content/uploads/2024/12/PHC-2FT.png"",""https://vongbicongnghiep.vn/wp-content/uploads/product_images/truyen-dong/xich/xich-ansi.jpg""]","","","[{""name"":""Lc(mm)"",""terms"":[""23,30""]},{""name"":""chieu-dai-xich"",""terms"":[""3 mét""]},{""name"":""chieu-cao-h2(mm)"",""terms"":[""9,00""]},{""name"":""chieu-day-t(mm)"",""terms"":[""1,30""]},{""name"":""trong-luong(kg/m)"",""terms"":[""0,63""]},{""name"":""Ky-hieu-Ansi"",""terms"":[""12816""]},{""name"":""Ky-hieu-BS/ISO"",""terms"":[""06C-2""]},{""name"":""So-day-xich"",""terms"":[""Xích 2 dãy""]},{""name"":""brand"",""terms"":[""SKF""]}]","789000","in_stock","vongbicongnghiep.vn-wc-store-api-category-search-skf","2026-04-29T13:55:04.602Z"
"29512","SKF","PHC 25-2x5MTR-SKF","PHC 25-2x5MTR-SKF","PHC252X5MTRSKF","PHC 25-2x5MTR","Xích","Xích","87","xich","https://vongbicongnghiep.vn/san-pham/phc-25-2x5mtr/","https://vongbicongnghiep.vn/wp-content/uploads/2024/12/PHC-2FT.png","[""https://vongbicongnghiep.vn/wp-content/uploads/2024/12/PHC-2FT.png"",""https://vongbicongnghiep.vn/wp-content/uploads/product_images/truyen-dong/xich/xich-ansi.jpg""]","","","[{""name"":""Lc(mm)"",""terms"":[""15,00""]},{""name"":""chieu-dai-xich"",""terms"":[""5 mét""]},{""name"":""chieu-cao-h2(mm)"",""terms"":[""6,00""]},{""name"":""chieu-day-t(mm)"",""terms"":[""0,80""]},{""name"":""trong-luong(kg/m)"",""terms"":[""0,28""]},{""name"":""Ky-hieu-Ansi"",""terms"":[""45347""]},{""name"":""Ky-hieu-BS/ISO"",""terms"":[""04C-2""]},{""name"":""So-day-xich"",""terms"":[""Xích 2 dãy""]},{""name"":""brand"",""terms"":[""SKF""]}]","2169000","out_of_stock","vongbicongnghiep.vn-wc-store-api-category-search-skf","2026-04-29T13:55:04.602Z"
"29511","SKF","PHC 25-2x10FT-SKF","PHC 25-2x10FT-SKF","PHC252X10FTSKF","PHC 25-2x10FT","Xích","Xích","87","xich","https://vongbicongnghiep.vn/san-pham/phc-25-2x10ft/","https://vongbicongnghiep.vn/wp-content/uploads/2024/12/PHC-2FT.png","[""https://vongbicongnghiep.vn/wp-content/uploads/2024/12/PHC-2FT.png"",""https://vongbicongnghiep.vn/wp-content/uploads/product_images/truyen-dong/xich/xich-ansi.jpg""]","","","[{""name"":""Lc(mm)"",""terms"":[""15,00""]},{""name"":""chieu-dai-xich"",""terms"":[""3 mét""]},{""name"":""chieu-cao-h2(mm)"",""terms"":[""6,00""]},{""name"":""chieu-day-t(mm)"",""terms"":[""0,80""]},{""name"":""trong-luong(kg/m)"",""terms"":[""0,28""]},{""name"":""Ky-hieu-Ansi"",""terms"":[""45347""]},{""name"":""Ky-hieu-BS/ISO"",""terms"":[""04C-2""]},{""name"":""So-day-xich"",""terms"":[""Xích 2 dãy""]},{""name"":""brand"",""terms"":[""SKF""]}]","955000","out_of_stock","vongbicongnghiep.vn-wc-store-api-category-search-skf","2026-04-29T13:55:06.105Z"
"29510","SKF","PHC 240-1x5MTR-SKF","PHC 240-1x5MTR-SKF","PHC2401X5MTRSKF","PHC 240-1x5MTR","Xích","Xích","87","xich","https://vongbicongnghiep.vn/san-pham/phc-240-1x5mtr/","https://vongbicongnghiep.vn/wp-content/uploads/2024/12/PHC-1FT.png","[""https://vongbicongnghiep.vn/wp-content/uploads/2024/12/PHC-1FT.png"",""https://vongbicongnghiep.vn/wp-content/uploads/2024/12/BV-PHC-1FT.png""]","","","[{""name"":""Lc(mm)"",""terms"":[""103,00""]},{""name"":""chieu-dai-xich"",""terms"":[""5 mét""]},{""name"":""chieu-cao-h2(mm)"",""terms"":[""72,39""]},{""name"":""chieu-day-t(mm)"",""terms"":[""9,50""]},{""name"":""trong-luong(kg/m)"",""terms"":[""2320""]},{""name"":""Ky-hieu-Ansi"",""terms"":[""240-1""]},{""name"":""Ky-hieu-BS/ISO"",""terms"":[""48A-1""]},{""name"":""So-day-xich"",""terms"":[""Xích 1 dãy""]},{""name"":""brand"",""terms"":[""SKF""]}]","44800000","out_of_stock","vongbicongnghiep.vn-wc-store-api-category-search-skf","2026-04-29T13:55:06.105Z"
"29509","SKF","PHC 240-1x10FT-SKF","PHC 240-1x10FT-SKF","PHC2401X10FTSKF","PHC 240-1x10FT","Xích","Xích","87","xich","https://vongbicongnghiep.vn/san-pham/phc-240-1x10ft/","https://vongbicongnghiep.vn/wp-content/uploads/2024/12/PHC-1FT.png","[""https://vongbicongnghiep.vn/wp-content/uploads/2024/12/PHC-1FT.png"",""https://vongbicongnghiep.vn/wp-content/uploads/2024/12/BV-PHC-1FT.png""]","","","[{""name"":""Lc(mm)"",""terms"":[""103,00""]},{""name"":""chieu-dai-xich"",""terms"":[""3 mét""]},{""name"":""chieu-cao-h2(mm)"",""terms"":[""72,39""]},{""name"":""chieu-day-t(mm)"",""terms"":[""9,50""]},{""name"":""trong-luong(kg/m)"",""terms"":[""2320""]},{""name"":""Ky-hieu-Ansi"",""terms"":[""240-1""]},{""name"":""Ky-hieu-BS/ISO"",""terms"":[""48A-1""]},{""name"":""So-day-xich"",""terms"":[""Xích 1 dãy""]},{""name"":""brand"",""terms"":[""SKF""]}]","15445000","out_of_stock","vongbicongnghiep.vn-wc-store-api-category-search-skf","2026-04-29T13:55:06.105Z"
"29508","SKF","PHC 200-1x5MTR-SKF","PHC 200-1x5MTR-SKF","PHC2001X5MTRSKF","PHC 200-1x5MTR","Xích","Xích","87","xich","https://vongbicongnghiep.vn/san-pham/phc-200-1x5mtr/","https://vongbicongnghiep.vn/wp-content/uploads/2024/12/PHC-1FT.png","[""https://vongbicongnghiep.vn/wp-content/uploads/2024/12/PHC-1FT.png"",""https://vongbicongnghiep.vn/wp-content/uploads/2024/12/BV-PHC-1FT.png""]","","","[{""name"":""Lc(mm)"",""terms"":[""87,20""]},{""name"":""chieu-dai-xich"",""terms"":[""5 mét""]},{""name"":""chieu-cao-h2(mm)"",""terms"":[""60,00""]},{""name"":""chieu-day-t(mm)"",""terms"":[""8,00""]},{""name"":""trong-luong(kg/m)"",""terms"":[""16,15""]},{""name"":""Ky-hieu-Ansi"",""terms"":[""200-1""]},{""name"":""Ky-hieu-BS/ISO"",""terms"":[""40A-1""]},{""name"":""So-day-xich"",""terms"":[""Xích 1 dãy""]},{""name"":""brand"",""terms"":[""SKF""]}]","17755000","out_of_stock","vongbicongnghiep.vn-wc-store-api-category-search-skf","2026-04-29T13:55:06.105Z"
"29507","SKF","PHC 200-1x10FT-SKF","PHC 200-1x10FT-SKF","PHC2001X10FTSKF","PHC 200-1x10FT","Xích","Xích","87","xich","https://vongbicongnghiep.vn/san-pham/phc-200-1x10ft/","https://vongbicongnghiep.vn/wp-content/uploads/2024/12/PHC-1FT.png","[""https://vongbicongnghiep.vn/wp-content/uploads/2024/12/PHC-1FT.png"",""https://vongbicongnghiep.vn/wp-content/uploads/2024/12/BV-PHC-1FT.png""]","","","[{""name"":""Lc(mm)"",""terms"":[""87,20""]},{""name"":""chieu-dai-xich"",""terms"":[""3 mét""]},{""name"":""chieu-cao-h2(mm)"",""terms"":[""60,00""]},{""name"":""chieu-day-t(mm)"",""terms"":[""8,00""]},{""name"":""trong-luong(kg/m)"",""terms"":[""16,15""]},{""name"":""Ky-hieu-Ansi"",""terms"":[""200-1""]},{""name"":""Ky-hieu-BS/ISO"",""terms"":[""40A-1""]},{""name"":""So-day-xich"",""terms"":[""Xích 1 dãy""]},{""name"":""brand"",""terms"":[""SKF""]}]","10825000","out_of_stock","vongbicongnghiep.vn-wc-store-api-category-search-skf","2026-04-29T13:55:06.105Z"
"29506","SKF","PHC 180-1x5MTR-SKF","PHC 180-1x5MTR-SKF","PHC1801X5MTRSKF","PHC 180-1x5MTR","Xích","Xích","87","xich","https://vongbicongnghiep.vn/san-pham/phc-180-1x5mtr/","https://vongbicongnghiep.vn/wp-content/uploads/2024/12/PHC-1FT.png","[""https://vongbicongnghiep.vn/wp-content/uploads/2024/12/PHC-1FT.png"",""https://vongbicongnghiep.vn/wp-content/uploads/2024/12/BV-PHC-1FT.png""]","","","[{""name"":""Lc(mm)"",""terms"":[""78,60""]},{""name"":""chieu-dai-xich"",""terms"":[""5 mét""]},{""name"":""chieu-cao-h2(mm)"",""terms"":[""53,60""]},{""name"":""chieu-day-t(mm)"",""terms"":[""7,20""]},{""name"":""trong-luong(kg/m)"",""terms"":[""13,45""]},{""name"":""Ky-hieu-Ansi"",""terms"":[""180-1""]},{""name"":""Ky-hieu-BS/ISO"",""terms"":[""36A-1""]},{""name"":""So-day-xich"",""terms"":[""Xích 1 dãy""]},{""name"":""brand"",""terms"":[""SKF""]}]","26614000","out_of_stock","vongbicongnghiep.vn-wc-store-api-category-search-skf","2026-04-29T13:55:06.105Z"
"29505","SKF","PHC 180-1x10FT-SKF","PHC 180-1x10FT-SKF","PHC1801X10FTSKF","PHC 180-1x10FT","Xích","Xích","87","xich","https://vongbicongnghiep.vn/san-pham/phc-180-1x10ft/","https://vongbicongnghiep.vn/wp-content/uploads/2024/12/PHC-1FT.png","[""https://vongbicongnghiep.vn/wp-content/uploads/2024/12/PHC-1FT.png"",""https://vongbicongnghiep.vn/wp-content/uploads/2024/12/BV-PHC-1FT.png""]","","","[{""name"":""Lc(mm)"",""terms"":[""78,60""]},{""name"":""chieu-dai-xich"",""terms"":[""3 mét""]},{""name"":""chieu-cao-h2(mm)"",""terms"":[""53,60""]},{""name"":""chieu-day-t(mm)"",""terms"":[""7,20""]},{""name"":""trong-luong(kg/m)"",""terms"":[""13,45""]},{""name"":""Ky-hieu-Ansi"",""terms"":[""180-1""]},{""name"":""Ky-hieu-BS/ISO"",""terms"":[""36A-1""]},{""name"":""So-day-xich"",""terms"":[""Xích 1 dãy""]},{""name"":""brand"",""terms"":[""SKF""]}]","9175000","out_of_stock","vongbicongnghiep.vn-wc-store-api-category-search-skf","2026-04-29T13:55:06.105Z"
"29504","SKF","PHC 160-1x5MTR-SKF","PHC 160-1x5MTR-SKF","PHC1601X5MTRSKF","PHC 160-1x5MTR","Xích","Xích","87","xich","https://vongbicongnghiep.vn/san-pham/phc-160-1x5mtr/","https://vongbicongnghiep.vn/wp-content/uploads/2024/12/PHC-1FT.png","[""https://vongbicongnghiep.vn/wp-content/uploads/2024/12/PHC-1FT.png"",""https://vongbicongnghiep.vn/wp-content/uploads/2024/12/BV-PHC-1FT.png""]","","","[{""name"":""Lc(mm)"",""terms"":[""69,60""]},{""name"":""chieu-dai-xich"",""terms"":[""5 mét""]},{""name"":""chieu-cao-h2(mm)"",""terms"":[""47,80""]},{""name"":""chieu-day-t(mm)"",""terms"":[""6,40""]},{""name"":""trong-luong(kg/m)"",""terms"":[""10,10""]},{""name"":""Ky-hieu-Ansi"",""terms"":[""160-1""]},{""name"":""Ky-hieu-BS/ISO"",""terms"":[""32A-1""]},{""name"":""So-day-xich"",""terms"":[""Xích 1 dãy""]},{""name"":""brand"",""terms"":[""SKF""]}]","17657000","out_of_stock","vongbicongnghiep.vn-wc-store-api-category-search-skf","2026-04-29T13:55:06.105Z"
"29503","SKF","PHC 160-1x10FT-SKF","PHC 160-1x10FT-SKF","PHC1601X10FTSKF","PHC 160-1x10FT","Xích","Xích","87","xich","https://vongbicongnghiep.vn/san-pham/phc-160-1x10ft/","https://vongbicongnghiep.vn/wp-content/uploads/2024/12/PHC-1FT.png","[""https://vongbicongnghiep.vn/wp-content/uploads/2024/12/PHC-1FT.png"",""https://vongbicongnghiep.vn/wp-content/uploads/2024/12/BV-PHC-1FT.png""]","","","[{""name"":""Lc(mm)"",""terms"":[""69,60""]},{""name"":""chieu-dai-xich"",""terms"":[""3 mét""]},{""name"":""chieu-cao-h2(mm)"",""terms"":[""47,80""]},{""name"":""chieu-day-t(mm)"",""terms"":[""6,40""]},{""name"":""trong-luong(kg/m)"",""terms"":[""10,10""]},{""name"":""Ky-hieu-Ansi"",""terms"":[""160-1""]},{""name"":""Ky-hieu-BS/ISO"",""terms"":[""32A-1""]},{""name"":""So-day-xich"",""terms"":[""Xích 1 dãy""]},{""name"":""brand"",""terms"":[""SKF""]}]","6188000","in_stock","vongbicongnghiep.vn-wc-store-api-category-search-skf","2026-04-29T13:55:06.105Z"
"29502","SKF","PHC 140-1x5MTR-SKF","PHC 140-1x5MTR-SKF","PHC1401X5MTRSKF","PHC 140-1x5MTR","Xích","Xích","87","xich","https://vongbicongnghiep.vn/san-pham/phc-140-1x5mtr/","https://vongbicongnghiep.vn/wp-content/uploads/2024/12/PHC-1FT.png","[""https://vongbicongnghiep.vn/wp-content/uploads/2024/12/PHC-1FT.png"",""https://vongbicongnghiep.vn/wp-content/uploads/2024/12/BV-PHC-1FT.png""]","","","[{""name"":""Lc(mm)"",""terms"":[""59,00""]},{""name"":""chieu-dai-xich"",""terms"":[""5 mét""]},{""name"":""chieu-cao-h2(mm)"",""terms"":[""41,00""]},{""name"":""chieu-day-t(mm)"",""terms"":[""5,60""]},{""name"":""trong-luong(kg/m)"",""terms"":[""7,50""]},{""name"":""Ky-hieu-Ansi"",""terms"":[""140-1""]},{""name"":""Ky-hieu-BS/ISO"",""terms"":[""28A-1""]},{""name"":""So-day-xich"",""terms"":[""Xích 1 dãy""]},{""name"":""brand"",""terms"":[""SKF""]}]","12443000","out_of_stock","vongbicongnghiep.vn-wc-store-api-category-search-skf","2026-04-29T13:55:06.105Z"
"29501","SKF","PHC 140-1x10FT-SKF","PHC 140-1x10FT-SKF","PHC1401X10FTSKF","PHC 140-1x10FT","Xích","Xích","87","xich","https://vongbicongnghiep.vn/san-pham/phc-140-1x10ft/","https://vongbicongnghiep.vn/wp-content/uploads/2024/12/PHC-1FT.png","[""https://vongbicongnghiep.vn/wp-content/uploads/2024/12/PHC-1FT.png"",""https://vongbicongnghiep.vn/wp-content/uploads/2024/12/BV-PHC-1FT.png""]","","","[{""name"":""Lc(mm)"",""terms"":[""59,00""]},{""name"":""chieu-dai-xich"",""terms"":[""3 mét""]},{""name"":""chieu-cao-h2(mm)"",""terms"":[""41,00""]},{""name"":""chieu-day-t(mm)"",""terms"":[""5,60""]},{""name"":""trong-luong(kg/m)"",""terms"":[""7,50""]},{""name"":""Ky-hieu-Ansi"",""terms"":[""140-1""]},{""name"":""Ky-hieu-BS/ISO"",""terms"":[""28A-1""]},{""name"":""So-day-xich"",""terms"":[""Xích 1 dãy""]},{""name"":""brand"",""terms"":[""SKF""]}]","4235000","in_stock","vongbicongnghiep.vn-wc-store-api-category-search-skf","2026-04-29T13:55:06.105Z"
"29500","SKF","PHC 120-1x5MTR-SKF","PHC 120-1x5MTR-SKF","PHC1201X5MTRSKF","PHC 120-1x5MTR","Xích","Xích","87","xich","https://vongbicongnghiep.vn/san-pham/phc-120-1x5mtr/","https://vongbicongnghiep.vn/wp-content/uploads/2024/12/PHC-1FT.png","[""https://vongbicongnghiep.vn/wp-content/uploads/2024/12/PHC-1FT.png"",""https://vongbicongnghiep.vn/wp-content/uploads/2024/12/BV-PHC-1FT.png""]","","","[{""name"":""Lc(mm)"",""terms"":[""54,30""]},{""name"":""chieu-dai-xich"",""terms"":[""5 mét""]},{""name"":""chieu-cao-h2(mm)"",""terms"":[""35,70""]},{""name"":""chieu-day-t(mm)"",""terms"":[""4,80""]},{""name"":""trong-luong(kg/m)"",""terms"":[""5,62""]},{""name"":""Ky-hieu-Ansi"",""terms"":[""120-1""]},{""name"":""Ky-hieu-BS/ISO"",""terms"":[""24A-1""]},{""name"":""So-day-xich"",""terms"":[""Xích 1 dãy""]},{""name"":""brand"",""terms"":[""SKF""]}]","9552000","out_of_stock","vongbicongnghiep.vn-wc-store-api-category-search-skf","2026-04-29T13:55:06.105Z"
"29499","SKF","PHC 120-1x10FT-SKF","PHC 120-1x10FT-SKF","PHC1201X10FTSKF","PHC 120-1x10FT","Xích","Xích","87","xich","https://vongbicongnghiep.vn/san-pham/phc-120-1x10ft/","https://vongbicongnghiep.vn/wp-content/uploads/2024/12/PHC-1FT.png","[""https://vongbicongnghiep.vn/wp-content/uploads/2024/12/PHC-1FT.png"",""https://vongbicongnghiep.vn/wp-content/uploads/2024/12/BV-PHC-1FT.png""]","","","[{""name"":""Lc(mm)"",""terms"":[""54,30""]},{""name"":""chieu-dai-xich"",""terms"":[""3 mét""]},{""name"":""chieu-cao-h2(mm)"",""terms"":[""35,70""]},{""name"":""chieu-day-t(mm)"",""terms"":[""4,80""]},{""name"":""trong-luong(kg/m)"",""terms"":[""5,62""]},{""name"":""Ky-hieu-Ansi"",""terms"":[""120-1""]},{""name"":""Ky-hieu-BS/ISO"",""terms"":[""24A-1""]},{""name"":""So-day-xich"",""terms"":[""Xích 1 dãy""]},{""name"":""brand"",""terms"":[""SKF""]}]","3090000","in_stock","vongbicongnghiep.vn-wc-store-api-category-search-skf","2026-04-29T13:55:06.105Z"
"29498","SKF","PHC 100-1x5MTR-SKF","PHC 100-1x5MTR-SKF","PHC1001X5MTRSKF","PHC 100-1x5MTR","Xích","Xích","87","xich","https://vongbicongnghiep.vn/san-pham/phc-100-1x5mtr/","https://vongbicongnghiep.vn/wp-content/uploads/2024/12/PHC-1FT.png","[""https://vongbicongnghiep.vn/wp-content/uploads/2024/12/PHC-1FT.png"",""https://vongbicongnghiep.vn/wp-content/uploads/2024/12/BV-PHC-1FT.png""]","","","[{""name"":""Lc(mm)"",""terms"":[""44,70""]},{""name"":""chieu-dai-xich"",""terms"":[""5 mét""]},{""name"":""chieu-cao-h2(mm)"",""terms"":[""30,00""]},{""name"":""chieu-day-t(mm)"",""terms"":[""4,00""]},{""name"":""trong-luong(kg/m)"",""terms"":[""3,91""]},{""name"":""Ky-hieu-Ansi"",""terms"":[""100-1""]},{""name"":""Ky-hieu-BS/ISO"",""terms"":[""20A-1""]},{""name"":""So-day-xich"",""terms"":[""Xích 1 dãy""]},{""name"":""brand"",""terms"":[""SKF""]}]","3421000","out_of_stock","vongbicongnghiep.vn-wc-store-api-category-search-skf","2026-04-29T13:55:06.105Z"
"29497","SKF","PHC 100-1x10FT-SKF","PHC 100-1x10FT-SKF","PHC1001X10FTSKF","PHC 100-1x10FT","Xích","Xích","87","xich","https://vongbicongnghiep.vn/san-pham/phc-100-1x10ft/","https://vongbicongnghiep.vn/wp-content/uploads/2024/12/PHC-1FT.png","[""https://vongbicongnghiep.vn/wp-content/uploads/2024/12/PHC-1FT.png"",""https://vongbicongnghiep.vn/wp-content/uploads/2024/12/BV-PHC-1FT.png""]","","","[{""name"":""Lc(mm)"",""terms"":[""44,70""]},{""name"":""chieu-dai-xich"",""terms"":[""3 mét""]},{""name"":""chieu-cao-h2(mm)"",""terms"":[""30,00""]},{""name"":""chieu-day-t(mm)"",""terms"":[""4,00""]},{""name"":""trong-luong(kg/m)"",""terms"":[""3,91""]},{""name"":""Ky-hieu-Ansi"",""terms"":[""100-1""]},{""name"":""Ky-hieu-BS/ISO"",""terms"":[""20A-1""]},{""name"":""So-day-xich"",""terms"":[""Xích 1 dãy""]},{""name"":""brand"",""terms"":[""SKF""]}]","2085000","in_stock","vongbicongnghiep.vn-wc-store-api-category-search-skf","2026-04-29T13:55:06.105Z"
"29496","SKF","PHC 80-1x5MTR-SKF","PHC 80-1x5MTR-SKF","PHC801X5MTRSKF","PHC 80-1x5MTR","Xích","Xích","87","xich","https://vongbicongnghiep.vn/san-pham/phc-80-1x5mtr/","https://vongbicongnghiep.vn/wp-content/uploads/2024/12/PHC-1FT.png","[""https://vongbicongnghiep.vn/wp-content/uploads/2024/12/PHC-1FT.png"",""https://vongbicongnghiep.vn/wp-content/uploads/2024/12/BV-PHC-1FT.png""]","","","[{""name"":""Lc(mm)"",""terms"":[""35,00""]},{""name"":""chieu-dai-xich"",""terms"":[""5 mét""]},{""name"":""chieu-cao-h2(mm)"",""terms"":[""24,00""]},{""name"":""chieu-day-t(mm)"",""terms"":[""3,25""]},{""name"":""trong-luong(kg/m)"",""terms"":[""2,60""]},{""name"":""Ky-hieu-Ansi"",""terms"":[""29221""]},{""name"":""Ky-hieu-BS/ISO"",""terms"":[""16A-1""]},{""name"":""So-day-xich"",""terms"":[""Xích 1 dãy""]},{""name"":""brand"",""terms"":[""SKF""]}]","2129000","out_of_stock","vongbicongnghiep.vn-wc-store-api-category-search-skf","2026-04-29T13:55:06.105Z"
"29495","SKF","PHC 80-1x10FT-SKF","PHC 80-1x10FT-SKF","PHC801X10FTSKF","PHC 80-1x10FT","Xích","Xích","87","xich","https://vongbicongnghiep.vn/san-pham/phc-80-1x10ft/","https://vongbicongnghiep.vn/wp-content/uploads/2024/12/PHC-1FT.png","[""https://vongbicongnghiep.vn/wp-content/uploads/2024/12/PHC-1FT.png"",""https://vongbicongnghiep.vn/wp-content/uploads/2024/12/BV-PHC-1FT.png""]","","","[{""name"":""Lc(mm)"",""terms"":[""35,00""]},{""name"":""chieu-dai-xich"",""terms"":[""3 mét""]},{""name"":""chieu-cao-h2(mm)"",""terms"":[""24,00""]},{""name"":""chieu-day-t(mm)"",""terms"":[""3,25""]},{""name"":""trong-luong(kg/m)"",""terms"":[""2,60""]},{""name"":""Ky-hieu-Ansi"",""terms"":[""29221""]},{""name"":""Ky-hieu-BS/ISO"",""terms"":[""16A-1""]},{""name"":""So-day-xich"",""terms"":[""Xích 1 dãy""]},{""name"":""brand"",""terms"":[""SKF""]}]","1296000","in_stock","vongbicongnghiep.vn-wc-store-api-category-search-skf","2026-04-29T13:55:06.105Z"
"29494","SKF","PHC 60-1x5MTR-SKF","PHC 60-1x5MTR-SKF","PHC601X5MTRSKF","PHC 60-1x5MTR","Xích","Xích","87","xich","https://vongbicongnghiep.vn/san-pham/phc-60-1x5mtr/","https://vongbicongnghiep.vn/wp-content/uploads/2024/12/PHC-1FT.png","[""https://vongbicongnghiep.vn/wp-content/uploads/2024/12/PHC-1FT.png"",""https://vongbicongnghiep.vn/wp-content/uploads/2024/12/BV-PHC-1FT.png""]","","","[{""name"":""Lc(mm)"",""terms"":[""27,70""]},{""name"":""chieu-dai-xich"",""terms"":[""5 mét""]},{""name"":""chieu-cao-h2(mm)"",""terms"":[""18,00""]},{""name"":""chieu-day-t(mm)"",""terms"":[""2,42""]},{""name"":""trong-luong(kg/m)"",""terms"":[""1,50""]},{""name"":""Ky-hieu-Ansi"",""terms"":[""21916""]},{""name"":""Ky-hieu-BS/ISO"",""terms"":[""12A-1""]},{""name"":""So-day-xich"",""terms"":[""Xích 1 dãy""]},{""name"":""brand"",""terms"":[""SKF""]}]","1194000","out_of_stock","vongbicongnghiep.vn-wc-store-api-category-search-skf","2026-04-29T13:55:06.105Z"
"29493","SKF","PHC 60-1x10FT-SKF","PHC 60-1x10FT-SKF","PHC601X10FTSKF","PHC 60-1x10FT","Xích","Xích","87","xich","https://vongbicongnghiep.vn/san-pham/phc-60-1x10ft/","https://vongbicongnghiep.vn/wp-content/uploads/2024/12/PHC-1FT.png","[""https://vongbicongnghiep.vn/wp-content/uploads/2024/12/PHC-1FT.png"",""https://vongbicongnghiep.vn/wp-content/uploads/2024/12/BV-PHC-1FT.png""]","","","[{""name"":""Lc(mm)"",""terms"":[""27,70""]},{""name"":""chieu-dai-xich"",""terms"":[""3 mét""]},{""name"":""chieu-cao-h2(mm)"",""terms"":[""18,00""]},{""name"":""chieu-day-t(mm)"",""terms"":[""2,42""]},{""name"":""trong-luong(kg/m)"",""terms"":[""1,50""]},{""name"":""Ky-hieu-Ansi"",""terms"":[""21916""]},{""name"":""Ky-hieu-BS/ISO"",""terms"":[""12A-1""]},{""name"":""So-day-xich"",""terms"":[""Xích 1 dãy""]},{""name"":""brand"",""terms"":[""SKF""]}]","729000","in_stock","vongbicongnghiep.vn-wc-store-api-category-search-skf","2026-04-29T13:55:06.105Z"
"29492","SKF","PHC 50-1X5MTR-SKF","PHC 50-1X5MTR-SKF","PHC501X5MTRSKF","PHC 50-1X5MTR","Xích","Xích","87","xich","https://vongbicongnghiep.vn/san-pham/phc-50-1x5mtr/","https://vongbicongnghiep.vn/wp-content/uploads/2024/12/PHC-1FT.png","[""https://vongbicongnghiep.vn/wp-content/uploads/2024/12/PHC-1FT.png"",""https://vongbicongnghiep.vn/wp-content/uploads/2024/12/BV-PHC-1FT.png""]","","","[{""name"":""Lc(mm)"",""terms"":[""22,20""]},{""name"":""chieu-dai-xich"",""terms"":[""5 mét""]},{""name"":""chieu-cao-h2(mm)"",""terms"":[""15,09""]},{""name"":""chieu-day-t(mm)"",""terms"":[""2,03""]},{""name"":""trong-luong(kg/m)"",""terms"":[""1,02""]},{""name"":""Ky-hieu-Ansi"",""terms"":[""18264""]},{""name"":""Ky-hieu-BS/ISO"",""terms"":[""10A-1""]},{""name"":""So-day-xich"",""terms"":[""Xích 1 dãy""]},{""name"":""brand"",""terms"":[""SKF""]}]","968000","out_of_stock","vongbicongnghiep.vn-wc-store-api-category-search-skf","2026-04-29T13:55:06.105Z"
"29491","SKF","PHC 50-1X10FT-SKF","PHC 50-1X10FT-SKF","PHC501X10FTSKF","PHC 50-1X10FT","Xích","Xích","87","xich","https://vongbicongnghiep.vn/san-pham/phc-50-1x10ft/","https://vongbicongnghiep.vn/wp-content/uploads/2024/12/PHC-1FT.png","[""https://vongbicongnghiep.vn/wp-content/uploads/2024/12/PHC-1FT.png"",""https://vongbicongnghiep.vn/wp-content/uploads/2024/12/BV-PHC-1FT.png""]","","","[{""name"":""Lc(mm)"",""terms"":[""22,20""]},{""name"":""chieu-dai-xich"",""terms"":[""3 mét""]},{""name"":""chieu-cao-h2(mm)"",""terms"":[""15,09""]},{""name"":""chieu-day-t(mm)"",""terms"":[""2,03""]},{""name"":""trong-luong(kg/m)"",""terms"":[""1,02""]},{""name"":""Ky-hieu-Ansi"",""terms"":[""18264""]},{""name"":""Ky-hieu-BS/ISO"",""terms"":[""10A-1""]},{""name"":""So-day-xich"",""terms"":[""Xích 1 dãy""]},{""name"":""brand"",""terms"":[""SKF""]}]","590000","in_stock","vongbicongnghiep.vn-wc-store-api-category-search-skf","2026-04-29T13:55:06.105Z"
"29490","SKF","PHC 41-1x5MTR-SKF","PHC 41-1x5MTR-SKF","PHC411X5MTRSKF","PHC 41-1x5MTR","Xích","Xích","87","xich","https://vongbicongnghiep.vn/san-pham/phc-41-1x5mtr/","https://vongbicongnghiep.vn/wp-content/uploads/2024/12/PHC-1FT.png","[""https://vongbicongnghiep.vn/wp-content/uploads/2024/12/PHC-1FT.png"",""https://vongbicongnghiep.vn/wp-content/uploads/2024/12/BV-PHC-1FT.png""]","","","[{""name"":""Lc(mm)"",""terms"":[""15,00""]},{""name"":""chieu-dai-xich"",""terms"":[""5 mét""]},{""name"":""chieu-cao-h2(mm)"",""terms"":[""9,91""]},{""name"":""chieu-day-t(mm)"",""terms"":[""1,30""]},{""name"":""trong-luong(kg/m)"",""terms"":[""0,41""]},{""name"":""Ky-hieu-Ansi"",""terms"":[""14977""]},{""name"":""Ky-hieu-BS/ISO"",""terms"":[""085-1""]},{""name"":""So-day-xich"",""terms"":[""Xích 1 dãy""]},{""name"":""brand"",""terms"":[""SKF""]}]","766000","out_of_stock","vongbicongnghiep.vn-wc-store-api-category-search-skf","2026-04-29T13:55:06.105Z"
"29489","SKF","PHC 41-1x10FT-SKF","PHC 41-1x10FT-SKF","PHC411X10FTSKF","PHC 41-1x10FT","Xích","Xích","87","xich","https://vongbicongnghiep.vn/san-pham/phc-41-1x10ft/","https://vongbicongnghiep.vn/wp-content/uploads/2024/12/PHC-1FT.png","[""https://vongbicongnghiep.vn/wp-content/uploads/2024/12/PHC-1FT.png"",""https://vongbicongnghiep.vn/wp-content/uploads/2024/12/BV-PHC-1FT.png""]","","","[{""name"":""Lc(mm)"",""terms"":[""15,00""]},{""name"":""chieu-dai-xich"",""terms"":[""3 mét""]},{""name"":""chieu-cao-h2(mm)"",""terms"":[""9,91""]},{""name"":""chieu-day-t(mm)"",""terms"":[""1,30""]},{""name"":""trong-luong(kg/m)"",""terms"":[""0,41""]},{""name"":""Ky-hieu-Ansi"",""terms"":[""14977""]},{""name"":""Ky-hieu-BS/ISO"",""terms"":[""085-1""]},{""name"":""So-day-xich"",""terms"":[""Xích 1 dãy""]},{""name"":""brand"",""terms"":[""SKF""]}]","349000","out_of_stock","vongbicongnghiep.vn-wc-store-api-category-search-skf","2026-04-29T13:55:06.105Z"
"29488","SKF","PHC 35-1x5MTR-SKF","PHC 35-1x5MTR-SKF","PHC351X5MTRSKF","PHC 35-1x5MTR","Xích","Xích","87","xich","https://vongbicongnghiep.vn/san-pham/phc-35-1x5mtr/","https://vongbicongnghiep.vn/wp-content/uploads/2024/12/PHC-1FT.png","[""https://vongbicongnghiep.vn/wp-content/uploads/2024/12/PHC-1FT.png"",""https://vongbicongnghiep.vn/wp-content/uploads/2024/12/BV-PHC-1FT.png""]","","","[{""name"":""Lc(mm)"",""terms"":[""13,17""]},{""name"":""chieu-dai-xich"",""terms"":[""5 mét""]},{""name"":""chieu-cao-h2(mm)"",""terms"":[""9,00""]},{""name"":""chieu-day-t(mm)"",""terms"":[""1,30""]},{""name"":""trong-luong(kg/m)"",""terms"":[""0,33""]},{""name"":""Ky-hieu-Ansi"",""terms"":[""12785""]},{""name"":""Ky-hieu-BS/ISO"",""terms"":[""06C-1""]},{""name"":""So-day-xich"",""terms"":[""Xích 1 dãy""]},{""name"":""brand"",""terms"":[""SKF""]}]","970000","out_of_stock","vongbicongnghiep.vn-wc-store-api-category-search-skf","2026-04-29T13:55:06.105Z"
"29487","SKF","PHC 35-1x10FT-SKF","PHC 35-1x10FT-SKF","PHC351X10FTSKF","PHC 35-1x10FT","Xích","Xích","87","xich","https://vongbicongnghiep.vn/san-pham/phc-35-1x10ft/","https://vongbicongnghiep.vn/wp-content/uploads/2024/12/PHC-1FT.png","[""https://vongbicongnghiep.vn/wp-content/uploads/2024/12/PHC-1FT.png"",""https://vongbicongnghiep.vn/wp-content/uploads/2024/12/BV-PHC-1FT.png""]","","","[{""name"":""Lc(mm)"",""terms"":[""13,17""]},{""name"":""chieu-dai-xich"",""terms"":[""3 mét""]},{""name"":""chieu-cao-h2(mm)"",""terms"":[""9,00""]},{""name"":""chieu-day-t(mm)"",""terms"":[""1,30""]},{""name"":""trong-luong(kg/m)"",""terms"":[""0,33""]},{""name"":""Ky-hieu-Ansi"",""terms"":[""12785""]},{""name"":""Ky-hieu-BS/ISO"",""terms"":[""06C-1""]},{""name"":""So-day-xich"",""terms"":[""Xích 1 dãy""]},{""name"":""brand"",""terms"":[""SKF""]}]","362000","in_stock","vongbicongnghiep.vn-wc-store-api-category-search-skf","2026-04-29T13:55:06.105Z"
"29486","SKF","PHC 25-1x5MTR-SKF","PHC 25-1x5MTR-SKF","PHC251X5MTRSKF","PHC 25-1x5MTR","Xích","Xích","87","xich","https://vongbicongnghiep.vn/san-pham/phc-25-1x5mtr/","https://vongbicongnghiep.vn/wp-content/uploads/2024/12/PHC-1FT.png","[""https://vongbicongnghiep.vn/wp-content/uploads/2024/12/PHC-1FT.png"",""https://vongbicongnghiep.vn/wp-content/uploads/2024/12/BV-PHC-1FT.png""]","","","[{""name"":""Lc(mm)"",""terms"":[""8,40""]},{""name"":""chieu-dai-xich"",""terms"":[""5 mét""]},{""name"":""chieu-cao-h2(mm)"",""terms"":[""6,00""]},{""name"":""chieu-day-t(mm)"",""terms"":[""0,80""]},{""name"":""trong-luong(kg/m)"",""terms"":[""0,15""]},{""name"":""Ky-hieu-Ansi"",""terms"":[""25-1\""""]},{""name"":""Ky-hieu-BS/ISO"",""terms"":[""04C-1*""]},{""name"":""So-day-xich"",""terms"":[""Xích 1 dãy""]},{""name"":""brand"",""terms"":[""SKF""]}]","1088000","out_of_stock","vongbicongnghiep.vn-wc-store-api-category-search-skf","2026-04-29T13:55:06.105Z"
"29485","SKF","PHC 25-1x10FT-SKF","PHC 25-1x10FT-SKF","PHC251X10FTSKF","PHC 25-1x10FT","Xích","Xích","87","xich","https://vongbicongnghiep.vn/san-pham/phc-25-1x10ft/","https://vongbicongnghiep.vn/wp-content/uploads/2024/12/PHC-1FT.png","[""https://vongbicongnghiep.vn/wp-content/uploads/2024/12/PHC-1FT.png"",""https://vongbicongnghiep.vn/wp-content/uploads/2024/12/BV-PHC-1FT.png""]","","","[{""name"":""Lc(mm)"",""terms"":[""8,40""]},{""name"":""chieu-dai-xich"",""terms"":[""3 mét""]},{""name"":""chieu-cao-h2(mm)"",""terms"":[""6,00""]},{""name"":""chieu-day-t(mm)"",""terms"":[""0,80""]},{""name"":""trong-luong(kg/m)"",""terms"":[""0,15""]},{""name"":""Ky-hieu-Ansi"",""terms"":[""25-1\""""]},{""name"":""Ky-hieu-BS/ISO"",""terms"":[""04C-1*""]},{""name"":""So-day-xich"",""terms"":[""Xích 1 dãy""]},{""name"":""brand"",""terms"":[""SKF""]}]","477000","out_of_stock","vongbicongnghiep.vn-wc-store-api-category-search-skf","2026-04-29T13:55:06.105Z"
"29484","SKF","PHC 15-1x5MTR-SKF","PHC 15-1x5MTR-SKF","PHC151X5MTRSKF","PHC 15-1x5MTR","Xích","Xích","87","xich","https://vongbicongnghiep.vn/san-pham/phc-15-1x5mtr/","https://vongbicongnghiep.vn/wp-content/uploads/2024/12/PHC-1FT.png","[""https://vongbicongnghiep.vn/wp-content/uploads/2024/12/PHC-1FT.png"",""https://vongbicongnghiep.vn/wp-content/uploads/2024/12/BV-PHC-1FT.png""]","","","[{""name"":""Lc(mm)"",""terms"":[""6,90""]},{""name"":""chieu-dai-xich"",""terms"":[""5 mét""]},{""name"":""chieu-cao-h2(mm)"",""terms"":[""4,30""]},{""name"":""chieu-day-t(mm)"",""terms"":[""0,60""]},{""name"":""trong-luong(kg/m)"",""terms"":[""0,08""]},{""name"":""Ky-hieu-Ansi"",""terms"":[""15-1*""]},{""name"":""Ky-hieu-BS/ISO"",""terms"":[""03C*""]},{""name"":""So-day-xich"",""terms"":[""Xích 1 dãy""]},{""name"":""brand"",""terms"":[""SKF""]}]","2780000","out_of_stock","vongbicongnghiep.vn-wc-store-api-category-search-skf","2026-04-29T13:55:06.105Z"
"29483","SKF","PHC 15-1x10FT-SKF","PHC 15-1x10FT-SKF","PHC151X10FTSKF","PHC 15-1x10FT","Xích","Xích","87","xich","https://vongbicongnghiep.vn/san-pham/phc-15-1x10ft/","https://vongbicongnghiep.vn/wp-content/uploads/2024/12/PHC-1FT.png","[""https://vongbicongnghiep.vn/wp-content/uploads/2024/12/PHC-1FT.png"",""https://vongbicongnghiep.vn/wp-content/uploads/2024/12/BV-PHC-1FT.png""]","","","[{""name"":""Lc(mm)"",""terms"":[""6,90""]},{""name"":""chieu-dai-xich"",""terms"":[""3 mét""]},{""name"":""chieu-cao-h2(mm)"",""terms"":[""4,30""]},{""name"":""chieu-day-t(mm)"",""terms"":[""0,60""]},{""name"":""trong-luong(kg/m)"",""terms"":[""0,08""]},{""name"":""Ky-hieu-Ansi"",""terms"":[""15-1*""]},{""name"":""Ky-hieu-BS/ISO"",""terms"":[""03C*""]},{""name"":""So-day-xich"",""terms"":[""Xích 1 dãy""]},{""name"":""brand"",""terms"":[""SKF""]}]","1181000","out_of_stock","vongbicongnghiep.vn-wc-store-api-category-search-skf","2026-04-29T13:55:06.105Z"