id,brand,sku,code,normalizedCode,name,category,categories,sourceCategoryId,sourceCategoryLabel,url,image,images,shortDescription,description,attributes,price,stockStatus,source,crawledAt
"41023","SKF","TMHS 100-SKF","TMHS 100-SKF","TMHS100SKF","Cảo SKF TMHS 100","Cảo vòng bi","Cảo vòng bi","11378","cao-vong-bi","https://vongbicongnghiep.vn/san-pham/bom-thuy-luc-cho-cao-vong-bi-tmhs-100/","https://vongbicongnghiep.vn/wp-content/uploads/2023/02/TMHS.png","[""https://vongbicongnghiep.vn/wp-content/uploads/2023/02/TMHS.png""]","","Bơm Thủy lực cho cảo vòng bi TMHS 75 và TMHS 100 Tạo lực rút dễ dàng Trục trục thủy lực nâng cao của SKF TMHS 75 và TMHS 100 tạo ra lực kéo cao với rất ít nỗ lực so với trục cơ khí tiêu chuẩn. Chúng làm giảm đáng kể thời gian cần thiết để tháo một ổ trục hoặc các bộ phận khác. Các trục chính được trang bị bơm thủy lực tích hợp để tạo lực. Lực kéo tối đa được giới hạn bởi các van an toàn đặc biệt và dầu thủy lực sẽ vẫn còn bên trong máy bơm. Xi lanh thủy lực tích hợp, bơm và trục chính – không cần bơm riêng Van an toàn giúp ngăn quá tải trục chính và bộ kéo trong trường hợp tác dụng lực quá mức Điểm trung tâm được nạp lò xo trong mũi khoan cho phép dễ dàng định tâm bộ kéo trên trục mà không làm hỏng điểm tâm trục Cần tay với tay nắm công thái học có thể xoay 360 ° Pít-tông được làm cứng và mạ crom với chức năng hồi vị lò xo Các miếng mở rộng bao gồm cho phép dễ dàng điều chỉnh cho chiều dài kéo cần thiết TMHS 75 • TMHS 75 có lực rút tối đa 75 kN (8,4 tấn (Mỹ)) và chiều dài hành trình dài 75 mm (3,0 in), cho phép tháo lắp trong một thao tác • Thích hợp để sử dụng với bất kỳ bộ kéo nào được trang bị ren UN 1¼ “× 12 tpi có thể được sử dụng với lực tối đa 75 kN (8,4 tấn (Mỹ)) • Được cung cấp với miếng mở rộng 50 (2,0 in) và 100 mm (3,9 in) TMHS 100 • TMHS 100 có lực rút tối đa 100 kN (11,2 tấn (Mỹ)) và hành trình dài 80 mm (3,1 in), cho phép tháo lắp trong một thao tác • Thích hợp để sử dụng với bất kỳ bộ kéo nào được trang bị ren UN 1½ “× 16 tpi có thể được sử dụng với lực tối đa 100 kN (11,2 tấn (Mỹ)) • Được cung cấp với miếng mở rộng 50 (2,0 in), 100 mm (3,9 in) và 150 mm (5,9 in) TMHS 75 TMHS 75 Tài liệu liên quan Thông số Kỹ thuật sản phẩm TMHS 75, TMHS 100 (436.8 KB) Hướng dẫn sử dụng TMHS 75 (1.1 MB) Hướng dẫn sử dụng TMHS 100 (3.0 MB) Thông số Kỹ thuật Designation TMHS 75 TMHS 100 Contents 1 × hydraulic spindle 1 × hydraulic spindle 2 × extension pieces; 50 and 100 mm (2.0 and 3.9 in.) 3 × extension pieces; 50, 100 and 150 mm (2.0, 3.9 and 5.9 in.) 1 × nosepiece 1 × nosepiece Maximum withdrawal force 75 kN (8,4 ton US) 100 kN (11.2 ton US) Piston stroke 75 mm (3.0 in.) 80 mm (3.1 in.) Body thread UN 11/4 × 12 UN 11/2 × 16 Nose piece diameter 35 mm (1.4 in.) 30 mm (1.2 in.) Maximum reach 229 mm (9.0 in.) 390 mm (15.4 in.) Weight 2,7 kg (6.0 lb) 4,5 kg (10.0 lb)","[]","15543000","in_stock","vongbicongnghiep.vn-wc-store-api-category-search-skf","2026-04-29T13:56:35.832Z"
"41021","SKF","TMHP 50/570X-SKF","TMHP 50/570X-SKF","TMHP50570XSKF","Cảo SKF TMHP 50/570X","Cảo vòng bi","Cảo vòng bi","11378","cao-vong-bi","https://vongbicongnghiep.vn/san-pham/cao-vong-bi-thuy-luc-skf-tmhp-50-570x/","https://vongbicongnghiep.vn/wp-content/uploads/2023/02/TMHP.png","[""https://vongbicongnghiep.vn/wp-content/uploads/2023/02/TMHP.png""]","","Cảo vòng bi thủy lực hạng nặng TMHP Hệ thống cảo thủy lực tự định tâm • Các tay cảo được hỗ trợ bởi hệ thống thủy lực gồm SKF TMHP 15, TMHP 30 và TMHP 50 cung cấp lực kéo mạnh mẽ và sự an toàn của bộ kéo. Hệ thống cảo thủy lực tự định tâm. • Hệ thống tay cảo được hỗ trợ bởi hệ thống kéo thủy lực với lực kéo tối đa là 15, 30, 50 tấn. • Hệ thống Pantograph để căn chỉnh tối ưu các lực rút và giảm thiểu nguy cơ làm hỏng trục hoặc vòng bi. • Lực kéo của cảo rất lớn được triển khai một cách dễ dàng (tự định tâm, tay cầm nâng, chốt mắt, v.v.) • Có thể được cung cấp cùng với hoặc không có bơm thủy lực SKF TMJL 100 Thông số kỹ thuật Ký hiệu Số tay cảo Độ mở của cảo Chiều dài tay cảo sử dụng Stroke Áp suất làm việc lớn nhất Lực kéo lớn nhất Khối lượng Số lượng mm mm mm MPa KN kg TMHP 15/260 3 195-386 264 100 80 150 34 TMHP 30/170 3 290-500 170 50 80 300 45 TMHP 30/350 3 290-500 350 50 80 300 47 TMHP 30/600 3 290-500 600 50 80 300 56 TMHP 50/140 3 310-506 140 40 80 500 47 TMHP 50/320 3 310-506 320 40 80 500 54 TMHP 50/570 3 310-506 570 40 80 500 56 Nếu khách hàng đặt bộ cảo mà không cần bơm thủy lực TMJL 100. Vui lòng thêm hậu tố “X” vào ký hiệu khi đặt hàng (ví dụ: TMHP 30/170X). </span","[]","230951000","out_of_stock","vongbicongnghiep.vn-wc-store-api-category-search-skf","2026-04-29T13:56:35.833Z"
"41018","SKF","TMHP 50/320-SKF","TMHP 50/320-SKF","TMHP50320SKF","Cảo SKF TMHP 50/320","Cảo vòng bi","Cảo vòng bi","11378","cao-vong-bi","https://vongbicongnghiep.vn/san-pham/cao-vong-bi-thuy-luc-skf-tmhp-50-320/","https://vongbicongnghiep.vn/wp-content/uploads/2023/02/TMHP.png","[""https://vongbicongnghiep.vn/wp-content/uploads/2023/02/TMHP.png""]","","Cảo vòng bi thủy lực hạng nặng TMHP Hệ thống cảo thủy lực tự định tâm • Các tay cảo được hỗ trợ bởi hệ thống thủy lực gồm SKF TMHP 15, TMHP 30 và TMHP 50 cung cấp lực kéo mạnh mẽ và sự an toàn của bộ kéo. Hệ thống cảo thủy lực tự định tâm. • Hệ thống tay cảo được hỗ trợ bởi hệ thống kéo thủy lực với lực kéo tối đa là 15, 30, 50 tấn. • Hệ thống Pantograph để căn chỉnh tối ưu các lực rút và giảm thiểu nguy cơ làm hỏng trục hoặc vòng bi. • Lực kéo của cảo rất lớn được triển khai một cách dễ dàng (tự định tâm, tay cầm nâng, chốt mắt, v.v.) • Có thể được cung cấp cùng với hoặc không có bơm thủy lực SKF TMJL 100 Thông số kỹ thuật Ký hiệu Số tay cảo Độ mở của cảo Chiều dài tay cảo sử dụng Stroke Áp suất làm việc lớn nhất Lực kéo lớn nhất Khối lượng Số lượng mm mm mm MPa KN kg TMHP 15/260 3 195-386 264 100 80 150 34 TMHP 30/170 3 290-500 170 50 80 300 45 TMHP 30/350 3 290-500 350 50 80 300 47 TMHP 30/600 3 290-500 600 50 80 300 56 TMHP 50/140 3 310-506 140 40 80 500 47 TMHP 50/320 3 310-506 320 40 80 500 54 TMHP 50/570 3 310-506 570 40 80 500 56 Nếu khách hàng đặt bộ cảo mà không cần bơm thủy lực TMJL 100. Vui lòng thêm hậu tố “X” vào ký hiệu khi đặt hàng (ví dụ: TMHP 30/170X). </span","[]","277939000","out_of_stock","vongbicongnghiep.vn-wc-store-api-category-search-skf","2026-04-29T13:56:35.833Z"
"41019","SKF","TMHP 50/320X-SKF","TMHP 50/320X-SKF","TMHP50320XSKF","Cảo SKF TMHP 50/320X","Cảo vòng bi","Cảo vòng bi","11378","cao-vong-bi","https://vongbicongnghiep.vn/san-pham/cao-vong-bi-thuy-luc-skf-tmhp-50-320x/","https://vongbicongnghiep.vn/wp-content/uploads/2023/02/TMHP.png","[""https://vongbicongnghiep.vn/wp-content/uploads/2023/02/TMHP.png""]","","Cảo vòng bi thủy lực hạng nặng TMHP Hệ thống cảo thủy lực tự định tâm • Các tay cảo được hỗ trợ bởi hệ thống thủy lực gồm SKF TMHP 15, TMHP 30 và TMHP 50 cung cấp lực kéo mạnh mẽ và sự an toàn của bộ kéo. Hệ thống cảo thủy lực tự định tâm. • Hệ thống tay cảo được hỗ trợ bởi hệ thống kéo thủy lực với lực kéo tối đa là 15, 30, 50 tấn. • Hệ thống Pantograph để căn chỉnh tối ưu các lực rút và giảm thiểu nguy cơ làm hỏng trục hoặc vòng bi. • Lực kéo của cảo rất lớn được triển khai một cách dễ dàng (tự định tâm, tay cầm nâng, chốt mắt, v.v.) • Có thể được cung cấp cùng với hoặc không có bơm thủy lực SKF TMJL 100 Thông số kỹ thuật Ký hiệu Số tay cảo Độ mở của cảo Chiều dài tay cảo sử dụng Stroke Áp suất làm việc lớn nhất Lực kéo lớn nhất Khối lượng Số lượng mm mm mm MPa KN kg TMHP 15/260 3 195-386 264 100 80 150 34 TMHP 30/170 3 290-500 170 50 80 300 45 TMHP 30/350 3 290-500 350 50 80 300 47 TMHP 30/600 3 290-500 600 50 80 300 56 TMHP 50/140 3 310-506 140 40 80 500 47 TMHP 50/320 3 310-506 320 40 80 500 54 TMHP 50/570 3 310-506 570 40 80 500 56 Nếu khách hàng đặt bộ cảo mà không cần bơm thủy lực TMJL 100. Vui lòng thêm hậu tố “X” vào ký hiệu khi đặt hàng (ví dụ: TMHP 30/170X). </span","[]","227948000","out_of_stock","vongbicongnghiep.vn-wc-store-api-category-search-skf","2026-04-29T13:56:35.833Z"
"41016","SKF","TMHP 50/140X-SKF","TMHP 50/140X-SKF","TMHP50140XSKF","Cảo SKF TMHP 50/140X","Cảo vòng bi","Cảo vòng bi","11378","cao-vong-bi","https://vongbicongnghiep.vn/san-pham/cao-vong-bi-thuy-luc-skf-tmhp-50-140x/","https://vongbicongnghiep.vn/wp-content/uploads/2023/02/TMHP.png","[""https://vongbicongnghiep.vn/wp-content/uploads/2023/02/TMHP.png""]","","Cảo vòng bi thủy lực hạng nặng TMHP Hệ thống cảo thủy lực tự định tâm • Các tay cảo được hỗ trợ bởi hệ thống thủy lực gồm SKF TMHP 15, TMHP 30 và TMHP 50 cung cấp lực kéo mạnh mẽ và sự an toàn của bộ kéo. Hệ thống cảo thủy lực tự định tâm. • Hệ thống tay cảo được hỗ trợ bởi hệ thống kéo thủy lực với lực kéo tối đa là 15, 30, 50 tấn. • Hệ thống Pantograph để căn chỉnh tối ưu các lực rút và giảm thiểu nguy cơ làm hỏng trục hoặc vòng bi. • Lực kéo của cảo rất lớn được triển khai một cách dễ dàng (tự định tâm, tay cầm nâng, chốt mắt, v.v.) • Có thể được cung cấp cùng với hoặc không có bơm thủy lực SKF TMJL 100 Thông số kỹ thuật Ký hiệu Số tay cảo Độ mở của cảo Chiều dài tay cảo sử dụng Stroke Áp suất làm việc lớn nhất Lực kéo lớn nhất Khối lượng Số lượng mm mm mm MPa KN kg TMHP 15/260 3 195-386 264 100 80 150 34 TMHP 30/170 3 290-500 170 50 80 300 45 TMHP 30/350 3 290-500 350 50 80 300 47 TMHP 30/600 3 290-500 600 50 80 300 56 TMHP 50/140 3 310-506 140 40 80 500 47 TMHP 50/320 3 310-506 320 40 80 500 54 TMHP 50/570 3 310-506 570 40 80 500 56 Nếu khách hàng đặt bộ cảo mà không cần bơm thủy lực TMJL 100. Vui lòng thêm hậu tố “X” vào ký hiệu khi đặt hàng (ví dụ: TMHP 30/170X). </span","[]","224944000","out_of_stock","vongbicongnghiep.vn-wc-store-api-category-search-skf","2026-04-29T13:56:35.833Z"
"41017","SKF","TMHP 50/140-SKF","TMHP 50/140-SKF","TMHP50140SKF","Cảo SKF TMHP 50/140","Cảo vòng bi","Cảo vòng bi","11378","cao-vong-bi","https://vongbicongnghiep.vn/san-pham/cao-vong-bi-thuy-luc-skf-tmhp-50-140/","https://vongbicongnghiep.vn/wp-content/uploads/2023/02/TMHP.png","[""https://vongbicongnghiep.vn/wp-content/uploads/2023/02/TMHP.png""]","","Cảo vòng bi thủy lực hạng nặng TMHP Hệ thống cảo thủy lực tự định tâm • Các tay cảo được hỗ trợ bởi hệ thống thủy lực gồm SKF TMHP 15, TMHP 30 và TMHP 50 cung cấp lực kéo mạnh mẽ và sự an toàn của bộ kéo. Hệ thống cảo thủy lực tự định tâm. • Hệ thống tay cảo được hỗ trợ bởi hệ thống kéo thủy lực với lực kéo tối đa là 15, 30, 50 tấn. • Hệ thống Pantograph để căn chỉnh tối ưu các lực rút và giảm thiểu nguy cơ làm hỏng trục hoặc vòng bi. • Lực kéo của cảo rất lớn được triển khai một cách dễ dàng (tự định tâm, tay cầm nâng, chốt mắt, v.v.) • Có thể được cung cấp cùng với hoặc không có bơm thủy lực SKF TMJL 100 Thông số kỹ thuật Ký hiệu Số tay cảo Độ mở của cảo Chiều dài tay cảo sử dụng Stroke Áp suất làm việc lớn nhất Lực kéo lớn nhất Khối lượng Số lượng mm mm mm MPa KN kg TMHP 15/260 3 195-386 264 100 80 150 34 TMHP 30/170 3 290-500 170 50 80 300 45 TMHP 30/350 3 290-500 350 50 80 300 47 TMHP 30/600 3 290-500 600 50 80 300 56 TMHP 50/140 3 310-506 140 40 80 500 47 TMHP 50/320 3 310-506 320 40 80 500 54 TMHP 50/570 3 310-506 570 40 80 500 56 Nếu khách hàng đặt bộ cảo mà không cần bơm thủy lực TMJL 100. Vui lòng thêm hậu tố “X” vào ký hiệu khi đặt hàng (ví dụ: TMHP 30/170X). </span","[]","274936000","out_of_stock","vongbicongnghiep.vn-wc-store-api-category-search-skf","2026-04-29T13:56:35.833Z"
"41015","SKF","TMHP 30/600-SKF","TMHP 30/600-SKF","TMHP30600SKF","Cảo SKF TMHP 30/600","Cảo vòng bi","Cảo vòng bi","11378","cao-vong-bi","https://vongbicongnghiep.vn/san-pham/cao-vong-bi-thuy-luc-skf-tmhp-30-600/","https://vongbicongnghiep.vn/wp-content/uploads/2023/02/TMHP-1.png","[""https://vongbicongnghiep.vn/wp-content/uploads/2023/02/TMHP-1.png""]","","Cảo vòng bi thủy lực hạng nặng TMHP Hệ thống cảo thủy lực tự định tâm • Các tay cảo được hỗ trợ bởi hệ thống thủy lực gồm SKF TMHP 15, TMHP 30 và TMHP 50 cung cấp lực kéo mạnh mẽ và sự an toàn của bộ kéo. Hệ thống cảo thủy lực tự định tâm. • Hệ thống tay cảo được hỗ trợ bởi hệ thống kéo thủy lực với lực kéo tối đa là 15, 30, 50 tấn. • Hệ thống Pantograph để căn chỉnh tối ưu các lực rút và giảm thiểu nguy cơ làm hỏng trục hoặc vòng bi. • Lực kéo của cảo rất lớn được triển khai một cách dễ dàng (tự định tâm, tay cầm nâng, chốt mắt, v.v.) • Có thể được cung cấp cùng với hoặc không có bơm thủy lực SKF TMJL 100 Thông số kỹ thuật Ký hiệu Số tay cảo Độ mở của cảo Chiều dài tay cảo sử dụng Stroke Áp suất làm việc lớn nhất Lực kéo lớn nhất Khối lượng Số lượng mm mm mm MPa KN kg TMHP 15/260 3 195-386 264 100 80 150 34 TMHP 30/170 3 290-500 170 50 80 300 45 TMHP 30/350 3 290-500 350 50 80 300 47 TMHP 30/600 3 290-500 600 50 80 300 56 TMHP 50/140 3 310-506 140 40 80 500 47 TMHP 50/320 3 310-506 320 40 80 500 54 TMHP 50/570 3 310-506 570 40 80 500 56 Nếu khách hàng đặt bộ cảo mà không cần bơm thủy lực TMJL 100. Vui lòng thêm hậu tố “X” vào ký hiệu khi đặt hàng (ví dụ: TMHP 30/170X). </span","[]","244941000","out_of_stock","vongbicongnghiep.vn-wc-store-api-category-search-skf","2026-04-29T13:56:35.834Z"
"41014","SKF","TMHP 30/600X-SKF","TMHP 30/600X-SKF","TMHP30600XSKF","Cảo SKF TMHP 30/600X","Cảo vòng bi","Cảo vòng bi","11378","cao-vong-bi","https://vongbicongnghiep.vn/san-pham/cao-vong-bi-thuy-luc-skf-tmhp-30-600x/","https://vongbicongnghiep.vn/wp-content/uploads/2023/02/TMHP.png","[""https://vongbicongnghiep.vn/wp-content/uploads/2023/02/TMHP.png""]","","Cảo vòng bi thủy lực hạng nặng TMHP Hệ thống cảo thủy lực tự định tâm • Các tay cảo được hỗ trợ bởi hệ thống thủy lực gồm SKF TMHP 15, TMHP 30 và TMHP 50 cung cấp lực kéo mạnh mẽ và sự an toàn của bộ kéo. Hệ thống cảo thủy lực tự định tâm. • Hệ thống tay cảo được hỗ trợ bởi hệ thống kéo thủy lực với lực kéo tối đa là 15, 30, 50 tấn. • Hệ thống Pantograph để căn chỉnh tối ưu các lực rút và giảm thiểu nguy cơ làm hỏng trục hoặc vòng bi. • Lực kéo của cảo rất lớn được triển khai một cách dễ dàng (tự định tâm, tay cầm nâng, chốt mắt, v.v.) • Có thể được cung cấp cùng với hoặc không có bơm thủy lực SKF TMJL 100 Thông số kỹ thuật Ký hiệu Số tay cảo Độ mở của cảo Chiều dài tay cảo sử dụng Stroke Áp suất làm việc lớn nhất Lực kéo lớn nhất Khối lượng Số lượng mm mm mm MPa KN kg TMHP 15/260 3 195-386 264 100 80 150 34 TMHP 30/170 3 290-500 170 50 80 300 45 TMHP 30/350 3 290-500 350 50 80 300 47 TMHP 30/600 3 290-500 600 50 80 300 56 TMHP 50/140 3 310-506 140 40 80 500 47 TMHP 50/320 3 310-506 320 40 80 500 54 TMHP 50/570 3 310-506 570 40 80 500 56 Nếu khách hàng đặt bộ cảo mà không cần bơm thủy lực TMJL 100. Vui lòng thêm hậu tố “X” vào ký hiệu khi đặt hàng (ví dụ: TMHP 30/170X). </span","[]","194986000","out_of_stock","vongbicongnghiep.vn-wc-store-api-category-search-skf","2026-04-29T13:56:35.834Z"
"41013","SKF","TMHP 30/350-SKF","TMHP 30/350-SKF","TMHP30350SKF","Cảo SKF TMHP 30/350","Cảo vòng bi","Cảo vòng bi","11378","cao-vong-bi","https://vongbicongnghiep.vn/san-pham/cao-vong-bi-thuy-luc-skf-tmhp-30-350/","https://vongbicongnghiep.vn/wp-content/uploads/2023/02/TMHP.png","[""https://vongbicongnghiep.vn/wp-content/uploads/2023/02/TMHP.png""]","","Cảo vòng bi thủy lực hạng nặng TMHP Hệ thống cảo thủy lực tự định tâm • Các tay cảo được hỗ trợ bởi hệ thống thủy lực gồm SKF TMHP 15, TMHP 30 và TMHP 50 cung cấp lực kéo mạnh mẽ và sự an toàn của bộ kéo. Hệ thống cảo thủy lực tự định tâm. • Hệ thống tay cảo được hỗ trợ bởi hệ thống kéo thủy lực với lực kéo tối đa là 15, 30, 50 tấn. • Hệ thống Pantograph để căn chỉnh tối ưu các lực rút và giảm thiểu nguy cơ làm hỏng trục hoặc vòng bi. • Lực kéo của cảo rất lớn được triển khai một cách dễ dàng (tự định tâm, tay cầm nâng, chốt mắt, v.v.) • Có thể được cung cấp cùng với hoặc không có bơm thủy lực SKF TMJL 100 Thông số kỹ thuật Ký hiệu Số tay cảo Độ mở của cảo Chiều dài tay cảo sử dụng Stroke Áp suất làm việc lớn nhất Lực kéo lớn nhất Khối lượng Số lượng mm mm mm MPa KN kg TMHP 15/260 3 195-386 264 100 80 150 34 TMHP 30/170 3 290-500 170 50 80 300 45 TMHP 30/350 3 290-500 350 50 80 300 47 TMHP 30/600 3 290-500 600 50 80 300 56 TMHP 50/140 3 310-506 140 40 80 500 47 TMHP 50/320 3 310-506 320 40 80 500 54 TMHP 50/570 3 310-506 570 40 80 500 56 Nếu khách hàng đặt bộ cảo mà không cần bơm thủy lực TMJL 100. Vui lòng thêm hậu tố “X” vào ký hiệu khi đặt hàng (ví dụ: TMHP 30/170X). </span","[]","238971000","out_of_stock","vongbicongnghiep.vn-wc-store-api-category-search-skf","2026-04-29T13:56:35.834Z"
"41012","SKF","TMHP 30/350X-SKF","TMHP 30/350X-SKF","TMHP30350XSKF","Cảo SKF TMHP 30/350X","Cảo vòng bi","Cảo vòng bi","11378","cao-vong-bi","https://vongbicongnghiep.vn/san-pham/cao-vong-bi-thuy-luc-skf-tmhp-30-350x/","https://vongbicongnghiep.vn/wp-content/uploads/2023/02/TMHP.png","[""https://vongbicongnghiep.vn/wp-content/uploads/2023/02/TMHP.png""]","","Cảo vòng bi thủy lực hạng nặng TMHP Hệ thống cảo thủy lực tự định tâm • Các tay cảo được hỗ trợ bởi hệ thống thủy lực gồm SKF TMHP 15, TMHP 30 và TMHP 50 cung cấp lực kéo mạnh mẽ và sự an toàn của bộ kéo. Hệ thống cảo thủy lực tự định tâm. • Hệ thống tay cảo được hỗ trợ bởi hệ thống kéo thủy lực với lực kéo tối đa là 15, 30, 50 tấn. • Hệ thống Pantograph để căn chỉnh tối ưu các lực rút và giảm thiểu nguy cơ làm hỏng trục hoặc vòng bi. • Lực kéo của cảo rất lớn được triển khai một cách dễ dàng (tự định tâm, tay cầm nâng, chốt mắt, v.v.) • Có thể được cung cấp cùng với hoặc không có bơm thủy lực SKF TMJL 100 Thông số kỹ thuật Ký hiệu Số tay cảo Độ mở của cảo Chiều dài tay cảo sử dụng Stroke Áp suất làm việc lớn nhất Lực kéo lớn nhất Khối lượng Số lượng mm mm mm MPa KN kg TMHP 15/260 3 195-386 264 100 80 150 34 TMHP 30/170 3 290-500 170 50 80 300 45 TMHP 30/350 3 290-500 350 50 80 300 47 TMHP 30/600 3 290-500 600 50 80 300 56 TMHP 50/140 3 310-506 140 40 80 500 47 TMHP 50/320 3 310-506 320 40 80 500 54 TMHP 50/570 3 310-506 570 40 80 500 56 Nếu khách hàng đặt bộ cảo mà không cần bơm thủy lực TMJL 100. Vui lòng thêm hậu tố “X” vào ký hiệu khi đặt hàng (ví dụ: TMHP 30/170X). </span","[]","188980000","out_of_stock","vongbicongnghiep.vn-wc-store-api-category-search-skf","2026-04-29T13:56:35.834Z"
"41010","SKF","TMHP 30/170-SKF","TMHP 30/170-SKF","TMHP30170SKF","Cảo SKF TMHP 30/170","Cảo vòng bi","Cảo vòng bi","11378","cao-vong-bi","https://vongbicongnghiep.vn/san-pham/cao-vong-bi-thuy-luc-skf-tmhp-30-170/","https://vongbicongnghiep.vn/wp-content/uploads/2023/02/TMHP.png","[""https://vongbicongnghiep.vn/wp-content/uploads/2023/02/TMHP.png""]","","Cảo vòng bi thủy lực hạng nặng TMHP Hệ thống cảo thủy lực tự định tâm • Các tay cảo được hỗ trợ bởi hệ thống thủy lực gồm SKF TMHP 15, TMHP 30 và TMHP 50 cung cấp lực kéo mạnh mẽ và sự an toàn của bộ kéo. Hệ thống cảo thủy lực tự định tâm. • Hệ thống tay cảo được hỗ trợ bởi hệ thống kéo thủy lực với lực kéo tối đa là 15, 30, 50 tấn. • Hệ thống Pantograph để căn chỉnh tối ưu các lực rút và giảm thiểu nguy cơ làm hỏng trục hoặc vòng bi. • Lực kéo của cảo rất lớn được triển khai một cách dễ dàng (tự định tâm, tay cầm nâng, chốt mắt, v.v.) • Có thể được cung cấp cùng với hoặc không có bơm thủy lực SKF TMJL 100 Thông số kỹ thuật Ký hiệu Số tay cảo Độ mở của cảo Chiều dài tay cảo sử dụng Stroke Áp suất làm việc lớn nhất Lực kéo lớn nhất Khối lượng Số lượng mm mm mm MPa KN kg TMHP 15/260 3 195-386 264 100 80 150 34 TMHP 30/170 3 290-500 170 50 80 300 45 TMHP 30/350 3 290-500 350 50 80 300 47 TMHP 30/600 3 290-500 600 50 80 300 56 TMHP 50/140 3 310-506 140 40 80 500 47 TMHP 50/320 3 310-506 320 40 80 500 54 TMHP 50/570 3 310-506 570 40 80 500 56 Nếu khách hàng đặt bộ cảo mà không cần bơm thủy lực TMJL 100. Vui lòng thêm hậu tố “X” vào ký hiệu khi đặt hàng (ví dụ: TMHP 30/170X). </span","[]","234943000","out_of_stock","vongbicongnghiep.vn-wc-store-api-category-search-skf","2026-04-29T13:56:35.834Z"
"41011","SKF","TMHP 30/170X-SKF","TMHP 30/170X-SKF","TMHP30170XSKF","Cảo SKF TMHP 30/170X","Cảo vòng bi","Cảo vòng bi","11378","cao-vong-bi","https://vongbicongnghiep.vn/san-pham/cao-vong-bi-thuy-luc-skf-tmhp-30-170x/","https://vongbicongnghiep.vn/wp-content/uploads/2023/02/TMHP.png","[""https://vongbicongnghiep.vn/wp-content/uploads/2023/02/TMHP.png""]","","Cảo vòng bi thủy lực hạng nặng TMHP Hệ thống cảo thủy lực tự định tâm • Các tay cảo được hỗ trợ bởi hệ thống thủy lực gồm SKF TMHP 15, TMHP 30 và TMHP 50 cung cấp lực kéo mạnh mẽ và sự an toàn của bộ kéo. Hệ thống cảo thủy lực tự định tâm. • Hệ thống tay cảo được hỗ trợ bởi hệ thống kéo thủy lực với lực kéo tối đa là 15, 30, 50 tấn. • Hệ thống Pantograph để căn chỉnh tối ưu các lực rút và giảm thiểu nguy cơ làm hỏng trục hoặc vòng bi. • Lực kéo của cảo rất lớn được triển khai một cách dễ dàng (tự định tâm, tay cầm nâng, chốt mắt, v.v.) • Có thể được cung cấp cùng với hoặc không có bơm thủy lực SKF TMJL 100 Thông số kỹ thuật Ký hiệu Số tay cảo Độ mở của cảo Chiều dài tay cảo sử dụng Stroke Áp suất làm việc lớn nhất Lực kéo lớn nhất Khối lượng Số lượng mm mm mm MPa KN kg TMHP 15/260 3 195-386 264 100 80 150 34 TMHP 30/170 3 290-500 170 50 80 300 45 TMHP 30/350 3 290-500 350 50 80 300 47 TMHP 30/600 3 290-500 600 50 80 300 56 TMHP 50/140 3 310-506 140 40 80 500 47 TMHP 50/320 3 310-506 320 40 80 500 54 TMHP 50/570 3 310-506 570 40 80 500 56 Nếu khách hàng đặt bộ cảo mà không cần bơm thủy lực TMJL 100. Vui lòng thêm hậu tố “X” vào ký hiệu khi đặt hàng (ví dụ: TMHP 30/170X). </span","[]","184988000","out_of_stock","vongbicongnghiep.vn-wc-store-api-category-search-skf","2026-04-29T13:56:35.834Z"
"41006","SKF","TMHP 15/260-SKF","TMHP 15/260-SKF","TMHP15260SKF","Cảo SKF TMHP 15/260","Cảo vòng bi","Cảo vòng bi","11378","cao-vong-bi","https://vongbicongnghiep.vn/san-pham/cao-vong-bi-thuy-luc-skf-tmhp-15-260/","https://vongbicongnghiep.vn/wp-content/uploads/2023/02/TMHP.png","[""https://vongbicongnghiep.vn/wp-content/uploads/2023/02/TMHP.png""]","","Cảo vòng bi thủy lực hạng nặng TMHP Hệ thống cảo thủy lực tự định tâm • Các tay cảo được hỗ trợ bởi hệ thống thủy lực gồm SKF TMHP 15, TMHP 30 và TMHP 50 cung cấp lực kéo mạnh mẽ và sự an toàn của bộ kéo. Hệ thống cảo thủy lực tự định tâm. • Hệ thống tay cảo được hỗ trợ bởi hệ thống kéo thủy lực với lực kéo tối đa là 15, 30, 50 tấn. • Hệ thống Pantograph để căn chỉnh tối ưu các lực rút và giảm thiểu nguy cơ làm hỏng trục hoặc vòng bi. • Lực kéo của cảo rất lớn được triển khai một cách dễ dàng (tự định tâm, tay cầm nâng, chốt mắt, v.v.) • Có thể được cung cấp cùng với hoặc không có bơm thủy lực SKF TMJL 100 Thông số kỹ thuật Ký hiệu Số tay cảo Độ mở của cảo Chiều dài tay cảo sử dụng Stroke Áp suất làm việc lớn nhất Lực kéo lớn nhất Khối lượng Số lượng mm mm mm MPa KN kg TMHP 15/260 3 195-386 264 100 80 150 34 TMHP 30/170 3 290-500 170 50 80 300 45 TMHP 30/350 3 290-500 350 50 80 300 47 TMHP 30/600 3 290-500 600 50 80 300 56 TMHP 50/140 3 310-506 140 40 80 500 47 TMHP 50/320 3 310-506 320 40 80 500 54 TMHP 50/570 3 310-506 570 40 80 500 56 Nếu khách hàng đặt bộ cảo mà không cần bơm thủy lực TMJL 100. Vui lòng thêm hậu tố “X” vào ký hiệu khi đặt hàng (ví dụ: TMHP 30/170X).","[]","170766000","out_of_stock","vongbicongnghiep.vn-wc-store-api-category-search-skf","2026-04-29T13:56:35.835Z"
"41007","SKF","TMHP 15/260X-SKF","TMHP 15/260X-SKF","TMHP15260XSKF","Cảo SKF TMHP 15/260X","Cảo vòng bi","Cảo vòng bi","11378","cao-vong-bi","https://vongbicongnghiep.vn/san-pham/cao-vong-bi-thuy-luc-skf-tmhp-15-260x/","https://vongbicongnghiep.vn/wp-content/uploads/2023/02/TMHP-1.png","[""https://vongbicongnghiep.vn/wp-content/uploads/2023/02/TMHP-1.png""]","","Cảo vòng bi thủy lực hạng nặng TMHP Hệ thống cảo thủy lực tự định tâm • Các tay cảo được hỗ trợ bởi hệ thống thủy lực gồm SKF TMHP 15, TMHP 30 và TMHP 50 cung cấp lực kéo mạnh mẽ và sự an toàn của bộ kéo. Hệ thống cảo thủy lực tự định tâm. • Hệ thống tay cảo được hỗ trợ bởi hệ thống kéo thủy lực với lực kéo tối đa là 15, 30, 50 tấn. • Hệ thống Pantograph để căn chỉnh tối ưu các lực rút và giảm thiểu nguy cơ làm hỏng trục hoặc vòng bi. • Lực kéo của cảo rất lớn được triển khai một cách dễ dàng (tự định tâm, tay cầm nâng, chốt mắt, v.v.) • Có thể được cung cấp cùng với hoặc không có bơm thủy lực SKF TMJL 100 Thông số kỹ thuật Ký hiệu Số tay cảo Độ mở của cảo Chiều dài tay cảo sử dụng Stroke Áp suất làm việc lớn nhất Lực kéo lớn nhất Khối lượng Số lượng mm mm mm MPa KN kg TMHP 15/260 3 195-386 264 100 80 150 34 TMHP 30/170 3 290-500 170 50 80 300 45 TMHP 30/350 3 290-500 350 50 80 300 47 TMHP 30/600 3 290-500 600 50 80 300 56 TMHP 50/140 3 310-506 140 40 80 500 47 TMHP 50/320 3 310-506 320 40 80 500 54 TMHP 50/570 3 310-506 570 40 80 500 56 Nếu khách hàng đặt bộ cảo mà không cần bơm thủy lực TMJL 100. Vui lòng thêm hậu tố “X” vào ký hiệu khi đặt hàng (ví dụ: TMHP 30/170X).","[]","124998000","out_of_stock","vongbicongnghiep.vn-wc-store-api-category-search-skf","2026-04-29T13:56:35.835Z"
"41000","SKF","TMMA 100H/SET-SKF","TMMA 100H/SET-SKF","TMMA100HSETSKF","Cảo SKF TMMA 100H/SET","Cảo vòng bi","Cảo vòng bi","11378","cao-vong-bi","https://vongbicongnghiep.vn/san-pham/cao-vong-bi-skf-tmma-100h-set/","https://vongbicongnghiep.vn/wp-content/uploads/2023/02/set.png","[""https://vongbicongnghiep.vn/wp-content/uploads/2023/02/set.png""]","","Bộ cảo Thủy lực EasyPull Một giải pháp tháo vòng bi hoàn chỉnh Được trang bị cánh tay vận hành bằng lò xo và thiết kế chắc chắn, SKF EasyPull là một trong những công cụ thân thiện và an toàn nhất trên thị trường. Được thiết kế công thái học, các cánh tay vận hành bằng lò xo cho phép người dùng định vị bộ kéo phía sau bộ phận chỉ bằng một chuyển động. • Mỗi bộ bao gồm một SKF EasyPull được hỗ trợ thủy lực cùng với tấm kéo ba phần, dòng TMMS và một tấm bảo vệ bộ kéo tạo điều kiện tháo dỡ dễ dàng, an toàn và hầu như không bị hư hỏng • Đặc biệt thích hợp để tháo vòng bi cầu và vòng bi CARB, và các thành phần khác như ròng rọc và bánh đà • Một tấm chăn bảo vệ bộ kéo, dòng TMMX, được làm bằng vật liệu trong suốt chắc chắn cho phép người dùng theo dõi trực quan quy trình tháo dỡ. Trong khi tháo dỡ, tấm chăn giúp bảo vệ khỏi các mảnh vỡ của vòng bi hoặc các bộ phận khác bay ra, do đó nâng cao sự an toàn cho người sử dụng • Một hộp lưu trữ được làm theo yêu cầu chắc chắn có chỗ cho tất cả các bộ phận Video minh họa sử dụng cảo thủy lực TMMA Cảo thủy lực dòng TMMA – Giải pháp tháo vòng bi hoàn hảo Bộ cảo TMMA 75H SET Bộ cảo TMMA 100H SET Tài liệu liên quan Catalog sản phẩm cảo dải TMMA Hướng dẫn sử dụng cảo TMMA 75H SET Hướng dẫn sử dụng cảo TMMA 100H SET Thông số Kỹ thuật Ký hiệu TMMA 75H/SET TMMA 100H/SET Cảo thủy lực TMMA 75H TMMA 100H Đĩa cảo TMMS 100 TMMS 160 Chiều rộng mở cảo nhỏ nhất 26 mm (1.0 in.) 50 mm (2.0 in.) Chiều rộng mở cảo lớn nhất 100 mm (3.9 in.) 160 mm (6.3 in.) Trọng lượng 2,6 kg (5.7 lb) 5,9 kg (13.0 lb) Túi bảo vệ cảo TMMX 280 TMMX 350 Đường kính đĩa lớn nhất 280 mm (11 in.) 350 mm (14 in.) Chiều dài 970 mm (38 in.) 1200 mm (47 in.) Chiều rộng 480 mm (19 in.) 580 mm (23 in.) Trọng lượng 0,5 kg (1.2 lb) 0,6 kg (1.4 lb) Hộp đựng TMMA 75H/SET-1 TMMA 8E-1 Chiều dài 610 mm (24 in.) 680 mm (27 in.) Chiều rộng 260 mm (10 in.) 320 mm (13 in.) Cao 260 mm (10 in.) 270 mm (11 in.) Trọng lượng 5,0 kg (11.0 lb) 12,0 kg (26.5 lb) Tổng trọng lượng ( gồm vỏ hộp) 15,0 kg (33.1 lb) 31,6 kg (70 lb) Danh sách Cảo Ký hiệu Mô tả TMMA 75H/SET TMMA 75H Cảo thủy lực 7,5 tấn TMMS 100 Đĩa cảo 3 mảnh TMMX 280 Túi bảo vệ cảo Hộp đựng TMMA 100H/SET TMMA 100H Cảo thủy lực 10 tấn TMMS 160 Đĩa cảo 3 miếng TMMX 350 Túi bảo vệ cảo Hộp đựng Phụ kiện cảo TMMA 75H/SET và TMMA 100H/SET Cảo Ký hiệu Mô tả TMMA 75H/SET TMMS 50 Đĩa cảo ba miếng TMMA 100H/SET TMMS 50 / TMMS 100 Đĩa cảo ba miếng Phụ kiện cho cảo TMMA 75H/SET và TMMA 100H/SET Tên cảo Ký hiệu Mô tả TMMA 75H/SET TMMA 75H-1 Tay cảo TMMA 75H/80-3 Cơ cấu mở cảo TMHS 5T Bộ phận mở rộng thủy lực TMHS 75 Trục thủy lực TMMA 100H/SET TMMA 100H-1 Tay cảo TMMA 100H/12-3 Cơ cấu mở cảo TMHS 8T Bộ phận mở rộng thủy lực TMHS 100 Trục thủy lực TMHS 100-1 Hydraulic spindle, 100 kN, spindle only","[]","39734000","in_stock","vongbicongnghiep.vn-wc-store-api-category-search-skf","2026-04-29T13:56:35.836Z"
"40998","SKF","TMMK 20-50-SKF","TMMK 20-50-SKF","TMMK2050SKF","Cảo SKF TMMK 20-50","Cảo vòng bi","Cảo vòng bi","11378","cao-vong-bi","https://vongbicongnghiep.vn/san-pham/bo-cao-thao-lap-vong-bi-tmmk-20-50/","https://vongbicongnghiep.vn/wp-content/uploads/2023/02/TMMK.png","[""https://vongbicongnghiep.vn/wp-content/uploads/2023/02/TMMK.png""]","","TMMK Bộ dụng cụ đa năng để lắp và tháo vòng bi nhanh chóng và dễ dàng Bộ dụng cụ SKF TMMK được thiết kế để lắp và tháo vòng bi nhanh chóng và chính xác các vòng bi rãnh sâu từ trục, và năm trong gối kín . TMMK 10-35 phù hợp với vòng bi có đường kính lỗ từ 10 đến 35 mm, trong khi TMMK 20-50 phù hợp với vòng bi có đường kính lỗ từ 20 đến 50 mm. Để lắp, một công cụ lắp đa năng được bao gồm, thích hợp để lắp các vòng bi cũng như ống lót, vòng đệm, puli đai và các sản phẩm tương tự khác. Các công cụ lắp đa năng cho phép lắp nhiều loại vòng bi và các vật dụng liên quan. Vòng bi rãnh sâu SKF có thể dễ dàng tháo rời khỏi vỏ và gối trục kín, bằng cách sử dụng một bộ kéo ba cánh độc đáo với một búa trượt. • Tất cả các bộ phận được sắp xếp rõ ràng trong hộp để dễ dàng lựa chọn và xác định • Sự kết hợp chính xác giữa vòng va chạm và ống bọc giúp đảm bảo rằng lực lắp không được truyền qua các phần tử lăn của vòng bi, giảm thiểu thiệt hại cho vòng bi do lắp sai • Các vòng va chạm được làm bằng polyamide biến tính có tác động cao. Các ống chống va đập được làm bằng polyamide được gia cố bằng sợi thủy tinh, chịu va đập cao, siêu bền, mạnh và nhẹ • Búa có các mặt bằng nylon và được làm bằng thép chịu lực để có tác động tối đa. Tay cầm, với tay cầm cao su thoải mái để xử lý tốt, hấp thụ sốc và rung động • Các móng cảo được thiết kế đặc biệt để tạo điều kiện khớp chính xác trong rãnh của ổ trục, mang lại độ bám tốt và cho phép áp dụng lực tháo cao hơn • Ký hiệu được khắc laser trên cánh tay cho phép dễ dàng xác định và lựa chọn • Các lò xo được mã hóa theo màu sắc cho phép dễ dàng lựa chọn và kết hợp • Vòng khóa đàn hồi giúp dễ dàng kết nối các tay kéo với trục chính • Trọng lượng trượt nặng của búa trượt tạo ra lực tháo dỡ cao Combi kit – Bộ tháo vòng bi Combi kit – Bộ đóng vòng bi Tài liệu liên quan Catalog bộ tháo lắp vòng bi TMMK Hướng dẫn sử dụng TMMK 10-35 Hướng dẫn sử dụng TMMK 20-50 Thông số Kỹ thuật cảo TMMK 10-35 Ký hiệu TMMK 10–35 Số vòng đệm đóng vòng bi 24 Số lượng ống 2 Đường kính trong của vòng đệm 10–35 mm (0.39–1.38 in.) Đường kính ngoài của vòng đệm 26–80 mm (1.02–3.15 in.) Búa đóng TMFT 36-H Kích thước của hộp đựng 530 × 110 × 360 mm (20.9 × 4.3 × 14.2 in.) Khối lượng 7,6 kg (16.8 lb) Thông số Kỹ thuật cảo TMMK 20-50 Ký hiệu TMMK 20-50 Số vòng đệm đóng vòng bi 21 Số lượng ống 2 Đường kính trong của vòng đệm 20–50 mm (0.79–1.97 in.) Đường kính ngoài của vòng đệm 42–110 mm (1.65–4.33 in.) Búa đóng TMFT 36-H Kích thước của hộp đựng 530 × 110 × 360 mm (20.9 × 4.3 × 14.2 in.) Khối lượng 8,5 kg (18.6 lb) Phụ kiện thay thế Ký hiệu Mô tả TMMD 100-A1 Tay cảo TMMD 100-A2 Tay cảo TMMD 100-A3 Tay cảo TMMD 100-A4 Tay cảo TMMD 100-A5 Tay cảo TMMD 100-A6 Tay cảo TMFT 36 A Ống đóng loại A TMFT 36 B Ống đóng loại B TMFT 36 C Ống đóng loại C TMFT 36 A10-26 Vòng đệm cỡ A10-26 TMFT 36 A10-30 Vòng đệm cỡ A10-30 TMFT 36 A10-35 Vòng đệm cỡ A10-35 TMFT 36 A12-28 Vòng đệm cỡ A12-28 TMFT 36 A12-32 Vòng đệm cỡ A12-32 TMFT 36 A12-37 Vòng đệm cỡ A12-37 TMFT 36 A15-32 Vòng đệm cỡ A15-32 TMFT 36 A15-35 Vòng đệm cỡ A15-35 TMFT 36 A15-42 Vòng đệm cỡ A15-42 TMFT 36 A17-35 Vòng đệm cỡ A17-35 TMFT 36 A17-40 Vòng đệm cỡ A17-40 TMFT 36 A17-47 Vòng đệm cỡ A17-47 TMFT 36 B20-42 Vòng đệm cỡ B20-42 TMFT 36 B20-47 Vòng đệm cỡ B20-47 TMFT 36 B20-52 Vòng đệm cỡ B20-52 TMFT 36 B25-47 Vòng đệm cỡ B25-47 TMFT 36 B25-52 Vòng đệm cỡ B25-52 TMFT 36 B25-62 Vòng đệm cỡ B25-62 TMFT 36 B30-55 Vòng đệm cỡ B30-55 TMFT 36 B30-62 Vòng đệm cỡ B30-62 TMFT 36 B30-72 Vòng đệm cỡ B30-72 TMFT 36 B35-62 Vòng đệm cỡ B35-62 TMFT 36 B35-72 Vòng đệm cỡ B35-72 TMFT 36 B35-80 Vòng đệm cỡ B35-80 TMFT 36 C40-68 Vòng đệm cỡ C40-68 TMFT 36 C40-80 Vòng đệm cỡ C40-80 TMFT 36 C40-90 Vòng đệm cỡ C40-90 TMFT 36 C45-10 Vòng đệm cỡ C40-100 TMFT 36 C45-75 Vòng đệm cỡ C45-75 TMFT 36 C45-85 Vòng đệm cỡ C45-85 TMFT 36 C50-11 Vòng đệm cỡ C50-110 TMFT 36 C50-80 Vòng đệm cỡ C50-80 TMFT 36 C50-90 Vòng đệm cỡ C50-90 TMFT 36-H Búa đóng vòng bi TMMK 10-35-CC Hộp đựng cho TMMK 10-35 TDTC 1/C Hộp đựng không có lớp phủ Sản phẩm liên quan Catalog bộ sản phẩm TMMK Hướng dẫn sử dụng TMMK 10-35 (4.4 MB) Hướng dẫn sử dụng TMMK 20-50 (4.4 MB) Catalog sản phẩm bảo dưỡng và mỡ bôi trơn SKF (20.5 MB) Video mô tả việc đóng tháo vòng bi SKF Phần mềm liên quan Bộ công cụ phần mềm hỗ trợ cho việc lựa chọn ống lót vòng bi và phương pháp lắp Công cụ hướng dẫn tháo và lắp vòng bi Sản phẩm liên quan Bộ đóng vòng bi TMFT 36","[]","35066000","out_of_stock","vongbicongnghiep.vn-wc-store-api-category-search-skf","2026-04-29T13:56:35.836Z"
"40615","SKF","TMMR 120F-SKF","TMMR 120F-SKF","TMMR120FSKF","Cảo SKF TMMR 120F","Cảo vòng bi","Cảo vòng bi","11378","cao-vong-bi","https://vongbicongnghiep.vn/san-pham/tmmr-120f/","https://vongbicongnghiep.vn/wp-content/uploads/2023/02/TMMR.png","[""https://vongbicongnghiep.vn/wp-content/uploads/2023/02/TMMR.png""]","","","[{""name"":""brand"",""terms"":[""SKF""]}]","3222000","in_stock","vongbicongnghiep.vn-wc-store-api-category-search-skf","2026-04-29T13:56:35.836Z"
"40614","SKF","TMMR 60F-SKF","TMMR 60F-SKF","TMMR60FSKF","Cảo SKF TMMR 60F","Cảo vòng bi","Cảo vòng bi","11378","cao-vong-bi","https://vongbicongnghiep.vn/san-pham/tmmr-60f/","https://vongbicongnghiep.vn/wp-content/uploads/2023/02/TMMR.png","[""https://vongbicongnghiep.vn/wp-content/uploads/2023/02/TMMR.png""]","","","[{""name"":""brand"",""terms"":[""SKF""]}]","1855000","in_stock","vongbicongnghiep.vn-wc-store-api-category-search-skf","2026-04-29T13:56:35.836Z"
"40613","SKF","TMMR 40F-SKF","TMMR 40F-SKF","TMMR40FSKF","Cảo SKF TMMR 40F","Cảo vòng bi","Cảo vòng bi","11378","cao-vong-bi","https://vongbicongnghiep.vn/san-pham/tmmr-40f/","https://vongbicongnghiep.vn/wp-content/uploads/2023/02/TMMR.png","[""https://vongbicongnghiep.vn/wp-content/uploads/2023/02/TMMR.png""]","","","[{""name"":""brand"",""terms"":[""SKF""]}]","1695000","in_stock","vongbicongnghiep.vn-wc-store-api-category-search-skf","2026-04-29T13:56:35.836Z"
"40607","SKF","TMMA 120-2-SKF","TMMA 120-2-SKF","TMMA1202SKF","Cảo SKF TMMA 120-2 ( Hàng bị Tách)","Cảo vòng bi","Cảo vòng bi","11378","cao-vong-bi","https://vongbicongnghiep.vn/san-pham/tmma-120-2/","https://vongbicongnghiep.vn/wp-content/uploads/2023/02/TMMA-2.png","[""https://vongbicongnghiep.vn/wp-content/uploads/2023/02/TMMA-2.png""]","","","[{""name"":""brand"",""terms"":[""SKF""]}]","7642000","out_of_stock","vongbicongnghiep.vn-wc-store-api-category-search-skf","2026-04-29T13:56:35.836Z"
"40605","SKF","TMIP 30-60-SKF","TMIP 30-60-SKF","TMIP3060SKF","Cảo SKF TMIP 30-60","Cảo vòng bi","Cảo vòng bi","11378","cao-vong-bi","https://vongbicongnghiep.vn/san-pham/tmip-30-60/","https://vongbicongnghiep.vn/wp-content/uploads/2023/02/maxresdefault-16.jpg","[""https://vongbicongnghiep.vn/wp-content/uploads/2023/02/maxresdefault-16.jpg""]","","Bộ dụng cụ tháo vòng bi ổ kín TMIP và TMIC Tháo vòng bi nhanh chóng và dễ dàng khỏi ổ kín Bộ dụng cụ tháo vòng bi ổ kín SKF được thiết kế để tháo ổ trục ra khỏi vỏ. Các tay cảo được chế tạo để có độ bền và độ bền tối ưu và phù hợp với nhiều loại đường kính lỗ khoan. Búa trượt cho phép tác dụng lực va đập cao và được thiết kế tiện lợi để nâng cao độ an toàn cho người sử dụng. Dải sản phẩm TMIC • Thiết kế ống kẹp có thể mở rộng được làm bằng vật liệu có độ bền cao • Được thiết kế cho các ứng dụng chỉ có một khoảng không gian hạn chế để kẹp phía sau ổ trục • Bộ đồ có lỗ khoan từ 7-28 mm • Được cung cấp trong một hộp đựng chắc chắn Dải sản phẩm TMIP • Thiết kế đặc biệt có thể giảm thời gian tháo lắp • Không giống như hầu hết các bộ kéo ổ trục bên trong, bộ chiết lò xo có thể được lắp nhanh chóng và dễ dàng vào vòng bên trong chỉ bằng một thao tác nhanh chóng. • Thiết kế dạng kẹp tạo độ bám chắc chắn và an toàn phía sau vòng trong, cho phép tác dụng lực kéo lớn • Ba bộ dụng cụ khác nhau để phù hợp với các lỗ khoan từ 7-28 mm, 30-60 mm và 7-60 mm • Được cung cấp trong một hộp đựng chắc chắn Video sản phẩm tháo vòng bi ổ kín SKF Dòng TMIP và TMIC – Tháo ổ trục nhanh chóng và dễ dàng khỏi vỏ Búa trượt cho phép lực tác động lớn Tài liệu liên quan Catalog sản phẩm TMIP và TMIC (342.4 KB) Hướng dẫn sử dụng TMIC 7-28 (717.6 KB) Hướng dẫn sử dụng TMIP series (1.5 MB)","[{""name"":""brand"",""terms"":[""SKF""]}]","17983000","in_stock","vongbicongnghiep.vn-wc-store-api-category-search-skf","2026-04-29T13:56:35.836Z"
"40601","SKF","TMMR 200F-SKF","TMMR 200F-SKF","TMMR200FSKF","Cảo TMMR 200F","Cảo vòng bi","Cảo vòng bi","11378","cao-vong-bi","https://vongbicongnghiep.vn/san-pham/tmmr-200f/","https://vongbicongnghiep.vn/wp-content/uploads/2023/02/TMMR.png","[""https://vongbicongnghiep.vn/wp-content/uploads/2023/02/TMMR.png""]","","","[{""name"":""brand"",""terms"":[""SKF""]}]","4690000","out_of_stock","vongbicongnghiep.vn-wc-store-api-category-search-skf","2026-04-29T13:56:35.836Z"
"40597","SKF","TMIC 7-28-SKF","TMIC 7-28-SKF","TMIC728SKF","Cảo SKF TMIC 7-28","Cảo vòng bi","Cảo vòng bi","11378","cao-vong-bi","https://vongbicongnghiep.vn/san-pham/tmic-7-28/","https://vongbicongnghiep.vn/wp-content/uploads/2023/02/maxresdefault-16.jpg","[""https://vongbicongnghiep.vn/wp-content/uploads/2023/02/maxresdefault-16.jpg""]","","Bộ dụng cụ tháo vòng bi ổ kín TMIP và TMIC Tháo vòng bi nhanh chóng và dễ dàng khỏi ổ kín Bộ dụng cụ tháo vòng bi ổ kín SKF được thiết kế để tháo ổ trục ra khỏi vỏ. Các tay cảo được chế tạo để có độ bền và độ bền tối ưu và phù hợp với nhiều loại đường kính lỗ khoan. Búa trượt cho phép tác dụng lực va đập cao và được thiết kế tiện lợi để nâng cao độ an toàn cho người sử dụng. Dải sản phẩm TMIC • Thiết kế ống kẹp có thể mở rộng được làm bằng vật liệu có độ bền cao • Được thiết kế cho các ứng dụng chỉ có một khoảng không gian hạn chế để kẹp phía sau ổ trục • Bộ đồ có lỗ khoan từ 7-28 mm • Được cung cấp trong một hộp đựng chắc chắn Dải sản phẩm TMIP • Thiết kế đặc biệt có thể giảm thời gian tháo lắp • Không giống như hầu hết các bộ kéo ổ trục bên trong, bộ chiết lò xo có thể được lắp nhanh chóng và dễ dàng vào vòng bên trong chỉ bằng một thao tác nhanh chóng. • Thiết kế dạng kẹp tạo độ bám chắc chắn và an toàn phía sau vòng trong, cho phép tác dụng lực kéo lớn • Ba bộ dụng cụ khác nhau để phù hợp với các lỗ khoan từ 7-28 mm, 30-60 mm và 7-60 mm • Được cung cấp trong một hộp đựng chắc chắn Video sản phẩm tháo vòng bi ổ kín SKF Dòng TMIP và TMIC – Tháo ổ trục nhanh chóng và dễ dàng khỏi vỏ Búa trượt cho phép lực tác động lớn Tài liệu liên quan Catalog sản phẩm TMIP và TMIC (342.4 KB) Hướng dẫn sử dụng TMIC 7-28 (717.6 KB) Hướng dẫn sử dụng TMIP series (1.5 MB)","[{""name"":""brand"",""terms"":[""SKF""]}]","10588000","in_stock","vongbicongnghiep.vn-wc-store-api-category-search-skf","2026-04-29T13:56:35.837Z"
"40596","SKF","TMMR 350F-SKF","TMMR 350F-SKF","TMMR350FSKF","Cảo SKF TMMR 350F","Cảo vòng bi","Cảo vòng bi","11378","cao-vong-bi","https://vongbicongnghiep.vn/san-pham/tmmr-350f/","https://vongbicongnghiep.vn/wp-content/uploads/2023/02/TMMR.png","[""https://vongbicongnghiep.vn/wp-content/uploads/2023/02/TMMR.png""]","","","[{""name"":""brand"",""terms"":[""SKF""]}]","5900000","in_stock","vongbicongnghiep.vn-wc-store-api-category-search-skf","2026-04-29T13:56:35.837Z"
"40595","SKF","TMMR 250F-SKF","TMMR 250F-SKF","TMMR250FSKF","Cảo SKF TMMR 250F","Cảo vòng bi","Cảo vòng bi","11378","cao-vong-bi","https://vongbicongnghiep.vn/san-pham/tmmr-250f/","https://vongbicongnghiep.vn/wp-content/uploads/2023/02/TMMR.png","[""https://vongbicongnghiep.vn/wp-content/uploads/2023/02/TMMR.png""]","","","[{""name"":""brand"",""terms"":[""SKF""]}]","5583000","out_of_stock","vongbicongnghiep.vn-wc-store-api-category-search-skf","2026-04-29T13:56:35.837Z"
"35863","SKF","TMMA 120-SKF","TMMA 120-SKF","TMMA120SKF","Cảo SKF TMMA 120","Cảo vòng bi","Cảo vòng bi","11378","cao-vong-bi","https://vongbicongnghiep.vn/san-pham/cao-vong-bi-skf-tmma-120/","https://vongbicongnghiep.vn/wp-content/uploads/2021/12/dinh-nghia-bo-vam-cao-thao-nac-dan.jpg","[""https://vongbicongnghiep.vn/wp-content/uploads/2021/12/dinh-nghia-bo-vam-cao-thao-nac-dan.jpg""]","Cảo vòng bi SKF TMMA 120","Cảo cơ khí TMMA 120 dùng để tháo vòng bi Tháo vòng bi an toàn và đơn giản Được trang bị cánh tay vận hành bằng lò xo và thiết kế chắc chắn, SKF EasyPull là một trong những công cụ thân thiện và an toàn nhất trên thị trường. Các tay cảo vận hành bằng lò xo cho phép người dùng định vị bộ kéo phía sau bộ phận chỉ bằng một chuyển động. • Thiết kế chắc chắn cho phép tháo gỡ các thành phần ngay cả trong ứng dụng chật hẹp nhất một cách an toàn • Cơ chế mở vòng đỏ độc đáo hoạt động bằng lò xo cho phép EasyPull được đặt phía sau linh kiện chỉ bằng một cử động của bàn tay • Tay kéo tự khóa giúp ngăn ngừa nguy cơ bộ kéo trượt khi chịu tải • Hai đầu lục giác cho phép áp dụng lực rút dễ dàng hơn • Khả năng tự định tâm và mũi khoan giúp tránh hư hỏng trục • Sử dụng hiệu quả thời gian do tháo lắp nhanh chóng • Với kích cỡ với lực rút 120 kN cho phép lựa chọn dễ dàng • Bộ tạo lực thủy lực có sẵn như một phụ kiện cho các phiên bản 120 kN • Được cung cấp với một ống mỡ trục chính của bộ kéo (LGEV 2) Video hướng dẫn sử dụng cảo TMMA EasyPull Cảo cơ TMMA – Tháo vòng bi an toàn và đơn giản Sản phẩm liên quan Catalog sản phẩm TMMA Hướng dẫn sử dụng cảo TMMA 60 Hướng dẫn sử dụng cảo TMMA 80 Hướng dẫn sử dụng cảo TMMA 120 TECHNICAL DATA TMMA 120 Thông tin chung Độ mở của cảo nhỏ nhất 75 mm (3.0 in.) Độ mở rộng của tay cảo tối đa 250 mm (9.8 in.) Độ dài làm việc của tay cảo 250 mm (9.8 in.) Lực cảo lớn nhất 120 kN (13.5 ton US) Khối lượng 10,6 kg (23.4 lb) Kích thước Claw Chiều cao 13,8 mm (0.54 in.) Chiều dài 24 mm (0.9 in.) Chiều rộng 40 mm (1.6 in.) Các bộ phận sinh lực Hình lục giác trên bộ kéo hoặc bộ chuyển đổi 32 mm Lục giác trên trục cơ khí 24 mm Momen cảo lớn nhất 265 Nm (195 lbf ft) Diameter nose piece 28 mm (1.1 in.) Bộ chuyển đổi: có thể nâng cấp lên phiên bản thủy lực Có","[]","18429000","in_stock","vongbicongnghiep.vn-wc-store-api-category-search-skf","2026-04-29T13:56:35.837Z"
"35861","SKF","TMMA 80-SKF","TMMA 80-SKF","TMMA80SKF","Cảo SKF TMMA 80","Cảo vòng bi","Cảo vòng bi","11378","cao-vong-bi","https://vongbicongnghiep.vn/san-pham/cao-vong-bi-skf-tmma-80/","https://vongbicongnghiep.vn/wp-content/uploads/2022/12/maxresdefault.jpg","[""https://vongbicongnghiep.vn/wp-content/uploads/2022/12/maxresdefault.jpg""]","Cảo vòng bi SKF TMMA 80","Cảo cơ khí TMMA 80 dùng để tháo vòng bi Tháo vòng bi an toàn và đơn giản Được trang bị cánh tay vận hành bằng lò xo và thiết kế chắc chắn, SKF EasyPull là một trong những công cụ thân thiện và an toàn nhất trên thị trường. Các tay cảo vận hành bằng lò xo cho phép người dùng định vị bộ kéo phía sau bộ phận chỉ bằng một chuyển động. • Thiết kế chắc chắn cho phép tháo gỡ các thành phần ngay cả trong ứng dụng chật hẹp nhất một cách an toàn • Cơ chế mở vòng đỏ độc đáo hoạt động bằng lò xo cho phép EasyPull được đặt phía sau linh kiện chỉ bằng một cử động của bàn tay • Tay kéo tự khóa giúp ngăn ngừa nguy cơ bộ kéo trượt khi chịu tải • Hai đầu lục giác cho phép áp dụng lực rút dễ dàng hơn • Khả năng tự định tâm và mũi khoan giúp tránh hư hỏng trục • Sử dụng hiệu quả thời gian do tháo lắp nhanh chóng • Với kích cỡ với lực rút 80 kN , cho phép lựa chọn dễ dàng • Bộ tạo lực thủy lực có sẵn như một phụ kiện cho các phiên bản 80 kN • Được cung cấp với một ống mỡ trục chính của bộ kéo (LGEV 2) Video hướng dẫn sử dụng cảo TMMA EasyPull Cảo cơ TMMA – Tháo vòng bi an toàn và đơn giản Sản phẩm liên quan Catalog sản phẩm TMMA Hướng dẫn sử dụng cảo TMMA 60 Hướng dẫn sử dụng cảo TMMA 80 Hướng dẫn sử dụng cảo TMMA 120 TECHNICAL DATA TMMA 80 Thông tin chung Độ mở của cảo nhỏ nhất 52 mm (2.0 in.) Độ mở rộng của tay cảo tối đa 200 mm (7.8 in.) Độ dài làm việc của tay cảo 200 mm (7.8 in.) Lực cảo lớn nhất 80 kN (9.0 ton US) Khối lượng 5,7 kg (12.6 lb) Kích thước Claw Chiều cao 9,8 mm (0.39 in.) Chiều dài 18 mm (0.7 in.) Chiều rộng 28 mm (1.1 in.) Các bộ phận sinh lực Hình lục giác trên bộ kéo hoặc bộ chuyển đổi 30 mm Lục giác trên trục cơ khí 22 mm Momen cảo lớn nhất 175 Nm (125 lbf ft) Diameter nose piece 26 mm (1.0 in.) Bộ chuyển đổi: có thể nâng cấp lên phiên bản thủy lực Có","[]","13103000","out_of_stock","vongbicongnghiep.vn-wc-store-api-category-search-skf","2026-04-29T13:56:35.837Z"
"35843","SKF","TMBS 100E-SKF","TMBS 100E-SKF","TMBS100ESKF","Cảo SKF TMBS 100E","Cảo vòng bi","Cảo vòng bi","11378","cao-vong-bi","https://vongbicongnghiep.vn/san-pham/cao-dia-thao-vong-bi-skf-tmbs-100e/","https://vongbicongnghiep.vn/wp-content/uploads/2021/11/tmhc110e-3.jpg","[""https://vongbicongnghiep.vn/wp-content/uploads/2021/11/tmhc110e-3.jpg"",""https://vongbicongnghiep.vn/wp-content/uploads/2022/05/tmbs3.jpg""]","","Bộ cảo đĩa tháo vòng bi cứng vững và lực cảo lớn SKF TMBS 100E Dễ dàng tháo lắp ổ trục ngay cả trong những không gian chật hẹp nhất Các đĩa cảo kéo sau mạnh mẽ của SKF TMBS E tạo điều kiện tháo lắp các ổ trục trong các ứng dụng hạn chế việc sử dụng các bộ kéo hàm truyền thống do thiếu không gian hoặc nơi ứng dụng đòi hỏi một phạm vi tiếp cận xa. • Thiết kế phân tách đặc biệt cho phép bộ kéo có thể dễ dàng chèn vào giữa ổ trục và vai trên trục • Điểm trung tâm được nạp lò xo của trục chính thủy lực cho phép dễ dàng định tâm bộ kéo giảm thiểu nguy cơ hư hỏng trục • Tay cầm chắc chắn phía sau vòng trong của ổ trục giúp giảm lực cần thiết để tháo ổ trục • Trục chính thủy lực được trang bị van an toàn, giúp giảm thiểu nguy cơ quá tải của bộ kéo • Hành trình trục chính thủy lực 80 mm (3,1 in.) Giúp tháo dỡ dễ dàng trong một thao tác • SKF TMBS 100E được trang bị trục chính thủy lực, cho phép dễ dàng tác dụng lực lên đến 100 kN (11,2 tấn Mỹ) • Được cung cấp với các miếng mở rộng trục chính thủy lực để cho phép nhanh chóng thích ứng với chiều dài kéo • SKF TMBS 100E được cung cấp với các thanh kéo dài để cho phép thích ứng nhanh chóng với chiều dài kéo lên đến 816 mm (32,1 in.) Tài liệu liên quan Tài liệu sản phẩm TMBS E series (289.1 KB) Hướng dẫn sử dụng cảo TMBS 50E (877.7 KB) Hướng dẫn sử dụng cảo TMBS 100E và TMBS 150E (2.8 MB) Cảo đĩa tháo vòng bi SKF TMBS 100E TMBS 100E Thông số Kỹ thuật TMBS 100E Ký hiệu TMBS 100E Bao gồm 1 × separator set 2 × main rods 2 × extension rods, 125 mm (4.9 in.) 4 × extension rods, 285 mm (11.2 in.) 1 × beam 1 × hydraulic spindle TMHS 100 2 × extension pieces for hydraulic spindle; 50, 100 mm (2.0, 3.9 in.) 1 × nosepiece with centre point for hydraulic spindle hành trình thuỷ lực max 80 mm (3.1 in.) Lực kéo 100 kN (11.2 US ton) Tầm với lớn nhất 120–816 mm (4.7–31.1 in.) Dải đường kính 20–100 mm (0.8–4 in.) Kích thức hộp đựng 580 × 410 × 70 mm (23 × 16 × 2.8 in.) Khối lượng 13,5 kg (29.8 lb) Phụ tùng thay thế TMBS 100E Mô tả Ký hiệu Trục bơm Thủy lực, 100 kN TMHS 100 Advanced hydraulic spindle, 100 kN, spindle only TMHS 100-1 Set of extension pieces for the hydraulic spindle, nose piece TMHS 8T Dâm ngang TMBS 100E-1 Thanh chính, Đai ốc, đệm (bộ) TMBS 100E-2 Thanh kéo dài 125 mm/4.9 in (2pcs) TMBS 100E-3 Thanh kéo dài 285 mm/11.2 in (4pcs) TMBS 100E-4 Separator (complete) TMBS 100E-5","[]","18720000","in_stock","vongbicongnghiep.vn-wc-store-api-category-search-skf","2026-04-29T13:56:35.837Z"
"35842","SKF","TMBS 50E-SKF","TMBS 50E-SKF","TMBS50ESKF","Cảo SKF TMBS 50E","Cảo vòng bi","Cảo vòng bi","11378","cao-vong-bi","https://vongbicongnghiep.vn/san-pham/cao-dia-thao-vong-bi-skf-tmbs-50e/","https://vongbicongnghiep.vn/wp-content/uploads/2022/05/tmbs2-1.jpg","[""https://vongbicongnghiep.vn/wp-content/uploads/2022/05/tmbs2-1.jpg""]","","Bộ cảo đĩa tháo vòng bi SKF TMBS 50E Dễ dàng tháo lắp ổ trục ngay cả trong những không gian chật hẹp nhất Các đĩa cảo kéo sau mạnh mẽ của SKF TMBS 50E tạo điều kiện tháo lắp các ổ trục trong các ứng dụng hạn chế việc sử dụng các bộ kéo hàm truyền thống do thiếu không gian hoặc nơi ứng dụng đòi hỏi một phạm vi tiếp cận xa. TMBS 50E được trang bị trục quay cơ học để tạo lực. • Thiết kế phân tách đặc biệt cho phép bộ kéo có thể dễ dàng chèn vào giữa ổ trục và vai trên trục • Tay cầm chắc chắn phía sau vòng trong của ổ trục giúp giảm lực cần thiết để tháo ổ trục • SKF TMBS 50E được trang bị trục quay cơ học để tạo lực Tài liệu liên quan Tài liệu sản phẩm TMBS E series (289.1 KB) Hướng dẫn sử dụng cảo TMBS 50E (877.7 KB) Hướng dẫn sử dụng cảo TMBS 100E và TMBS 150E (2.8 MB) TMBS 50E Thông số Kỹ thuật TMBS 50E Ký hiệu TMBS 50E Bao gồm 1 x separator set 1 x mechanical spindle 1 x beam 2 x main rods Lực kéo 30 kN (3.4 US ton) Tầm với lớn nhất 110 mm (4.3 in.) Dải đường kính 7–50 mm (0.3–2 in.) Kích thức hộp đựng 295 x 190 x 50 mm (11.6 x 7.5 x 2 in.) Khối lượng 1,8 kg (4 lb)","[]","6880000","out_of_stock","vongbicongnghiep.vn-wc-store-api-category-search-skf","2026-04-29T13:56:35.837Z"
"35795","SKF","TMMS 260-SKF","TMMS 260-SKF","TMMS260SKF","Cảo đĩa SKF TMMS 260","Cảo vòng bi","Cảo vòng bi","11378","cao-vong-bi","https://vongbicongnghiep.vn/san-pham/dia-cao-vong-bi-tmms-260/","https://vongbicongnghiep.vn/wp-content/uploads/2021/11/tmms1.jpg","[""https://vongbicongnghiep.vn/wp-content/uploads/2021/11/tmms1.jpg""]","","Đĩa cảo ba mảnh TMMS 260 Tháo vòng bi hiệu quả, chính xác • Ba mảnh ghép của cảo dòng TMMS, được thiết kế đặc biệt để sử dụng kết hợp với các bộ kéo ba nhánh. Các tấm ba mảnh bám phía sau vòng trong của vòng bi. Điều này ngăn chặn các lực kéo truyền qua vòng ngoài và các phần tử lăn, giảm thiểu nguy cơ hư hỏng vòng bi. • Thiết kế độc đáo của dòng TMMS cho phép tác dụng lực vào điểm hiệu quả nhất; vòng trong và do đó cần ít lực để tháo ra hơn so với khi kéo vòng ngoài • Tay cầm chắc chắn phía sau vòng trong của ổ trục đảm bảo rằng lực kéo chỉ được truyền qua ca trong vòng bi và không truyền qua vòng ngoài hoặc các phần tử lăn, ngăn ngừa hư hỏng ổ trục • Kết cấu ba phần cho phép phân bổ lực đều, ngăn chặn việc khóa vòng bi và / hoặc nghiêng trên trục, đặc biệt là trong trường hợp vòng bi SRB và CARB®, trong quá trình tháo lắp • Thích hợp để sử dụng kết hợp với bất kỳ bộ kéo ba tay cảo nào • Hình dạng đặc biệt cho phép các tấm có thể dễ dàng lắp vào giữa ổ trục và vai trên trục • Có sẵn trong nhiều loại, bao gồm hầu hết các kích thước trục phổ biến Đĩa cảo ba miếng TMMS 100 được sử dụng với bộ kéo ổ trục TMMA H series Tài liệu liên quan Thông số kỹ thuật của cảo và phụ kiện (436.8 KB) Hướng dẫn sử dụng đĩa cảo TMBS (1.1 MB) Kích thước của đĩa cảo TMMS Ký hiệu d min d max A TMMS 260 90 260 70–114 Sản phẩm liên quan Catalog bộ sản phẩm TMMK Hướng dẫn sử dụng TMMK 10-35 (4.4 MB) Hướng dẫn sử dụng TMMK 20-50 (4.4 MB) Catalog sản phẩm bảo dưỡng và mỡ bôi trơn SKF (20.5 MB) Video mô tả việc đóng tháo vòng bi SKF Phần mềm liên quan Bộ công cụ phần mềm hỗ trợ cho việc lựa chọn ống lót vòng bi và phương pháp lắp Công cụ hướng dẫn tháo và lắp vòng bi Sản phẩm liên quan Bộ đóng vòng bi TMFT 36 Cảo cơ TMMP hạng nặng Bộ cảo thủy lực TMHP 10E Bộ cảo cơ TMMA Bộ cảo Thủy lực TMHP Bộ cảo Thủy lực TMHP hạng nặng","[]","32161000","out_of_stock","vongbicongnghiep.vn-wc-store-api-category-search-skf","2026-04-29T13:56:35.838Z"
"35794","SKF","TMMS 160-SKF","TMMS 160-SKF","TMMS160SKF","Cảo đĩa SKF TMMS 160","Cảo vòng bi","Cảo vòng bi","11378","cao-vong-bi","https://vongbicongnghiep.vn/san-pham/dia-cao-vong-bi-tmms-160/","https://vongbicongnghiep.vn/wp-content/uploads/2021/11/tmms1.jpg","[""https://vongbicongnghiep.vn/wp-content/uploads/2021/11/tmms1.jpg""]","","Đĩa cảo ba mảnh TMMS 160 Tháo vòng bi hiệu quả, chính xác • Ba mảnh ghép của cảo dòng TMMS, được thiết kế đặc biệt để sử dụng kết hợp với các bộ kéo ba nhánh. Các tấm ba mảnh bám phía sau vòng trong của vòng bi. Điều này ngăn chặn các lực kéo truyền qua vòng ngoài và các phần tử lăn, giảm thiểu nguy cơ hư hỏng vòng bi. • Thiết kế độc đáo của dòng TMMS cho phép tác dụng lực vào điểm hiệu quả nhất; vòng trong và do đó cần ít lực để tháo ra hơn so với khi kéo vòng ngoài • Tay cầm chắc chắn phía sau vòng trong của ổ trục đảm bảo rằng lực kéo chỉ được truyền qua ca trong vòng bi và không truyền qua vòng ngoài hoặc các phần tử lăn, ngăn ngừa hư hỏng ổ trục • Kết cấu ba phần cho phép phân bổ lực đều, ngăn chặn việc khóa vòng bi và / hoặc nghiêng trên trục, đặc biệt là trong trường hợp vòng bi SRB và CARB®, trong quá trình tháo lắp • Thích hợp để sử dụng kết hợp với bất kỳ bộ kéo ba tay cảo nào • Hình dạng đặc biệt cho phép các tấm có thể dễ dàng lắp vào giữa ổ trục và vai trên trục • Có sẵn trong nhiều loại, bao gồm hầu hết các kích thước trục phổ biến Đĩa cảo ba miếng TMMS 100 được sử dụng với bộ kéo ổ trục TMMA H series Tài liệu liên quan Thông số kỹ thuật của cảo và phụ kiện (436.8 KB) Hướng dẫn sử dụng đĩa cảo TMBS (1.1 MB) Kích thước của đĩa cảo TMMS Ký hiệu d min d max A TMMS 160 50 160 45–73 Sản phẩm liên quan Catalog bộ sản phẩm TMMK Hướng dẫn sử dụng TMMK 10-35 (4.4 MB) Hướng dẫn sử dụng TMMK 20-50 (4.4 MB) Catalog sản phẩm bảo dưỡng và mỡ bôi trơn SKF (20.5 MB) Video mô tả việc đóng tháo vòng bi SKF Phần mềm liên quan Bộ công cụ phần mềm hỗ trợ cho việc lựa chọn ống lót vòng bi và phương pháp lắp Công cụ hướng dẫn tháo và lắp vòng bi Sản phẩm liên quan Bộ đóng vòng bi TMFT 36 Cảo cơ TMMP hạng nặng Bộ cảo thủy lực TMHP 10E Bộ cảo cơ TMMA Bộ cảo Thủy lực TMHP Bộ cảo Thủy lực TMHP hạng nặng","[]","12921000","out_of_stock","vongbicongnghiep.vn-wc-store-api-category-search-skf","2026-04-29T13:56:35.838Z"
"35793","SKF","TMMS 100-SKF","TMMS 100-SKF","TMMS100SKF","Cảo đĩa SKF TMMS 100","Cảo vòng bi","Cảo vòng bi","11378","cao-vong-bi","https://vongbicongnghiep.vn/san-pham/dia-cao-vong-bi-tmms-100/","https://vongbicongnghiep.vn/wp-content/uploads/2021/11/tmms1.jpg","[""https://vongbicongnghiep.vn/wp-content/uploads/2021/11/tmms1.jpg""]","","Đĩa cảo ba mảnh TMMS 100 Tháo vòng bi hiệu quả, chính xác • Ba mảnh ghép của cảo dòng TMMS, được thiết kế đặc biệt để sử dụng kết hợp với các bộ kéo ba nhánh. Các tấm ba mảnh bám phía sau vòng trong của vòng bi. Điều này ngăn chặn các lực kéo truyền qua vòng ngoài và các phần tử lăn, giảm thiểu nguy cơ hư hỏng vòng bi. • Thiết kế độc đáo của dòng TMMS cho phép tác dụng lực vào điểm hiệu quả nhất; vòng trong và do đó cần ít lực để tháo ra hơn so với khi kéo vòng ngoài • Tay cầm chắc chắn phía sau vòng trong của ổ trục đảm bảo rằng lực kéo chỉ được truyền qua ca trong vòng bi và không truyền qua vòng ngoài hoặc các phần tử lăn, ngăn ngừa hư hỏng ổ trục • Kết cấu ba phần cho phép phân bổ lực đều, ngăn chặn việc khóa vòng bi và / hoặc nghiêng trên trục, đặc biệt là trong trường hợp vòng bi SRB và CARB®, trong quá trình tháo lắp • Thích hợp để sử dụng kết hợp với bất kỳ bộ kéo ba tay cảo nào • Hình dạng đặc biệt cho phép các tấm có thể dễ dàng lắp vào giữa ổ trục và vai trên trục • Có sẵn trong nhiều loại, bao gồm hầu hết các kích thước trục phổ biến Đĩa cảo ba miếng TMMS 100 được sử dụng với bộ kéo ổ trục TMMA H series Tài liệu liên quan Thông số kỹ thuật của cảo và phụ kiện (436.8 KB) Hướng dẫn sử dụng đĩa cảo TMBS (1.1 MB) Kích thước của đĩa cảo TMMS Ký hiệu d min d max A TMMS 100 26 100 36–55 Sản phẩm liên quan Catalog bộ sản phẩm TMMK Hướng dẫn sử dụng TMMK 10-35 (4.4 MB) Hướng dẫn sử dụng TMMK 20-50 (4.4 MB) Catalog sản phẩm bảo dưỡng và mỡ bôi trơn SKF (20.5 MB) Video mô tả việc đóng tháo vòng bi SKF Phần mềm liên quan Bộ công cụ phần mềm hỗ trợ cho việc lựa chọn ống lót vòng bi và phương pháp lắp Công cụ hướng dẫn tháo và lắp vòng bi Sản phẩm liên quan Bộ đóng vòng bi TMFT 36 Cảo cơ TMMP hạng nặng Bộ cảo thủy lực TMHP 10E Bộ cảo cơ TMMA Bộ cảo Thủy lực TMHP Bộ cảo Thủy lực TMHP hạng nặng","[]","8050000","out_of_stock","vongbicongnghiep.vn-wc-store-api-category-search-skf","2026-04-29T13:56:35.838Z"
"35792","SKF","TMMS 50-SKF","TMMS 50-SKF","TMMS50SKF","Cảo đĩa SKF TMMS 50","Cảo vòng bi","Cảo vòng bi","11378","cao-vong-bi","https://vongbicongnghiep.vn/san-pham/dia-cao-vong-bi-tmms-50/","https://vongbicongnghiep.vn/wp-content/uploads/2021/11/tmms1.jpg","[""https://vongbicongnghiep.vn/wp-content/uploads/2021/11/tmms1.jpg""]","","Đĩa cảo ba mảnh TMMS 50 Tháo vòng bi hiệu quả, chính xác • Ba mảnh ghép của cảo dòng TMMS, được thiết kế đặc biệt để sử dụng kết hợp với các bộ kéo ba nhánh. Các tấm ba mảnh bám phía sau vòng trong của vòng bi. Điều này ngăn chặn các lực kéo truyền qua vòng ngoài và các phần tử lăn, giảm thiểu nguy cơ hư hỏng vòng bi. • Thiết kế độc đáo của dòng TMMS cho phép tác dụng lực vào điểm hiệu quả nhất; vòng trong và do đó cần ít lực để tháo ra hơn so với khi kéo vòng ngoài • Tay cầm chắc chắn phía sau vòng trong của ổ trục đảm bảo rằng lực kéo chỉ được truyền qua ca trong vòng bi và không truyền qua vòng ngoài hoặc các phần tử lăn, ngăn ngừa hư hỏng ổ trục • Kết cấu ba phần cho phép phân bổ lực đều, ngăn chặn việc khóa vòng bi và / hoặc nghiêng trên trục, đặc biệt là trong trường hợp vòng bi SRB và CARB®, trong quá trình tháo lắp • Thích hợp để sử dụng kết hợp với bất kỳ bộ kéo ba tay cảo nào • Hình dạng đặc biệt cho phép các tấm có thể dễ dàng lắp vào giữa ổ trục và vai trên trục • Có sẵn trong nhiều loại, bao gồm hầu hết các kích thước trục phổ biến Đĩa cảo ba miếng TMMS 100 được sử dụng với bộ kéo ổ trục TMMA H series Tài liệu liên quan Thông số kỹ thuật của cảo và phụ kiện (436.8 KB) Hướng dẫn sử dụng đĩa cảo TMBS (1.1 MB) Kích thước của đĩa cảo TMMS Ký hiệu d min d max A mm mm mm TMMS 50 12 50 20–30 Sản phẩm liên quan Catalog bộ sản phẩm TMMK Hướng dẫn sử dụng TMMK 10-35 (4.4 MB) Hướng dẫn sử dụng TMMK 20-50 (4.4 MB) Catalog sản phẩm bảo dưỡng và mỡ bôi trơn SKF (20.5 MB) Video mô tả việc đóng tháo vòng bi SKF Phần mềm liên quan Bộ công cụ phần mềm hỗ trợ cho việc lựa chọn ống lót vòng bi và phương pháp lắp Công cụ hướng dẫn tháo và lắp vòng bi Sản phẩm liên quan Bộ đóng vòng bi TMFT 36 Cảo cơ TMMP hạng nặng Bộ cảo thủy lực TMHP 10E Bộ cảo cơ TMMA Bộ cảo Thủy lực TMHP Bộ cảo Thủy lực TMHP hạng nặng","[]","3966000","out_of_stock","vongbicongnghiep.vn-wc-store-api-category-search-skf","2026-04-29T13:56:35.838Z"
"35752","SKF","TMMP 15-SKF","TMMP 15-SKF","TMMP15SKF","Cảo SKF TMMP 15","Cảo vòng bi","Cảo vòng bi","11378","cao-vong-bi","https://vongbicongnghiep.vn/san-pham/cao-co-skf-tmmp-15/","https://vongbicongnghiep.vn/wp-content/uploads/2022/10/tmmp-tmhp.jpg","[""https://vongbicongnghiep.vn/wp-content/uploads/2022/10/tmmp-tmhp.jpg""]","","Cảo cơ TMMP 15 tháo vòng bi hạng nặng Một trong những cách phổ biến nhất để tháo các vòng bi cỡ nhỏ đến trung bình là sử dụng một bộ kéo cơ học cơ bản. Sử dụng bộ kéo SKF giúp bảo vệ chống hư hỏng vòng bi hoặc ổ đỡ vòng bi trong quá trình tháo vòng bi. Bộ SKF Jaw cho phép vận hành bộ kéo dễ dàng và an toàn. Thông số kỹ thuật Ký hiệu loại cảo TMMP 15 Độ mở của cảo 140–326 mm (5.5–12.8 in.) Chiều dài tay cảo 340 mm (13.4 in.) Chiều dài của móc cảo 30 mm (1.18 in.) Lực cảo lớn nhất 150 kN (17 US ton) Trọng lượng 21,5 kg (47.4 lb) Tùy chọn chiều dài cánh tay cảo 260 mm (10.2 in.) TMMP ..-1 TMMP ..-2 đi kèm TMMP ..-3 435 mm (17.1 in.) TMMP ..-4 685 mm (27.0 in.) Video các phương pháp Lắp và tháo vòng bi cầu rãnh sâu SKF","[]","40382000","out_of_stock","vongbicongnghiep.vn-wc-store-api-category-search-skf","2026-04-29T13:56:35.839Z"
"35751","SKF","TMMP 10-SKF","TMMP 10-SKF","TMMP10SKF","Cảo SKF TMMP 10","Cảo vòng bi","Cảo vòng bi","11378","cao-vong-bi","https://vongbicongnghiep.vn/san-pham/cao-co-skf-tmmp-10/","https://vongbicongnghiep.vn/wp-content/uploads/2022/10/tmmp-tmhp-1.jpg","[""https://vongbicongnghiep.vn/wp-content/uploads/2022/10/tmmp-tmhp-1.jpg""]","","Cảo cơ TMMP 10 tháo vòng bi hạng nặng Một trong những cách phổ biến nhất để tháo các vòng bi cỡ nhỏ đến trung bình là sử dụng một bộ kéo cơ học cơ bản. Sử dụng bộ kéo SKF giúp bảo vệ chống hư hỏng vòng bi hoặc ổ đỡ vòng bi trong quá trình tháo vòng bi. Bộ SKF Jaw cho phép vận hành bộ kéo dễ dàng và an toàn. Thông số kỹ thuật Ký hiệu loại cảo TMMP 10 Độ mở của cảo 100–223 mm (3.9–8.7 in.) Chiều dài tay cảo 207 mm (8.2 in.) Chiều dài của móc cảo 20 mm (0.78 in.) Lực cảo lớn nhất 100 kN (11.2 US ton) Trọng lượng 8,5 kg (19 lb) Tùy chọn chiều dài cánh tay cảo đi kèm TMMP ..-1 TMMP ..-2 350 mm (13.8 in.) TMMP ..-3 460 mm (18.1 in.) TMMP ..-4 710 mm (27.9 in.) Video các phương pháp Lắp và tháo vòng bi cầu rãnh sâu SKF","[]","20847000","out_of_stock","vongbicongnghiep.vn-wc-store-api-category-search-skf","2026-04-29T13:56:35.839Z"
"35706","SKF","TMMP 3X300-SKF","TMMP 3X300-SKF","TMMP3X300SKF","Cảo SKF TMMP 3X300","Cảo vòng bi","Cảo vòng bi","11378","cao-vong-bi","https://vongbicongnghiep.vn/san-pham/cao-3-chau-skf-tmmp-3x300/","https://vongbicongnghiep.vn/wp-content/uploads/2022/10/0901d19680925e1a-PUL0007V_NG-TMMP-16x9_tcm_12-499757.png","[""https://vongbicongnghiep.vn/wp-content/uploads/2022/10/0901d19680925e1a-PUL0007V_NG-TMMP-16x9_tcm_12-499757.png""]","Cảo 3 chấu SKF TMMP 3X300 là loại cảo tháo vòng bi tốt nhất trên thị trường. giúp tháo vòng bi 1 cách dễ ràng.","Cảo 3 chấu SKF TMMP 3X300 Một trong những cách phổ biến nhất để tháo các vòng bi cỡ nhỏ đến trung bình là sử dụng một bộ cảo 3 chấu cơ học.Cảo 3 chấu SKF TMMP 3X300 là một cảo kéo ba chấu cho các ổ trục cỡ nhỏ và vừa. Nó giúp người sử dụng bảo vệ khỏi bị hư hỏng ổ trục hoặc chỗ ngồi ổ trục trong quá trình tháo dỡ. Dòng Máy kéo hàm tiêu chuẩn SKF TMMP cho phép thực hiện các công việc dễ dàng và nhanh chóng và vận hành máy kéo an toàn. •Hệ thống hình nón để định tâm tự động và định vị an toàn các cánh tay •Lò xo chắc chắn giữ cho cánh tay cách xa nhau để dễ dàng vận hành •Thép cacbon chất lượng cao, cứng Thông số Kỹ thuật sản phẩm Ký hiệu TMMP 3X300 Độ mở vấu cảo 45–300 mm (1,8–11,8 inch) Chiều dài tay cảo 240 mm (9,4 in.) Chiều cao của mỏ vấu cảo 11 mm (0,43 in.) lực cảo 50,0 kN (5,6 tấn Mỹ) khối lượng cảo 8,6 kg (19 lb) Tài liệu liên quan Catalog cảo TMMP Hướng dẫn sử dụng cảo TMMP Công ty TST Việt Nam hiện nhập khẩu và phân phối các dòng sản phẩm chính hãng của SKF như: Vòng bi cầu, Vòng bi đũa, gối đỡ SKF, phớt chặn dầu SKF, dây đai truyền động, xích tải công nghiệp, phớt thủy lực SKF, máy gia nhiệt vòng bi, mỡ bôi trơn SKF, súng bơm mỡ,… với chất lượng tốt cam kết hàng chính hãng mà giá thành lại vô cùng phải chăng. Để mua được Cảo 3 chấu SKF TMMP 3X300 chính hãng SKF: Quý khách hàng liên hệ với đại lý SKF tại Hà Nội Công ty CP Thương mại và Công nghệ TST Việt Nam Số 11/68 đường Trung kính, Cầu Giấy, Hà Nội Email: vantao@tstvietnam.vn Mobile: 0988920565","[]","9080000","in_stock","vongbicongnghiep.vn-wc-store-api-category-search-skf","2026-04-29T13:56:35.839Z"
"35696","SKF","TMMP 3X230-SKF","TMMP 3X230-SKF","TMMP3X230SKF","Cảo SKF TMMP 3X230","Cảo vòng bi","Cảo vòng bi","11378","cao-vong-bi","https://vongbicongnghiep.vn/san-pham/cao-3-chau-skf-tmmp-3x230/","https://vongbicongnghiep.vn/wp-content/uploads/2022/10/0901d196807ef5bd.png","[""https://vongbicongnghiep.vn/wp-content/uploads/2022/10/0901d196807ef5bd.png""]","Cảo 3 chấu SKF TMMP 3X230 thiết kế chắc chắn dễ ràng sử dụng tháo vòng bi","Cảo 3 chấu SKF TMMP 3X230 Một trong những cách phổ biến nhất để tháo các vòng bi cỡ nhỏ đến trung bình là sử dụng một bộ kéo cơ học. SKF TMMP 3X230 là một tay kéo ba cho các ổ trục cỡ nhỏ và vừa. Nó giúp người sử dụng bảo vệ khỏi bị hư hỏng ổ trục hoặc chỗ ngồi ổ trục trong quá trình tháo dỡ. Dòng Máy kéo hàm tiêu chuẩn SKF TMMP cho phép thực hiện các công việc dễ dàng và nhanh chóng và vận hành máy kéo an toàn. •Hệ thống hình nón để định tâm tự động và định vị an toàn các cánh tay •Lò xo chắc chắn giữ cho cánh tay cách xa nhau để dễ dàng vận hành •Thép cacbon chất lượng cao, cứng Thông số Kỹ thuật sản phẩm Ký hiệu TMMP 3X230 Độ mở vấu cảo 40–230 mm (1.6–9.1 in.) Chiều dài tay cảo 210 mm (8.3 in.) Chiều cao của mỏ vấu cảo 9 mm (0.35 in.) lực cảo 34,0 kN (3.8 US ton) khối lượng cảo 5,8 kg (13 lb) Tài liệu liên quan Catalog cảo TMMP Hướng dẫn sử dụng cảo TMMP","[]","7838000","in_stock","vongbicongnghiep.vn-wc-store-api-category-search-skf","2026-04-29T13:56:35.839Z"
"35185","SKF","TMMP 3X185-SKF","TMMP 3X185-SKF","TMMP3X185SKF","Cảo SKF TMMP 3X185","Cảo vòng bi","Cảo vòng bi","11378","cao-vong-bi","https://vongbicongnghiep.vn/san-pham/cao-3-chau-skf-tmmp-3x185/","https://vongbicongnghiep.vn/wp-content/uploads/2022/10/0901d19680925e1a-PUL0007V_NG-TMMP-16x9_tcm_12-499757.png","[""https://vongbicongnghiep.vn/wp-content/uploads/2022/10/0901d19680925e1a-PUL0007V_NG-TMMP-16x9_tcm_12-499757.png"",""https://vongbicongnghiep.vn/wp-content/uploads/2022/10/0901d196807ef5bd.png""]","Cảo 3 chấu SKF TMMP 3X185","Cảo 3 chấu SKF TMMP 3X185 Một trong những cách phổ biến nhất để tháo các vòng bi cỡ nhỏ đến trung bình là sử dụng một bộ kéo cơ học. SKF TMMP 3X185 là một tay kéo ba cho các ổ trục cỡ nhỏ và vừa. Nó giúp người sử dụng bảo vệ khỏi bị hư hỏng ổ trục hoặc chỗ ngồi ổ trục trong quá trình tháo dỡ. Dòng Máy kéo hàm tiêu chuẩn SKF TMMP cho phép thực hiện các công việc dễ dàng và nhanh chóng và vận hành máy kéo an toàn. •Hệ thống hình nón để định tâm tự động và định vị an toàn các cánh tay •Lò xo chắc chắn giữ cho cánh tay cách xa nhau để dễ dàng vận hành •Thép cacbon chất lượng cao, cứng Thông số Kỹ thuật sản phẩm Ký hiệu TMMP 3X185 Độ mở vấu cảo 40–185 mm (1.6–7.3 in.) Chiều dài tay cảo 135 mm (5.3 in.) Chiều cao của mỏ vấu cảo 9 mm (0.35 in.) lực cảo 24,0 kN (2.7 US ton) khối lượng cảo 2,9 kg (6.4 lb) Tài liệu liên quan Catalog cảo TMMP Hướng dẫn sử dụng cảo TMMP","[]","5243000","in_stock","vongbicongnghiep.vn-wc-store-api-category-search-skf","2026-04-29T13:56:35.839Z"
"35169","SKF","TMMP 2X170-SKF","TMMP 2X170-SKF","TMMP2X170SKF","Cảo SKF TMMP 2X170","Cảo vòng bi","Cảo vòng bi","11378","cao-vong-bi","https://vongbicongnghiep.vn/san-pham/cao-2-chau-skf-tmmp-2x170/","https://vongbicongnghiep.vn/wp-content/uploads/2022/10/0901d196807ef5be.png","[""https://vongbicongnghiep.vn/wp-content/uploads/2022/10/0901d196807ef5be.png""]","Cảo 2 chấu SKF TMMP 2X170","Cảo 2 chấu SKF TMMP 2X170 • Dễ dàng tháo vòng bi và an toàn • Sử dụng Cảo 2 chấu SKF giúp đảm bảo không gây ra hư hỏng cho ổ trục hoặc bệ đỡ ổ trục trong quá trình tháo lắp •Thép cacbon chất lượng cao, cứng Tài liệu liên quan Catalog cảo TMMP Hướng dẫn sử dụng cảo TMMP","[]","3759000","in_stock","vongbicongnghiep.vn-wc-store-api-category-search-skf","2026-04-29T13:56:35.839Z"
"35165","SKF","TMMP 2X65-SKF","TMMP 2X65-SKF","TMMP2X65SKF","Cảo SKF TMMP 2X65","Cảo vòng bi","Cảo vòng bi","11378","cao-vong-bi","https://vongbicongnghiep.vn/san-pham/cao-2-chau-skf-tmmp-2x65/","https://vongbicongnghiep.vn/wp-content/uploads/2022/10/0901d196807ef5be.png","[""https://vongbicongnghiep.vn/wp-content/uploads/2022/10/0901d196807ef5be.png""]","Cảo 2 chấu SKF TMMP 2X65","• Dễ dàng tháo vòng bi và an toàn • Sử dụng Cảo 2 chấu SKF giúp đảm bảo không gây ra hư hỏng cho ổ trục hoặc bệ đỡ ổ trục trong quá trình tháo lắp •Thép cacbon chất lượng cao, cứng Tài liệu liên quan Catalog cảo TMMP Hướng dẫn sử dụng cảo TMMP","[]","2022000","out_of_stock","vongbicongnghiep.vn-wc-store-api-category-search-skf","2026-04-29T13:56:35.839Z"
"33301","SKF","TMBS 150E-SKF","TMBS 150E-SKF","TMBS150ESKF","Cảo SKF TMBS 150E","Cảo vòng bi","Cảo vòng bi","11378","cao-vong-bi","https://vongbicongnghiep.vn/san-pham/cao-vong-bi-tmbs-50e-tmbs-100e-tmbs-150e/","https://vongbicongnghiep.vn/wp-content/uploads/2022/05/tmbs4.jpg","[""https://vongbicongnghiep.vn/wp-content/uploads/2022/05/tmbs4.jpg""]","Bộ cảo tháo vòng bi cứng vững và lực cảo lớn Dễ dàng tháo lắp ổ trục ngay cả trong những không gian chật hẹp nhất Các đĩa cảo kéo sau mạnh mẽ của SKF TMBS E tạo điều kiện tháo lắp các ổ trục trong các ứng dụng hạn chế việc sử dụng các bộ kéo hàm truyền thống do thiếu không gian hoặc nơi ứng dụng đòi hỏi một phạm vi tiếp cận xa. TMBS 100E và đĩa cảo TMBS 150E được trang bị trục chính thủy lực, cho phép dễ dàng tác dụng lực lên đến 100 kN (11,2 tấn Mỹ). TMBS 50E được trang bị trục quay cơ học để tạo lực.","Bộ cảo tháo vòng bi cứng vững và lực cảo lớn Dễ dàng tháo lắp ổ trục ngay cả trong những không gian chật hẹp nhất Các đĩa cảo kéo sau mạnh mẽ của SKF TMBS E tạo điều kiện tháo lắp các ổ trục trong các ứng dụng hạn chế việc sử dụng các bộ kéo hàm truyền thống do thiếu không gian hoặc nơi ứng dụng đòi hỏi một phạm vi tiếp cận xa. Đĩa cảo TMBS 150E được trang bị trục chính thủy lực, cho phép dễ dàng tác dụng lực lên đến 100 kN (11,2 tấn Mỹ). • Thiết kế phân tách đặc biệt cho phép bộ kéo có thể dễ dàng chèn vào giữa ổ trục và vai trên trục • Điểm trung tâm được nạp lò xo của trục chính thủy lực cho phép dễ dàng định tâm bộ kéo giảm thiểu nguy cơ hư hỏng trục • Tay cầm chắc chắn phía sau vòng trong của ổ trục giúp giảm lực cần thiết để tháo ổ trục • Trục chính thủy lực được trang bị van an toàn, giúp giảm thiểu nguy cơ quá tải của bộ kéo • Hành trình trục chính thủy lực 80 mm (3,1 in.) Giúp tháo dỡ dễ dàng trong một thao tác • SKF TMBS 150E được trang bị trục chính thủy lực, cho phép dễ dàng tác dụng lực lên đến 100 kN (11,2 tấn Mỹ) • Được cung cấp với các miếng mở rộng trục chính thủy lực để cho phép nhanh chóng thích ứng với chiều dài kéo • SKF TMBS 150E được cung cấp với các thanh kéo dài để cho phép thích ứng nhanh chóng với chiều dài kéo lên đến 816 mm (32,1 in.) Tài liệu liên quan Tài liệu sản phẩm TMBS E series (289.1 KB) Hướng dẫn sử dụng cảo TMBS 50E (877.7 KB) Hướng dẫn sử dụng cảo TMBS 100E và TMBS 150E (2.8 MB) TMBS 150E Thông số Kỹ thuật TMBS 150E Ký hiệu TMBS 150E Bao gồm 1 × separator set 2 × main rods 2 × extension rods, 125 mm (4.9 in.) 4 × extension rods, 285 mm (11.2 in.) 1 × beam 1 × hydraulic spindle TMHS 100 2 × extension pieces for hydraulic spindle; 50, 100 mm (2.0, 3.9 in.) 1 × nosepiece with centre point for hydraulic spindle hành trình thuỷ lực max 80 mm (3.1 in.) Lực kéo 100 kN (11.2 US ton) Tầm với lớn nhất 120–816 mm (4.7–31.1 in.) Dải đường kính 35–150 mm (1.4–6 in.) Kích thức hộp đựng 580 × 410 × 70 mm (23 × 16 × 2.8 in.) Khối lượng 17 kg (37.5 lb) Phụ tùng thay thế TMBS 150E Mô tả Ký hiệu Trục bơm Thủy lực, 100 kN TMHS 100 Advanced hydraulic spindle, 100 kN, spindle only TMHS 100-1 Set of extension pieces for the hydraulic spindle, nose piece TMHS 8T Dâm ngang TMBS 100E-1 Thanh chính, Đai ốc, đệm (bộ) TMBS 100E-2 Thanh kéo dài 125 mm/4.9 in (2pcs) TMBS 100E-3 Thanh kéo dài 285 mm/11.2 in (4pcs) TMBS 100E-4 Separator (complete) TMBS 100E-5","[]","23825000","in_stock","vongbicongnghiep.vn-wc-store-api-category-search-skf","2026-04-29T13:56:35.840Z"
"33297","SKF","TMBP 20E-SKF","TMBP 20E-SKF","TMBP20ESKF","Cảo SKF TMBP 20E","Cảo vòng bi","Cảo vòng bi","11378","cao-vong-bi","https://vongbicongnghiep.vn/san-pham/bo-cao-kin-vong-bi-skf-tmbp-20e/","https://vongbicongnghiep.vn/wp-content/uploads/2022/05/0901d1968092626d-MEC0059V_NG-TMBP-1x1-BgWhite_tcm_12-499854.png","[""https://vongbicongnghiep.vn/wp-content/uploads/2022/05/0901d1968092626d-MEC0059V_NG-TMBP-1x1-BgWhite_tcm_12-499854.png""]","Bộ cảo kín vòng bi SKF TMBP 20E Tháo ổ trục mà không cần tháo dỡ máy móc TMBP 20E là một bộ kéo loại bộ chuyển đổi để tháo ổ bi rãnh sâu trong vỏ mù (nghĩa là khi không thể tiếp cận ổ bi qua vòng ngoài hoặc qua lỗ) với kích thước trục từ 30 mm đến 160 mm (1,18 in và 6,3 trong). Việc sử dụng các thanh mở rộng cho phép tầm với dài lên đến 583 mm (23 in).","Bộ cảo kín vòng bi SKF TMBP 20E Tháo ổ trục mà không cần tháo dỡ máy móc TMBP 20E là một bộ kéo loại bộ chuyển đổi để tháo ổ bi rãnh sâu trong vỏ mù (nghĩa là khi không thể tiếp cận ổ bi qua vòng ngoài hoặc qua lỗ) với kích thước trục từ 30 mm đến 160 mm (1,18 in và 6,3 trong). Việc sử dụng các thanh mở rộng cho phép tầm với dài lên đến 583 mm (23 in). • Cho phép cảo nhiều loại vòng bi cầu rãnh sâu • Bộ điều hợp bóng được thiết kế để có tuổi thọ lâu dài • Các thanh mở rộng cho phép tầm với lên đến 583 mm (23 in.) • Chức năng dừng spanner trên trục xoay để xử lý dễ dàng và an toàn • Phần mũi tự khóa giúp giảm thiểu hư hỏng cho trục và cải thiện độ ổn định của bộ kéo • Được cung cấp trong một hộp đựng chắc chắn Cảo vòng bi khỏi ổ kín Cảo TMBP 20E để trong hộp đựng Tài liệu liên quan Thông số kỹ thuật của cảo vòng bi TMBP 20E (355.7 KB) Hướng dẫn sử dụng cảo vòng bi TMBP 20E (899.2 KB)","[]","20082000","out_of_stock","vongbicongnghiep.vn-wc-store-api-category-search-skf","2026-04-29T13:56:35.840Z"
"33237","SKF","TMHS 75-SKF","TMHS 75-SKF","TMHS75SKF","Cảo SKF TMHS 75","Cảo vòng bi","Cảo vòng bi","11378","cao-vong-bi","https://vongbicongnghiep.vn/san-pham/bom-thuy-luc-cho-cao-vong-bi-tmhs-75-va-tmhs-100/","https://vongbicongnghiep.vn/wp-content/uploads/2022/05/tmhs1.jpg","[""https://vongbicongnghiep.vn/wp-content/uploads/2022/05/tmhs1.jpg""]","Bơm Thủy lực cho cảo vòng bi TMHS 75 và TMHS 100 Tạo lực rút dễ dàng Trục trục thủy lực nâng cao của SKF TMHS 75 và TMHS 100 tạo ra lực kéo cao với rất ít nỗ lực so với trục cơ khí tiêu chuẩn. Chúng làm giảm đáng kể thời gian cần thiết để tháo một ổ trục hoặc các bộ phận khác. Các trục chính được trang bị bơm thủy lực tích hợp để tạo lực. Lực kéo tối đa được giới hạn bởi các van an toàn đặc biệt và dầu thủy lực sẽ vẫn còn bên trong máy bơm.","Bơm Thủy lực cho cảo vòng bi TMHS 75 và TMHS 100 Tạo lực rút dễ dàng Trục trục thủy lực nâng cao của SKF TMHS 75 và TMHS 100 tạo ra lực kéo cao với rất ít nỗ lực so với trục cơ khí tiêu chuẩn. Chúng làm giảm đáng kể thời gian cần thiết để tháo một ổ trục hoặc các bộ phận khác. Các trục chính được trang bị bơm thủy lực tích hợp để tạo lực. Lực kéo tối đa được giới hạn bởi các van an toàn đặc biệt và dầu thủy lực sẽ vẫn còn bên trong máy bơm. Xi lanh thủy lực tích hợp, bơm và trục chính – không cần bơm riêng Van an toàn giúp ngăn quá tải trục chính và bộ kéo trong trường hợp tác dụng lực quá mức Điểm trung tâm được nạp lò xo trong mũi khoan cho phép dễ dàng định tâm bộ kéo trên trục mà không làm hỏng điểm tâm trục Cần tay với tay nắm công thái học có thể xoay 360 ° Pít-tông được làm cứng và mạ crom với chức năng hồi vị lò xo Các miếng mở rộng bao gồm cho phép dễ dàng điều chỉnh cho chiều dài kéo cần thiết TMHS 75 • TMHS 75 có lực rút tối đa 75 kN (8,4 tấn (Mỹ)) và chiều dài hành trình dài 75 mm (3,0 in), cho phép tháo lắp trong một thao tác • Thích hợp để sử dụng với bất kỳ bộ kéo nào được trang bị ren UN 1¼ “× 12 tpi có thể được sử dụng với lực tối đa 75 kN (8,4 tấn (Mỹ)) • Được cung cấp với miếng mở rộng 50 (2,0 in) và 100 mm (3,9 in) TMHS 100 • TMHS 100 có lực rút tối đa 100 kN (11,2 tấn (Mỹ)) và hành trình dài 80 mm (3,1 in), cho phép tháo lắp trong một thao tác • Thích hợp để sử dụng với bất kỳ bộ kéo nào được trang bị ren UN 1½ “× 16 tpi có thể được sử dụng với lực tối đa 100 kN (11,2 tấn (Mỹ)) • Được cung cấp với miếng mở rộng 50 (2,0 in), 100 mm (3,9 in) và 150 mm (5,9 in) TMHS 75 TMHS 75 Tài liệu liên quan Thông số Kỹ thuật sản phẩm TMHS 75, TMHS 100 (436.8 KB) Hướng dẫn sử dụng TMHS 75 (1.1 MB) Hướng dẫn sử dụng TMHS 100 (3.0 MB) Thông số Kỹ thuật Designation TMHS 75 TMHS 100 Contents 1 × hydraulic spindle 1 × hydraulic spindle 2 × extension pieces; 50 and 100 mm (2.0 and 3.9 in.) 3 × extension pieces; 50, 100 and 150 mm (2.0, 3.9 and 5.9 in.) 1 × nosepiece 1 × nosepiece Maximum withdrawal force 75 kN (8,4 ton US) 100 kN (11.2 ton US) Piston stroke 75 mm (3.0 in.) 80 mm (3.1 in.) Body thread UN 11/4 × 12 UN 11/2 × 16 Nose piece diameter 35 mm (1.4 in.) 30 mm (1.2 in.) Maximum reach 229 mm (9.0 in.) 390 mm (15.4 in.) Weight 2,7 kg (6.0 lb) 4,5 kg (10.0 lb)","[]","13103000","out_of_stock","vongbicongnghiep.vn-wc-store-api-category-search-skf","2026-04-29T13:56:35.840Z"
"32860","SKF","TMFT 36-SKF","TMFT 36-SKF","TMFT36SKF","Bộ đóng vòng bi SKF TMFT 36","Cảo vòng bi","Cảo vòng bi","11378","cao-vong-bi","https://vongbicongnghiep.vn/san-pham/dung-cu-dong-vong-bi-tmft-36/","https://vongbicongnghiep.vn/wp-content/uploads/2022/04/tmft36.jpg","[""https://vongbicongnghiep.vn/wp-content/uploads/2022/04/tmft36.jpg""]","Bộ đóng vòng bi SKF TMFT 36 Giúp ngăn ngừa hỏng vòng bi sớm Sự ăn khớp kém, thường sử dụng lực thô bạo, chiếm 16% các trường hợp hỏng vòng bi sớm. Bộ công cụ lắp vòng bi SKF được thiết kế để lắp vòng bi nhanh chóng và chính xác, đồng thời giảm thiểu nguy cơ hư hỏng vòng bi.","Bộ đóng vòng bi SKF TMFT 36 Giúp ngăn ngừa hỏng vòng bi sớm Sự ăn khớp kém, thường sử dụng lực thô bạo, chiếm 16% các trường hợp hỏng vòng bi sớm. Bộ công cụ lắp vòng bi SKF được thiết kế để lắp vòng bi nhanh chóng và chính xác, đồng thời giảm thiểu nguy cơ hư hỏng vòng bi. Sự kết hợp phù hợp giữa vòng va chạm và ống bọc cho phép truyền lực hiệu quả đến vòng chịu lực với sự phù hợp giao thoa, giảm thiểu nguy cơ làm hỏng rãnh hoặc các phần tử lăn của vòng bi. Ngoài việc gắn các ổ trục, TMFT 36 cũng thích hợp để gắn các thành phần khác như ống lót, phớt và puly. Bộ sản phẩm có 36 vòng va đập, 3 tay áo va đập và một chiếc búa chết được đóng gói trong một hộp đựng nhẹ. • TMFT 36 tạo điều kiện thuận lợi cho việc lắp các vòng bi khác nhau có đường kính lỗ từ 10–55 mm • Tạo điều kiện cho việc lắp chính xác trên trục, vỏ và các ứng dụng kín. • Đường kính của vòng tác động phù hợp chính xác với đường kính bên trong và bên ngoài của ổ trục. • Đường kính nhỏ của vùng va đập trên đầu ống bọc cho phép truyền và phân phối lực gắn một cách hiệu quả • Vòng chống va đập và tay áo được làm bằng vật liệu chống va đập cao để kéo dài tuổi thọ • Các vòng tác động được đánh dấu để nhận dạng rõ ràng về kích thước của vòng và dễ dàng lựa chọn phù hợp với vòng bi. • Hai đầu bua bằng nhựa giúp tránh làm hỏng các bộ phận khi đóng. • Tay cầm bằng cao su của búa cung cấp độ bám tuyệt vời. Thông số Kỹ thuật Ký hiệu; TMFT 36 Các vòng đóng vòng bi; Đường kính trong; 10–55 mm (0.39–2.17 in.) Đường kính ngoài; 26–120 mm (1.02–4.72 in.) Ống lót; Chiều dài trục lớn nhất; Ống lót loại A: 220 mm (8.7 in.) Ống lót loại B: 220 mm (8.7 in.) Ống lót loại C: 225 mm (8.9 in.) Búa; TMFT 36-H, trọng lượng 0,9 kg (2.0 lb) Kích thước hộp đựng; 530 × 110 × 360 mm (20.9 × 4.3 × 14.2 in.) Số lượng các vòng; 36 Số lượng ống lót; 3 Trọng lượng (bao gồm cả hộp đựng); 4,4 kg (9.7 lb) Video các phương pháp Lắp và tháo vòng bi cầu rãnh sâu SKF Video mở hộp sản phẩm Bộ dụng cụ đóng vòng bi TMFT 36","[]","15543000","out_of_stock","vongbicongnghiep.vn-wc-store-api-category-search-skf","2026-04-29T13:56:35.840Z"
"32459","SKF","","o SKF TMIP","OSKFTMIP","Cảo SKF TMIP và TMIC","Cảo vòng bi","Cảo vòng bi","11378","cao-vong-bi","https://vongbicongnghiep.vn/san-pham/bo-cao-trong-vong-bi-skf-tmip-va-tmic/","https://vongbicongnghiep.vn/wp-content/uploads/2021/12/caotrong1.jpg","[""https://vongbicongnghiep.vn/wp-content/uploads/2021/12/caotrong1.jpg""]","Tháo vòng bi nhanh chóng và dễ dàng khỏi ổ kín Bộ dụng cụ tháo vòng bi ổ kín SKF được thiết kế để tháo ổ trục ra khỏi vỏ. Các tay cảo được chế tạo để có độ bền và độ bền tối ưu và phù hợp với nhiều loại đường kính lỗ khoan. Búa trượt cho phép tác dụng lực va đập cao và được thiết kế tiện lợi để nâng cao độ an toàn cho người sử dụng.","Bộ dụng cụ tháo vòng bi ổ kín TMIP và TMIC Tháo vòng bi nhanh chóng và dễ dàng khỏi ổ kín Bộ dụng cụ tháo vòng bi ổ kín SKF được thiết kế để tháo ổ trục ra khỏi vỏ. Các tay cảo được chế tạo để có độ bền và độ bền tối ưu và phù hợp với nhiều loại đường kính lỗ khoan. Búa trượt cho phép tác dụng lực va đập cao và được thiết kế tiện lợi để nâng cao độ an toàn cho người sử dụng. Dải sản phẩm TMIC • Thiết kế ống kẹp có thể mở rộng được làm bằng vật liệu có độ bền cao • Được thiết kế cho các ứng dụng chỉ có một khoảng không gian hạn chế để kẹp phía sau ổ trục • Bộ đồ có lỗ khoan từ 7-28 mm • Được cung cấp trong một hộp đựng chắc chắn Dải sản phẩm TMIP • Thiết kế đặc biệt có thể giảm thời gian tháo lắp • Không giống như hầu hết các bộ kéo ổ trục bên trong, bộ chiết lò xo có thể được lắp nhanh chóng và dễ dàng vào vòng bên trong chỉ bằng một thao tác nhanh chóng. • Thiết kế dạng kẹp tạo độ bám chắc chắn và an toàn phía sau vòng trong, cho phép tác dụng lực kéo lớn • Ba bộ dụng cụ khác nhau để phù hợp với các lỗ khoan từ 7-28 mm, 30-60 mm và 7-60 mm • Được cung cấp trong một hộp đựng chắc chắn Video sản phẩm tháo vòng bi ổ kín SKF Dòng TMIP và TMIC – Tháo ổ trục nhanh chóng và dễ dàng khỏi vỏ Búa trượt cho phép lực tác động lớn Tài liệu liên quan Catalog sản phẩm TMIP và TMIC (342.4 KB) Hướng dẫn sử dụng TMIC 7-28 (717.6 KB) Hướng dẫn sử dụng TMIP series (1.5 MB)","[]","0","in_stock","vongbicongnghiep.vn-wc-store-api-category-search-skf","2026-04-29T13:56:35.841Z"
"30172","SKF","TMMP 6-SKF","TMMP 6-SKF","TMMP6SKF","Cảo SKF TMMP 6","Cảo vòng bi","Cảo vòng bi","11378","cao-vong-bi","https://vongbicongnghiep.vn/san-pham/cao-co-skf-tmmp-6-tmmp-10-tmmp-15/","https://vongbicongnghiep.vn/wp-content/uploads/2021/11/cao-tmmp.jpg","[""https://vongbicongnghiep.vn/wp-content/uploads/2021/11/cao-tmmp.jpg""]","Cảo cơ TMMP 6, tháo vòng bi hạng nặng Một trong những cách phổ biến nhất để tháo các vòng bi cỡ nhỏ đến trung bình là sử dụng một bộ kéo cơ học cơ bản. Sử dụng bộ kéo SKF giúp bảo vệ chống hư hỏng vòng bi hoặc ổ đỡ vòng bi trong quá trình tháo vòng bi. Bộ SKF Jaw cho phép vận hành bộ kéo dễ dàng và an toàn.","Cảo cơ TMMP 6 tháo vòng bi hạng nặng Một trong những cách phổ biến nhất để tháo các vòng bi cỡ nhỏ đến trung bình là sử dụng một bộ kéo cơ học cơ bản. Sử dụng bộ kéo SKF giúp bảo vệ chống hư hỏng vòng bi hoặc ổ đỡ vòng bi trong quá trình tháo vòng bi. Bộ SKF Jaw cho phép vận hành bộ kéo dễ dàng và an toàn. Thông số kỹ thuật Ký hiệu loại cảo TMMP 6 Độ mở của cảo 50–127 mm (2.0–5.0 in.) Chiều dài tay cảo 120 mm (4.7 in.) Chiều dài của móc cảo 15 mm (0.59 in.) Lực cảo lớn nhất 60 kN (6.7 US ton) Trọng lượng 4,0 kg (8.8 lb) Tùy chọn chiều dài cánh tay cảo đi kèm TMMP ..-1 TMMP ..-2 220 mm (8.6 in.) TMMP ..-3 370 mm (14.5 in.) TMMP ..-4 470 mm (18.5 in.) Video các phương pháp Lắp và tháo vòng bi cầu rãnh sâu SKF","[]","18775000","out_of_stock","vongbicongnghiep.vn-wc-store-api-category-search-skf","2026-04-29T13:56:35.841Z"
"30170","SKF","TMHP 50/570-SKF","TMHP 50/570-SKF","TMHP50570SKF","Cảo SKF TMHP 50/570","Cảo vòng bi","Cảo vòng bi","11378","cao-vong-bi","https://vongbicongnghiep.vn/san-pham/cao-vong-bi-thuy-luc-skf-tmhp/","https://vongbicongnghiep.vn/wp-content/uploads/2021/11/tmhp-2.jpg","[""https://vongbicongnghiep.vn/wp-content/uploads/2021/11/tmhp-2.jpg"",""https://vongbicongnghiep.vn/wp-content/uploads/2021/11/tmhp-2.jpg""]","Cảo vòng bi thủy lực hạng nặng TMHP Hệ thống cảo thủy lực tự định tâm • Các tay cảo được hỗ trợ bởi hệ thống thủy lực gồm SKF TMHP 15, TMHP 30 và TMHP 50 cung cấp lực kéo mạnh mẽ và sự an toàn của bộ kéo. Hệ thống cảo thủy lực tự định tâm.","Cảo vòng bi thủy lực hạng nặng TMHP Hệ thống cảo thủy lực tự định tâm • Các tay cảo được hỗ trợ bởi hệ thống thủy lực gồm SKF TMHP 15, TMHP 30 và TMHP 50 cung cấp lực kéo mạnh mẽ và sự an toàn của bộ kéo. Hệ thống cảo thủy lực tự định tâm. • Hệ thống tay cảo được hỗ trợ bởi hệ thống kéo thủy lực với lực kéo tối đa là 15, 30, 50 tấn. • Hệ thống Pantograph để căn chỉnh tối ưu các lực rút và giảm thiểu nguy cơ làm hỏng trục hoặc vòng bi. • Lực kéo của cảo rất lớn được triển khai một cách dễ dàng (tự định tâm, tay cầm nâng, chốt mắt, v.v.) • Có thể được cung cấp cùng với hoặc không có bơm thủy lực SKF TMJL 100 Thông số kỹ thuật Ký hiệu Số tay cảo Độ mở của cảo Chiều dài tay cảo sử dụng Stroke Áp suất làm việc lớn nhất Lực kéo lớn nhất Khối lượng Số lượng mm mm mm MPa KN kg TMHP 15/260 3 195-386 264 100 80 150 34 TMHP 30/170 3 290-500 170 50 80 300 45 TMHP 30/350 3 290-500 350 50 80 300 47 TMHP 30/600 3 290-500 600 50 80 300 56 TMHP 50/140 3 310-506 140 40 80 500 47 TMHP 50/320 3 310-506 320 40 80 500 54 TMHP 50/570 3 310-506 570 40 80 500 56 Nếu khách hàng đặt bộ cảo mà không cần bơm thủy lực TMJL 100. Vui lòng thêm hậu tố “X” vào ký hiệu khi đặt hàng (ví dụ: TMHP 30/170X).","[]","280942000","out_of_stock","vongbicongnghiep.vn-wc-store-api-category-search-skf","2026-04-29T13:56:35.841Z"
"30167","SKF","TMMA 60-SKF","TMMA 60-SKF","TMMA60SKF","Cảo SKF TMMA 60","Cảo vòng bi","Cảo vòng bi","11378","cao-vong-bi","https://vongbicongnghiep.vn/san-pham/cao-vong-bi-skf-tmma-60-tmma-80-tmma-120/","https://vongbicongnghiep.vn/wp-content/uploads/2021/11/tmma1.jpg","[""https://vongbicongnghiep.vn/wp-content/uploads/2021/11/tmma1.jpg"",""https://vongbicongnghiep.vn/wp-content/uploads/2021/11/tmma3.jpg""]","Cảo cơ khí TMMA dùng để tháo vòng bi Tháo vòng bi an toàn và đơn giản Được trang bị cánh tay vận hành bằng lò xo và thiết kế chắc chắn, SKF EasyPull là một trong những công cụ thân thiện và an toàn nhất trên thị trường. Các tay cảo vận hành bằng lò xo cho phép người dùng định vị bộ kéo phía sau bộ phận chỉ bằng một chuyển động.","Cảo cơ khí TMMA 60 dùng để tháo vòng bi Tháo vòng bi an toàn và đơn giản Được trang bị cánh tay vận hành bằng lò xo và thiết kế chắc chắn, SKF EasyPull là một trong những công cụ thân thiện và an toàn nhất trên thị trường. Các tay cảo vận hành bằng lò xo cho phép người dùng định vị bộ kéo phía sau bộ phận chỉ bằng một chuyển động. • Thiết kế chắc chắn cho phép tháo gỡ các thành phần ngay cả trong ứng dụng chật hẹp nhất một cách an toàn • Cơ chế mở vòng đỏ độc đáo hoạt động bằng lò xo cho phép EasyPull được đặt phía sau linh kiện chỉ bằng một cử động của bàn tay • Tay kéo tự khóa giúp ngăn ngừa nguy cơ bộ kéo trượt khi chịu tải • Hai đầu lục giác cho phép áp dụng lực rút dễ dàng hơn • Khả năng tự định tâm và mũi khoan giúp tránh hư hỏng trục • Sử dụng hiệu quả thời gian do tháo lắp nhanh chóng • Với kích cỡ với lực rút 60 kN, cho phép lựa chọn dễ dàng • Được cung cấp với một ống mỡ trục chính của bộ kéo (LGEV 2) Video hướng dẫn sử dụng cảo TMMA EasyPull Cảo cơ TMMA – Tháo vòng bi an toàn và đơn giản Sản phẩm liên quan Catalog sản phẩm TMMA Hướng dẫn sử dụng cảo TMMA 60 Hướng dẫn sử dụng cảo TMMA 80 Hướng dẫn sử dụng cảo TMMA 120 Thông số Kỹ thuật cảo TMMA 60 Thông tin chung Độ mở của cảo nhỏ nhất 36 mm (1.4 in.) Độ mở rộng của tay cảo tối đa 150 mm (5.9 in.) Độ dài làm việc của tay cảo 150 mm (5.9 in.) Lực cảo lớn nhất 60 kN (6.7 ton US) Khối lượng 4,0 kg (8.8 lb) Kích thước Claw Chiều cao 7,5 mm (0.30 in.) Chiều dài 15 mm (0.6 in.) Chiều rộng 20 mm (0.8 in.) Các bộ phận sinh lực Hình lục giác trên bộ kéo hoặc bộ chuyển đổi 27 mm Lục giác trên trục cơ khí 17 mm Momen cảo lớn nhất 105 Nm (75 lbf ft) Diameter nose piece 24 mm (0.9 in.) Bộ chuyển đổi: có thể nâng cấp lên phiên bản thủy lực Không","[]","10440000","out_of_stock","vongbicongnghiep.vn-wc-store-api-category-search-skf","2026-04-29T13:56:35.841Z"
"30163","SKF","TMMA 75H/SET-SKF","TMMA 75H/SET-SKF","TMMA75HSETSKF","Cảo SKF TMMA 75H/SET","Cảo vòng bi","Cảo vòng bi","11378","cao-vong-bi","https://vongbicongnghiep.vn/san-pham/cao-vong-bi-skf-tmma-75h-set-tmma-100h-set/","https://vongbicongnghiep.vn/wp-content/uploads/2021/11/tmmah1.jpg","[""https://vongbicongnghiep.vn/wp-content/uploads/2021/11/tmmah1.jpg"",""https://vongbicongnghiep.vn/wp-content/uploads/2021/11/tmmah2.jpg"",""https://vongbicongnghiep.vn/wp-content/uploads/2021/11/tmmah3.jpg""]","Bộ cảo Thủy lực EasyPull Một giải pháp tháo vòng bi hoàn chỉnh Được trang bị cánh tay vận hành bằng lò xo và thiết kế chắc chắn, SKF EasyPull là một trong những công cụ thân thiện và an toàn nhất trên thị trường. Được thiết kế công thái học, các cánh tay vận hành bằng lò xo cho phép người dùng định vị bộ kéo phía sau bộ phận chỉ bằng một chuyển động.","Bộ cảo Thủy lực EasyPull Một giải pháp tháo vòng bi hoàn chỉnh Được trang bị cánh tay vận hành bằng lò xo và thiết kế chắc chắn, SKF EasyPull là một trong những công cụ thân thiện và an toàn nhất trên thị trường. Được thiết kế công thái học, các cánh tay vận hành bằng lò xo cho phép người dùng định vị bộ kéo phía sau bộ phận chỉ bằng một chuyển động. • Mỗi bộ bao gồm một SKF EasyPull được hỗ trợ thủy lực cùng với tấm kéo ba phần, dòng TMMS và một tấm bảo vệ bộ kéo tạo điều kiện tháo dỡ dễ dàng, an toàn và hầu như không bị hư hỏng • Đặc biệt thích hợp để tháo vòng bi cầu và vòng bi CARB, và các thành phần khác như ròng rọc và bánh đà • Một tấm chăn bảo vệ bộ kéo, dòng TMMX, được làm bằng vật liệu trong suốt chắc chắn cho phép người dùng theo dõi trực quan quy trình tháo dỡ. Trong khi tháo dỡ, tấm chăn giúp bảo vệ khỏi các mảnh vỡ của vòng bi hoặc các bộ phận khác bay ra, do đó nâng cao sự an toàn cho người sử dụng • Một hộp lưu trữ được làm theo yêu cầu chắc chắn có chỗ cho tất cả các bộ phận Video minh họa sử dụng cảo thủy lực TMMA Cảo thủy lực dòng TMMA – Giải pháp tháo vòng bi hoàn hảo Bộ cảo TMMA 75H SET Bộ cảo TMMA 100H SET Tài liệu liên quan Catalog sản phẩm cảo dải TMMA Hướng dẫn sử dụng cảo TMMA 75H SET Hướng dẫn sử dụng cảo TMMA 100H SET Thông số Kỹ thuật Ký hiệu TMMA 75H/SET TMMA 100H/SET Cảo thủy lực TMMA 75H TMMA 100H Đĩa cảo TMMS 100 TMMS 160 Chiều rộng mở cảo nhỏ nhất 26 mm (1.0 in.) 50 mm (2.0 in.) Chiều rộng mở cảo lớn nhất 100 mm (3.9 in.) 160 mm (6.3 in.) Trọng lượng 2,6 kg (5.7 lb) 5,9 kg (13.0 lb) Túi bảo vệ cảo TMMX 280 TMMX 350 Đường kính đĩa lớn nhất 280 mm (11 in.) 350 mm (14 in.) Chiều dài 970 mm (38 in.) 1200 mm (47 in.) Chiều rộng 480 mm (19 in.) 580 mm (23 in.) Trọng lượng 0,5 kg (1.2 lb) 0,6 kg (1.4 lb) Hộp đựng TMMA 75H/SET-1 TMMA 8E-1 Chiều dài 610 mm (24 in.) 680 mm (27 in.) Chiều rộng 260 mm (10 in.) 320 mm (13 in.) Cao 260 mm (10 in.) 270 mm (11 in.) Trọng lượng 5,0 kg (11.0 lb) 12,0 kg (26.5 lb) Tổng trọng lượng ( gồm vỏ hộp) 15,0 kg (33.1 lb) 31,6 kg (70 lb) Danh sách Cảo Ký hiệu Mô tả TMMA 75H/SET TMMA 75H Cảo thủy lực 7,5 tấn TMMS 100 Đĩa cảo 3 mảnh TMMX 280 Túi bảo vệ cảo Hộp đựng TMMA 100H/SET TMMA 100H Cảo thủy lực 10 tấn TMMS 160 Đĩa cảo 3 miếng TMMX 350 Túi bảo vệ cảo Hộp đựng Phụ kiện cảo TMMA 75H/SET và TMMA 100H/SET Cảo Ký hiệu Mô tả TMMA 75H/SET TMMS 50 Đĩa cảo ba miếng TMMA 100H/SET TMMS 50 / TMMS 100 Đĩa cảo ba miếng Phụ kiện cho cảo TMMA 75H/SET và TMMA 100H/SET Tên cảo Ký hiệu Mô tả TMMA 75H/SET TMMA 75H-1 Tay cảo TMMA 75H/80-3 Cơ cấu mở cảo TMHS 5T Bộ phận mở rộng thủy lực TMHS 75 Trục thủy lực TMMA 100H/SET TMMA 100H-1 Tay cảo TMMA 100H/12-3 Cơ cấu mở cảo TMHS 8T Bộ phận mở rộng thủy lực TMHS 100 Trục thủy lực TMHS 100-1 Hydraulic spindle, 100 kN, spindle only","[]","28103000","out_of_stock","vongbicongnghiep.vn-wc-store-api-category-search-skf","2026-04-29T13:56:35.842Z"
"30159","SKF","TMMK 10-35-SKF","TMMK 10-35-SKF","TMMK1035SKF","Cảo SKF TMMK 10-35","Cảo vòng bi","Cảo vòng bi","11378","cao-vong-bi","https://vongbicongnghiep.vn/san-pham/bo-cao-thao-lap-vong-bi-combo-kits-tmmk/","https://vongbicongnghiep.vn/wp-content/uploads/2021/11/combokit1.jpg","[""https://vongbicongnghiep.vn/wp-content/uploads/2021/11/combokit1.jpg"",""https://vongbicongnghiep.vn/wp-content/uploads/2021/11/combokit5.jpg"",""https://vongbicongnghiep.vn/wp-content/uploads/2021/11/combokit4.jpg""]","TMMK Bộ dụng cụ đa năng để lắp và tháo vòng bi nhanh chóng và dễ dàng Bộ dụng cụ SKF TMMK được thiết kế để lắp và tháo vòng bi nhanh chóng và chính xác các vòng bi rãnh sâu từ trục, và năm trong gối kín","TMMK Bộ dụng cụ đa năng để lắp và tháo vòng bi nhanh chóng và dễ dàng Bộ dụng cụ SKF TMMK được thiết kế để lắp và tháo vòng bi nhanh chóng và chính xác các vòng bi rãnh sâu từ trục, và năm trong gối kín . TMMK 10-35 phù hợp với vòng bi có đường kính lỗ từ 10 đến 35 mm, trong khi TMMK 20-50 phù hợp với vòng bi có đường kính lỗ từ 20 đến 50 mm. Để lắp, một công cụ lắp đa năng được bao gồm, thích hợp để lắp các vòng bi cũng như ống lót, vòng đệm, puli đai và các sản phẩm tương tự khác. Các công cụ lắp đa năng cho phép lắp nhiều loại vòng bi và các vật dụng liên quan. Vòng bi rãnh sâu SKF có thể dễ dàng tháo rời khỏi vỏ và gối trục kín, bằng cách sử dụng một bộ kéo ba cánh độc đáo với một búa trượt. • Tất cả các bộ phận được sắp xếp rõ ràng trong hộp để dễ dàng lựa chọn và xác định • Sự kết hợp chính xác giữa vòng va chạm và ống bọc giúp đảm bảo rằng lực lắp không được truyền qua các phần tử lăn của vòng bi, giảm thiểu thiệt hại cho vòng bi do lắp sai • Các vòng va chạm được làm bằng polyamide biến tính có tác động cao. Các ống chống va đập được làm bằng polyamide được gia cố bằng sợi thủy tinh, chịu va đập cao, siêu bền, mạnh và nhẹ • Búa có các mặt bằng nylon và được làm bằng thép chịu lực để có tác động tối đa. Tay cầm, với tay cầm cao su thoải mái để xử lý tốt, hấp thụ sốc và rung động • Các móng cảo được thiết kế đặc biệt để tạo điều kiện khớp chính xác trong rãnh của ổ trục, mang lại độ bám tốt và cho phép áp dụng lực tháo cao hơn • Ký hiệu được khắc laser trên cánh tay cho phép dễ dàng xác định và lựa chọn • Các lò xo được mã hóa theo màu sắc cho phép dễ dàng lựa chọn và kết hợp • Vòng khóa đàn hồi giúp dễ dàng kết nối các tay kéo với trục chính • Trọng lượng trượt nặng của búa trượt tạo ra lực tháo dỡ cao Combi kit – Bộ tháo vòng bi Combi kit – Bộ đóng vòng bi Tài liệu liên quan Catalog bộ tháo lắp vòng bi TMMK Hướng dẫn sử dụng TMMK 10-35 Hướng dẫn sử dụng TMMK 20-50 Thông số Kỹ thuật cảo TMMK 10-35 Ký hiệu TMMK 10–35 Số vòng đệm đóng vòng bi 24 Số lượng ống 2 Đường kính trong của vòng đệm 10–35 mm (0.39–1.38 in.) Đường kính ngoài của vòng đệm 26–80 mm (1.02–3.15 in.) Búa đóng TMFT 36-H Kích thước của hộp đựng 530 × 110 × 360 mm (20.9 × 4.3 × 14.2 in.) Khối lượng 7,6 kg (16.8 lb) Thông số Kỹ thuật cảo TMMK 20-50 Ký hiệu TMMK 20-50 Số vòng đệm đóng vòng bi 21 Số lượng ống 2 Đường kính trong của vòng đệm 20–50 mm (0.79–1.97 in.) Đường kính ngoài của vòng đệm 42–110 mm (1.65–4.33 in.) Búa đóng TMFT 36-H Kích thước của hộp đựng 530 × 110 × 360 mm (20.9 × 4.3 × 14.2 in.) Khối lượng 8,5 kg (18.6 lb) Phụ kiện thay thế Ký hiệu Mô tả TMMD 100-A1 Tay cảo TMMD 100-A2 Tay cảo TMMD 100-A3 Tay cảo TMMD 100-A4 Tay cảo TMMD 100-A5 Tay cảo TMMD 100-A6 Tay cảo TMFT 36 A Ống đóng loại A TMFT 36 B Ống đóng loại B TMFT 36 C Ống đóng loại C TMFT 36 A10-26 Vòng đệm cỡ A10-26 TMFT 36 A10-30 Vòng đệm cỡ A10-30 TMFT 36 A10-35 Vòng đệm cỡ A10-35 TMFT 36 A12-28 Vòng đệm cỡ A12-28 TMFT 36 A12-32 Vòng đệm cỡ A12-32 TMFT 36 A12-37 Vòng đệm cỡ A12-37 TMFT 36 A15-32 Vòng đệm cỡ A15-32 TMFT 36 A15-35 Vòng đệm cỡ A15-35 TMFT 36 A15-42 Vòng đệm cỡ A15-42 TMFT 36 A17-35 Vòng đệm cỡ A17-35 TMFT 36 A17-40 Vòng đệm cỡ A17-40 TMFT 36 A17-47 Vòng đệm cỡ A17-47 TMFT 36 B20-42 Vòng đệm cỡ B20-42 TMFT 36 B20-47 Vòng đệm cỡ B20-47 TMFT 36 B20-52 Vòng đệm cỡ B20-52 TMFT 36 B25-47 Vòng đệm cỡ B25-47 TMFT 36 B25-52 Vòng đệm cỡ B25-52 TMFT 36 B25-62 Vòng đệm cỡ B25-62 TMFT 36 B30-55 Vòng đệm cỡ B30-55 TMFT 36 B30-62 Vòng đệm cỡ B30-62 TMFT 36 B30-72 Vòng đệm cỡ B30-72 TMFT 36 B35-62 Vòng đệm cỡ B35-62 TMFT 36 B35-72 Vòng đệm cỡ B35-72 TMFT 36 B35-80 Vòng đệm cỡ B35-80 TMFT 36 C40-68 Vòng đệm cỡ C40-68 TMFT 36 C40-80 Vòng đệm cỡ C40-80 TMFT 36 C40-90 Vòng đệm cỡ C40-90 TMFT 36 C45-10 Vòng đệm cỡ C40-100 TMFT 36 C45-75 Vòng đệm cỡ C45-75 TMFT 36 C45-85 Vòng đệm cỡ C45-85 TMFT 36 C50-11 Vòng đệm cỡ C50-110 TMFT 36 C50-80 Vòng đệm cỡ C50-80 TMFT 36 C50-90 Vòng đệm cỡ C50-90 TMFT 36-H Búa đóng vòng bi TMMK 10-35-CC Hộp đựng cho TMMK 10-35 TDTC 1/C Hộp đựng không có lớp phủ Sản phẩm liên quan Catalog bộ sản phẩm TMMK Hướng dẫn sử dụng TMMK 10-35 (4.4 MB) Hướng dẫn sử dụng TMMK 20-50 (4.4 MB) Catalog sản phẩm bảo dưỡng và mỡ bôi trơn SKF (20.5 MB) Video mô tả việc đóng tháo vòng bi SKF Phần mềm liên quan Bộ công cụ phần mềm hỗ trợ cho việc lựa chọn ống lót vòng bi và phương pháp lắp Công cụ hướng dẫn tháo và lắp vòng bi Sản phẩm liên quan Bộ đóng vòng bi TMFT 36","[]","34022000","out_of_stock","vongbicongnghiep.vn-wc-store-api-category-search-skf","2026-04-29T13:56:35.842Z"
"30153","SKF","TMMS 380-SKF","TMMS 380-SKF","TMMS380SKF","Cảo đĩa SKF TMMS 380","Cảo vòng bi","Cảo vòng bi","11378","cao-vong-bi","https://vongbicongnghiep.vn/san-pham/dia-cao-vong-bi-tmms/","https://vongbicongnghiep.vn/wp-content/uploads/2021/11/tmms1.jpg","[""https://vongbicongnghiep.vn/wp-content/uploads/2021/11/tmms1.jpg"",""https://vongbicongnghiep.vn/wp-content/uploads/2021/11/tmms2.jpg""]","Đĩa cảo ba mảnh Tháo vòng bi hiệu quả, chính xác • Ba mảnh ghép của cảo dòng TMMS, được thiết kế đặc biệt để sử dụng kết hợp với các bộ kéo ba nhánh. Các tấm ba mảnh bám phía sau vòng trong của vòng bi. Điều này ngăn chặn các lực kéo truyền qua vòng ngoài và các phần tử lăn, giảm thiểu nguy cơ hư hỏng vòng bi. Dòng TMMS bao gồm 5 kích thước khác nhau của tấm kéo ba mặt cắt phù hợp với trục có đường kính tối đa từ 50 đến 380 mm (2 đến 15 in).","Đĩa cảo ba mảnh TMMS 380 Tháo vòng bi hiệu quả, chính xác • Ba mảnh ghép của cảo dòng TMMS, được thiết kế đặc biệt để sử dụng kết hợp với các bộ kéo ba nhánh. Các tấm ba mảnh bám phía sau vòng trong của vòng bi. Điều này ngăn chặn các lực kéo truyền qua vòng ngoài và các phần tử lăn, giảm thiểu nguy cơ hư hỏng vòng bi. Dòng TMMS bao gồm 5 kích thước khác nhau của tấm kéo ba mặt cắt phù hợp với trục có đường kính tối đa từ 50 đến 380 mm (2 đến 15 in). • Thiết kế độc đáo của dòng TMMS cho phép tác dụng lực vào điểm hiệu quả nhất; vòng trong và do đó cần ít lực để tháo ra hơn so với khi kéo vòng ngoài • Tay cầm chắc chắn phía sau vòng trong của ổ trục đảm bảo rằng lực kéo chỉ được truyền qua ca trong vòng bi và không truyền qua vòng ngoài hoặc các phần tử lăn, ngăn ngừa hư hỏng ổ trục • Kết cấu ba phần cho phép phân bổ lực đều, ngăn chặn việc khóa vòng bi và / hoặc nghiêng trên trục, đặc biệt là trong trường hợp vòng bi SRB và CARB®, trong quá trình tháo lắp • Thích hợp để sử dụng kết hợp với bất kỳ bộ kéo ba tay cảo nào • Hình dạng đặc biệt cho phép các tấm có thể dễ dàng lắp vào giữa ổ trục và vai trên trục • Có sẵn trong nhiều loại, bao gồm hầu hết các kích thước trục phổ biến Đĩa cảo ba miếng TMMS 100 được sử dụng với bộ kéo ổ trục TMMA H series Tài liệu liên quan Thông số kỹ thuật của cảo và phụ kiện (436.8 KB) Hướng dẫn sử dụng đĩa cảo TMBS (1.1 MB) Kích thước của đĩa cảo TMMS Ký hiệu d min d max A mm mm mm TMMS 380 140 380 81–142 Sản phẩm liên quan Catalog bộ sản phẩm TMMK Hướng dẫn sử dụng TMMK 10-35 (4.4 MB) Hướng dẫn sử dụng TMMK 20-50 (4.4 MB) Catalog sản phẩm bảo dưỡng và mỡ bôi trơn SKF (20.5 MB) Video mô tả việc đóng tháo vòng bi SKF Phần mềm liên quan Bộ công cụ phần mềm hỗ trợ cho việc lựa chọn ống lót vòng bi và phương pháp lắp Công cụ hướng dẫn tháo và lắp vòng bi Sản phẩm liên quan Bộ đóng vòng bi TMFT 36 Cảo cơ TMMP hạng nặng Bộ cảo thủy lực TMHP 10E Bộ cảo cơ TMMA Bộ cảo Thủy lực TMHP Bộ cảo Thủy lực TMHP hạng nặng","[]","96575000","out_of_stock","vongbicongnghiep.vn-wc-store-api-category-search-skf","2026-04-29T13:56:35.843Z"
"30148","SKF","TMMD 100-SKF","TMMD 100-SKF","TMMD100SKF","Cảo SKF TMMD 100","Cảo vòng bi","Cảo vòng bi","11378","cao-vong-bi","https://vongbicongnghiep.vn/san-pham/bo-cao-trong-skf-tmmd-100/","https://vongbicongnghiep.vn/wp-content/uploads/2021/11/tmmd1.jpg","[""https://vongbicongnghiep.vn/wp-content/uploads/2021/11/tmmd1.jpg"",""https://vongbicongnghiep.vn/wp-content/uploads/2021/11/tmmd3.jpg"",""https://vongbicongnghiep.vn/wp-content/uploads/2021/11/tmmd4.jpg"",""https://vongbicongnghiep.vn/wp-content/uploads/2021/11/tmmd2.jpg""]","Dễ dàng tháo vòng bi nằm trong ổ kín TMMD 100 là bộ cảo kéo phù hợp để sử dụng cho cả vỏ kín và các ứng dụng trục. SKF TMMD 100 phù hợp để tháo lên đến 71 loại vòng bi rãnh sâu SKF khác nhau, với đường kính trục nằm trong khoảng từ 10 đến 100 mm (0,4–3,9 in.). • Các móng cảo được thiết kế để phù hợp chính xác với rãnh của vòng bi, mang lại độ bám tốt, do đó cho phép lực cảo tác động lớn.","Dễ dàng tháo vòng bi nằm trong ổ kín TMMD 100 là bộ cảo kéo phù hợp để sử dụng cho cả vỏ kín và các ứng dụng trục. SKF TMMD 100 phù hợp để tháo lên đến 71 loại vòng bi rãnh sâu SKF khác nhau, với đường kính trục nằm trong khoảng từ 10 đến 100 mm (0,4–3,9 in.). • Các móng cảo được thiết kế để phù hợp chính xác với rãnh của vòng bi, mang lại độ bám tốt, do đó cho phép lực cảo tác động lớn. • Mỗi tay kéo được gắn một lò xo để dễ dàng lắp đặt • Móng vuốt được thiết kế để cho phép dễ dàng đưa vào • Đầu hình lục giác của trục xoay được thiết kế để ngăn cờ lê trượt xuống trục chính trong quá trình tháo lắp • Bộ kéo cũng có thể được sử dụng để tháo các vòng bi bịt kín khỏi vỏ bọc sau khi đã tháo niêm phong • Được cung cấp trong một hộp đựng chắc chắn Thiết kế móng kéo tối ưu hóa Bám chặt rãnh ngoài của vòng bi SKF mà không cần tháo vòng cách vòng bi. Nắp cao su Cho phép gắn các cánh tay vào trục quay một cách dễ dàng và nhanh chóng. Nó cũng ngăn không cho các tay kéo tách ra khỏi trục quay trong quá trình hoạt động. Hộp đồ Được cung cấp trong một hộp đựng chắc chắn","[]","24643000","in_stock","vongbicongnghiep.vn-wc-store-api-category-search-skf","2026-04-29T13:56:35.843Z"
"30145","SKF","TMHP 10E-SKF","TMHP 10E-SKF","TMHP10ESKF","Cảo SKF TMHP 10E","Cảo vòng bi","Cảo vòng bi","11378","cao-vong-bi","https://vongbicongnghiep.vn/san-pham/cao-vong-bi-skf-tmhp-10e/","https://vongbicongnghiep.vn/wp-content/uploads/2021/11/tmhp10e1.jpg","[""https://vongbicongnghiep.vn/wp-content/uploads/2021/11/tmhp10e1.jpg"",""https://vongbicongnghiep.vn/wp-content/uploads/2021/11/tmhp10e2.jpg""]","TMHP 10E: Bộ cảo kéo Thủy lực Dễ dàng tháo vòng bi với lực cảo lên tới 100 KN • Bộ dụng cụ cảo kéo thủy lực SKF TMHP 10E được trang bị trục chính thủy lực, giúp dễ dàng tháo lắp vòng bi lên đến 100 kN (11,2 tấn). Bộ tay kéo đa năng bao gồm ba kích thước tay kéo khác nhau và có thể được lắp ráp thành một tay kéo hai tay hoặc một tay kéo ba tay tùy thuộc vào không gian và nhu cầu của ứng dụng.","TMHP 10E: Bộ cảo kéo Thủy lực Dễ dàng tháo vòng bi với lực cảo lên tới 100 KN • Bộ dụng cụ cảo kéo thủy lực SKF TMHP 10E được trang bị trục chính thủy lực, giúp dễ dàng tháo lắp vòng bi lên đến 100 kN (11,2 tấn). Bộ tay kéo đa năng bao gồm ba kích thước tay kéo khác nhau và có thể được lắp ráp thành một tay kéo hai tay hoặc một tay kéo ba tay tùy thuộc vào không gian và nhu cầu của ứng dụng. • Xếp hạng tải trọng cao 100 kN (11,2 tấn Hoa Kỳ) làm cho cảo phù hợp với nhiều công việc tháo lắp khác nhau • 3 kích cỡ cánh tay khác nhau, với chiều dài cánh tay hiệu dụng tối đa là 200 mm (7,9 in), làm cho TMHP 10E phù hợp để sử dụng trong nhiều ứng dụng • Các cánh tay tự khóa giảm thiểu nguy cơ bộ kéo trượt khỏi ứng dụng khi chịu tải. • Trục chính thủy lực được trang bị van an toàn, giúp giảm thiểu nguy cơ quá tải của bộ kéo bằng cách giới hạn lực tác dụng xuống 100 kN (11,2 tấn Mỹ) • Hành trình dài của trục chính thủy lực, 80 mm (3,1 in), tạo điều kiện tháo lắp trong một thao tác • Các miếng mở rộng của trục chính thủy lực cho phép nhanh chóng thích ứng với chiều dài kéo • Điểm trung tâm được nạp lò xo của trục chính thủy lực cho phép dễ dàng định tâm bộ kéo giảm thiểu nguy cơ hư hỏng trục Ấn phẩm Data sheet sản phẩm TMHP 10E (289.1 KB) Hướng dẫn sử dụng sản phẩm TMHP 10E (3.4 MB) Thông số Kỹ thuật Ký hiệu TMHP 10E Mô tả Bộ cảo kéo cảo thủy lực tiên tiến Danh sách list hàng Bộ bộ gá lắp tay cảo 3 tay cảo dài 115 mm (4.5 in.) 3 tay cảo dài 160 mm (6.3 in.) 3 tay cảo dài 200 mm (7.8 in.) 1 trục bơm thủy lực 3 bộ phận mở rộng cho trục bơm thủy lực; 50, 100, 150 mm (2, 4, 6 in.) Hành trình tối đa 80 mm (3.1 in.) Khối lượng 14,5 kg (32 lb) Vòng đời tối thiểu của xylanh Thủy lực Tối thiểu 5000 lần, lực cảo lên tới 100 kN (11.2 US ton force) Van an toàn cho xylanh Thủy lực 105 kN (11.8 US ton force) Kích thước hộp đựng 578 x 410 x 70 mm (23 x 16 x 2.8 in.) Lực cảo làm việc danh nghĩa 100 kN (11.2 US ton force) Bộ tay cảo 1 (3 x TMHP 10E-10) Chiều dài tay cảo hiệu dụng 115 mm (4.5 in.) Độ mở rộng của tay cảo 75-170 mm (2.9-6.7 in.) Claw height 8 mm (0.3 in.) Bộ tay cảo 2 (3 x TMHP 10E-11) Chiều dài tay cảo hiệu dụng 160 mm (6.3 in.) Độ mở rộng của tay cảo 80-250 mm (3.1-9.8 in.) Claw height 8 mm (0.3 in.) Bộ tay cảo 3 (3 x TMHP 10E-12) Chiều dài tay cảo hiệu dụng 200 mm (7.9 in.) Độ mở rộng của tay cảo 110-280 mm (4.3-11 in.) Claw height 8 mm (0.3 in.) Phụ tùng thay thế Ký hiệu Mô tả TMHS 100 Bơm thủy lực tiên tiến, 100 kN TMHS 100-1 Trục thủy lực tiên tiến, 100 kN, chỉ trục chính TMHS 8T Bộ miếng mở rộng và miếng mũi cho TMHS 100 và 8E TMHP 10E-5 Bốn tay đế có bu lông và đai ốc cho TMHP 10E và TMHC 110E TMHP 10E-10 Cánh tay cho TMHP 10E và TMHC 110E, dài 190 mm TMHP 10E-11 Cánh tay cho TMHP 10E, dài 240 mm TMHP 10E-12 Cánh tay cho TMHP 10E, dài 285 mm","[]","21865000","in_stock","vongbicongnghiep.vn-wc-store-api-category-search-skf","2026-04-29T13:56:35.843Z"
"30141","SKF","TMHC 110E-SKF","TMHC 110E-SKF","TMHC110ESKF","Cảo SKF TMHC 110E","Cảo vòng bi","Cảo vòng bi","11378","cao-vong-bi","https://vongbicongnghiep.vn/san-pham/cao-vong-bi-skf-tmhc-110e/","https://vongbicongnghiep.vn/wp-content/uploads/2021/11/tmhc110e-3.jpg","[""https://vongbicongnghiep.vn/wp-content/uploads/2021/11/tmhc110e-3.jpg"",""https://vongbicongnghiep.vn/wp-content/uploads/2021/11/tmhc110e-1.jpg""]","TMHC 110E : Sự kết hợp mạnh mẽ của cảo thủy lực và bộ đĩa cảo SKF TMHC 110E là một bộ kéo thủy lực, kết hợp giữa bộ cảo kéo và đĩa cảo với sức kéo lên đến 100 kN (11,2 tấn Mỹ). Bộ kéo đa năng tạo điều kiện tháo vòng bi an toàn và dễ dàng trong nhiều ứng dụng khác nhau. • Một bộ cảo kéo đa năng tạo điều kiện tháo vòng bi an toàn và dễ dàng trong nhiều ứng dụng khác nhau • Trục thủy lực tạo điều kiện tháo lắp dễ dàng và nhanh chóng • Tải trọng cảo cao 100 kN (11,2 tấn Mỹ)","TMHC 110E : Sự kết hợp mạnh mẽ của cảo thủy lực và bộ đĩa cảo SKF TMHC 110E là một bộ kéo thủy lực, kết hợp giữa bộ cảo kéo và đĩa cảo với sức kéo lên đến 100 kN (11,2 tấn Mỹ). Bộ kéo đa năng tạo điều kiện tháo vòng bi an toàn và dễ dàng trong nhiều ứng dụng khác nhau. • Một bộ cảo kéo đa năng tạo điều kiện tháo vòng bi an toàn và dễ dàng trong nhiều ứng dụng khác nhau • Trục thủy lực tạo điều kiện tháo lắp dễ dàng và nhanh chóng • Tải trọng cảo cao 100 kN (11,2 tấn Mỹ) • Bộ kéo lưng mạnh mẽ bao gồm hai chiều dài cánh tay khác nhau để đạt được tối đa 120 mm (4,7 in.) • Bộ kéo hàm có thể được lắp ráp thành bộ kéo ba tay hoặc hai tay tùy thuộc vào không gian và nhu cầu của ứng dụng • Tay nắm chắc chắn của bộ đĩa cảo đằng sau vòng trong của ổ trục giúp giảm lực cần thiết để tháo ổ trục • Được cung cấp với các thanh kéo mở rộng để cho phép thích ứng nhanh chóng với độ dài kéo lên đến 245 mm (9,6 in.) • Điểm trung tâm của cảo có lò xo của trục chính thủy lực cho phép dễ dàng định tâm bộ kéo giảm thiểu nguy cơ hư hỏng trục Thông số kỹ thuật Ký hiệu TMHC 110E Mô tả Bộ cảo thủy lực tiên tiến Thông tin chung Bao gồm Một giá đỡ lắp tay cảo 3 tay cảo, set 1 (TMHP10E-9) 3 tay cảo, set 2 (TMHP10E-10) 1 bộ phân tách 1 bộ thanh ngang 2 trục chính chống tâm 2 x thanh mở rộng, 125 mm (4.9 in) 1 bơm thủy lực TMHS 100 2 x mảnh mở rộng cho trục chính thủy lực; 50, 100 mm (2,0, 3,9 in) Hành trình bơm lớn nhất 80 mm (3.1 in) Lực cảo làm việc 100 kN (11.2 US ton force) Trọng lượng 13,5 kg (29.8 lb) Vòng đời của bơm Thủy lực Sử dụng tối thiểu 5000 chu trình bơm với lực cảo 110 KN Trục ren xy lanh thủy lực UN 1½” x 16 tpi Van an toàn cho Xylanh Thủy lực 105 kN (11.8 US ton force) Kích thước hộp 580 x 410 x 70 mm (23 x 16 x 2.8 in) Jaw puller Chiều dài hiệu dụng của tay cảo, bộ tay cảo 1 (TMHP10E-9) 65 mm (2.5 in) Độ mở rộng, Bộ tay cảo 1 50-110 mm (2-4.3 in) Claw height 8 mm (0.3 in) Chiều dài hiệu dụng, Bộ tay cảo 2 (TMHP10E-10) 115 mm (4.5 in) Độ mở của bộ tay cảo 2 75-170 mm (2.9-6.7 in) Claw height 8 mm (0.3 in) Bộ đĩa cảo sau Chiều dài với lớn nhất của tay cảo 250 mm (9.8 in) Dải đường kính cảo đĩa 20 – 100 mm (0.8 – 4 in) Khi lắp bộ cảo 3 chấu Một bộ cảo TMHC 110E đầy đủ","[]","28736000","in_stock","vongbicongnghiep.vn-wc-store-api-category-search-skf","2026-04-29T13:56:35.843Z"