id,brand,sku,code,normalizedCode,name,category,categories,sourceCategoryId,sourceCategoryLabel,url,image,images,shortDescription,description,attributes,price,stockStatus,source,crawledAt
"49463","SKF","TMEH 1-SKF","TMEH 1-SKF","TMEH1SKF","TMEH 1","Thiết bị phân tích","Thiết bị phân tích","101","san-pham-bao-tri","https://vongbicongnghiep.vn/san-pham/tmeh-1/","https://vongbicongnghiep.vn/wp-content/uploads/2024/11/TMEH-1.png","[""https://vongbicongnghiep.vn/wp-content/uploads/2024/11/TMEH-1.png""]","","Thiết bị Phân Tích Dầu SKF TMEH 1 TMEH 1 SKF TMEH 1 là một thiết bị cầm tay tiên tiến, được thiết kế nhằm cung cấp thông tin tức thời về tình trạng dầu trong các hệ thống máy móc. Thiết bị này cho phép người dùng so sánh các chỉ số đo lường từ dầu nhớt đã qua sử dụng với dầu mới cùng loại và thương hiệu. Nhờ vào màn hình hiển thị trực quan, TMEH 1 có khả năng xác định các biến đổi trong tình trạng dầu, từ đó hỗ trợ người dùng trong việc tối ưu hóa chu kỳ thay dầu, phát hiện kịp thời sự gia tăng hao mòn cơ khí cũng như sự suy giảm các đặc tính bôi trơn của dầu. Thiết bị TMEH 1 cung cấp thông tin về những thay đổi trong tình trạng dầu do ảnh hưởng từ các yếu tố như nước, nhiên liệu, kim loại hoặc quá trình oxy hóa. Bằng cách theo dõi các chỉ số này, người dùng có thể đọc số liệu dễ dàng và nắm bắt xu hướng, từ đó đưa ra quyết định chính xác hơn trong việc quản lý và bảo trì máy móc. Một trong những tính năng mạnh mẽ của SKF TMEH 1 là khả năng lưu trữ các dữ liệu hiệu chuẩn của dầu tốt vào bộ nhớ, giúp người dùng dễ dàng so sánh và tham khảo. Với thiết kế thân thiện và tính di động cao, thiết bị này mang lại sự tiện lợi tối đa cho người sử dụng trong các công việc phân tích và bảo trì. SKF TMEH 1 không chỉ là một công cụ phân tích mà còn là một giải pháp toàn diện trong việc duy trì hiệu suất và độ bền cho các thiết bị công nghiệp. Để mua sản phẩm SKF chính hãng, quý khách vui lòng liên hệ TST Việt Nam – Đại lý ủy quyền SKF tại VN TST Việt Nam có: – Tư vấn chuyên môn: Đội ngũ kỹ thuật viên tại TST luôn sẵn sàng lắng nghe và tư vấn những lựa chọn tốt nhất cho khách hàng dựa trên nhu cầu cụ thể. – Chúng tôi cam kết mang đến cho khách hàng những sản phẩm chính hãng và dịch vụ cũng như giá thành tốt nhất. – Định hướng hoạt động của chúng tôi luôn luôn là “Hàng chính hãng – Dịch vụ tin cậy”, mong muốn sẽ là người bạn đồng hành thân thiết của Quý khách hàng. Bên cạnh mỡ bôi trơn, TST Việt Nam còn cung cấp những sản phẩm khác: ổ đũa côn, vòng bi đũa trụ, vòng bi đũa kim, vòng bi tỳ,… Tất cả đều chính hãng của SKF. TST Việt Nam- Đại lý ủy quyền SKF tại VN Hotline: 0988920565 – 024.6269.8688 Địa chỉ: Số 11, ngõ 68 Đường Trung Kính – Cầu Giấy – Hà Nội Website: https://vongbicongnghiep.vn/","[]","29422000","in_stock","vongbicongnghiep.vn-wc-store-api-category-search-skf","2026-04-29T13:56:31.922Z"
"46236","SKF","TMBH 5/230V-SKF","TMBH 5/230V-SKF","TMBH5230VSKF","Máy gia nhiệt vòng bi SKF TMBH 5/230V","SẢN PHẨM BẢO TRÌ","SẢN PHẨM BẢO TRÌ | Máy gia nhiệt vòng bi","101","san-pham-bao-tri","https://vongbicongnghiep.vn/san-pham/may-gia-nhiet-vong-bi-skf-tmbh-5-230v/","https://vongbicongnghiep.vn/wp-content/uploads/2023/10/094ec4ac776e8e45-1.png","[""https://vongbicongnghiep.vn/wp-content/uploads/2023/10/094ec4ac776e8e45-1.png"",""https://vongbicongnghiep.vn/wp-content/uploads/2023/10/094900b5c619405e_png_highpreview_800.png"",""https://vongbicongnghiep.vn/wp-content/uploads/2023/10/094721b60a369016_png_highpreview_800.png""]","","Máy gia nhiệt cảm ứng cầm tay SKF TMBH 5/230V Máy gia nhiệt vòng bi SKF TMBH 5/230V SKF TMBH 5/230V Một giải pháp nhẹ và nhỏ gọn để gia nhiệt vòng bi SKF Máy gia nhiệt cảm ứng di động TMBH 5 của SKF được thiết kế để sử dụng trong bảo trì, để làm nóng vòng bi lăn được gắn lên trục có khớp nhiễu. Nhiệt làm cho ổ trục giãn nở, loại bỏ nhu cầu sử dụng lực trong quá trình lắp đặt. TMBH 5 tạo ra chênh lệch nhiệt độ giữa ổ trục và trục – đủ để cho phép lắp đặt. Nó cũng có thể được sử dụng để làm nóng các thành phần kim loại, hình vòng khác. Cài đặt công suất giảm cho phép các thành phần nhạy cảm được làm nóng chậm hơn TMBH 5 dựa vào kẹp cảm ứng có chứa cuộn dây bên trong. Một dòng điện trong cuộn dây tạo ra từ trường dao động. Điều này gây ra dòng điện trong thành phần, được chuyển đổi thành nhiệt. Bởi vì nhiệt này được tạo ra trong thành phần – chứ không phải kẹp – quá trình này có hiệu quả năng lượng cao Giao diện LED của thiết bị trực quan để sử dụng, cho phép người dùng chọn Chế độ nhiệt độ hoặc Chế độ thời gian. Đèn LED cho biết khi TMBH 5 đang hoạt động – vì nó hầu như không gây ra bất kỳ tiếng ồn nào. Lợi ích của TMBH 5: Tính di động cao, nhỏ gọn và trọng lượng nhẹ Giám sát nhiệt độ tự động Không cần chọn ách riêng cho từng thành phần Sử dụng thiết bị điện tử tần số trung tiên tiến Lựa chọn cài đặt nguồn Bảng điều khiển thân thiện với người dùng Hoạt động im lặng Máy gia nhiệt cảm ứng cầm tay TMBH 5 bao gồm: Máy sưởi cảm ứng di động TMBH 5 Loại K từ tính 600 mm (23,6 in.) đầu dò nhiệt độ TMBH 5-3 Kẹp TMBH 5-4 Giá đỡ vòng bi TMBH 5-5 Găng tay chịu nhiệt TMBA G11 Hướng dẫn vận hành Tính năng TMBH 5: Hoạt động TMBH 5 chạy ở hai chế độ: Chế độ nhiệt độ, trong đó người vận hành chọn nhiệt độ ổ trục mong muốn; và Chế độ thời gian, cho phép làm nóng ổ trục hoặc bộ phận trong một khoảng thời gian xác định Portable Công nghệ tần số trung bình tinh vi và việc sử dụng các vật liệu thích hợp làm cho lò sưởi nhẹ và di động. Một tay cầm tích hợp và túi lưu trữ cho các thiết bị phụ trợ, thêm vào tính di động và tiện lợi của nó. Linh hoạt Ngón tay mỏng của kẹp cảm ứng có nghĩa là người dùng không cần phải chọn một cách khác nhau cho mỗi thành phần. Điều này làm tăng số lượng các thành phần khác nhau có thể được làm nóng – đồng thời giảm số lượng phụ kiện cần thiết. Điều tiết Công suất TMBH 5 có nhiều cài đặt nguồn khác nhau, do đó có thể làm nóng các bộ phận nhạy cảm (chẳng hạn như vòng bi có tấm chắn hoặc chèn kim loại trong phớt chặn) chậm hơn nếu cần Độ ồn Công nghệ tần số trung bình làm nóng các thành phần hoạt động âm thầm. Bởi vì nó rất yên tĩnh, một đèn báo LED là cần thiết, để cho thấy rằng Máy gia nhiệt đang hoạt động. Thông số kỹ thuật Tên gọi: TMBH 5/230V, TMBH 5/120V Ứng dụng Điện áp và tần số TMBH 5/230V: 230 V ±10%, 50/60Hz TMBH 5/120V: 120 V ±10%, 50/60Hz Trọng lượng vòng bi max lên đến 5 kg (11 lb Tiêu thụ hiện tại max TMBH 5/230V: 2A TMBH 5/120V: 4A Đường kính trục vòng bi min 20 mm (0.8 in.) Kiểm soát nhiệt độ 40-200 °C (104-392 °F) Đường kính vòng ngoài vòng bi max 100 mm (4 in.) Kiểm soát 5 seconds – 60 minutes chiều dày vòng bi max 50 mm (2 in.) Khử từ Máy sưởi không từ hóa Công suất tối đa TMBH 5/230V: 350W TMBH 5/120V: 350W Kích thước (w x d x h) 275 x 270 x 180 mm (10.8 x 10.6 x 7.09 in.) Tổng trọng lượng 3 kg (6.6 lb) 1) SKF không khuyến nghị vòng bi sưởi ấm có nắp đậy bằng phớt chặn hoặc tấm chắn trên 80 °C (175 °F). Tuy nhiên, nếu nhiệt độ cao hơn là cần thiết, vui lòng liên hệ với SKF. Máy sưởi được thiết kế cho các hoạt động bảo trì, nơi cho phép làm mát giữa các công việc. 2) Tùy thuộc vào hình dạng của ổ trục, nhiệt độ gia nhiệt tối đa. TMBH 5 TMBH 5 đủ linh hoạt để sử dụng trong nhiều tình huống – bao gồm tại bàn làm việc, trên sàn nhà máy hoặc ngoài hiện trường. Các ứng dụng điển hình bao gồm các công việc bảo trì và dịch vụ trên hộp số, máy bơm, quạt và máy thổi. Nó bao gồm một tay cầm, chỉ nặng 3 kg (6,6 lb) và rất nhỏ gọn. Điều này làm cho nó trở thành một trong những máy sưởi cảm ứng nhỏ nhất, di động nhất trên thị trường. Trọng lượng nhẹ và tay cầm tích hợp làm cho nó có thể di động để sử dụng ở nhiều vị trí khác nhau, trong khi nó có thể dễ dàng được lưu trữ ở nơi bị khóa như cốp xe hoặc nhà kho nhỏ. Máy gia nhiệt có thể xử lý vòng bi có trọng lượng lên đến 5 kg (11 lb), với đường kính lỗ khoan tối thiểu là 20 mm (0,8 in.), tối đa 100 mm (3,9 in.) và chiều rộng tối đa 50 mm (19,7 in.). TMBH 5 kết hợp thêm thiết bị để đảm bảo sưởi ấm an toàn, hiệu quả. Điều này bao gồm: 600 mm (23,6 in.) đầu dò nhiệt độ; kẹp lò sưởi; và găng tay bảo vệ. Tất cả điều này có thể được lưu trữ trong một ngăn bên ngoài, giúp tăng cường hơn nữa tính di động và tiện lợi của thiết bị. Tính năng: Phụ kiện vừa vặn với các ngăn bên tiện lợi Tay cầm giúp tăng tính di động Chỉ nặng 3 kg (6,6 lb) Đủ nhỏ gọn để phù hợp với không gian nhỏ, chẳng hạn như cốp xe Được thiết kế để xử lý vòng bi có trọng lượng lên đến 5 kg (11 lb) Tải tài liệu TMBH 5 Thông tin liên hệ: Hotline: 0988.920.565 – 024.6269.8688 Email: vantao@tstvietnam.vn","[]","36871000","out_of_stock","vongbicongnghiep.vn-wc-store-api-category-search-skf","2026-04-29T13:56:31.923Z"
"42253","SKF","TKBA 21-SKF","TKBA 21-SKF","TKBA21SKF","Thiết bị căn chỉnh Puli dây curoa và đĩa xích bằng Laser SKF TKBA 21","Thiết bị kiểm tra máy","Thiết bị kiểm tra máy | SẢN PHẨM BẢO TRÌ","101","san-pham-bao-tri","https://vongbicongnghiep.vn/san-pham/thiet-bi-can-chinh-puli-day-curoa-va-dia-xich-bang-laser-skf-tkba-21/","https://vongbicongnghiep.vn/wp-content/uploads/2023/07/0947da8366799a2a_png_highpreview_800.png","[""https://vongbicongnghiep.vn/wp-content/uploads/2023/07/0947da8366799a2a_png_highpreview_800.png"",""https://vongbicongnghiep.vn/wp-content/uploads/2023/07/Untitled-3.jpg""]","","Thiết bị căn chỉnh Puli dây curoa và đĩa xích bằng Laser SKF TKBA 21 Thiết bị nâng cao cho phép căn chỉnh puli dây đai và truyền động xích đồng phẳng Công cụ này có hai thành phần: bộ phận phát laser và bộ phận thu. Mỗi cái được gắn nhanh chóng và dễ dàng – sử dụng một nam châm cực mạnh – vào mặt trong hoặc mặt ngoài của dây đai hoặc đĩa xích. TKBA 21 có thể được áp dụng cho hầu hết các máy sử dụng dây đai V, dây đai có dải và dây đai có gân – cũng như những máy có đĩa xích. Một đường tia laser được chiếu từ máy phát đến máy thu – được gắn trên ròng rọc đối diện. Sau đó, công cụ sẽ hiệu chỉnh góc dọc, góc ngang và độ lệch song song – bao gồm cả sự kết hợp của cả ba. Hai bộ phát/thu laser Sử dụng điốt laze đỏ và có thể được sử dụng cho khoảng cách lên tới 3 m (10 ft). Đính kèm nhanh chóng, dễ dàng – sử dụng nam châm cực mạnh Quy trình căn chỉnh đơn giản hóa Điều chỉnh đồng thời độ căng và căn chỉnh Áp dụng cho hầu hết các máy sử dụng đai chữ V, đai đai, đai gân – cũng như nhông xích Thiết bị căn chỉnh Puli dây curoa và đĩa xích bằng Laser SKF TKBA 21 TECHNICAL DATA Designation TKBA 21 Transmitter/receiver units Type of laser Red laser diode Laser 1x Built-in class 2 laser, <1mW, 635nm Laser line length 2.4 m at 2 m (7.9 ft at 6.6 ft) Measurement accuracy angular Better than 0.02° at 2 m (6.6 ft) Measurement accuracy offset Better than 0.5 mm (1/50″ in.) Measurement distance 50 mm to 3 m (2 in to 10 ft) Control Laser ON/OFF Housing material ABS + 2K and Aluminium base powder coat finish Fixtures Mounting Magnetic, side mounted Battery 3 x AAA Alkaline type IEC LR03 Operation time 32h (continuous operation) Operating requirements Operating temperature 0 to 40 °C (32 to 104 °F) Storage temperature – 20 to 60 °C (-4 to 140 °F) Relative humidity 10 to 90% RH non-condensing IP rating IP 40 Dimensions Transmitter/receiver units 98 x 97 x 52 mm(3.86 x 3.82 x 2.05 in.) Carrying case dimensions 360 x 110 x 260 mm (14.2 x 4.3 x 10.2 in.) Weight Transmitter/receiver units 247 g (0.54 lb) with batteries Total (incl. case) 1.725 kg (3.80 lb) Case contents 2 x TKBA 21 transmitter/receiver unit 6 x AAA batteries 1 x Printed Instructions for use Đường linh tải tài liệu Đường link tải hướng dẫn sử dụng Đường link sản phẩm Tải tài liệu TKBA 11 Hướng dẫn sử dụng TKBA 11 Sản phẩm TKBA 11 Tải tài liệu TKBA 21 Hướng dẫn sử dụng TKBA 21 Sản phẩm TKBA 21 Tải tài liệu TKBA 31 Hướng dẫn sử dụng TKBA 31 Sản phẩm TKBA 31 Tải tài liệu TKBA 40 Hướng dẫn sử dụng TKBA 40 Sản phẩm TKBA 40","[]","20937000","out_of_stock","vongbicongnghiep.vn-wc-store-api-category-search-skf","2026-04-29T13:56:31.923Z"
"42232","SKF","TKBA 31-SKF","TKBA 31-SKF","TKBA31SKF","Thiết Bị Căn Chỉnh Puli Và Dây Curoa Bằng Tia Laser TKBA 31","SẢN PHẨM BẢO TRÌ","SẢN PHẨM BẢO TRÌ | Thiết bị phân tích","101","san-pham-bao-tri","https://vongbicongnghiep.vn/san-pham/thiet-bi-can-chinh-puli-va-day-curoa-bang-tia-laser-tkba-31/","https://vongbicongnghiep.vn/wp-content/uploads/2023/06/TKBA-31-02.jpg","[""https://vongbicongnghiep.vn/wp-content/uploads/2023/06/TKBA-31-02.jpg"",""https://vongbicongnghiep.vn/wp-content/uploads/2023/06/TKBA-31-01.jpg"",""https://vongbicongnghiep.vn/wp-content/uploads/2023/06/TKBA-31-02.jpg"",""https://vongbicongnghiep.vn/wp-content/uploads/2023/06/TKBA-31-03.jpg""]","","Thiết Bị Căn Chỉnh Puli Và Dây Curoa Bằng Tia Laser TKBA 31 Thiết Bị Căn Chỉnh TKBA 31 chuyên dùng để căn chỉnh Puli và Đĩa Xích. Thiết bị có hai bộ phận một bộ phát tia laser và một bộ thu nhận. Mỗi thiết bị đều có nam châm với lực hút mạnh nên việc lắp đặt trở nên dễ dàng và tiện lợi, lắp được cả mặt trong mặt ngoài của Puli và Đĩa Xích. TKBA 31 có thể căn chỉnh mọi thiết bị sử dụng Puli, Đĩa Xích, Dây Curoa chữ V, Dây Curoa Răng,… Thiết bị phát ra một đường tia laser đến thiết bị thu lắp trên Puli đối diện sau đó thiết bị sẽ hiệu chỉnh góc ngang, góc dọc và độ lệch song song. Hai bộ thu phát laser Mỗi thiết bị sử dụng tia laser màu xanh lá cây, chiều dài thu nhận có thể lên đến 6m – hoạt động tốt ở điều kiện trời nắng Ba mục tiêu Ba thiết bị đo độ căng của dây Curoa Quy trình căn chỉnh đơn giản hóa Các ứng dụng tiêu biểu Công cụ căn chỉnh dây đai SKF thường được sử dụng trong các nhà máy điện, cơ sở tái chế, nhà máy hóa chất và sản xuất thực phẩm & đồ uống. Truyền động đai được tìm thấy trong nhiều ứng dụng, bao gồm HVAC, lắp đặt máy bơm, nhà máy giấy, nhà máy bột mì, máy tiện, máy phay và băng tải. Ổ đĩa xích thường được sử dụng trong máy móc nông nghiệp, máy nén và trục cam động cơ. Việc căn chỉnh truyền động đai và truyền động xích một cách chính xác giúp giảm mài mòn trên dây đai, ròng rọc, xích và đĩa xích. Cùng với việc kéo dài tuổi thọ của dây đai và ròng rọc, việc căn chỉnh chính xác cũng làm giảm độ rung của máy. Những lợi ích điển hình của điều này bao gồm hiệu suất máy được cải thiện, giảm thời gian ngừng hoạt động đột xuất và giảm chi phí năng lượng. TECHNICAL DATA Designation TKBA 31 Transmitter/receiver units Type of laser Green laser diode Laser 1x Built-in class 2 laser, <1mW, 520nm Laser line length 2.4 m at 2 m (7.9 ft at 6.6 ft) Measurement accuracy angular Better than 0.02° at 2 m (6.6 ft) Measurement accuracy offset Better than 0.5 mm (1/50″ in.) Measurement distance 50 mm to 6 m (2 in to 20 ft) Control Laser ON/OFF Housing material ABS + 2K and Aluminium base powder coat finish Receiver unit (passive targets) Housing material ABS Fixtures Mounting Magnetic, side mounted Battery 3 x AAA Alkaline type IEC LR03 Operation time 6h (continuous operation) Operating requirements Operating temperature 0 to 40 °C (32 to 104 °F) Storage temperature – 20 to 60 °C (-4 to 140 °F) Relative humidity 10 to 90% RH non-condensing IP rating IP 40 Dimensions Transmitter/receiver units 98 x 97 x 52 mm (3.86 x 3.82 x 2.05 in.) Passive targets 40 x 25 mm (1.57 × 0.98 in.) Carrying case dimensions 360 x 110 x 260 mm (14.2 x 4.3 x 10.2 in.) Weight Transmitter/receiver units 247 g (0.54 lb) with batteries Passive targets 0,280 kg (0.62 lb) Total (incl. case) 1.975 kg (4.35 lb) Case contents 2 x TKBA 31 transmitter/receiver units 3 x TKBA TARGET passive targets 6 x AAA batteries 3 x Belt tension testers (15 to 70 kg, 50 to 150 kg and 150 to 300 kg) 1 x Pulley gauge 1 x Printed Instructions for use SPARE PARTS Designation Description TKBA-TARGETS Passive targets (set of 3) PHG PT/C1 008 Belt tension tester (15 to 70 kg) PHG PT/C1 009 Belt tension tester (50 to 150 kg) PHG PT/C1 010 Belt tension tester (150 to 300 kg) PHP PT/C1 006 Pulley gauge TKBA 31-CA Tool case with inlay Đường linh tải tài liệu Đường link tải hướng dẫn sử dụng Đường link sản phẩm Tải tài liệu TKBA 11 Hướng dẫn sử dụng TKBA 11 Sản phẩm TKBA 11 Tải tài liệu TKBA 21 Hướng dẫn sử dụng TKBA 21 Sản phẩm TKBA 21 Tải tài liệu TKBA 31 Hướng dẫn sử dụng TKBA 31 Sản phẩm TKBA 31 Tải tài liệu TKBA 40 Hướng dẫn sử dụng TKBA 40 Sản phẩm TKBA 40","[]","34061000","out_of_stock","vongbicongnghiep.vn-wc-store-api-category-search-skf","2026-04-29T13:56:31.924Z"
"42226","SKF","TKBA 11-SKF","TKBA 11-SKF","TKBA11SKF","Thiết Bị Căn Chỉnh Puli Và Dây Curoa Bằng Laser TKBA 11","SẢN PHẨM NỔI BẬT","SẢN PHẨM NỔI BẬT | SẢN PHẨM BẢO TRÌ | Thiết bị kiểm tra máy","101","san-pham-bao-tri","https://vongbicongnghiep.vn/san-pham/thiet-bi-can-chinh-puli-va-day-curoa-bang-laser-tkba-11/","https://vongbicongnghiep.vn/wp-content/uploads/2023/06/TKBA-11-1.jpg","[""https://vongbicongnghiep.vn/wp-content/uploads/2023/06/TKBA-11-1.jpg"",""https://vongbicongnghiep.vn/wp-content/uploads/2023/06/TKBA-03.jpg"",""https://vongbicongnghiep.vn/wp-content/uploads/2023/06/TKBA.jpg"",""https://vongbicongnghiep.vn/wp-content/uploads/2023/06/TKBA-11-02.jpg""]","","Thiết Bị Căn Chỉnh Puli Và Dây Curoa Bằng Laser TKBA 11 Thiết bị căn chỉnh Puli và dây Curoa bằng laser TKBA 11 có hai bộ phận chính, một bộ phát tia laser và ba mục tiêu để gắn lên Puli. Thiết bị được lắp đặt dễ dàng, thiết bị được sử dụng một nam châm cực mạnh để lắp trên puli hoặc đĩa xích. TKSA 11 có thể căn chỉnh hầu hết các máy sử dụng dây curoa, và đĩa xích. Thiết bị sẽ chiếu một tia laser từ bộ phát lên ba mục tiêu được gắn trên puli đối điện. Sau đó thiết bị sẽ hiệu chỉnh góc dọc, góc ngang và độ lệch song song . Thiết bị gồm một bộ phát và ba mục tiêu Sử dụng tia laze đỏ và có thể được sử dụng cho khoảng cách lên tới 3 m (10 ft) Lắp đặt nhanh, dễ dàng Qúa trình căn chỉnh đơn giản hó Áp dụng cho hầu hết các máy sử dụng dây curoa chữ v, dây curoa răng,… và sử dụng đĩa xích Các ứng dụng tiêu biểu Công cụ căn chỉnh dây đai SKF thường được sử dụng trong các nhà máy điện, cơ sở tái chế, nhà máy hóa chất và sản xuất thực phẩm & đồ uống. Truyền động đai được tìm thấy trong nhiều ứng dụng, bao gồm HVAC, lắp đặt máy bơm, nhà máy giấy, nhà máy bột mì, máy tiện, máy phay và băng tải. Ổ đĩa xích thường được sử dụng trong máy móc nông nghiệp, máy nén và trục cam động cơ. Việc căn chỉnh truyền động đai và truyền động xích một cách chính xác giúp giảm mài mòn trên dây đai, ròng rọc, xích và đĩa xích. Cùng với việc kéo dài tuổi thọ của dây đai và ròng rọc, việc căn chỉnh chính xác cũng làm giảm độ rung của máy. Những lợi ích điển hình của điều này bao gồm hiệu suất máy được cải thiện, giảm thời gian ngừng hoạt động đột xuất và giảm chi phí năng lượng. TECHNICAL DATA Designation TKBA 11 Emitter unit Type of laser Red laser diode Laser 1x Built-in class 2 laser, <1mW, 635nm Laser line length 2.4 m at 2 m (7.9 ft at 6.6 ft) Measurement accuracy angular Better than 0.02° at 2 m (6.6 ft) Measurement accuracy offset Better than 0.5 mm (1/50″ in.) Measurement distance 50 mm to 3 m (2 in to 10 ft) Control Laser ON/OFF Housing material ABS + 2K and Aluminium base powder coat finish Receiver unit (passive targets) Housing material ABS Fixtures Mounting Magnetic, side mounted Battery 3 x AAA Alkaline type IEC LR03 Operation time 32h (continuous operation) Operating requirements Operating temperature 0 to 40 °C (32 to 104 °F) Storage temperature – 20 to 60 °C (-4 to 140 °F) Relative humidity 10 to 90% RH non-condensing IP rating IP 40 Dimensions Transmitter unit 98 x 97 x 52 mm (3.86 x 3.82 x 2.05 in.) Receiver units Passive targets: 40 x 25 mm (1.57 x 0.98 in.) Carrying case dimensions 260 × 85 × 180 mm (10.2 x 3.3 x 7.1 in.) Weight Transmitter unit 247 g (0.54 lb) with batteries Receiver units 12 g (0.03 lb) each (3 pcs) Total (incl. case) 845 g (1.862 lb) Case contents 1 x TKBA 11 transmitter unit 3 x TKBA TARGET passive targets 3 x AAA batteries 1 x Printed Instructions for use Đường linh tải tài liệu Đường link tải hướng dẫn sử dụng Đường link sản phẩm tương tự Tải tài liệu TKBA 11 Hướng dẫn sử dụng TKBA 11 Sản phẩm TKBA 11 Tải tài liệu TKBA 21 Hướng dẫn sử dụng TKBA 21 Sản phẩm TKBA 21 Tải tài liệu TKBA 31 Hướng dẫn sử dụng TKBA 31 Sản phẩm TKBA 31 Tải tài liệu TKBA 40 Hướng dẫn sử dụng TKBA 40 Sản phẩm TKBA 40","[]","10062000","out_of_stock","vongbicongnghiep.vn-wc-store-api-category-search-skf","2026-04-29T13:56:31.925Z"
"42157","SKF","CMVA 90-M-K-SL-SKF","CMVA 90-M-K-SL-SKF","CMVA90MKSLSKF","SKF Microlog Analyzer dBX, CMVA 90","SẢN PHẨM BẢO TRÌ","SẢN PHẨM BẢO TRÌ | Thiết bị phân tích","101","san-pham-bao-tri","https://vongbicongnghiep.vn/san-pham/skf-microlog-analyzer-dbx-cmva-90/","https://vongbicongnghiep.vn/wp-content/uploads/2023/02/anh1-2-1.png","[""https://vongbicongnghiep.vn/wp-content/uploads/2023/02/anh1-2-1.png""]","","SKF Microlog Analyzer dBX, CMVA 90 SKF Microlog Analyzer dBX Máy thu thập và phân tích dữ liệu cầm tay Sẵn sàng cho công việc độc lập hoặc trực tuyến Máy Phân Tích Microlog dBX của SKF có thể được sử dụng như một công cụ độc lập, lấy các phép đo và phân tích dữ liệu từ máy quay để xác định tình trạng máy. Nó cũng có thể được kết nối với phần mềm giám sát của SKF, chẳng hạn như Nhà Phân Tích @ptitude của SKF, để xử lý phân tích, lưu trữ dữ liệu tại chỗ và từ xa, và tải xuống các tuyến đo lường được xác định trước cho dBX. Thu thập và phân tích dữ liệu theo cách bạn muốn Trình phân tích Microlog dBX của SKF đã được phát triển dành cho người dùng. Đây là lý do tại sao nó có một màn hình lớn, được phát triển để phân tích hiệu quả trong lĩnh vực này. Đây là lý do tại sao nó có sức mạnh xử lý mạnh mẽ nhất của SKF đối với các phép đo nhanh và khả năng thực hiện phân tích trên thiết bị. Đây là lý do tại sao nó thân thiện với người dùng hơn bao giờ hết. Màn hình lớn nhất của chúng tôi Máy phân tích microlog dBX của SKF có màn hình cảm ứng độ phân giải cao 10,1 inch. Nó có thể hiển thị tối đa 6 cửa sổ đo cùng một lúc và được thiết kế để dễ dàng xem trong mọi điều kiện ánh sáng. Phân tích dữ liệu nâng cao trên thiết bị Khả năng thực hiện phân tích dữ liệu trên thiết bị mà không cần sử dụng máy tính bên ngoài. Được trang bị SKF gE bao bọc để xác định tình trạng của vòng bi phần tử lăn. Bộ nhớ lưu trữ lớn 256 GB bộ nhớ. Đủ dung lượng lưu trữ để đáp ứng nhu cầu phân tích cá nhân của bạn. Đo nhanh với MPA-in-a-flash Thu Nhận Đa Điểm (MPA) là phương pháp phân tích rung động nhanh nhất của SKF. Nó thường nhanh hơn 3 lần, giúp bạn tiết kiệm thời gian thực hiện các phép đo. Để thu thập dữ liệu nhanh hơn nữa, SKF Microlog Analyzer dBX có thể thực hiện các phép đo ba trục đồng thời. Được thiết kế cho công việc thực địa Thiết kế chắc chắn cho độ tin cậy trong môi trường công nghiệp. Bảo vệ chống bụi và nước xâm nhập đến IP65. Camera tích hợp và đầu đọc RFID để hỗ trợ xác định vị trí máy quay. Dễ sử dụng Giao diện người dùng mới, được cải tiến giúp SKF Microlog Analyzer dBX dễ học và sử dụng hơn so với model trước đó. Giúp bạn bắt đầu nhanh chóng, với đào tạo tối thiểu. Tay cầm có hoặc không có găng tay Bàn phím có đèn nền vật lý và điều khiển màn hình cảm ứng Số giờ làm việc Pin có thể hoán đổi cho nhau và có thể sạc lại Hỗ trợ lên đến 8 giờ thu thập dữ liệu liên tục. Phiên bản tiêu chuẩn hoặc mở rộng Máy phân tích Microlog dBX của SKF có sẵn trong hai phiên bản. Phiên bản tiêu chuẩn có ba công cụ chính – Bộ Thu Dữ Liệu SKF, SKF dBX Analyzer và SKF Balancing – tất cả những gì quý vị cần để thu thập dữ liệu nhiều nhất và các nhiệm vụ theo dõi lỗi. Phiên bản mở rộng có các công cụ tương tự như phiên bản tiêu chuẩn nhưng có hai công cụ bổ sung cho khả năng phân tích nhanh hơn. Các công cụ bổ sung là Máy Ghi Dữ Liệu SKF và Theo Dõi Đơn Hàng của SKF. Phiên bản tiêu chuẩn CMVA 90-M-K-SL Bộ thu thập dữ liệu Máy phân tích dBX Cân bằng Bao bọc gE Kiểm tra va chạm Phân tích ODS Phiên bản mở rộng CMVA 90-F-K-SL Bộ thu thập dữ liệu Máy phân tích dBX Cân bằng Máy ghi dữ liệu Theo dõi đơn hàng Bao bọc gE Kiểm tra va chạm Phân tích ODS Bờ biển RunUp Quỹ đạo Phân tích Các công cụ tích hợp Trình phân tích Microlog dBX của SKF đi kèm với một số công cụ có giá trị được tích hợp ngay từ đầu. Bộ Thu Thập Dữ Liệu của SKF Thu thập dữ liệu dựa trên các tuyến đường xác định, đo lường điểm và thiết lập cảm biến. Thử Nghiệm Va Chạm của SKF Tìm kiếm sự cộng hưởng cấu trúc trong máy móc và cơ sở vật chất (sử dụng búa). Máy Phân Tích dBX của SKF Thu thập các phép đo và thực hiện bổ sung Phân tích. Phân Tích ODS của SKF Xác định cộng hưởng cấu trúc trong máy móc và tiện nghi sử dụng phân tích Hình dạng độ lệch hoạt động. Cân Bằng của SKF Cân bằng các loại máy quay khác nhau với Hướng dẫn từng bước. Theo Dõi Đơn Hàng của SKF Thực hiện rung động dựa trên thứ tự (hài hòa) Phân tích thích hợp cho máy móc tốc độ thay đổi. Bao bọc gE của SKF Xác định Tình trạng của vòng bi phần tử lăn sử dụng các thuật toán phân tích SKF Máy Ghi Dữ Liệu SKF Ghi lại các phép đo thời gian thực dài và phát lại để điều tra các sự cố máy móc quay. SKF RunUp CoastDown Được sử dụng trong quá trình vận hành máy móc quay (tìm kiếm các cộng hưởng nguy hiểm trong quá trình khởi động) và phân tích việc tắt máy Phân Tích Quỹ Đạo SKF Hình dung hành vi quay của trục quay. Thường được sử dụng để chẩn đoán lỗi trong máy móc tốc độ cao. Thông số kỹ thuật cho SKF Microlog Analyzer dBX, CMVA 90 Đo lường Vật lý Kênh đầu vào: 4 kênh đầu vào tương tự có thiên vị IEPE điện áp, kênh tacho với nguồn điện tích hợp cho máy đo tốc độ laser Kích thước: 300 x 195 x 50 mm (11,8 x 7,7 x 1,97 in) Thu thập dữ liệu: Bộ chuyển đổi A / D 24 bit (>Dải động 90 dB) Trọng lượng: 1,9 kg (4,2 lbs), 1,7 kg sử dụng pin đơn Tối đa. băng thông: 40 kHz (tốc độ lấy mẫu 102.4 kHz) Bàn phím Các phím có đèn nền, lên, xuống, phải và trái, OK, hủy, phím menu, nhấp chuột phải, con trỏ bật/tắt, thu phóng, bắt đầu/dừng đo phím, bật/tắt nguồn Độ chính xác: ± 2,5% phạm vi thang đo đầy đủ Màn hình LCD 10,1 in. màn hình cảm ứng màu đa điểm, 1280 x 800 pixel, để sử dụng trong nhà và ngoài trời Các thông số đo: Gia tốc, vận tốc, chuyển vị, SKF gE điều kiện vòng bi, pha, điện áp, và tốc độ Máy ảnh: tích hợp, camera phía sau Tự động hóa đa điểm: Lên đến 12 phép đo có thể được liệt kê cho một nút nhấn thu thập dữ liệu tự động tại mỗi vị trí đo Thẻ đọc RFID: tích hợp, nằm ở phía sau Môi trường Giao diện PC: Đầu nối loại A USB Nhiệt độ hoạt động: -10 đến +50 ° C (13 đến + 122 ° F) Nguồn điện Nhiệt độ bảo quản: 20 đến +60 ° C (-4 đến + 140 ° F) Nguồn: 2x Lithium-ion polymer có thể sạc lại / thay thế pin Đánh giá IP: Bụi và nước IP65 xâm nhập vào đặc điểm kỹ thuật EN 60529 Pin: lên đến 8 giờ Độ bền Thử nghiệm thả rơi 1,2 m (4 ft) vào đặc điểm kỹ thuật MIL STD 810 Phê duyệt: CE, UKCA, KC, RCM Thông tin đặt hàng Bộ CMVA 90-M-K-SL bao gồm: CMVA 90-M Microlog dBX, được lập trình với SKF DataCollector,Các ứng dụng SKF dBX Analyzer và SKF Balanceing, 256 GB dung lượng lưu trữ trên đám mây CMAC 9001 Nguồn điện đa năng với 4 dây nguồn Cáp adapter nguồn CMAC 9002 CMAC 9005 Hai (2) pin (được cài đặt sẵn) Cáp truyền thông CMAC 9010 USB A-Type sang A-Type Hộp đựng mang nhãn hiệu CMAC 9015 SKF CMAC 9016 Hai (2) dây đeo tay Dây đeo cổ CMAC 9017 Giấy chứng nhận hiệu chuẩn và phù hợp Bộ cảm biến CMSS 1500-K bao gồm: Mục đích chung, gia tốc kế 100 mV/g Gia tốc kế cuộn cáp, đầu nối BNC Nam châm với bu lông cố định Giấy chứng nhận hiệu chuẩn Bộ CMVA 90-F-K-SL bao gồm: 14. CMVA 90-F Microlog dBX, được lập trình với SKF DataCollector, SKF dBX Analyzer và SKF Balancing, SKF Order Deflection Tracking và các ứng dụng ghi dữ liệu SKF Raw, 256 GB lưu trữ trên đám mây, 15. CMAC 9001 Nguồn điện đa năng với 4 dây nguồn 16. Cáp adapter nguồn CMAC 9002 17. CMAC 9005 Hai (2) pin (được cài đặt sẵn) 18. Cáp truyền thông CMAC 9010 USB A-Type sang A-Type 19. Hộp đựng mang nhãn hiệu CMAC 9015 SKF 20. CMAC 9016 Hai (2) dây đeo tay 21. Dây đeo cổ CMAC 9017 22. Giấy chứng nhận hiệu chuẩn và phù hợp Thêm các phụ kiện bạn cần Một số phụ kiện có sẵn để bổ sung cho Máy Phân Tích Microlog dBX của SKF. Để cho phép ứng dụng linh hoạt tối đa, thiết bị không được cung cấp cảm biến rung hoặc cáp trong hộp, nhưng chúng có thể được đặt hàng riêng. Để mua được sản phẩm chính hãng SKF: Quý khách hàng liên hệ với đại lý SKF tại Hà Nội Công ty CP Thương mại và Công nghệ TST Việt Nam Số 11/68 đường Trung kính, Cầu Giấy, Hà Nội Email: vantao@tstvietnam.vn Mobile: 0988920565","[]","0","out_of_stock","vongbicongnghiep.vn-wc-store-api-category-search-skf","2026-04-29T13:56:31.926Z"
"42046","SKF","","u d","UD","Đầu dò cặp nhiệt độ loại K SKF TMDT 2","SẢN PHẨM BẢO TRÌ","SẢN PHẨM BẢO TRÌ | Đèn chớp và Súng bắn nhiệt độ","101","san-pham-bao-tri","https://vongbicongnghiep.vn/san-pham/dau-do-cap-nhiet-do-loai-k-skf-tmdt-2/","https://vongbicongnghiep.vn/wp-content/uploads/2023/04/TMDT-2.png","[""https://vongbicongnghiep.vn/wp-content/uploads/2023/04/TMDT-2.png"",""https://vongbicongnghiep.vn/wp-content/uploads/2023/04/0901d1968015a4ad_png_highpreview.png"",""https://vongbicongnghiep.vn/wp-content/uploads/2023/04/0901d1968015a4bd_png_highpreview.png"",""https://vongbicongnghiep.vn/wp-content/uploads/2023/04/0901d1968015a4bb_png_highpreview.png"",""https://vongbicongnghiep.vn/wp-content/uploads/2023/04/0901d1968015a4ba_png_highpreview.png"",""https://vongbicongnghiep.vn/wp-content/uploads/2023/04/0901d1968015a4b9_png_highpreview.png"",""https://vongbicongnghiep.vn/wp-content/uploads/2023/04/0901d1968015a4b8_png_highpreview.png"",""https://vongbicongnghiep.vn/wp-content/uploads/2023/04/0901d1968015a4b7_png_highpreview.png"",""https://vongbicongnghiep.vn/wp-content/uploads/2023/04/0901d1968015a4b5_png_highpreview.png"",""https://vongbicongnghiep.vn/wp-content/uploads/2023/04/0901d1968015a4b4_png_highpreview.png"",""https://vongbicongnghiep.vn/wp-content/uploads/2023/04/0901d1968015a4b1_png_highpreview.png"",""https://vongbicongnghiep.vn/wp-content/uploads/2023/04/0901d1968015a4b2_png_highpreview.png"",""https://vongbicongnghiep.vn/wp-content/uploads/2023/04/0901d1968015a4b0_png_highpreview.png"",""https://vongbicongnghiep.vn/wp-content/uploads/2023/04/0901d1968015a4af_png_highpreview.png"",""https://vongbicongnghiep.vn/wp-content/uploads/2023/04/0901d1968015a4ae_png_highpreview.png"",""https://vongbicongnghiep.vn/wp-content/uploads/2023/04/0901d1968015a4ac_png_highpreview.png""]","","Đầu dò cặp nhiệt độ loại K SKF TMDT 2 Nhiều loại đầu dò cặp nhiệt độ cho nhiều ứng dụng SKF cung cấp nhiều loại đầu dò cặp nhiệt độ loại K để sử dụng với Nhiệt kế SKF. Tất cả các đầu dò có thể được sử dụng với Nhiệt kế SKF mà không cần hiệu chuẩn lại. Đo bề mặt (TMDT 2-30, -31, -32, -33) Đo khí và chất lỏng (TMDT 2-34) Vật liệu bán rắn (TMDT 2-35) Kẹp đo đường ống (TMDT 2-36) Phép đo bề mặt quay (TMDT 2-40) Phép đo kim loại màu lỏng (TMDT 2-41) Đo nhiệt độ môi trường (TMDT 2-42) Đo khí – đầu dò dây (TMDT 2-38, -39) Các phép đo bề mặt chịu tải nặng (TMDT 2-43) Tương tích với các súng đo nhiệt độ sau: Nhiệt Kế Đo Tiếp Xúc SKF TKDT 10 Súng bắn nhiệt độ SKF TKTL 11 Súng bắn nhiệt độ SKF TKTL 21 Súng đo nhiệt độ TKTL 31 Súng bắn nhiệt độ và chụp Ảnh SKF TKTL 40 Ký hiệu đặt hàng và thông tin chi tiết Mã đặt hàng Sự miêu tả TMDT 2-30 Đầu dò bề mặt tiêu chuẩn Đối với các bề mặt cứng như ổ trục, vỏ ổ trục, khối động cơ, tấm chắn lò, v.v. nhiệt độ. 900 °C / 1 650 °F . Thời gian đáp ứng 2,3 giây TMDT 2-31 Đầu dò bề mặt từ tính Dành cho các bề mặt cứng, có từ tính; thiết kế tản nhiệt tích hợp và khối lượng thấp giảm thiểu quán tính nhiệt và cung cấp phép đo nhiệt độ chính xác. tối đa. nhiệt độ. 240 °C / 460 °F Thời gian đáp ứng 7,0 giây. TMDT 2-32 Đầu dò bề mặt cách điện Đối với các bề mặt cứng nơi hệ thống dây điện có thể gây đoản mạch, ví dụ như động cơ điện, máy biến áp, v.v. nhiệt độ. 200 °C / 390 °F Thời gian đáp ứng 5,5 giây. TMDT 2-33 Đầu dò bề mặt góc phải Đối với các bề mặt cứng trong các ứng dụng nặng, ví dụ như các bộ phận máy, động cơ, v.v. nhiệt độ. 450 °C / 840 °F Thời gian đáp ứng 8,0 giây. TMDT 2-34 Đầu dò khí và chất lỏng Thân linh hoạt làm bằng thép không gỉ, dùng cho chất lỏng, dầu, axit, v.v. và ở nhiệt độ cao, ví dụ như lửa hở (không dùng cho nhôm nóng chảy). tối đa. nhiệt độ. 1 100 °C / 2 010 °F Thời gian đáp ứng 12,0 giây. TMDT 2-34/1.5 Đầu dò khí và chất lỏng Giống như TMDT 2-34, nhưng có thân mỏng hơn và thời gian phản hồi nhanh hơn. Rất linh hoạt, đặc biệt thích hợp để đo nhiệt độ của khí. tối đa. nhiệt độ. 900 °C / 1 650 °F Thời gian đáp ứng 6,0 giây. TMDT 2-35 Đầu dò có đầu nhọn Có thể dễ dàng đưa vào các vật liệu bán rắn như thực phẩm, thịt, nhựa, nhựa đường, sản phẩm đông lạnh sâu, v.v. nhiệt độ. 600 °C / 1 110 °F Thời gian đáp ứng 12,0 giây. TMDT 2-36 Đầu dò kẹp ống Để đo nhiệt độ trên đường ống, dây cáp, v.v. Đường kính lên đến ø 35 mm (1,4 in). tối đa. nhiệt độ. 200 °C / 390 °F Thời gian đáp ứng 8,0 giây. TMDT 2-37 Cáp nối dài Để sử dụng với tất cả các đầu dò loại K. Độ dài đặc biệt có sẵn theo yêu cầu. TMDT 2-38 Đầu dò dây Mỏng, trọng lượng nhẹ, phản hồi rất nhanh, cách điện bằng sợi thủy tinh. tối đa. nhiệt độ. 300°C / 570°F Thời gian đáp ứng 5,0 giây. TMDT 2-39 Đầu dò dây nhiệt độ cao Mỏng, trọng lượng nhẹ, phản ứng rất nhanh, cách điện gốm. tối đa. nhiệt độ. 1 350 °C / 2 460 °F Thời gian đáp ứng 6,0 giây. TMDT 2-40 Đầu dò xoay Dành cho các bề mặt chuyển động hoặc xoay, nhẵn. Bốn vòng bi lăn cung cấp tiếp xúc phù hợp với các bề mặt. tối đa. vận tốc 500 m/phút. tối đa. nhiệt độ. 200 °C / 390 °F Thời gian đáp ứng 0,6 giây. TMDT 2-41 Giá đỡ đầu dò đúc kim loại màu bao gồm. phần tử nhúng cho kim loại màu, nóng chảy. Có khả năng chống ăn mòn và oxy hóa cao ở nhiệt độ cao. tối đa. nhiệt độ. 1 260 °C / 2 300 °F Thời gian đáp ứng 30,0 giây. TMDT 2-42 Đầu dò nhiệt độ môi trường Để đo nhiệt độ môi trường TMDT 2-43 Đầu dò bề mặt hạng nặng Tương tự như TMDT 2-30 nhưng có đầu bọc silicon cho các ứng dụng hạng nặng Tối đa. nhiệt độ. 300 °C / 570 °F Thời gian đáp ứng 3,0 giây. Đầu dò đặc biệt có sẵn theo yêu cầu.","[]","34190000","in_stock","vongbicongnghiep.vn-wc-store-api-category-search-skf","2026-04-29T13:56:31.927Z"
"42032","SKF","TKDT 10-SKF","TKDT 10-SKF","TKDT10SKF","Nhiệt Kế Đo Tiếp Xúc SKF TKDT 10","SẢN PHẨM BẢO TRÌ","SẢN PHẨM BẢO TRÌ | Đèn chớp và Súng bắn nhiệt độ","101","san-pham-bao-tri","https://vongbicongnghiep.vn/san-pham/nhiet-ke-do-tiep-xuc-skf-tkdt-10/","https://vongbicongnghiep.vn/wp-content/uploads/2023/04/TKDT.png","[""https://vongbicongnghiep.vn/wp-content/uploads/2023/04/TKDT.png"",""https://vongbicongnghiep.vn/wp-content/uploads/2023/04/0901d196802d26c8_png_highpreview.png"",""https://vongbicongnghiep.vn/wp-content/uploads/2023/04/0901d196802d0ec0_png_highpreview.png"",""https://vongbicongnghiep.vn/wp-content/uploads/2023/04/TKDT-1.png""]","","Nhiệt Kế Đo Tiếp Xúc SKF TKDT 10 Đo nhiệt độ chính xác với khả năng kênh đôi Nhiệt kế đo tiếp xúc SKF TKDT 10 phù hợp với nhiều ứng dụng và có khả năng kết nối hai đầu dò nhiệt độ SKF. Màn hình LCD lớn có đèn nền giúp đảm bảo có thể dễ dàng đọc nhiệt độ trong hầu hết các điều kiện ánh sáng. Phạm vi đo nhiệt độ tiếp xúc từ –200 đến +1 372 °C (–328 đến +2 501 °F) Được cung cấp với đầu dò nhiệt độ TMDT 2-30 (tối đa 900 °C / (1 652 °F)); thích hợp cho nhiều ứng dụng tiếp xúc trực tiếp Có thể được sử dụng với đầu dò nhiệt độ SKF thứ hai tùy chọn cho phép hiển thị nhiệt độ đầu dò hoặc chênh lệch nhiệt độ giữa các đầu dò Số đọc nhiệt độ được hiển thị ở cả °C, °F hoặc Kelvin (K) Hiển thị nhiệt độ có thể được đóng băng để dễ đọc Nhiệt độ tối thiểu, tối đa và trung bình có thể được hiển thị cùng với dấu thời gian Chức năng tự động tắt nguồn do người dùng lựa chọn giúp tăng tuổi thọ pin Được cung cấp trong hộp đựng chắc chắn THÔNG SỐ KỸ THUẬT THÔNG SỐ KỸ THUẬT chỉ định TKDT 10 Màn Màn hình LCD có đèn nền lớn độ phân giải hiển thị 0,1 ° đến 1 000 °, nếu không thì 1 ° Màn hình backlit Bật/Tắt chế độ đo lường Đọc nhiệt độ tối thiểu, tối đa, trung bình, chênh lệch, kép Đơn vị đo lường °C, °F, K Tự động tắt 20 phút, bật/tắt Nhiệt độ sử dụng đầu dò –200 đến +1 372 °C (–328 đến +2 501 °F) Sự chính xác > -100 °C (> -148 °F): ±0,5% giá trị đọc ±1 °C (1,8 °F) khả năng tương thích của đầu dò 2x đầu nối Type-K Đầu dò được cung cấp TMDT 2-30, phù hợp để sử dụng lên đến 900 °C (1 650 °F) Chiều dài đầu dò được cung cấp 130 mm (5,1 inch) Thời gian đáp ứng đầu dò 2,3 giây (TMDT 2-30) Pin 3x AAA Loại kiềm IEC LR03 Thời gian hoạt động 18 giờ sử dụng thông thường (bật đèn nền) Kích thước sản phẩm 160 x 63 x 30 mm (6,3 x 2,5 x 1,2 inch) Trọng lượng sản phẩm 200 g (0,4 lbs) Nhiệt độ hoạt động 0 đến 50 °C (32 đến 120 °F) Nhiệt độ bảo quản –10 đến +60 °C (–4 đến +150 °F) độ ẩm tương đối 10 đến 90% RH không ngưng tụ Đánh giá IP IP40 Kích thước trường hợp 530 x 85 x 180 mm (20,9 x 3,4 x 7,0 inch) Nội dung lắp ráp Nhiệt kế với 1x đầu dò tiếp xúc TMDT 2-30 3x pin AAA 1x in hướng dẫn sử dụng Tải dữ liệu sản phẩm Nhiệt Kế Đo Tiếp Xúc SKF TKDT 10 Tải hướng dẫn sử dụng Nhiệt Kế Đo Tiếp Xúc SKF TKDT 10 Tải Danh mục sản phẩm bảo dưỡng và bôi trơn SKF","[]","6064000","out_of_stock","vongbicongnghiep.vn-wc-store-api-category-search-skf","2026-04-29T13:56:31.927Z"
"42011","SKF","TKGT 1-SKF","TKGT 1-SKF","TKGT1SKF","Bộ kiểm tra mỡ SKF TKGT 1","SẢN PHẨM BẢO TRÌ","SẢN PHẨM BẢO TRÌ | Thiết bị phân tích","101","san-pham-bao-tri","https://vongbicongnghiep.vn/san-pham/bo-kiem-tra-mo-skf-tkgt-1/","https://vongbicongnghiep.vn/wp-content/uploads/2023/04/0901d19680ba7d46.png","[""https://vongbicongnghiep.vn/wp-content/uploads/2023/04/0901d19680ba7d46.png""]","","Bộ kiểm tra mỡ SKF TKGT 1 Bộ dụng cụ kiểm tra dầu mỡ TKGT 1 của SKF là tập hợp các phương pháp kiểm tra khác nhau để kiểm tra và phân tích các mẫu dầu mỡ tại hiện trường. Phân tích chất bôi trơn là một phần quan trọng trong chiến lược bảo trì dự đoán và phân tích dầu đã trở thành tiêu chuẩn trong nhiều ngành công nghiệp. Tuy nhiên, mỡ hiếm khi được kiểm tra mặc dù thực tế là 80% vòng bi được bôi trơn bằng mỡ. Chuyên môn về ma sát học và nhiều năm nghiên cứu đã cho phép SKF phát triển một phương pháp hoàn chỉnh để đánh giá tình trạng dầu mỡ và phát triển bộ dụng cụ kiểm tra dễ sử dụng TKGT 1. Với bộ dụng cụ này, có thể kiểm tra độ đặc của dầu mỡ, xác định các đặc tính chảy dầu và đánh giá mức độ nhiễm bẩn của dầu mỡ. Kiểm tra dầu mỡ toàn diện cho phép đưa ra quyết định tại hiện trường Không cần đào tạo đặc biệt để thực hiện các bài kiểm tra Mỡ có thể được đánh giá để phát hiện các sai lệch không được chấp nhận có thể có từ lô này sang lô khác Cho phép điều chỉnh khoảng thời gian tái bôi trơn mỡ theo điều kiện vận hành thực tế Giúp ngăn ngừa thiệt hại do chất bôi trơn hoạt động kém Cung cấp thêm thông tin về phân tích lỗi nguyên nhân gốc rễ Không cần hóa chất độc hại","[]","14743000","out_of_stock","vongbicongnghiep.vn-wc-store-api-category-search-skf","2026-04-29T13:56:31.928Z"
"41712","SKF","TMAS 100-200-SKF","TMAS 100-200-SKF","TMAS100200SKF","TMAS 100-200","Miếng chêm máy móc SKF","Miếng chêm máy móc SKF","101","san-pham-bao-tri","https://vongbicongnghiep.vn/san-pham/tmas-100-200/","https://vongbicongnghiep.vn/wp-content/uploads/2023/02/TMAS.png","[""https://vongbicongnghiep.vn/wp-content/uploads/2023/02/TMAS.png""]","","","[{""name"":""A"",""terms"":[]},{""name"":""Độ dày B [mm]"",""terms"":[""100""]}]","2171000","in_stock","vongbicongnghiep.vn-wc-store-api-category-search-skf","2026-04-29T13:56:31.928Z"
"41708","SKF","TIH P20-SKF","TIH P20-SKF","TIHP20SKF","Đầu dò nhiệt độ cho máy gia nhiệt SKF TIH P20","Máy gia nhiệt vòng bi","Máy gia nhiệt vòng bi","101","san-pham-bao-tri","https://vongbicongnghiep.vn/san-pham/dau-do-nhiet-do-cho-may-gia-nhiet-skf-tih-p20/","https://vongbicongnghiep.vn/wp-content/uploads/2023/03/TIH-P20.png","[""https://vongbicongnghiep.vn/wp-content/uploads/2023/03/TIH-P20.png""]","","Đầu dò nhiệt độ cho máy gia nhiệt SKF TIH P20 Đầu dò nhiệt độ, loại K bao gồm. cáp và phích cắm cho TIH 030M, TIH 100M, TIH 220M, TIH L33, TIH L44, TIH L77 (tất cả các phiên bản, bao gồm. MB) Phụ tùng thay thế SKF TIH P20 là đầu dò nhiệt độ, loại K bao gồm. cáp và phích cắm phù hợp với máy sưởi cảm ứng TIH 030m, TIH 100m, TIH 220m, TIH L33, TIH L44 và TIH L77 (tất cả các biến thể).","[]","4874000","out_of_stock","vongbicongnghiep.vn-wc-store-api-category-search-skf","2026-04-29T13:56:31.928Z"
"35834","SKF","PHP PT/C1 006-SKF","PHP PT/C1 006-SKF","PHPPTC1006SKF","Dưỡng đo rãnh Puli SKF PHP PT/C1 006","Thiết bị kiểm tra máy","Thiết bị kiểm tra máy","101","san-pham-bao-tri","https://vongbicongnghiep.vn/san-pham/duong-do-ranh-puli-skf-php-pt-c1-006/","https://vongbicongnghiep.vn/wp-content/uploads/2022/12/PHP-PT-C1-006.png","[""https://vongbicongnghiep.vn/wp-content/uploads/2022/12/PHP-PT-C1-006.png""]","","Dưỡng đo rãnh Puli SKF PHP PT/C1 006 CÁC QUY TẮC CHUNG Đảm bảo rằng tất cả các rãnh Puli đều có cùng kích thước. Các rãnh mòn không đều khiến dây đai chạy trên các mức đường kính khác nhau trong puli. Điều đó tạo ra sự trượt quá mức của dây đai ở một bên và các tác động xấu tương tự như dây curoa không khớp ở bên kia ( hình 13) Lời khuyên chung là kiểm tra ngắn gọn các Puli ở mỗi lần thay dây curoa nhưng kiểm tra chặt chẽ và có thể thay thế ở mỗi lần thay dây thứ ba. Sử dụng bộ đo rãnh puli SKF (→ hình dưới) để kiểm tra độ mòn của rãnh Puli. Puli nên được thay thế khi phát hiện có nhiều hơn 0,8 mm giữa mẫu và rãnh. – Không bao giờ trộn lẫn các nhãn hiệu hoặc loại dây curoa khác nhau trên cùng một bộ truyền động. Chiều dài dây curoa có thể khác nhau giữa các nhà sản xuất này với nhà sản xuất khác và các vật liệu khác nhau có thể có các giá trị khác nhau đáng kể đối với hệ số co nhiệt. SKF cũng không khuyến nghị trộn lẫn dây curoa mới và dây curoa đã qua sử dụng vì có thể dẫn đến phân bố tải trọng không đều và hỏng đai sớm - Không bao giờ ép dây curoa qua mép ròng rọc, vì điều này có thể làm hỏng bề mặt và bắt đầu một vết nứt, điều này sẽ làm suy yếu dây curoa và gây ra hỏng dây curoa sớm. Đúng cách chùng xuống và bắt đầu truyền động cho đến khi thắt lưng dễ dàng được đặt trong các rãnh. Để mua được Dưỡng đo rãnh Puli SKF PHP PT/C1 006 Quý khách hàng liên hệ với đại lý SKF tại Hà Nội Công ty CP Thương mại và Công nghệ TST Việt Nam Số 11/68 đường Trung kính, Cầu Giấy, Hà Nội Email: vantao@tstvietnam.vn Mobile: 0988920565","[{""name"":""chieu-dai (mm)"",""terms"":[""Dimensions Pitch length""]},{""name"":""w(mm)"",""terms"":[""w""]},{""name"":""h(mm)"",""terms"":[""h"",""H[mm]"",""H1[mm]""]},{""name"":""bien-dang"",""terms"":[""Biên dạng""]}]","1408000","out_of_stock","vongbicongnghiep.vn-wc-store-api-category-search-skf","2026-04-29T13:56:31.928Z"
"41056","SKF","TMAS 720-SKF","TMAS 720-SKF","TMAS720SKF","Bộ miếng chêm máy móc TMAS 720","Miếng chêm máy móc SKF","Miếng chêm máy móc SKF","101","san-pham-bao-tri","https://vongbicongnghiep.vn/san-pham/bo-mieng-chem-may-moc-tmas-720/","https://vongbicongnghiep.vn/wp-content/uploads/2022/04/TMAS720.png","[""https://vongbicongnghiep.vn/wp-content/uploads/2022/04/TMAS720.png""]","","Bộ miếng chêm máy móc TMAS 720 Để căn chỉnh máy móc theo phương thẳng đứng chính xác Điều chỉnh máy chính xác là một yếu tố cần thiết của bất kỳ quá trình căn chỉnh nào. Mỗi bộ miếng chêm cắt sẵn một rãnh của SKF cung cấp sự kết hợp của các kích thước và / hoặc độ dày miếng chêm phổ biến. Làm bằng thép không gỉ chất lượng cao, cho phép tái sử dụng Dễ dàng lắp vào và tháo ra Dung sai nhỏ cho phép căn chỉnh chính xác Độ dày được đánh dấu rõ ràng trên mỗi miếng đệm Bộ căn chỉnh TMAS 720 Ký hiệu TMAS 720 Kích thước Shim (mm) 50×50 mm 75×75 mm Số lượng trên loại chiều dày 20 20 20 Chiều dày (mm) 0,05 0,25 0,70 0,10 0,40 1,00 0,20 0,50 2,00 Kích thước Shim (mm) 100×100 mm 125×125 mm Số lượng trên loại chiều dày 20 20 10 Chiều dày (mm) 0,05 0,40 2,00 0,10 0,50 0,20 0,70 0,25 1,00","[]","84676000","out_of_stock","vongbicongnghiep.vn-wc-store-api-category-search-skf","2026-04-29T13:56:31.928Z"
"41055","SKF","TMAS 510-SKF","TMAS 510-SKF","TMAS510SKF","Bộ miếng chêm máy móc TMAS 510","Miếng chêm máy móc SKF","Miếng chêm máy móc SKF","101","san-pham-bao-tri","https://vongbicongnghiep.vn/san-pham/bo-mieng-chem-may-moc-tmas-510/","https://vongbicongnghiep.vn/wp-content/uploads/2022/04/TMAS510.png","[""https://vongbicongnghiep.vn/wp-content/uploads/2022/04/TMAS510.png""]","","Bộ miếng chêm máy móc TMAS 510 Để căn chỉnh máy móc theo phương thẳng đứng chính xác Điều chỉnh máy chính xác là một yếu tố cần thiết của bất kỳ quá trình căn chỉnh nào. Mỗi bộ miếng chêm cắt sẵn một rãnh của SKF cung cấp sự kết hợp của các kích thước và / hoặc độ dày miếng chêm phổ biến. Làm bằng thép không gỉ chất lượng cao, cho phép tái sử dụng Dễ dàng lắp vào và tháo ra Dung sai nhỏ cho phép căn chỉnh chính xác Độ dày được đánh dấu rõ ràng trên mỗi miếng đệm Bộ căn chỉnh TMAS 510 Ký hiệu TMAS 380 Kích cỡ Shim (mm) 50×50 mm 75×75 mm Số lượng Shim trên chiều dày 20 20 20 Chiều dày (mm) 0,05 0,25 0,70 0,10 0,40 1,00 0,20 0,50 2,00 0,25 2,00","[]","50335000","out_of_stock","vongbicongnghiep.vn-wc-store-api-category-search-skf","2026-04-29T13:56:31.928Z"
"41054","SKF","TMAS 380-SKF","TMAS 380-SKF","TMAS380SKF","Bộ miếng chêm máy móc TMAS 380","Miếng chêm máy móc SKF","Miếng chêm máy móc SKF","101","san-pham-bao-tri","https://vongbicongnghiep.vn/san-pham/bo-mieng-chem-may-moc-tmas-380/","https://vongbicongnghiep.vn/wp-content/uploads/2022/04/TMAS380.png","[""https://vongbicongnghiep.vn/wp-content/uploads/2022/04/TMAS380.png""]","","Bộ miếng chêm máy móc TMAS 380 Để căn chỉnh máy móc theo phương thẳng đứng chính xác Điều chỉnh máy chính xác là một yếu tố cần thiết của bất kỳ quá trình căn chỉnh nào. Mỗi bộ miếng chêm cắt sẵn một rãnh của SKF cung cấp sự kết hợp của các kích thước và / hoặc độ dày miếng chêm phổ biến. Làm bằng thép không gỉ chất lượng cao, cho phép tái sử dụng Dễ dàng lắp vào và tháo ra Dung sai nhỏ cho phép căn chỉnh chính xác Độ dày được đánh dấu rõ ràng trên mỗi miếng đệm Bộ căn chỉnh TMAS 380 Ký hiệu TMAS 380 Kích cỡ Shim (mm) 50×50 mm 75×75 mm Số lượng Shim trên chiều dày 20 20 20 Chiều dày (mm) 0,05 0,25 0,70 0,10 0,40 1,00 0,20 0,50 2,00 0,25 2,00","[]","28783000","out_of_stock","vongbicongnghiep.vn-wc-store-api-category-search-skf","2026-04-29T13:56:31.929Z"
"41053","SKF","TMAS 360-SKF","TMAS 360-SKF","TMAS360SKF","Bộ miếng chêm máy móc TMAS 360","Miếng chêm máy móc SKF","Miếng chêm máy móc SKF","101","san-pham-bao-tri","https://vongbicongnghiep.vn/san-pham/bo-mieng-chem-may-moc-tmas-360/","https://vongbicongnghiep.vn/wp-content/uploads/2022/04/TMAS360.png","[""https://vongbicongnghiep.vn/wp-content/uploads/2022/04/TMAS360.png""]","","Bộ miếng chêm máy móc TMAS 360 Để căn chỉnh máy móc theo phương thẳng đứng chính xác Điều chỉnh máy chính xác là một yếu tố cần thiết của bất kỳ quá trình căn chỉnh nào. Mỗi bộ miếng chêm cắt sẵn một rãnh của SKF cung cấp sự kết hợp của các kích thước và / hoặc độ dày miếng chêm phổ biến. Làm bằng thép không gỉ chất lượng cao, cho phép tái sử dụng Dễ dàng lắp vào và tháo ra Dung sai nhỏ cho phép căn chỉnh chính xác Độ dày được đánh dấu rõ ràng trên mỗi miếng đệm Bộ căn chỉnh TMAS 360 Ký hiệu TMAS 360 Kích cỡ Shim (mm) 50×50 mm 75×75 mm 100×100 mm Số lượng Shim trên chiều dày 20 20 Chiều dày (mm) 0,05 0,50 0,10 1,00 0,25 2,00","[]","37499000","out_of_stock","vongbicongnghiep.vn-wc-store-api-category-search-skf","2026-04-29T13:56:31.929Z"
"41052","SKF","TMAS 340-SKF","TMAS 340-SKF","TMAS340SKF","Bộ miếng chêm máy móc TMAS 340","Miếng chêm máy móc SKF","Miếng chêm máy móc SKF","101","san-pham-bao-tri","https://vongbicongnghiep.vn/san-pham/bo-mieng-chem-may-moc-tmas-340/","https://vongbicongnghiep.vn/wp-content/uploads/2022/04/TMAS340.png","[""https://vongbicongnghiep.vn/wp-content/uploads/2022/04/TMAS340.png""]","","Bộ miếng chêm máy móc TMAS 340 Để căn chỉnh máy móc theo phương thẳng đứng chính xác Điều chỉnh máy chính xác là một yếu tố cần thiết của bất kỳ quá trình căn chỉnh nào. Mỗi bộ miếng chêm cắt sẵn một rãnh của SKF cung cấp sự kết hợp của các kích thước và / hoặc độ dày miếng chêm phổ biến. Làm bằng thép không gỉ chất lượng cao, cho phép tái sử dụng Dễ dàng lắp vào và tháo ra Dung sai nhỏ cho phép căn chỉnh chính xác Độ dày được đánh dấu rõ ràng trên mỗi miếng đệm Bộ căn chỉnh TMAS 340 Ký hiệu TMAS 340 Kích cỡ Shim (mm) 100×100 mm 125×125 mm Số lượng Shim trên chiều dày 20 20 10 Chiều dày (mm) 0,05 0,40 2,00 0,10 0,50 0,20 0,70","[]","52519000","out_of_stock","vongbicongnghiep.vn-wc-store-api-category-search-skf","2026-04-29T13:56:31.929Z"
"41043","SKF","TMAS 75/KIT-SKF","TMAS 75/KIT-SKF","TMAS75KITSKF","Bộ miếng chêm máy móc TMAS 75/KIT","Miếng chêm máy móc SKF","Miếng chêm máy móc SKF","101","san-pham-bao-tri","https://vongbicongnghiep.vn/san-pham/bo-mieng-chem-may-moc-tmas-75-kit/","https://vongbicongnghiep.vn/wp-content/uploads/2022/04/TMAS75.png","[""https://vongbicongnghiep.vn/wp-content/uploads/2022/04/TMAS75.png""]","","Bộ miếng chêm máy móc TMAS 75/KIT Để căn chỉnh máy móc theo phương thẳng đứng chính xác Điều chỉnh máy chính xác là một yếu tố cần thiết của bất kỳ quá trình căn chỉnh nào. Mỗi bộ miếng chêm cắt sẵn một rãnh của SKF cung cấp sự kết hợp của các kích thước và / hoặc độ dày miếng chêm phổ biến. Làm bằng thép không gỉ chất lượng cao, cho phép tái sử dụng Dễ dàng lắp vào và tháo ra Dung sai nhỏ cho phép căn chỉnh chính xác Độ dày được đánh dấu rõ ràng trên mỗi miếng đệm Bộ căn chỉnh TMAS 75/KIT Ký hiệu TMAS 75/KIT Kích cỡ Shim (mm) 75×75 mm Số lượng Shim trên chiều dày 20 20 10 Chiều dày (mm) 0,05 0,40 2,00 0,10 0,50 0,20 0,70 0,25 1,00","[]","15195000","out_of_stock","vongbicongnghiep.vn-wc-store-api-category-search-skf","2026-04-29T13:56:31.929Z"
"41042","SKF","TMAS 50/KIT-SKF","TMAS 50/KIT-SKF","TMAS50KITSKF","Bộ miếng chêm máy móc TMAS 50/KIT","Miếng chêm máy móc SKF","Miếng chêm máy móc SKF","101","san-pham-bao-tri","https://vongbicongnghiep.vn/san-pham/bo-mieng-chem-may-moc-tmas-50-kit/","https://vongbicongnghiep.vn/wp-content/uploads/2022/04/TMAS50.png","[""https://vongbicongnghiep.vn/wp-content/uploads/2022/04/TMAS50.png""]","","Bộ miếng chêm máy móc TMAS 50/KIT Để căn chỉnh máy móc theo phương thẳng đứng chính xác Điều chỉnh máy chính xác là một yếu tố cần thiết của bất kỳ quá trình căn chỉnh nào. Mỗi bộ miếng chêm cắt sẵn một rãnh của SKF cung cấp sự kết hợp của các kích thước và / hoặc độ dày miếng chêm phổ biến. Làm bằng thép không gỉ chất lượng cao, cho phép tái sử dụng Dễ dàng lắp vào và tháo ra Dung sai nhỏ cho phép căn chỉnh chính xác Độ dày được đánh dấu rõ ràng trên mỗi miếng đệm Bộ căn chỉnh TMAS 50/KIT Ký hiệu TMAS 50/KIT Kích cỡ Shim (mm) 50×50 mm Số lượng Shim trên chiều dày 20 20 10 Chiều dày (mm) 0,05 0,40 2,00 0,10 0,50 0,20 0,70 0,25 1,00","[]","10483000","out_of_stock","vongbicongnghiep.vn-wc-store-api-category-search-skf","2026-04-29T13:56:31.930Z"
"41036","SKF","TKRS 21-SKF","TKRS 21-SKF","TKRS21SKF","Đèn Chớp Quan Sát Vật Quay TKRS 21","Đèn chớp và Súng bắn nhiệt độ","Đèn chớp và Súng bắn nhiệt độ","101","san-pham-bao-tri","https://vongbicongnghiep.vn/san-pham/den-chop-quan-sat-vat-quay-tkrs-21/","https://vongbicongnghiep.vn/wp-content/uploads/2023/02/0901d19680914bd0_png_highpreview.png","[""https://vongbicongnghiep.vn/wp-content/uploads/2023/02/0901d19680914bd0_png_highpreview.png""]","","Đèn Chớp Quan Sát Vật Quay TKRS 21 Đèn Chớp Quan Sát Vật Quay TKRS 21 – Đèn LED / đèn chiếu tia laser tiên tiến Kính nhấp nháy tiên tiến nhỏ gọn với 6 đèn LED siêu sáng và máy đo tốc độ laser Để kiểm tra trực quan các máy đang chạy SKF cung cấp nhiều loại máy đo TKRS di động để kiểm tra trực quan các máy đang chạy trong môi trường công nghiệp đầy thử thách. Các công cụ cầm tay này cung cấp khả năng phát hiện sớm các bất thường để giúp lập lịch trình các nhiệm vụ bảo trì và giảm tải bổ sung trên thiết bị quay để đạt được mức hiệu suất theo kế hoạch. Được thiết kế để dễ sử dụng, đèn nhấp nháy có màn hình lớn và công tắc chọn đa chức năng để giúp bạn nhanh chóng điều hướng đến menu chính xác. Mức độ sáng và hiệu suất có thể điều chỉnh được. • Chọn tốc độ nhanh với nút xoay • Phát quang cao với bảy đèn LED siêu sáng • Hoạt động trực quan cho các công việc kiểm tra nhanh chóng và dễ dàng • Thiết kế tiện dụng và mạnh mẽ để sử dụng di động trong môi trường công nghiệp • Đèn LED sáng với tuổi thọ cao và hoạt động liên tục • Giá ba chân để kiểm tra tĩnh • TFT có đèn nền nhiều dòng • Máy đo tốc độ laser tích hợp với đồng bộ hóa đèn flash • Chế độ chuyên nghiệp với các tính năng bổ sung như chuyển pha chuyển động chậm • Kích hoạt đầu vào và đầu ra với sửa đổi tín hiệu • Được cung cấp trong một hộp đựng chắc chắn với 3 x pin AA, phích cắm kích hoạt và băng phản quang Thông số Kỹ thuật Ký hiệu TKRS 21 Công suất sáng; Độ chớp sáng lớn hơn 6 200 Lux ở khoảng cách 0,3 m (12 in.) Độ sáng; Có thể điều chỉnh, 0,2°–5,0° Độ chính xác; ±0,02% (±1 digit / ±0,025 µs) Đo tốc độ Laser; Chuyển pha; Có Run time ca; ca. 3:00 h @ 1° (100% display brightness) ca. 6:45 h @ 0,2° (20% display brightness) Màn hình; Multi-line backlight TFT Nguồn điện; Pin 3 x AA (đi cùng máy) Kích thước thiết bị; 225 × 78 × 50 mm (8.9 x 3 x 2 in.) Trọng lượng thiết bị ( bao gồm Pin); 0,29 kg (0.65 lb) Kích thước hộp đựng; 260 x 180 x 85 mm (10.2 x 7.1 x 3.3 in.) Tổng trọng lượng ( Thiết bị + hộp); 0,78 kg (1.7 lb)","[]","18980000","out_of_stock","vongbicongnghiep.vn-wc-store-api-category-search-skf","2026-04-29T13:56:31.931Z"
"41032","SKF","TKRS 11-SKF","TKRS 11-SKF","TKRS11SKF","Đèn Chớp Quan Sát Vật Quay TKRS 11","Đèn chớp và Súng bắn nhiệt độ","Đèn chớp và Súng bắn nhiệt độ","101","san-pham-bao-tri","https://vongbicongnghiep.vn/san-pham/den-chop-quan-sat-vat-quay-tkrs-11/","https://vongbicongnghiep.vn/wp-content/uploads/2023/02/TKRS.png","[""https://vongbicongnghiep.vn/wp-content/uploads/2023/02/TKRS.png""]","","Đèn Chớp Quan Sát Vật Quay TKRS 11 Đèn Chớp Quan Sát Vật Quay TKRS 11 – Đèn LED / đèn chiếu tia laser tiên tiến Kính nhấp nháy tiên tiến nhỏ gọn với 6 đèn LED siêu sáng và máy đo tốc độ laser Để kiểm tra trực quan các máy đang chạy SKF cung cấp nhiều loại máy đo TKRS di động để kiểm tra trực quan các máy đang chạy trong môi trường công nghiệp đầy thử thách. Các công cụ cầm tay này cung cấp khả năng phát hiện sớm các bất thường để giúp lập lịch trình các nhiệm vụ bảo trì và giảm tải bổ sung trên thiết bị quay để đạt được mức hiệu suất theo kế hoạch. Được thiết kế để dễ sử dụng, đèn nhấp nháy có màn hình lớn và công tắc chọn đa chức năng để giúp bạn nhanh chóng điều hướng đến menu chính xác. Mức độ sáng và hiệu suất có thể điều chỉnh được. • Chọn tốc độ nhanh với nút xoay • Phát quang cao với bảy đèn LED siêu sáng • Hoạt động trực quan cho các công việc kiểm tra nhanh chóng và dễ dàng • Thiết kế tiện dụng và mạnh mẽ để sử dụng di động trong môi trường công nghiệp • Đèn LED sáng với tuổi thọ cao và hoạt động liên tục • Giá ba chân để kiểm tra tĩnh • TFT có đèn nền nhiều dòng • Máy đo tốc độ laser tích hợp với đồng bộ hóa đèn flash • Chế độ chuyên nghiệp với các tính năng bổ sung như chuyển pha chuyển động chậm • Kích hoạt đầu vào và đầu ra với sửa đổi tín hiệu • Được cung cấp trong một hộp đựng chắc chắn với 3 x pin AA, phích cắm kích hoạt và băng phản quang Thông số Kỹ thuật Ký hiệu TKRS 11 Công suất sáng; Độ chớp sáng lớn hơn 2 000 Lux ở khoảng cách 0,3 m (12 in.) Độ sáng; Có thể điều chỉnh, 0,2°–5,0° Độ chính xác; ±0,02% (±1 digit / ±0,025 µs) Đo tốc độ Laser; Chuyển pha; Có Run time ca; ca. 5:30 h @ 1° (100% display brightness) ca. 7:35 h @ 0,2° (20% display brightness) Màn hình; Black and White LCD Nguồn điện; Pin 3 x AA (đi cùng máy) Kích thước thiết bị; 225 × 78 × 50 mm (8.9 x 3 x 2 in.) Trọng lượng thiết bị ( bao gồm Pin); 0,29 kg (0.65 lb) Kích thước hộp đựng; 260 x 180 x 85 mm (10.2 x 7.1 x 3.3 in.) Tổng trọng lượng ( Thiết bị + hộp); 0,78 kg (1.7 lb)","[]","13250000","in_stock","vongbicongnghiep.vn-wc-store-api-category-search-skf","2026-04-29T13:56:31.931Z"
"41023","SKF","TMHS 100-SKF","TMHS 100-SKF","TMHS100SKF","Cảo SKF TMHS 100","Cảo vòng bi","Cảo vòng bi","101","san-pham-bao-tri","https://vongbicongnghiep.vn/san-pham/bom-thuy-luc-cho-cao-vong-bi-tmhs-100/","https://vongbicongnghiep.vn/wp-content/uploads/2023/02/TMHS.png","[""https://vongbicongnghiep.vn/wp-content/uploads/2023/02/TMHS.png""]","","Bơm Thủy lực cho cảo vòng bi TMHS 75 và TMHS 100 Tạo lực rút dễ dàng Trục trục thủy lực nâng cao của SKF TMHS 75 và TMHS 100 tạo ra lực kéo cao với rất ít nỗ lực so với trục cơ khí tiêu chuẩn. Chúng làm giảm đáng kể thời gian cần thiết để tháo một ổ trục hoặc các bộ phận khác. Các trục chính được trang bị bơm thủy lực tích hợp để tạo lực. Lực kéo tối đa được giới hạn bởi các van an toàn đặc biệt và dầu thủy lực sẽ vẫn còn bên trong máy bơm. Xi lanh thủy lực tích hợp, bơm và trục chính – không cần bơm riêng Van an toàn giúp ngăn quá tải trục chính và bộ kéo trong trường hợp tác dụng lực quá mức Điểm trung tâm được nạp lò xo trong mũi khoan cho phép dễ dàng định tâm bộ kéo trên trục mà không làm hỏng điểm tâm trục Cần tay với tay nắm công thái học có thể xoay 360 ° Pít-tông được làm cứng và mạ crom với chức năng hồi vị lò xo Các miếng mở rộng bao gồm cho phép dễ dàng điều chỉnh cho chiều dài kéo cần thiết TMHS 75 • TMHS 75 có lực rút tối đa 75 kN (8,4 tấn (Mỹ)) và chiều dài hành trình dài 75 mm (3,0 in), cho phép tháo lắp trong một thao tác • Thích hợp để sử dụng với bất kỳ bộ kéo nào được trang bị ren UN 1¼ “× 12 tpi có thể được sử dụng với lực tối đa 75 kN (8,4 tấn (Mỹ)) • Được cung cấp với miếng mở rộng 50 (2,0 in) và 100 mm (3,9 in) TMHS 100 • TMHS 100 có lực rút tối đa 100 kN (11,2 tấn (Mỹ)) và hành trình dài 80 mm (3,1 in), cho phép tháo lắp trong một thao tác • Thích hợp để sử dụng với bất kỳ bộ kéo nào được trang bị ren UN 1½ “× 16 tpi có thể được sử dụng với lực tối đa 100 kN (11,2 tấn (Mỹ)) • Được cung cấp với miếng mở rộng 50 (2,0 in), 100 mm (3,9 in) và 150 mm (5,9 in) TMHS 75 TMHS 75 Tài liệu liên quan Thông số Kỹ thuật sản phẩm TMHS 75, TMHS 100 (436.8 KB) Hướng dẫn sử dụng TMHS 75 (1.1 MB) Hướng dẫn sử dụng TMHS 100 (3.0 MB) Thông số Kỹ thuật Designation TMHS 75 TMHS 100 Contents 1 × hydraulic spindle 1 × hydraulic spindle 2 × extension pieces; 50 and 100 mm (2.0 and 3.9 in.) 3 × extension pieces; 50, 100 and 150 mm (2.0, 3.9 and 5.9 in.) 1 × nosepiece 1 × nosepiece Maximum withdrawal force 75 kN (8,4 ton US) 100 kN (11.2 ton US) Piston stroke 75 mm (3.0 in.) 80 mm (3.1 in.) Body thread UN 11/4 × 12 UN 11/2 × 16 Nose piece diameter 35 mm (1.4 in.) 30 mm (1.2 in.) Maximum reach 229 mm (9.0 in.) 390 mm (15.4 in.) Weight 2,7 kg (6.0 lb) 4,5 kg (10.0 lb)","[]","15543000","in_stock","vongbicongnghiep.vn-wc-store-api-category-search-skf","2026-04-29T13:56:31.932Z"
"41021","SKF","TMHP 50/570X-SKF","TMHP 50/570X-SKF","TMHP50570XSKF","Cảo SKF TMHP 50/570X","Cảo vòng bi","Cảo vòng bi","101","san-pham-bao-tri","https://vongbicongnghiep.vn/san-pham/cao-vong-bi-thuy-luc-skf-tmhp-50-570x/","https://vongbicongnghiep.vn/wp-content/uploads/2023/02/TMHP.png","[""https://vongbicongnghiep.vn/wp-content/uploads/2023/02/TMHP.png""]","","Cảo vòng bi thủy lực hạng nặng TMHP Hệ thống cảo thủy lực tự định tâm • Các tay cảo được hỗ trợ bởi hệ thống thủy lực gồm SKF TMHP 15, TMHP 30 và TMHP 50 cung cấp lực kéo mạnh mẽ và sự an toàn của bộ kéo. Hệ thống cảo thủy lực tự định tâm. • Hệ thống tay cảo được hỗ trợ bởi hệ thống kéo thủy lực với lực kéo tối đa là 15, 30, 50 tấn. • Hệ thống Pantograph để căn chỉnh tối ưu các lực rút và giảm thiểu nguy cơ làm hỏng trục hoặc vòng bi. • Lực kéo của cảo rất lớn được triển khai một cách dễ dàng (tự định tâm, tay cầm nâng, chốt mắt, v.v.) • Có thể được cung cấp cùng với hoặc không có bơm thủy lực SKF TMJL 100 Thông số kỹ thuật Ký hiệu Số tay cảo Độ mở của cảo Chiều dài tay cảo sử dụng Stroke Áp suất làm việc lớn nhất Lực kéo lớn nhất Khối lượng Số lượng mm mm mm MPa KN kg TMHP 15/260 3 195-386 264 100 80 150 34 TMHP 30/170 3 290-500 170 50 80 300 45 TMHP 30/350 3 290-500 350 50 80 300 47 TMHP 30/600 3 290-500 600 50 80 300 56 TMHP 50/140 3 310-506 140 40 80 500 47 TMHP 50/320 3 310-506 320 40 80 500 54 TMHP 50/570 3 310-506 570 40 80 500 56 Nếu khách hàng đặt bộ cảo mà không cần bơm thủy lực TMJL 100. Vui lòng thêm hậu tố “X” vào ký hiệu khi đặt hàng (ví dụ: TMHP 30/170X). </span","[]","230951000","out_of_stock","vongbicongnghiep.vn-wc-store-api-category-search-skf","2026-04-29T13:56:31.932Z"
"41018","SKF","TMHP 50/320-SKF","TMHP 50/320-SKF","TMHP50320SKF","Cảo SKF TMHP 50/320","Cảo vòng bi","Cảo vòng bi","101","san-pham-bao-tri","https://vongbicongnghiep.vn/san-pham/cao-vong-bi-thuy-luc-skf-tmhp-50-320/","https://vongbicongnghiep.vn/wp-content/uploads/2023/02/TMHP.png","[""https://vongbicongnghiep.vn/wp-content/uploads/2023/02/TMHP.png""]","","Cảo vòng bi thủy lực hạng nặng TMHP Hệ thống cảo thủy lực tự định tâm • Các tay cảo được hỗ trợ bởi hệ thống thủy lực gồm SKF TMHP 15, TMHP 30 và TMHP 50 cung cấp lực kéo mạnh mẽ và sự an toàn của bộ kéo. Hệ thống cảo thủy lực tự định tâm. • Hệ thống tay cảo được hỗ trợ bởi hệ thống kéo thủy lực với lực kéo tối đa là 15, 30, 50 tấn. • Hệ thống Pantograph để căn chỉnh tối ưu các lực rút và giảm thiểu nguy cơ làm hỏng trục hoặc vòng bi. • Lực kéo của cảo rất lớn được triển khai một cách dễ dàng (tự định tâm, tay cầm nâng, chốt mắt, v.v.) • Có thể được cung cấp cùng với hoặc không có bơm thủy lực SKF TMJL 100 Thông số kỹ thuật Ký hiệu Số tay cảo Độ mở của cảo Chiều dài tay cảo sử dụng Stroke Áp suất làm việc lớn nhất Lực kéo lớn nhất Khối lượng Số lượng mm mm mm MPa KN kg TMHP 15/260 3 195-386 264 100 80 150 34 TMHP 30/170 3 290-500 170 50 80 300 45 TMHP 30/350 3 290-500 350 50 80 300 47 TMHP 30/600 3 290-500 600 50 80 300 56 TMHP 50/140 3 310-506 140 40 80 500 47 TMHP 50/320 3 310-506 320 40 80 500 54 TMHP 50/570 3 310-506 570 40 80 500 56 Nếu khách hàng đặt bộ cảo mà không cần bơm thủy lực TMJL 100. Vui lòng thêm hậu tố “X” vào ký hiệu khi đặt hàng (ví dụ: TMHP 30/170X). </span","[]","277939000","out_of_stock","vongbicongnghiep.vn-wc-store-api-category-search-skf","2026-04-29T13:56:31.933Z"
"41019","SKF","TMHP 50/320X-SKF","TMHP 50/320X-SKF","TMHP50320XSKF","Cảo SKF TMHP 50/320X","Cảo vòng bi","Cảo vòng bi","101","san-pham-bao-tri","https://vongbicongnghiep.vn/san-pham/cao-vong-bi-thuy-luc-skf-tmhp-50-320x/","https://vongbicongnghiep.vn/wp-content/uploads/2023/02/TMHP.png","[""https://vongbicongnghiep.vn/wp-content/uploads/2023/02/TMHP.png""]","","Cảo vòng bi thủy lực hạng nặng TMHP Hệ thống cảo thủy lực tự định tâm • Các tay cảo được hỗ trợ bởi hệ thống thủy lực gồm SKF TMHP 15, TMHP 30 và TMHP 50 cung cấp lực kéo mạnh mẽ và sự an toàn của bộ kéo. Hệ thống cảo thủy lực tự định tâm. • Hệ thống tay cảo được hỗ trợ bởi hệ thống kéo thủy lực với lực kéo tối đa là 15, 30, 50 tấn. • Hệ thống Pantograph để căn chỉnh tối ưu các lực rút và giảm thiểu nguy cơ làm hỏng trục hoặc vòng bi. • Lực kéo của cảo rất lớn được triển khai một cách dễ dàng (tự định tâm, tay cầm nâng, chốt mắt, v.v.) • Có thể được cung cấp cùng với hoặc không có bơm thủy lực SKF TMJL 100 Thông số kỹ thuật Ký hiệu Số tay cảo Độ mở của cảo Chiều dài tay cảo sử dụng Stroke Áp suất làm việc lớn nhất Lực kéo lớn nhất Khối lượng Số lượng mm mm mm MPa KN kg TMHP 15/260 3 195-386 264 100 80 150 34 TMHP 30/170 3 290-500 170 50 80 300 45 TMHP 30/350 3 290-500 350 50 80 300 47 TMHP 30/600 3 290-500 600 50 80 300 56 TMHP 50/140 3 310-506 140 40 80 500 47 TMHP 50/320 3 310-506 320 40 80 500 54 TMHP 50/570 3 310-506 570 40 80 500 56 Nếu khách hàng đặt bộ cảo mà không cần bơm thủy lực TMJL 100. Vui lòng thêm hậu tố “X” vào ký hiệu khi đặt hàng (ví dụ: TMHP 30/170X). </span","[]","227948000","out_of_stock","vongbicongnghiep.vn-wc-store-api-category-search-skf","2026-04-29T13:56:31.933Z"
"41016","SKF","TMHP 50/140X-SKF","TMHP 50/140X-SKF","TMHP50140XSKF","Cảo SKF TMHP 50/140X","Cảo vòng bi","Cảo vòng bi","101","san-pham-bao-tri","https://vongbicongnghiep.vn/san-pham/cao-vong-bi-thuy-luc-skf-tmhp-50-140x/","https://vongbicongnghiep.vn/wp-content/uploads/2023/02/TMHP.png","[""https://vongbicongnghiep.vn/wp-content/uploads/2023/02/TMHP.png""]","","Cảo vòng bi thủy lực hạng nặng TMHP Hệ thống cảo thủy lực tự định tâm • Các tay cảo được hỗ trợ bởi hệ thống thủy lực gồm SKF TMHP 15, TMHP 30 và TMHP 50 cung cấp lực kéo mạnh mẽ và sự an toàn của bộ kéo. Hệ thống cảo thủy lực tự định tâm. • Hệ thống tay cảo được hỗ trợ bởi hệ thống kéo thủy lực với lực kéo tối đa là 15, 30, 50 tấn. • Hệ thống Pantograph để căn chỉnh tối ưu các lực rút và giảm thiểu nguy cơ làm hỏng trục hoặc vòng bi. • Lực kéo của cảo rất lớn được triển khai một cách dễ dàng (tự định tâm, tay cầm nâng, chốt mắt, v.v.) • Có thể được cung cấp cùng với hoặc không có bơm thủy lực SKF TMJL 100 Thông số kỹ thuật Ký hiệu Số tay cảo Độ mở của cảo Chiều dài tay cảo sử dụng Stroke Áp suất làm việc lớn nhất Lực kéo lớn nhất Khối lượng Số lượng mm mm mm MPa KN kg TMHP 15/260 3 195-386 264 100 80 150 34 TMHP 30/170 3 290-500 170 50 80 300 45 TMHP 30/350 3 290-500 350 50 80 300 47 TMHP 30/600 3 290-500 600 50 80 300 56 TMHP 50/140 3 310-506 140 40 80 500 47 TMHP 50/320 3 310-506 320 40 80 500 54 TMHP 50/570 3 310-506 570 40 80 500 56 Nếu khách hàng đặt bộ cảo mà không cần bơm thủy lực TMJL 100. Vui lòng thêm hậu tố “X” vào ký hiệu khi đặt hàng (ví dụ: TMHP 30/170X). </span","[]","224944000","out_of_stock","vongbicongnghiep.vn-wc-store-api-category-search-skf","2026-04-29T13:56:31.933Z"
"41017","SKF","TMHP 50/140-SKF","TMHP 50/140-SKF","TMHP50140SKF","Cảo SKF TMHP 50/140","Cảo vòng bi","Cảo vòng bi","101","san-pham-bao-tri","https://vongbicongnghiep.vn/san-pham/cao-vong-bi-thuy-luc-skf-tmhp-50-140/","https://vongbicongnghiep.vn/wp-content/uploads/2023/02/TMHP.png","[""https://vongbicongnghiep.vn/wp-content/uploads/2023/02/TMHP.png""]","","Cảo vòng bi thủy lực hạng nặng TMHP Hệ thống cảo thủy lực tự định tâm • Các tay cảo được hỗ trợ bởi hệ thống thủy lực gồm SKF TMHP 15, TMHP 30 và TMHP 50 cung cấp lực kéo mạnh mẽ và sự an toàn của bộ kéo. Hệ thống cảo thủy lực tự định tâm. • Hệ thống tay cảo được hỗ trợ bởi hệ thống kéo thủy lực với lực kéo tối đa là 15, 30, 50 tấn. • Hệ thống Pantograph để căn chỉnh tối ưu các lực rút và giảm thiểu nguy cơ làm hỏng trục hoặc vòng bi. • Lực kéo của cảo rất lớn được triển khai một cách dễ dàng (tự định tâm, tay cầm nâng, chốt mắt, v.v.) • Có thể được cung cấp cùng với hoặc không có bơm thủy lực SKF TMJL 100 Thông số kỹ thuật Ký hiệu Số tay cảo Độ mở của cảo Chiều dài tay cảo sử dụng Stroke Áp suất làm việc lớn nhất Lực kéo lớn nhất Khối lượng Số lượng mm mm mm MPa KN kg TMHP 15/260 3 195-386 264 100 80 150 34 TMHP 30/170 3 290-500 170 50 80 300 45 TMHP 30/350 3 290-500 350 50 80 300 47 TMHP 30/600 3 290-500 600 50 80 300 56 TMHP 50/140 3 310-506 140 40 80 500 47 TMHP 50/320 3 310-506 320 40 80 500 54 TMHP 50/570 3 310-506 570 40 80 500 56 Nếu khách hàng đặt bộ cảo mà không cần bơm thủy lực TMJL 100. Vui lòng thêm hậu tố “X” vào ký hiệu khi đặt hàng (ví dụ: TMHP 30/170X). </span","[]","274936000","out_of_stock","vongbicongnghiep.vn-wc-store-api-category-search-skf","2026-04-29T13:56:31.934Z"
"41015","SKF","TMHP 30/600-SKF","TMHP 30/600-SKF","TMHP30600SKF","Cảo SKF TMHP 30/600","Cảo vòng bi","Cảo vòng bi","101","san-pham-bao-tri","https://vongbicongnghiep.vn/san-pham/cao-vong-bi-thuy-luc-skf-tmhp-30-600/","https://vongbicongnghiep.vn/wp-content/uploads/2023/02/TMHP-1.png","[""https://vongbicongnghiep.vn/wp-content/uploads/2023/02/TMHP-1.png""]","","Cảo vòng bi thủy lực hạng nặng TMHP Hệ thống cảo thủy lực tự định tâm • Các tay cảo được hỗ trợ bởi hệ thống thủy lực gồm SKF TMHP 15, TMHP 30 và TMHP 50 cung cấp lực kéo mạnh mẽ và sự an toàn của bộ kéo. Hệ thống cảo thủy lực tự định tâm. • Hệ thống tay cảo được hỗ trợ bởi hệ thống kéo thủy lực với lực kéo tối đa là 15, 30, 50 tấn. • Hệ thống Pantograph để căn chỉnh tối ưu các lực rút và giảm thiểu nguy cơ làm hỏng trục hoặc vòng bi. • Lực kéo của cảo rất lớn được triển khai một cách dễ dàng (tự định tâm, tay cầm nâng, chốt mắt, v.v.) • Có thể được cung cấp cùng với hoặc không có bơm thủy lực SKF TMJL 100 Thông số kỹ thuật Ký hiệu Số tay cảo Độ mở của cảo Chiều dài tay cảo sử dụng Stroke Áp suất làm việc lớn nhất Lực kéo lớn nhất Khối lượng Số lượng mm mm mm MPa KN kg TMHP 15/260 3 195-386 264 100 80 150 34 TMHP 30/170 3 290-500 170 50 80 300 45 TMHP 30/350 3 290-500 350 50 80 300 47 TMHP 30/600 3 290-500 600 50 80 300 56 TMHP 50/140 3 310-506 140 40 80 500 47 TMHP 50/320 3 310-506 320 40 80 500 54 TMHP 50/570 3 310-506 570 40 80 500 56 Nếu khách hàng đặt bộ cảo mà không cần bơm thủy lực TMJL 100. Vui lòng thêm hậu tố “X” vào ký hiệu khi đặt hàng (ví dụ: TMHP 30/170X). </span","[]","244941000","out_of_stock","vongbicongnghiep.vn-wc-store-api-category-search-skf","2026-04-29T13:56:31.934Z"
"41014","SKF","TMHP 30/600X-SKF","TMHP 30/600X-SKF","TMHP30600XSKF","Cảo SKF TMHP 30/600X","Cảo vòng bi","Cảo vòng bi","101","san-pham-bao-tri","https://vongbicongnghiep.vn/san-pham/cao-vong-bi-thuy-luc-skf-tmhp-30-600x/","https://vongbicongnghiep.vn/wp-content/uploads/2023/02/TMHP.png","[""https://vongbicongnghiep.vn/wp-content/uploads/2023/02/TMHP.png""]","","Cảo vòng bi thủy lực hạng nặng TMHP Hệ thống cảo thủy lực tự định tâm • Các tay cảo được hỗ trợ bởi hệ thống thủy lực gồm SKF TMHP 15, TMHP 30 và TMHP 50 cung cấp lực kéo mạnh mẽ và sự an toàn của bộ kéo. Hệ thống cảo thủy lực tự định tâm. • Hệ thống tay cảo được hỗ trợ bởi hệ thống kéo thủy lực với lực kéo tối đa là 15, 30, 50 tấn. • Hệ thống Pantograph để căn chỉnh tối ưu các lực rút và giảm thiểu nguy cơ làm hỏng trục hoặc vòng bi. • Lực kéo của cảo rất lớn được triển khai một cách dễ dàng (tự định tâm, tay cầm nâng, chốt mắt, v.v.) • Có thể được cung cấp cùng với hoặc không có bơm thủy lực SKF TMJL 100 Thông số kỹ thuật Ký hiệu Số tay cảo Độ mở của cảo Chiều dài tay cảo sử dụng Stroke Áp suất làm việc lớn nhất Lực kéo lớn nhất Khối lượng Số lượng mm mm mm MPa KN kg TMHP 15/260 3 195-386 264 100 80 150 34 TMHP 30/170 3 290-500 170 50 80 300 45 TMHP 30/350 3 290-500 350 50 80 300 47 TMHP 30/600 3 290-500 600 50 80 300 56 TMHP 50/140 3 310-506 140 40 80 500 47 TMHP 50/320 3 310-506 320 40 80 500 54 TMHP 50/570 3 310-506 570 40 80 500 56 Nếu khách hàng đặt bộ cảo mà không cần bơm thủy lực TMJL 100. Vui lòng thêm hậu tố “X” vào ký hiệu khi đặt hàng (ví dụ: TMHP 30/170X). </span","[]","194986000","out_of_stock","vongbicongnghiep.vn-wc-store-api-category-search-skf","2026-04-29T13:56:31.934Z"
"41013","SKF","TMHP 30/350-SKF","TMHP 30/350-SKF","TMHP30350SKF","Cảo SKF TMHP 30/350","Cảo vòng bi","Cảo vòng bi","101","san-pham-bao-tri","https://vongbicongnghiep.vn/san-pham/cao-vong-bi-thuy-luc-skf-tmhp-30-350/","https://vongbicongnghiep.vn/wp-content/uploads/2023/02/TMHP.png","[""https://vongbicongnghiep.vn/wp-content/uploads/2023/02/TMHP.png""]","","Cảo vòng bi thủy lực hạng nặng TMHP Hệ thống cảo thủy lực tự định tâm • Các tay cảo được hỗ trợ bởi hệ thống thủy lực gồm SKF TMHP 15, TMHP 30 và TMHP 50 cung cấp lực kéo mạnh mẽ và sự an toàn của bộ kéo. Hệ thống cảo thủy lực tự định tâm. • Hệ thống tay cảo được hỗ trợ bởi hệ thống kéo thủy lực với lực kéo tối đa là 15, 30, 50 tấn. • Hệ thống Pantograph để căn chỉnh tối ưu các lực rút và giảm thiểu nguy cơ làm hỏng trục hoặc vòng bi. • Lực kéo của cảo rất lớn được triển khai một cách dễ dàng (tự định tâm, tay cầm nâng, chốt mắt, v.v.) • Có thể được cung cấp cùng với hoặc không có bơm thủy lực SKF TMJL 100 Thông số kỹ thuật Ký hiệu Số tay cảo Độ mở của cảo Chiều dài tay cảo sử dụng Stroke Áp suất làm việc lớn nhất Lực kéo lớn nhất Khối lượng Số lượng mm mm mm MPa KN kg TMHP 15/260 3 195-386 264 100 80 150 34 TMHP 30/170 3 290-500 170 50 80 300 45 TMHP 30/350 3 290-500 350 50 80 300 47 TMHP 30/600 3 290-500 600 50 80 300 56 TMHP 50/140 3 310-506 140 40 80 500 47 TMHP 50/320 3 310-506 320 40 80 500 54 TMHP 50/570 3 310-506 570 40 80 500 56 Nếu khách hàng đặt bộ cảo mà không cần bơm thủy lực TMJL 100. Vui lòng thêm hậu tố “X” vào ký hiệu khi đặt hàng (ví dụ: TMHP 30/170X). </span","[]","238971000","out_of_stock","vongbicongnghiep.vn-wc-store-api-category-search-skf","2026-04-29T13:56:31.935Z"
"41012","SKF","TMHP 30/350X-SKF","TMHP 30/350X-SKF","TMHP30350XSKF","Cảo SKF TMHP 30/350X","Cảo vòng bi","Cảo vòng bi","101","san-pham-bao-tri","https://vongbicongnghiep.vn/san-pham/cao-vong-bi-thuy-luc-skf-tmhp-30-350x/","https://vongbicongnghiep.vn/wp-content/uploads/2023/02/TMHP.png","[""https://vongbicongnghiep.vn/wp-content/uploads/2023/02/TMHP.png""]","","Cảo vòng bi thủy lực hạng nặng TMHP Hệ thống cảo thủy lực tự định tâm • Các tay cảo được hỗ trợ bởi hệ thống thủy lực gồm SKF TMHP 15, TMHP 30 và TMHP 50 cung cấp lực kéo mạnh mẽ và sự an toàn của bộ kéo. Hệ thống cảo thủy lực tự định tâm. • Hệ thống tay cảo được hỗ trợ bởi hệ thống kéo thủy lực với lực kéo tối đa là 15, 30, 50 tấn. • Hệ thống Pantograph để căn chỉnh tối ưu các lực rút và giảm thiểu nguy cơ làm hỏng trục hoặc vòng bi. • Lực kéo của cảo rất lớn được triển khai một cách dễ dàng (tự định tâm, tay cầm nâng, chốt mắt, v.v.) • Có thể được cung cấp cùng với hoặc không có bơm thủy lực SKF TMJL 100 Thông số kỹ thuật Ký hiệu Số tay cảo Độ mở của cảo Chiều dài tay cảo sử dụng Stroke Áp suất làm việc lớn nhất Lực kéo lớn nhất Khối lượng Số lượng mm mm mm MPa KN kg TMHP 15/260 3 195-386 264 100 80 150 34 TMHP 30/170 3 290-500 170 50 80 300 45 TMHP 30/350 3 290-500 350 50 80 300 47 TMHP 30/600 3 290-500 600 50 80 300 56 TMHP 50/140 3 310-506 140 40 80 500 47 TMHP 50/320 3 310-506 320 40 80 500 54 TMHP 50/570 3 310-506 570 40 80 500 56 Nếu khách hàng đặt bộ cảo mà không cần bơm thủy lực TMJL 100. Vui lòng thêm hậu tố “X” vào ký hiệu khi đặt hàng (ví dụ: TMHP 30/170X). </span","[]","188980000","out_of_stock","vongbicongnghiep.vn-wc-store-api-category-search-skf","2026-04-29T13:56:31.935Z"
"41010","SKF","TMHP 30/170-SKF","TMHP 30/170-SKF","TMHP30170SKF","Cảo SKF TMHP 30/170","Cảo vòng bi","Cảo vòng bi","101","san-pham-bao-tri","https://vongbicongnghiep.vn/san-pham/cao-vong-bi-thuy-luc-skf-tmhp-30-170/","https://vongbicongnghiep.vn/wp-content/uploads/2023/02/TMHP.png","[""https://vongbicongnghiep.vn/wp-content/uploads/2023/02/TMHP.png""]","","Cảo vòng bi thủy lực hạng nặng TMHP Hệ thống cảo thủy lực tự định tâm • Các tay cảo được hỗ trợ bởi hệ thống thủy lực gồm SKF TMHP 15, TMHP 30 và TMHP 50 cung cấp lực kéo mạnh mẽ và sự an toàn của bộ kéo. Hệ thống cảo thủy lực tự định tâm. • Hệ thống tay cảo được hỗ trợ bởi hệ thống kéo thủy lực với lực kéo tối đa là 15, 30, 50 tấn. • Hệ thống Pantograph để căn chỉnh tối ưu các lực rút và giảm thiểu nguy cơ làm hỏng trục hoặc vòng bi. • Lực kéo của cảo rất lớn được triển khai một cách dễ dàng (tự định tâm, tay cầm nâng, chốt mắt, v.v.) • Có thể được cung cấp cùng với hoặc không có bơm thủy lực SKF TMJL 100 Thông số kỹ thuật Ký hiệu Số tay cảo Độ mở của cảo Chiều dài tay cảo sử dụng Stroke Áp suất làm việc lớn nhất Lực kéo lớn nhất Khối lượng Số lượng mm mm mm MPa KN kg TMHP 15/260 3 195-386 264 100 80 150 34 TMHP 30/170 3 290-500 170 50 80 300 45 TMHP 30/350 3 290-500 350 50 80 300 47 TMHP 30/600 3 290-500 600 50 80 300 56 TMHP 50/140 3 310-506 140 40 80 500 47 TMHP 50/320 3 310-506 320 40 80 500 54 TMHP 50/570 3 310-506 570 40 80 500 56 Nếu khách hàng đặt bộ cảo mà không cần bơm thủy lực TMJL 100. Vui lòng thêm hậu tố “X” vào ký hiệu khi đặt hàng (ví dụ: TMHP 30/170X). </span","[]","234943000","out_of_stock","vongbicongnghiep.vn-wc-store-api-category-search-skf","2026-04-29T13:56:31.936Z"
"41011","SKF","TMHP 30/170X-SKF","TMHP 30/170X-SKF","TMHP30170XSKF","Cảo SKF TMHP 30/170X","Cảo vòng bi","Cảo vòng bi","101","san-pham-bao-tri","https://vongbicongnghiep.vn/san-pham/cao-vong-bi-thuy-luc-skf-tmhp-30-170x/","https://vongbicongnghiep.vn/wp-content/uploads/2023/02/TMHP.png","[""https://vongbicongnghiep.vn/wp-content/uploads/2023/02/TMHP.png""]","","Cảo vòng bi thủy lực hạng nặng TMHP Hệ thống cảo thủy lực tự định tâm • Các tay cảo được hỗ trợ bởi hệ thống thủy lực gồm SKF TMHP 15, TMHP 30 và TMHP 50 cung cấp lực kéo mạnh mẽ và sự an toàn của bộ kéo. Hệ thống cảo thủy lực tự định tâm. • Hệ thống tay cảo được hỗ trợ bởi hệ thống kéo thủy lực với lực kéo tối đa là 15, 30, 50 tấn. • Hệ thống Pantograph để căn chỉnh tối ưu các lực rút và giảm thiểu nguy cơ làm hỏng trục hoặc vòng bi. • Lực kéo của cảo rất lớn được triển khai một cách dễ dàng (tự định tâm, tay cầm nâng, chốt mắt, v.v.) • Có thể được cung cấp cùng với hoặc không có bơm thủy lực SKF TMJL 100 Thông số kỹ thuật Ký hiệu Số tay cảo Độ mở của cảo Chiều dài tay cảo sử dụng Stroke Áp suất làm việc lớn nhất Lực kéo lớn nhất Khối lượng Số lượng mm mm mm MPa KN kg TMHP 15/260 3 195-386 264 100 80 150 34 TMHP 30/170 3 290-500 170 50 80 300 45 TMHP 30/350 3 290-500 350 50 80 300 47 TMHP 30/600 3 290-500 600 50 80 300 56 TMHP 50/140 3 310-506 140 40 80 500 47 TMHP 50/320 3 310-506 320 40 80 500 54 TMHP 50/570 3 310-506 570 40 80 500 56 Nếu khách hàng đặt bộ cảo mà không cần bơm thủy lực TMJL 100. Vui lòng thêm hậu tố “X” vào ký hiệu khi đặt hàng (ví dụ: TMHP 30/170X). </span","[]","184988000","out_of_stock","vongbicongnghiep.vn-wc-store-api-category-search-skf","2026-04-29T13:56:31.936Z"
"41006","SKF","TMHP 15/260-SKF","TMHP 15/260-SKF","TMHP15260SKF","Cảo SKF TMHP 15/260","Cảo vòng bi","Cảo vòng bi","101","san-pham-bao-tri","https://vongbicongnghiep.vn/san-pham/cao-vong-bi-thuy-luc-skf-tmhp-15-260/","https://vongbicongnghiep.vn/wp-content/uploads/2023/02/TMHP.png","[""https://vongbicongnghiep.vn/wp-content/uploads/2023/02/TMHP.png""]","","Cảo vòng bi thủy lực hạng nặng TMHP Hệ thống cảo thủy lực tự định tâm • Các tay cảo được hỗ trợ bởi hệ thống thủy lực gồm SKF TMHP 15, TMHP 30 và TMHP 50 cung cấp lực kéo mạnh mẽ và sự an toàn của bộ kéo. Hệ thống cảo thủy lực tự định tâm. • Hệ thống tay cảo được hỗ trợ bởi hệ thống kéo thủy lực với lực kéo tối đa là 15, 30, 50 tấn. • Hệ thống Pantograph để căn chỉnh tối ưu các lực rút và giảm thiểu nguy cơ làm hỏng trục hoặc vòng bi. • Lực kéo của cảo rất lớn được triển khai một cách dễ dàng (tự định tâm, tay cầm nâng, chốt mắt, v.v.) • Có thể được cung cấp cùng với hoặc không có bơm thủy lực SKF TMJL 100 Thông số kỹ thuật Ký hiệu Số tay cảo Độ mở của cảo Chiều dài tay cảo sử dụng Stroke Áp suất làm việc lớn nhất Lực kéo lớn nhất Khối lượng Số lượng mm mm mm MPa KN kg TMHP 15/260 3 195-386 264 100 80 150 34 TMHP 30/170 3 290-500 170 50 80 300 45 TMHP 30/350 3 290-500 350 50 80 300 47 TMHP 30/600 3 290-500 600 50 80 300 56 TMHP 50/140 3 310-506 140 40 80 500 47 TMHP 50/320 3 310-506 320 40 80 500 54 TMHP 50/570 3 310-506 570 40 80 500 56 Nếu khách hàng đặt bộ cảo mà không cần bơm thủy lực TMJL 100. Vui lòng thêm hậu tố “X” vào ký hiệu khi đặt hàng (ví dụ: TMHP 30/170X).","[]","170766000","out_of_stock","vongbicongnghiep.vn-wc-store-api-category-search-skf","2026-04-29T13:56:31.937Z"
"41007","SKF","TMHP 15/260X-SKF","TMHP 15/260X-SKF","TMHP15260XSKF","Cảo SKF TMHP 15/260X","Cảo vòng bi","Cảo vòng bi","101","san-pham-bao-tri","https://vongbicongnghiep.vn/san-pham/cao-vong-bi-thuy-luc-skf-tmhp-15-260x/","https://vongbicongnghiep.vn/wp-content/uploads/2023/02/TMHP-1.png","[""https://vongbicongnghiep.vn/wp-content/uploads/2023/02/TMHP-1.png""]","","Cảo vòng bi thủy lực hạng nặng TMHP Hệ thống cảo thủy lực tự định tâm • Các tay cảo được hỗ trợ bởi hệ thống thủy lực gồm SKF TMHP 15, TMHP 30 và TMHP 50 cung cấp lực kéo mạnh mẽ và sự an toàn của bộ kéo. Hệ thống cảo thủy lực tự định tâm. • Hệ thống tay cảo được hỗ trợ bởi hệ thống kéo thủy lực với lực kéo tối đa là 15, 30, 50 tấn. • Hệ thống Pantograph để căn chỉnh tối ưu các lực rút và giảm thiểu nguy cơ làm hỏng trục hoặc vòng bi. • Lực kéo của cảo rất lớn được triển khai một cách dễ dàng (tự định tâm, tay cầm nâng, chốt mắt, v.v.) • Có thể được cung cấp cùng với hoặc không có bơm thủy lực SKF TMJL 100 Thông số kỹ thuật Ký hiệu Số tay cảo Độ mở của cảo Chiều dài tay cảo sử dụng Stroke Áp suất làm việc lớn nhất Lực kéo lớn nhất Khối lượng Số lượng mm mm mm MPa KN kg TMHP 15/260 3 195-386 264 100 80 150 34 TMHP 30/170 3 290-500 170 50 80 300 45 TMHP 30/350 3 290-500 350 50 80 300 47 TMHP 30/600 3 290-500 600 50 80 300 56 TMHP 50/140 3 310-506 140 40 80 500 47 TMHP 50/320 3 310-506 320 40 80 500 54 TMHP 50/570 3 310-506 570 40 80 500 56 Nếu khách hàng đặt bộ cảo mà không cần bơm thủy lực TMJL 100. Vui lòng thêm hậu tố “X” vào ký hiệu khi đặt hàng (ví dụ: TMHP 30/170X).","[]","124998000","out_of_stock","vongbicongnghiep.vn-wc-store-api-category-search-skf","2026-04-29T13:56:31.937Z"
"41000","SKF","TMMA 100H/SET-SKF","TMMA 100H/SET-SKF","TMMA100HSETSKF","Cảo SKF TMMA 100H/SET","Cảo vòng bi","Cảo vòng bi","101","san-pham-bao-tri","https://vongbicongnghiep.vn/san-pham/cao-vong-bi-skf-tmma-100h-set/","https://vongbicongnghiep.vn/wp-content/uploads/2023/02/set.png","[""https://vongbicongnghiep.vn/wp-content/uploads/2023/02/set.png""]","","Bộ cảo Thủy lực EasyPull Một giải pháp tháo vòng bi hoàn chỉnh Được trang bị cánh tay vận hành bằng lò xo và thiết kế chắc chắn, SKF EasyPull là một trong những công cụ thân thiện và an toàn nhất trên thị trường. Được thiết kế công thái học, các cánh tay vận hành bằng lò xo cho phép người dùng định vị bộ kéo phía sau bộ phận chỉ bằng một chuyển động. • Mỗi bộ bao gồm một SKF EasyPull được hỗ trợ thủy lực cùng với tấm kéo ba phần, dòng TMMS và một tấm bảo vệ bộ kéo tạo điều kiện tháo dỡ dễ dàng, an toàn và hầu như không bị hư hỏng • Đặc biệt thích hợp để tháo vòng bi cầu và vòng bi CARB, và các thành phần khác như ròng rọc và bánh đà • Một tấm chăn bảo vệ bộ kéo, dòng TMMX, được làm bằng vật liệu trong suốt chắc chắn cho phép người dùng theo dõi trực quan quy trình tháo dỡ. Trong khi tháo dỡ, tấm chăn giúp bảo vệ khỏi các mảnh vỡ của vòng bi hoặc các bộ phận khác bay ra, do đó nâng cao sự an toàn cho người sử dụng • Một hộp lưu trữ được làm theo yêu cầu chắc chắn có chỗ cho tất cả các bộ phận Video minh họa sử dụng cảo thủy lực TMMA Cảo thủy lực dòng TMMA – Giải pháp tháo vòng bi hoàn hảo Bộ cảo TMMA 75H SET Bộ cảo TMMA 100H SET Tài liệu liên quan Catalog sản phẩm cảo dải TMMA Hướng dẫn sử dụng cảo TMMA 75H SET Hướng dẫn sử dụng cảo TMMA 100H SET Thông số Kỹ thuật Ký hiệu TMMA 75H/SET TMMA 100H/SET Cảo thủy lực TMMA 75H TMMA 100H Đĩa cảo TMMS 100 TMMS 160 Chiều rộng mở cảo nhỏ nhất 26 mm (1.0 in.) 50 mm (2.0 in.) Chiều rộng mở cảo lớn nhất 100 mm (3.9 in.) 160 mm (6.3 in.) Trọng lượng 2,6 kg (5.7 lb) 5,9 kg (13.0 lb) Túi bảo vệ cảo TMMX 280 TMMX 350 Đường kính đĩa lớn nhất 280 mm (11 in.) 350 mm (14 in.) Chiều dài 970 mm (38 in.) 1200 mm (47 in.) Chiều rộng 480 mm (19 in.) 580 mm (23 in.) Trọng lượng 0,5 kg (1.2 lb) 0,6 kg (1.4 lb) Hộp đựng TMMA 75H/SET-1 TMMA 8E-1 Chiều dài 610 mm (24 in.) 680 mm (27 in.) Chiều rộng 260 mm (10 in.) 320 mm (13 in.) Cao 260 mm (10 in.) 270 mm (11 in.) Trọng lượng 5,0 kg (11.0 lb) 12,0 kg (26.5 lb) Tổng trọng lượng ( gồm vỏ hộp) 15,0 kg (33.1 lb) 31,6 kg (70 lb) Danh sách Cảo Ký hiệu Mô tả TMMA 75H/SET TMMA 75H Cảo thủy lực 7,5 tấn TMMS 100 Đĩa cảo 3 mảnh TMMX 280 Túi bảo vệ cảo Hộp đựng TMMA 100H/SET TMMA 100H Cảo thủy lực 10 tấn TMMS 160 Đĩa cảo 3 miếng TMMX 350 Túi bảo vệ cảo Hộp đựng Phụ kiện cảo TMMA 75H/SET và TMMA 100H/SET Cảo Ký hiệu Mô tả TMMA 75H/SET TMMS 50 Đĩa cảo ba miếng TMMA 100H/SET TMMS 50 / TMMS 100 Đĩa cảo ba miếng Phụ kiện cho cảo TMMA 75H/SET và TMMA 100H/SET Tên cảo Ký hiệu Mô tả TMMA 75H/SET TMMA 75H-1 Tay cảo TMMA 75H/80-3 Cơ cấu mở cảo TMHS 5T Bộ phận mở rộng thủy lực TMHS 75 Trục thủy lực TMMA 100H/SET TMMA 100H-1 Tay cảo TMMA 100H/12-3 Cơ cấu mở cảo TMHS 8T Bộ phận mở rộng thủy lực TMHS 100 Trục thủy lực TMHS 100-1 Hydraulic spindle, 100 kN, spindle only","[]","39734000","in_stock","vongbicongnghiep.vn-wc-store-api-category-search-skf","2026-04-29T13:56:31.938Z"
"40998","SKF","TMMK 20-50-SKF","TMMK 20-50-SKF","TMMK2050SKF","Cảo SKF TMMK 20-50","Cảo vòng bi","Cảo vòng bi","101","san-pham-bao-tri","https://vongbicongnghiep.vn/san-pham/bo-cao-thao-lap-vong-bi-tmmk-20-50/","https://vongbicongnghiep.vn/wp-content/uploads/2023/02/TMMK.png","[""https://vongbicongnghiep.vn/wp-content/uploads/2023/02/TMMK.png""]","","TMMK Bộ dụng cụ đa năng để lắp và tháo vòng bi nhanh chóng và dễ dàng Bộ dụng cụ SKF TMMK được thiết kế để lắp và tháo vòng bi nhanh chóng và chính xác các vòng bi rãnh sâu từ trục, và năm trong gối kín . TMMK 10-35 phù hợp với vòng bi có đường kính lỗ từ 10 đến 35 mm, trong khi TMMK 20-50 phù hợp với vòng bi có đường kính lỗ từ 20 đến 50 mm. Để lắp, một công cụ lắp đa năng được bao gồm, thích hợp để lắp các vòng bi cũng như ống lót, vòng đệm, puli đai và các sản phẩm tương tự khác. Các công cụ lắp đa năng cho phép lắp nhiều loại vòng bi và các vật dụng liên quan. Vòng bi rãnh sâu SKF có thể dễ dàng tháo rời khỏi vỏ và gối trục kín, bằng cách sử dụng một bộ kéo ba cánh độc đáo với một búa trượt. • Tất cả các bộ phận được sắp xếp rõ ràng trong hộp để dễ dàng lựa chọn và xác định • Sự kết hợp chính xác giữa vòng va chạm và ống bọc giúp đảm bảo rằng lực lắp không được truyền qua các phần tử lăn của vòng bi, giảm thiểu thiệt hại cho vòng bi do lắp sai • Các vòng va chạm được làm bằng polyamide biến tính có tác động cao. Các ống chống va đập được làm bằng polyamide được gia cố bằng sợi thủy tinh, chịu va đập cao, siêu bền, mạnh và nhẹ • Búa có các mặt bằng nylon và được làm bằng thép chịu lực để có tác động tối đa. Tay cầm, với tay cầm cao su thoải mái để xử lý tốt, hấp thụ sốc và rung động • Các móng cảo được thiết kế đặc biệt để tạo điều kiện khớp chính xác trong rãnh của ổ trục, mang lại độ bám tốt và cho phép áp dụng lực tháo cao hơn • Ký hiệu được khắc laser trên cánh tay cho phép dễ dàng xác định và lựa chọn • Các lò xo được mã hóa theo màu sắc cho phép dễ dàng lựa chọn và kết hợp • Vòng khóa đàn hồi giúp dễ dàng kết nối các tay kéo với trục chính • Trọng lượng trượt nặng của búa trượt tạo ra lực tháo dỡ cao Combi kit – Bộ tháo vòng bi Combi kit – Bộ đóng vòng bi Tài liệu liên quan Catalog bộ tháo lắp vòng bi TMMK Hướng dẫn sử dụng TMMK 10-35 Hướng dẫn sử dụng TMMK 20-50 Thông số Kỹ thuật cảo TMMK 10-35 Ký hiệu TMMK 10–35 Số vòng đệm đóng vòng bi 24 Số lượng ống 2 Đường kính trong của vòng đệm 10–35 mm (0.39–1.38 in.) Đường kính ngoài của vòng đệm 26–80 mm (1.02–3.15 in.) Búa đóng TMFT 36-H Kích thước của hộp đựng 530 × 110 × 360 mm (20.9 × 4.3 × 14.2 in.) Khối lượng 7,6 kg (16.8 lb) Thông số Kỹ thuật cảo TMMK 20-50 Ký hiệu TMMK 20-50 Số vòng đệm đóng vòng bi 21 Số lượng ống 2 Đường kính trong của vòng đệm 20–50 mm (0.79–1.97 in.) Đường kính ngoài của vòng đệm 42–110 mm (1.65–4.33 in.) Búa đóng TMFT 36-H Kích thước của hộp đựng 530 × 110 × 360 mm (20.9 × 4.3 × 14.2 in.) Khối lượng 8,5 kg (18.6 lb) Phụ kiện thay thế Ký hiệu Mô tả TMMD 100-A1 Tay cảo TMMD 100-A2 Tay cảo TMMD 100-A3 Tay cảo TMMD 100-A4 Tay cảo TMMD 100-A5 Tay cảo TMMD 100-A6 Tay cảo TMFT 36 A Ống đóng loại A TMFT 36 B Ống đóng loại B TMFT 36 C Ống đóng loại C TMFT 36 A10-26 Vòng đệm cỡ A10-26 TMFT 36 A10-30 Vòng đệm cỡ A10-30 TMFT 36 A10-35 Vòng đệm cỡ A10-35 TMFT 36 A12-28 Vòng đệm cỡ A12-28 TMFT 36 A12-32 Vòng đệm cỡ A12-32 TMFT 36 A12-37 Vòng đệm cỡ A12-37 TMFT 36 A15-32 Vòng đệm cỡ A15-32 TMFT 36 A15-35 Vòng đệm cỡ A15-35 TMFT 36 A15-42 Vòng đệm cỡ A15-42 TMFT 36 A17-35 Vòng đệm cỡ A17-35 TMFT 36 A17-40 Vòng đệm cỡ A17-40 TMFT 36 A17-47 Vòng đệm cỡ A17-47 TMFT 36 B20-42 Vòng đệm cỡ B20-42 TMFT 36 B20-47 Vòng đệm cỡ B20-47 TMFT 36 B20-52 Vòng đệm cỡ B20-52 TMFT 36 B25-47 Vòng đệm cỡ B25-47 TMFT 36 B25-52 Vòng đệm cỡ B25-52 TMFT 36 B25-62 Vòng đệm cỡ B25-62 TMFT 36 B30-55 Vòng đệm cỡ B30-55 TMFT 36 B30-62 Vòng đệm cỡ B30-62 TMFT 36 B30-72 Vòng đệm cỡ B30-72 TMFT 36 B35-62 Vòng đệm cỡ B35-62 TMFT 36 B35-72 Vòng đệm cỡ B35-72 TMFT 36 B35-80 Vòng đệm cỡ B35-80 TMFT 36 C40-68 Vòng đệm cỡ C40-68 TMFT 36 C40-80 Vòng đệm cỡ C40-80 TMFT 36 C40-90 Vòng đệm cỡ C40-90 TMFT 36 C45-10 Vòng đệm cỡ C40-100 TMFT 36 C45-75 Vòng đệm cỡ C45-75 TMFT 36 C45-85 Vòng đệm cỡ C45-85 TMFT 36 C50-11 Vòng đệm cỡ C50-110 TMFT 36 C50-80 Vòng đệm cỡ C50-80 TMFT 36 C50-90 Vòng đệm cỡ C50-90 TMFT 36-H Búa đóng vòng bi TMMK 10-35-CC Hộp đựng cho TMMK 10-35 TDTC 1/C Hộp đựng không có lớp phủ Sản phẩm liên quan Catalog bộ sản phẩm TMMK Hướng dẫn sử dụng TMMK 10-35 (4.4 MB) Hướng dẫn sử dụng TMMK 20-50 (4.4 MB) Catalog sản phẩm bảo dưỡng và mỡ bôi trơn SKF (20.5 MB) Video mô tả việc đóng tháo vòng bi SKF Phần mềm liên quan Bộ công cụ phần mềm hỗ trợ cho việc lựa chọn ống lót vòng bi và phương pháp lắp Công cụ hướng dẫn tháo và lắp vòng bi Sản phẩm liên quan Bộ đóng vòng bi TMFT 36","[]","35066000","out_of_stock","vongbicongnghiep.vn-wc-store-api-category-search-skf","2026-04-29T13:56:31.939Z"
"40978","SKF","TKBA 10-SKF","TKBA 10-SKF","TKBA10SKF","Dụng cụ căn chỉnh Pully dây đai TKBA 10","Thiết bị kiểm tra máy","Thiết bị kiểm tra máy","101","san-pham-bao-tri","https://vongbicongnghiep.vn/san-pham/dung-cu-can-chinh-pully-day-dai-tkba-10/","https://vongbicongnghiep.vn/wp-content/uploads/2023/02/TKBA10.png","[""https://vongbicongnghiep.vn/wp-content/uploads/2023/02/TKBA10.png""]","","Dụng cụ căn chỉnh Pully TKBA 10 và TKBA 20 Dụng cụ đa năng để căn chỉnh Pully và đĩa xích SKF TKBA 10 và TKBA 20 cho phép các căn chỉnh puli và đĩa xích trên mặt bên. Bộ phận này được gắn từ tính vào mặt trong hoặc mặt ngoài của hầu hết mọi puli dây đai hoặc đĩa xích và không có bộ phận hoặc mục tiêu nhỏ nào có thể bị thất lạc. Một dòng laze được chiếu từ bộ phận phát đến bộ phận phản xạ gắn trên Pully đối diện. Một đường tham chiếu trên bộ phản xạ trực tiếp chỉ ra độ lệch và lệch góc theo phương thẳng đứng. Đường tia laser phản xạ hiển thị trên thiết bị phát cho thấy sự lệch góc theo phương ngang của cả ba. • Nam châm mạnh mẽ cho phép gắn nhanh và dễ dàng • Tạo điều kiện thuận lợi cho việc điều chỉnh đồng thời độ căng và căn chỉnh • Sử dụng được trên hầu hết các loại máy sử dụng đai V, đai quấn, đai gân và hầu hết các loại đai khác cũng như nhông xích • SKF TKBA 10 sử dụng tia laser màu đỏ và có thể được sử dụng cho khoảng cách lên đến 3 m (10 ft) • SKF TKBA 20 sử dụng tia laser xanh lục có khả năng nhìn thấy cao và có thể được sử dụng cho khoảng cách lên đến 6 m (20 ft). Nó thậm chí có thể được sử dụng ngoài trời trong điều kiện nắng • Vỏ nhôm chắc chắn giúp đảm bảo độ ổn định và độ chính xác của việc lắp ráp trong quá trình căn chỉnh Hộp đựng TKBA 10 Hộp đựng TKBA 20 Tài liệu liên quan Brochure Dụng cụ căn chỉnh Pulley TKBA (346.2 KB) Hướng dẫn sử dụng TKBA 10 và TKBA 20 (2.8 MB) Thông số Kỹ thuật TKBA 10 Ký hiệu TKBA 10 Kiểu Laser Laser đỏ Laser 1x Built-in class 2 laser, Chiều dài đường Laser 2 m at 2 m (6.6 ft at 6.6 ft) Độ chính xác đo lường góc Tốt hơn 0,02° at 2 m (6.6 ft) Độ chính xác của phép đo Tốt hơn 0,5 mm (0.02 in.) Khoảng cách đo 50 mm to 3 000 mm (2 in. to 10 ft) Điều khiển Laser on/off rocker switch Vật liệu vỏ thiết bị Aluminum, powder coat finish Kích thước Bộ phát tín hiệu 169 x 51 x 37 mm (6.65 x 2.0 x 1.5 in.) Bộ nhận tín hiệu 169 x 51 x 37 mm (6.5 x 2.0 x 1.5 in.) Kích thước phản xạ 22 x 32 mm (0.9 x 1.3 in.) Trọng lượng Bộ phát 365 g (0.8 lbs) Bộ nhận tín hiệu 340 g (0.7 lbs) Bộ gá Magnetic, side mounted Bộ gá V N/A Pin 2x AAA Alkaline type IEC LR03 Thời gian hoạt động 25 hours continuous operation Kích thước hộp đựng 260 x 85 x 180 mm (10.3 x 3.4 x 7.0 in.) Tổng Trọng lượng (bao gồm cả hộp đựng) 1,3 kg (2.9 lbs) Nhiệt độ vận hành 0 to 40 °C (32 to 104 °F) Nhiệt độ cất giữ –20 to +60 °C (–4 to +140 °F) Độ ẩm 10 to 90% RH non-condensing Khả năng chống nước IP 40 Giấy chứng nhận hiệu chuẩn Valid for two years Hộp chứa bao gồm 1x TKBA 10 transmitter unit 1x TKBA 10 receiver unit 2x AAA batteries 1x Printed instructions for use 1x Calibration certificate Pin 2x AAA Alkaline type IEC LR03 Thời gian hoạt động 25 hours continuous operation Kích thước hộp đựng 260 x 85 x 180 mm (10.3 x 3.4 x 7.0 in.) Tổng Trọng lượng (bao gồm cả hộp đựng) 1,3 kg (2.9 lbs) Nhiệt độ vận hành 0 to 40 °C (32 to 104 °F) Nhiệt độ cất giữ –20 to +60 °C (–4 to +140 °F) Độ ẩm 10 to 90% RH non-condensing Khả năng chống nước IP 40 Giấy chứng nhận hiệu chuẩn Valid for two years Hộp chứa bao gồm 1x TKBA 10 transmitter unit 1x TKBA 10 receiver unit 2x AAA batteries 1x Printed instructions for use 1x Calibration certificate Thông số Kỹ thuật TKBA 20 Ký hiệu TKBA 20 Kiểu Laser Laser xanh Laser 1x Built-in class 2 laser, Chiều dài đường Laser 2 m at 2 m (6.6 ft at 6.6 ft) Độ chính xác đo lường góc Better than 0,02° at 2 m (6.6 ft) Độ chính xác của phép đo Better than 0,5 mm (0.02 in.) Khoảng cách đo 50 mm to 6 000 mm (2 in. to 20 ft) Điều khiển Laser on/off rocker switch Vật liệu vỏ thiết bị Aluminum, powder coat finish Kích thước Bộ phát tín hiệu 169 x 51 x 37 mm (6.65 x 2.0 x 1.5 in.) Bộ nhận tín hiệu 169 x 51 x 37 mm (6.5 x 2.0 x 1.5 in.) Kích thước phản xạ 22 x 32 mm (0.9 x 1.3 in.) Trọng lượng Bộ phát 365 g (0.8 lbs) Bộ thu 340 g (0.7 lbs) Bộ đồ gá Magnetic, side mounted Bộ gá – V N/A Pin 2x AAA Alkaline type IEC LR03 Thời gian hoạt động 8 hours continuous operation Kích thước hộp đựng 260 x 180 x 85 mm (10.2 x 7.1 x 3.3 in.) Tổng trọng lượng (bao gồm hộp đựng) 1,3 kg (2.9 lbs) Nhiệt độ làm việc 0 to 40 °C (32 to 104 °F) Nhiệt độ cất giữ –20 to +60 °C (–4 to +140 °F) Độ ẩm 10 to 90% RH non-condensing Khả năng chống nước IP 40 Giấy phép hiệu chuẩn Valid for two years Hộp đựng gồm có 1x TKBA 20 transmitter unit 1x TKBA 20 receiver unit 2x AAA batteries 1x Printed instructions for use 1x Calibration certificate Tài liệu liên quan Hướng dẫn sử dụng PHL FM10/400 (218.1 KB) Catalog sản phẩm dây đai SKF (3.3 MB) Hướng dẫn sử dụng TKBA 60 Catalogue sản phẩm Bảo trì và Bôi trơn (20.5 MB) Hướng dẫn sử dụng TKBA 20 Căn chỉnh Pulley dây đai TKBA 10 & TKBA 20 Catalog dải sản phẩm TKBA Căn chỉnh Pulley dây đai TKBA 40 Máy Đo Tần Số Dây Đai PHL FM10/400","[]","10835000","out_of_stock","vongbicongnghiep.vn-wc-store-api-category-search-skf","2026-04-29T13:56:31.941Z"
"40948","SKF","TMAS 100-010-SKF","TMAS 100-010-SKF","TMAS100010SKF","TMAS 100-010","Miếng chêm máy móc SKF","Miếng chêm máy móc SKF","101","san-pham-bao-tri","https://vongbicongnghiep.vn/san-pham/tmas-100-010/","https://vongbicongnghiep.vn/wp-content/uploads/2023/02/TMAS.png","[""https://vongbicongnghiep.vn/wp-content/uploads/2023/02/TMAS.png""]","","","[{""name"":""A"",""terms"":[]},{""name"":""Độ dày B [mm]"",""terms"":[""100""]},{""name"":""C (Tải trọng động)-kN"",""terms"":[""32""]}]","729000","out_of_stock","vongbicongnghiep.vn-wc-store-api-category-search-skf","2026-04-29T13:56:31.941Z"
"40947","SKF","TMAS 75-025-SKF","TMAS 75-025-SKF","TMAS75025SKF","TMAS 75-025","Miếng chêm máy móc SKF","Miếng chêm máy móc SKF","101","san-pham-bao-tri","https://vongbicongnghiep.vn/san-pham/tmas-75-025/","https://vongbicongnghiep.vn/wp-content/uploads/2023/02/TMAS.png","[""https://vongbicongnghiep.vn/wp-content/uploads/2023/02/TMAS.png""]","","","[{""name"":""A"",""terms"":[]},{""name"":""Độ dày B [mm]"",""terms"":[""75""]},{""name"":""C (Tải trọng động)-kN"",""terms"":[""21""]}]","729000","in_stock","vongbicongnghiep.vn-wc-store-api-category-search-skf","2026-04-29T13:56:31.941Z"
"40747","SKF","TIH L33/MV-SKF","TIH L33/MV-SKF","TIHL33MVSKF","Máy gia nhiệt SKF TIH L33/MV","Máy gia nhiệt vòng bi","Máy gia nhiệt vòng bi","101","san-pham-bao-tri","https://vongbicongnghiep.vn/san-pham/may-gia-nhiet-vong-bi-skf-tih-l33-mv/","https://vongbicongnghiep.vn/wp-content/uploads/2023/02/TIH-L33.png","[""https://vongbicongnghiep.vn/wp-content/uploads/2023/02/TIH-L33.png""]","","Máy Gia nhiệt cảm ứng cho các vật không phải vòng bi Máy gia nhiệt cảm ứng TIH L MB được thiết kế đặc biệt để làm nóng các bộ phận đặc. Chúng bao gồm vòng, ống bọc, bánh răng, khớp nối, ống lót và ròng rọc, cũng như bánh xe lửa, lốp xe hoặc các thành phần tương tự. Với một cuộn dây từ tính ở trung tâm, những máy gia nhiệt mạnh mẽ và bền bỉ này khoanh vùng sự gia nhiệt trong lỗ khoan phôi để mang lại hiệu suất vượt trội trên các vật thể đặc. – Hoạt động đơn giản và an toàn với điều khiển từ xa và lựa chọn mức công suất phù hợp – Hiệu suất gia nhiệt vượt trội cho phôi đặc với mức tiêu thụ năng lượng thấp – Định vị nhanh chóng và dễ dàng cho các phôi được gia nhiệt – Khử từ tự động giúp giảm nguy cơ ô nhiễm mảnh vụn sắt – Dễ dàng xử lý và vận chuyển với xe nâng tiêu chuẩn – Có sẵn trong ba biến thể điện áp để phù hợp với hầu hết các điện áp hoạt động trên toàn thế giới Lời khuyên: Dòng máy sưởi TIH L MB được thiết kế để gia nhiệt cảm ứng cho các vật thể rắn, đặc không chịu lực. Đối với các ứng dụng sưởi ấm bằng ổ trục, vòng bi chúng tôi khuyên bạn nên sử dụng máy sưởi dòng TIH L tương đương. • TIH L33 MB làm nóng các phôi không chịu lực lên đến 350 kg (772 lb) • Các vật không phải vòng bi, TIH L44 MB và TIH L77 MB gia nhiệt lên đến 600 Kg Thông số TIH L33MB Ký hiệu; TIH L33MB Khối lượng gia nhiệt lớn nhất; 350 kg (772 lb) Dải đường kính trục được gia nhiệt; 115–700 mm (4.5–27.6 in.) Khu vực gia nhiệt; 330 × 320 mm (13.0 × 12.6 in.) Đường kính lõi từ; 150 mm (5.9 in.) Các thanh gia nhiệt( đi kèm) có các kích cỡ khác nhau phù hợp với đường kính vật gia nhiệt; 115 mm (4.5 in.) Công suất máy gia nhiệt; TIH L33MB/LV 15 kVA TIH L33MB/MV 15 kVA Điện áp; TIH L33MB/LV 200–240 V/50–60 Hz TIH L33MB/MV 400–460 V/50–60 Hz Nhiệt độ gia nhiệt; 0–250 °C (32–482 °F); bước nhiệt 1° Thời gian điều khiển; 0–120 phút; bước thời gian 0,1 minute Khử từ theo tiếu chuẩn SKF; nhỏ hơn 2A/cm Nhiệt độ gia nhiệt lớn nhất; 250 °C (482 °F) Kích thước (w × d × h); 400 × 743 × 550 mm (15.8 × 29.3 × 21.7 in.) Trọng lượng; 140 kg (309 lb) Thông số TIH L44MB Ký hiệu; TIH L44MB Khối lượng gia nhiệt lớn nhất; 600 kg (1 323 lb) Dải đường kính trục được gia nhiệt; 150–800 mm (5.9–31.5 in.) Khu vực gia nhiệt; 465 × 492 mm (18.3 × 19.4 in.) Đường kính lõi từ; 175 mm (6.9 in.) Các thanh gia nhiệt( đi kèm) có các kích cỡ khác nhau phù hợp với đường kính vật gia nhiệt; 150 mm (5.9 in.) Công suất máy gia nhiệt; TIH L44MB/LV 20–24 kVA TIH L44MB/MV 20–23 kVA Điện áp; TIH L44MB/LV 200–240 V/50–60 Hz TIH L44MB/MV 400–460 V/50–60 Hz Nhiệt độ gia nhiệt; 0–250 °C (32–482 °F); bước nhiệt 1° Thời gian điều khiển; 0–120 phút; bước thời gian 0,1 phút Khử từ theo tiếu chuẩn SKF; <2A/cm Nhiệt độ gia nhiệt lớn nhất; 250 °C (482 °F) Kích thước (w × d × h); 1 200 × 600 × 850 mm (47.3 × 23.6 × 33.5 in.) Trọng lượng; 324 kg (714 lb) Thông số TIH L77MB Ký hiệu Máy gia nhiệt; TIH L77MB Khối lượng gia nhiệt lớn nhất; 600 kg (1 323 lb) Dải đường kính trục được gia nhiệt; 150–800 mm (5.9–31.5 in.) Khu vực gia nhiệt; 765 × 792 mm (30.1 × 31.2 in.) Đường kính lõi từ máy gia nhiệt; 175 mm (6.9 in.) Các thanh gia nhiệt( đi kèm) có các kích cỡ khác nhau phù hợp với đường kính vật gia nhiệt; 150 mm (5.9 in.) Công suất máy gia nhiệt; TIH L77MB/LV 20–24 kVA TIH L77MB/MV 20–23 kVA Điện áp Máy gia nhiệt; TIH L77MB/LV 200–240 V/50–60 Hz TIH L77MB/MV 400–460 V/50–60 Hz Nhiệt độ gia nhiệt; 0–250 °C (32–482 °F); bước nhiệt 1° Thời gian điều khiển; 0–120 phút; bước thời gian 0,1 minute Khử từ theo tiếu chuẩn SKF; nhỏ hơn 2A/cm Nhiệt độ gia nhiệt lớn nhất; 250 °C (482 °F) Kích thước (w × d × h); 1 320 × 600 × 1 150 mm (52 × 23.6 × 45.3 in.) Trọng lượng; 415 kg (915 lb) Phụ kiện Máy gia nhiệt Ký hiệu phụ kiện Mô tả TIH L33-Y8 Thanh gia nhiệt tiết diện ngang 55 x 55 mm (2.17 x 2.17 in) dùng cho Máy gia nhiệt TIH L33MB TIH L33-Y6 Thanh gia nhiệt tiết diện ngang 40 x 40 mm (1.57 x 1.57 in) dùng cho máy gia nhiệt TIH L33MB TIH L44-Y10 Thanh gia nhiệt tiết diện ngang 70×70 mm cross section (2.7×2.7 in) dùng cho máy gia nhiệt TIH L44MB Vật tư thay thế Ký hiệu Vật tư Mô tả TIH L33-PMV Power print cho máy TIH L33 điện áp 400-460V, 50-60 Hz TIH L-PMV Power print 400-460V, 50-60 Hz TIH L33-PLV Power print cho Máy gia nhiệt TIH L33 kiểu 200-240V, 50-60 Hz TIH L-PLV Power print 200-240V, 50-60 Hz TIH L33-Y12 Thanh gia nhiệt tiết diện 80 x 80 mm (3.15 x 3.15 in), tương thích hoàn toàn với thanh trượt TIH L33MB TIH L44-Y15 Thanh gia nhiệt tiết diện 100×100 mm (3.9 x 3.9 in), tương thích hoàn toàn với thanh trượt TIH L44MB TIH L77-Y15 Thanh gia nhiệt tiết diện 100x100mm (3.9 x 3.9 in), tương thích hoàn toàn với thanh trượt TIH L77MB heater. TIH CP Control print TIH RC3 Bộ điều khiển cho Máy gia nhiệt TIH L33 TIH RC2 Bộ điều khiên TIH L TIH CB32A Ngắt mạch 32A cho TIH L33MB/MV TIH CB63A Ngắt mạch 63A cho TIH L33MB/LV TIH CB50A Ngắt mạch 50A cho TIH L44MB/MV và TIH L77MB/MV TIH CB100A Ngắt mạch 100A cho TIH L44MB/LV và TIH L77MB/LV TIH P20 Đầu đo nhiệt kiểu K bao gồm cáp và giắc cắm LGAF 3E/0.035 Tuýp mỡ bảo dưỡng Máy gia nhiệt Tài liệu sản phẩm Máy gia nhiệt Twim 15 Máy gia nhiệt TIH L77 Máy gia nhiệt TIH 030 Tài liệu máy gia nhiệt SKF Máy gia nhiệt TIH 100 Sổ tay công cụ, dụng cụ SKF Máy gia nhiệt TIH 220 Gang tay chống nhiệt Máy gia nhiệt TIH L33 Vi deo hướng dẫn sử dụng máy gia nhiệt Máy gia nhiệt TIH L44 Tài liệu máy gia nhiệt Twim 15 Gang tay chống nhiệt đến 250 độ C Gang tay chống nhiệt đến 500 độ C","[]","223850000","out_of_stock","vongbicongnghiep.vn-wc-store-api-category-search-skf","2026-04-29T13:56:31.942Z"
"40746","SKF","TIH L33/LV-SKF","TIH L33/LV-SKF","TIHL33LVSKF","Máy gia nhiệt SKF TIH L33/LV","Máy gia nhiệt vòng bi","Máy gia nhiệt vòng bi","101","san-pham-bao-tri","https://vongbicongnghiep.vn/san-pham/may-gia-nhiet-vong-bi-skf-tih-l33-lv/","https://vongbicongnghiep.vn/wp-content/uploads/2023/02/TIH-L33.png","[""https://vongbicongnghiep.vn/wp-content/uploads/2023/02/TIH-L33.png""]","","Máy Gia nhiệt cảm ứng cho các vật không phải vòng bi Máy gia nhiệt cảm ứng TIH L MB được thiết kế đặc biệt để làm nóng các bộ phận đặc. Chúng bao gồm vòng, ống bọc, bánh răng, khớp nối, ống lót và ròng rọc, cũng như bánh xe lửa, lốp xe hoặc các thành phần tương tự. Với một cuộn dây từ tính ở trung tâm, những máy gia nhiệt mạnh mẽ và bền bỉ này khoanh vùng sự gia nhiệt trong lỗ khoan phôi để mang lại hiệu suất vượt trội trên các vật thể đặc. – Hoạt động đơn giản và an toàn với điều khiển từ xa và lựa chọn mức công suất phù hợp – Hiệu suất gia nhiệt vượt trội cho phôi đặc với mức tiêu thụ năng lượng thấp – Định vị nhanh chóng và dễ dàng cho các phôi được gia nhiệt – Khử từ tự động giúp giảm nguy cơ ô nhiễm mảnh vụn sắt – Dễ dàng xử lý và vận chuyển với xe nâng tiêu chuẩn – Có sẵn trong ba biến thể điện áp để phù hợp với hầu hết các điện áp hoạt động trên toàn thế giới Lời khuyên: Dòng máy sưởi TIH L MB được thiết kế để gia nhiệt cảm ứng cho các vật thể rắn, đặc không chịu lực. Đối với các ứng dụng sưởi ấm bằng ổ trục, vòng bi chúng tôi khuyên bạn nên sử dụng máy sưởi dòng TIH L tương đương. • TIH L33 MB làm nóng các phôi không chịu lực lên đến 350 kg (772 lb) • Các vật không phải vòng bi, TIH L44 MB và TIH L77 MB gia nhiệt lên đến 600 Kg Thông số TIH L33MB Ký hiệu; TIH L33MB Khối lượng gia nhiệt lớn nhất; 350 kg (772 lb) Dải đường kính trục được gia nhiệt; 115–700 mm (4.5–27.6 in.) Khu vực gia nhiệt; 330 × 320 mm (13.0 × 12.6 in.) Đường kính lõi từ; 150 mm (5.9 in.) Các thanh gia nhiệt( đi kèm) có các kích cỡ khác nhau phù hợp với đường kính vật gia nhiệt; 115 mm (4.5 in.) Công suất máy gia nhiệt; TIH L33MB/LV 15 kVA TIH L33MB/MV 15 kVA Điện áp; TIH L33MB/LV 200–240 V/50–60 Hz TIH L33MB/MV 400–460 V/50–60 Hz Nhiệt độ gia nhiệt; 0–250 °C (32–482 °F); bước nhiệt 1° Thời gian điều khiển; 0–120 phút; bước thời gian 0,1 minute Khử từ theo tiếu chuẩn SKF; nhỏ hơn 2A/cm Nhiệt độ gia nhiệt lớn nhất; 250 °C (482 °F) Kích thước (w × d × h); 400 × 743 × 550 mm (15.8 × 29.3 × 21.7 in.) Trọng lượng; 140 kg (309 lb) Thông số TIH L44MB Ký hiệu; TIH L44MB Khối lượng gia nhiệt lớn nhất; 600 kg (1 323 lb) Dải đường kính trục được gia nhiệt; 150–800 mm (5.9–31.5 in.) Khu vực gia nhiệt; 465 × 492 mm (18.3 × 19.4 in.) Đường kính lõi từ; 175 mm (6.9 in.) Các thanh gia nhiệt( đi kèm) có các kích cỡ khác nhau phù hợp với đường kính vật gia nhiệt; 150 mm (5.9 in.) Công suất máy gia nhiệt; TIH L44MB/LV 20–24 kVA TIH L44MB/MV 20–23 kVA Điện áp; TIH L44MB/LV 200–240 V/50–60 Hz TIH L44MB/MV 400–460 V/50–60 Hz Nhiệt độ gia nhiệt; 0–250 °C (32–482 °F); bước nhiệt 1° Thời gian điều khiển; 0–120 phút; bước thời gian 0,1 phút Khử từ theo tiếu chuẩn SKF; <2A/cm Nhiệt độ gia nhiệt lớn nhất; 250 °C (482 °F) Kích thước (w × d × h); 1 200 × 600 × 850 mm (47.3 × 23.6 × 33.5 in.) Trọng lượng; 324 kg (714 lb) Thông số TIH L77MB Ký hiệu Máy gia nhiệt; TIH L77MB Khối lượng gia nhiệt lớn nhất; 600 kg (1 323 lb) Dải đường kính trục được gia nhiệt; 150–800 mm (5.9–31.5 in.) Khu vực gia nhiệt; 765 × 792 mm (30.1 × 31.2 in.) Đường kính lõi từ máy gia nhiệt; 175 mm (6.9 in.) Các thanh gia nhiệt( đi kèm) có các kích cỡ khác nhau phù hợp với đường kính vật gia nhiệt; 150 mm (5.9 in.) Công suất máy gia nhiệt; TIH L77MB/LV 20–24 kVA TIH L77MB/MV 20–23 kVA Điện áp Máy gia nhiệt; TIH L77MB/LV 200–240 V/50–60 Hz TIH L77MB/MV 400–460 V/50–60 Hz Nhiệt độ gia nhiệt; 0–250 °C (32–482 °F); bước nhiệt 1° Thời gian điều khiển; 0–120 phút; bước thời gian 0,1 minute Khử từ theo tiếu chuẩn SKF; nhỏ hơn 2A/cm Nhiệt độ gia nhiệt lớn nhất; 250 °C (482 °F) Kích thước (w × d × h); 1 320 × 600 × 1 150 mm (52 × 23.6 × 45.3 in.) Trọng lượng; 415 kg (915 lb) Phụ kiện Máy gia nhiệt Ký hiệu phụ kiện Mô tả TIH L33-Y8 Thanh gia nhiệt tiết diện ngang 55 x 55 mm (2.17 x 2.17 in) dùng cho Máy gia nhiệt TIH L33MB TIH L33-Y6 Thanh gia nhiệt tiết diện ngang 40 x 40 mm (1.57 x 1.57 in) dùng cho máy gia nhiệt TIH L33MB TIH L44-Y10 Thanh gia nhiệt tiết diện ngang 70×70 mm cross section (2.7×2.7 in) dùng cho máy gia nhiệt TIH L44MB Vật tư thay thế Ký hiệu Vật tư Mô tả TIH L33-PMV Power print cho máy TIH L33 điện áp 400-460V, 50-60 Hz TIH L-PMV Power print 400-460V, 50-60 Hz TIH L33-PLV Power print cho Máy gia nhiệt TIH L33 kiểu 200-240V, 50-60 Hz TIH L-PLV Power print 200-240V, 50-60 Hz TIH L33-Y12 Thanh gia nhiệt tiết diện 80 x 80 mm (3.15 x 3.15 in), tương thích hoàn toàn với thanh trượt TIH L33MB TIH L44-Y15 Thanh gia nhiệt tiết diện 100×100 mm (3.9 x 3.9 in), tương thích hoàn toàn với thanh trượt TIH L44MB TIH L77-Y15 Thanh gia nhiệt tiết diện 100x100mm (3.9 x 3.9 in), tương thích hoàn toàn với thanh trượt TIH L77MB heater. TIH CP Control print TIH RC3 Bộ điều khiển cho Máy gia nhiệt TIH L33 TIH RC2 Bộ điều khiên TIH L TIH CB32A Ngắt mạch 32A cho TIH L33MB/MV TIH CB63A Ngắt mạch 63A cho TIH L33MB/LV TIH CB50A Ngắt mạch 50A cho TIH L44MB/MV và TIH L77MB/MV TIH CB100A Ngắt mạch 100A cho TIH L44MB/LV và TIH L77MB/LV TIH P20 Đầu đo nhiệt kiểu K bao gồm cáp và giắc cắm LGAF 3E/0.035 Tuýp mỡ bảo dưỡng Máy gia nhiệt Tài liệu sản phẩm Máy gia nhiệt Twim 15 Máy gia nhiệt TIH L77 Máy gia nhiệt TIH 030 Tài liệu máy gia nhiệt SKF Máy gia nhiệt TIH 100 Sổ tay công cụ, dụng cụ SKF Máy gia nhiệt TIH 220 Gang tay chống nhiệt Máy gia nhiệt TIH L33 Vi deo hướng dẫn sử dụng máy gia nhiệt Máy gia nhiệt TIH L44 Tài liệu máy gia nhiệt Twim 15 Gang tay chống nhiệt đến 250 độ C Gang tay chống nhiệt đến 500 độ C","[]","223850000","out_of_stock","vongbicongnghiep.vn-wc-store-api-category-search-skf","2026-04-29T13:56:31.944Z"
"40744","SKF","TIH L77MB/MV-SKF","TIH L77MB/MV-SKF","TIHL77MBMVSKF","Máy gia nhiệt SKF TIH L77MB/MV","Máy gia nhiệt vòng bi","Máy gia nhiệt vòng bi","101","san-pham-bao-tri","https://vongbicongnghiep.vn/san-pham/may-gia-nhiet-vong-bi-skf-tih-l77mb-mv/","https://vongbicongnghiep.vn/wp-content/uploads/2023/02/TIH-L77.png","[""https://vongbicongnghiep.vn/wp-content/uploads/2023/02/TIH-L77.png""]","","Máy gia nhiêt SKF TIH L77 TIH L77 là Máy gia nhiệt loại cực lớn có thể mở rộng vùng làm việc •Máy gia nhiệt có thể mở rộng được khu vực gia nhiệt. •Sử dụng công suất điện 20 kVA, TIH L44 có thể làm nóng các ổ trục lớn lên đến 1 200 kg (2 600 lb) •Khu vực hoạt động cực lớn cho các vòng bi có đặc biệt có kích thước lớn. Dòng máy gia nhiệt SKF TIH L Máy gia nhiệt SKF TIH dòng L được đặc trưng bởi công suất gia nhiệt cao và kích thước lớn. Chúng là sự tiếp nối của dòng TIH để làm nóng các vòng bi kích thước lớn.Tất cả các máy gia nhiệt đều được trang bị thanh trượt, thiết kế cuộn dây kép và thiết bị điện tử công suất tiên tiến. Khung của máy gia nhiệt cho phép vận chuyển dễ dàng bằng xe nâng. Sự khác biệt chính giữa các máy gia nhiệt trong phạm vi TIH L là công suất gia nhiệt và khu vực gia nhiệt. – Chốt trượt là một cơ cấu mạnh mẽ để di chuyển thanh gia nhiệt một cách dễ dàng và an toàn. Các ray trượt rất bền và ngăn chặn thanh vô tình rơi xuống. Có thể dễ dàng thay thế bằng một thanh gia nhiệt nhỏ hơn. – Thiết kế cuộn dây kép mang lại hiệu suất cao cho việc gia nhiệt vòng bi theo hướng ngang hoặc dọc và giúp bạn linh hoạt trong việc gia nhiệt vòng bi theo cùng hướng với trục để lắp nhanh chóng và thuận tiện. Dòng máy gia nhiệt cảm ứng TIH L SKF được thiết kế để lắp các ổ trục lớn trong xưởng hoặc hiện trường một cách nhanh chóng và an toàn. Máy sưởi mang lại tính linh hoạt cao và phù hợp với nhiều loại và kích cỡ vòng bi. Máy sưởi TIH dòng L có thể được tìm thấy trong hầu hết các ngành công nghiệp với các ổ trục có kích thước lớn. Thông số kỹ thuật Ký hiệu: TIH L77 Khối lượn gia nhiệt lớn nhất; 1 200 kg (2 600 lb) Dải đường kính gia nhiệt: 150–800 mm (5.9–31.5 in.) Vùng gia nhiệt (rộng × cao); 425 × 492 mm (16.7 × 19.4 in.) Đường kính lõi từ; 175 mm (6.9 in.) Thanh gia nhiệt tiêu chuẩn (bao gồm) để phù hợp với ổ trục đường kính lỗ khoan tối thiểu của phôi; 150 mm (5.9 in.) Ví dụ về hiệu suất của thiết bị (vòng bi, trọng lượng, nhiệt độ, thời gian) Công suất tối đa TIH L77/MV: 20–23 kVA TIH L77/LV: 20–24 kVA Điện áp 100–120 V/50–60 Hz 200–240 V/50–60 Hz TIH L77/LV 400–460 V/50–60 Hz TIH L77/MV Dải nhiệt độ điều khiển 20 to 250 °C (68 to 482 °F) Khử từ theo tiêu chuẩn SKF nhỏ hơn 2 A/cm Kích thước (w × d × h) 1 320 × 600 × 1 150 mm Tổng khối lượng (bao gồm cả thanh gia nhiệt) 415 kg (915 lb) Hướng dẫn sử dụng máy gia nhiệt TIH Tài liệu sản phẩm Máy gia nhiệt Twim 15 Máy gia nhiệt TIH L77 Máy gia nhiệt TIH 030 Tài liệu máy gia nhiệt SKF Máy gia nhiệt TIH 100 Sổ tay công cụ, dụng cụ SKF Máy gia nhiệt TIH 220 Gang tay chống nhiệt Máy gia nhiệt TIH L33 Vi deo hướng dẫn sử dụng máy gia nhiệt Máy gia nhiệt TIH L44 Tài liệu máy gia nhiệt Twim 15","[]","594486000","out_of_stock","vongbicongnghiep.vn-wc-store-api-category-search-skf","2026-04-29T13:56:31.945Z"
"40740","SKF","TIH L77/MV-SKF","TIH L77/MV-SKF","TIHL77MVSKF","Máy gia nhiệt SKF TIH L77/MV","Máy gia nhiệt vòng bi","Máy gia nhiệt vòng bi","101","san-pham-bao-tri","https://vongbicongnghiep.vn/san-pham/may-gia-nhiet-vong-bi-skf-tih-l77-mv/","https://vongbicongnghiep.vn/wp-content/uploads/2023/02/TIH-L77.png","[""https://vongbicongnghiep.vn/wp-content/uploads/2023/02/TIH-L77.png""]","","Máy gia nhiêt SKF TIH L77 TIH L77 là Máy gia nhiệt loại cực lớn có thể mở rộng vùng làm việc •Máy gia nhiệt có thể mở rộng được khu vực gia nhiệt. •Sử dụng công suất điện 20 kVA, TIH L44 có thể làm nóng các ổ trục lớn lên đến 1 200 kg (2 600 lb) •Khu vực hoạt động cực lớn cho các vòng bi có đặc biệt có kích thước lớn. Dòng máy gia nhiệt SKF TIH L Máy gia nhiệt SKF TIH dòng L được đặc trưng bởi công suất gia nhiệt cao và kích thước lớn. Chúng là sự tiếp nối của dòng TIH để làm nóng các vòng bi kích thước lớn.Tất cả các máy gia nhiệt đều được trang bị thanh trượt, thiết kế cuộn dây kép và thiết bị điện tử công suất tiên tiến. Khung của máy gia nhiệt cho phép vận chuyển dễ dàng bằng xe nâng. Sự khác biệt chính giữa các máy gia nhiệt trong phạm vi TIH L là công suất gia nhiệt và khu vực gia nhiệt. – Chốt trượt là một cơ cấu mạnh mẽ để di chuyển thanh gia nhiệt một cách dễ dàng và an toàn. Các ray trượt rất bền và ngăn chặn thanh vô tình rơi xuống. Có thể dễ dàng thay thế bằng một thanh gia nhiệt nhỏ hơn. – Thiết kế cuộn dây kép mang lại hiệu suất cao cho việc gia nhiệt vòng bi theo hướng ngang hoặc dọc và giúp bạn linh hoạt trong việc gia nhiệt vòng bi theo cùng hướng với trục để lắp nhanh chóng và thuận tiện. Dòng máy gia nhiệt cảm ứng TIH L SKF được thiết kế để lắp các ổ trục lớn trong xưởng hoặc hiện trường một cách nhanh chóng và an toàn. Máy sưởi mang lại tính linh hoạt cao và phù hợp với nhiều loại và kích cỡ vòng bi. Máy sưởi TIH dòng L có thể được tìm thấy trong hầu hết các ngành công nghiệp với các ổ trục có kích thước lớn. Thông số kỹ thuật Ký hiệu: TIH L77 Khối lượn gia nhiệt lớn nhất; 1 200 kg (2 600 lb) Dải đường kính gia nhiệt: 150–800 mm (5.9–31.5 in.) Vùng gia nhiệt (rộng × cao); 425 × 492 mm (16.7 × 19.4 in.) Đường kính lõi từ; 175 mm (6.9 in.) Thanh gia nhiệt tiêu chuẩn (bao gồm) để phù hợp với ổ trục đường kính lỗ khoan tối thiểu của phôi; 150 mm (5.9 in.) Ví dụ về hiệu suất của thiết bị (vòng bi, trọng lượng, nhiệt độ, thời gian) Công suất tối đa TIH L77/MV: 20–23 kVA TIH L77/LV: 20–24 kVA Điện áp 100–120 V/50–60 Hz 200–240 V/50–60 Hz TIH L77/LV 400–460 V/50–60 Hz TIH L77/MV Dải nhiệt độ điều khiển 20 to 250 °C (68 to 482 °F) Khử từ theo tiêu chuẩn SKF nhỏ hơn 2 A/cm Kích thước (w × d × h) 1 320 × 600 × 1 150 mm Tổng khối lượng (bao gồm cả thanh gia nhiệt) 415 kg (915 lb) Hướng dẫn sử dụng máy gia nhiệt TIH Tài liệu sản phẩm Máy gia nhiệt Twim 15 Máy gia nhiệt TIH L77 Máy gia nhiệt TIH 030 Tài liệu máy gia nhiệt SKF Máy gia nhiệt TIH 100 Sổ tay công cụ, dụng cụ SKF Máy gia nhiệt TIH 220 Gang tay chống nhiệt Máy gia nhiệt TIH L33 Vi deo hướng dẫn sử dụng máy gia nhiệt Máy gia nhiệt TIH L44 Tài liệu máy gia nhiệt Twim 15","[]","594486000","out_of_stock","vongbicongnghiep.vn-wc-store-api-category-search-skf","2026-04-29T13:56:31.945Z"
"40736","SKF","TIH 220M/MV-SKF","TIH 220M/MV-SKF","TIH220MMVSKF","Máy gia nhiệt SKF TIH 220M/MV","Máy gia nhiệt vòng bi","Máy gia nhiệt vòng bi","101","san-pham-bao-tri","https://vongbicongnghiep.vn/san-pham/may-gia-nhiet-vong-bi-skf-tih-220m-mv/","https://vongbicongnghiep.vn/wp-content/uploads/2023/02/maxresdefault-6.jpg","[""https://vongbicongnghiep.vn/wp-content/uploads/2023/02/maxresdefault-6.jpg""]","","Máy gia nhiệt loại lớn, có khả năng gia nhiệt vòng bi tới 300 kg • Có khả năng làm nóng ổ trục 220 kg (480 lb) chỉ trong 20 phút • Tiêu chuẩn được cung cấp với hai thanh gia nhiệt, cho phép gia nhiệt các ổ trục có đường kính lỗ từ 60 mm (2,3 in.) lên tới trọng lượng tối đa 300 kg (660 lb). • Cánh tay trượt cho các kích thước gia nhiệt lớn Đặc điểm và Lợi ích Dòng sản phẩm máy gia nhiệt cảm ứng SKF có thể được sử dụng để làm nóng vòng bi và phôi một cách hiệu quả, cả lớn và nhỏ. Thiết kế sáng tạo mang lại những lợi thế đáng kể cho cả chủ sở hữu và người vận hành: • Điện tử công suất tiên tiến, với khả năng kiểm soát dòng điện chính xác, giúp kiểm soát tốc độ tăng nhiệt độ • Tùy chọn cài đặt công suất hai bước (50% / 100%), cho phép các vòng bi nhỏ được làm nóng một cách an toàn và tiêu thụ điện năng thấp hơn • Bảo vệ quá nhiệt giảm nguy cơ hư hỏng cuộn dây cảm ứng và thiết bị điện tử, tăng cường độ tin cậy và an toan. • Khử từ tự động làm giảm nguy cơ ô nhiễm mảnh vụn sắt sau khi gia nhiệt • Có sẵn trong các biến thể điện áp khác nhau, để phù hợp với hầu hết các điện áp hoạt động trên toàn thế giới • Được cung cấp găng tay chống nhiệt để nâng cao độ an toàn cho người vận hành A: Cuộn dây cảm ứng nằm bên ngoài vỏ của máy gia nhiệt cho phép thời gian làm nóng ngắn hơn và tiêu thụ năng lượng thấp hơn B: Các cánh tay đỡ vòng bi có thể gập lại cho phép làm nóng vòng bi có đường kính lớn hơn và giảm nguy cơ vòng bi bị lật trong quá trình gia nhiệt C: Đầu dò nhiệt độ từ tính, kết hợp với chế độ nhiệt độ được cài đặt trước ở 110 ° C (230 ° F), giúp ngăn chặn quá nhiệt ổ trục E: Các thanh gia nhiệt lưu giữ trong hộp, làm giảm nguy cơ mất mát. F: Tay cầm tích hợp cho phép dễ dàng di chuyển lò sưởi trong xưởng G: Cánh tay trượt hoặc xoay cho phép thay thế ổ trục dễ dàng và nhanh chóng, giảm sự mệt mỏi cho người vận hành (không dành cho TIH 030m) Các tay đỡ vòng bi có thể gập lại cho phép làm nóng vòng bi có đường kính lớn hơn và giảm nguy cơ vòng bi bị lật trong quá trình gia nhiệt. Có khả năng làm nóng một một vòng bi 220 kg (480 lbs) trong vòng chưa đầy 20 phút Thông số kỹ thuật Ký hiệu: TIH 220m Khối lượn gia nhiệt lớn nhất; 300 kg (662 lb) Dải đường kính gia nhiệt: 60–600 mm (2.3–23.6 in.) Vùng gia nhiệt (rộng × cao) 250 × 255 mm (9.8 × 10 in.) Đường kính lõi từ; 140 mm (5.5 in.) Thanh gia nhiệt tiêu chuẩn (bao gồm) để phù hợp với ổ trục đường kính lỗ khoan tối thiểu của phôi; 100 mm (3.9 in.) 60 mm (2.3 in.) Ví dụ về hiệu suất của thiết bị (vòng bi, trọng lượng, nhiệt độ, thời gian); Gia nhiệt vòng bi 23172 CC/W33 khối lượng 220 kg, đến 110 °C trong 20 phút Công suất tối đa; 10,0–11,5 kVA (400–460 V) Điện áp; 100–120 V/50–60 Hz; TIH 220m/LV 200–240 V/50–60 Hz; TIH 220m/MV 400–460 V/50–60 Hz; 20 đến 250 °C (68 đến 482 °F) Dải nhiệt độ điều khiển; nhỏ hơn 2 A/cm Khử từ theo tiêu chuẩn SKF; 750 × 290 × 440 mm Kích thước (w × d × h); (29.5 × 11.4 × 17.3 in.) Tổng khối lượng (bao gồm cả thanh gia nhiệt); 86 kg (189 lb) Hướng dẫn sử dụng máy gia nhiệt TIH 220 Tài liệu sản phẩm Máy gia nhiệt Twim 15 Máy gia nhiệt TIH L77 Máy gia nhiệt TIH 030 Tài liệu máy gia nhiệt SKF Máy gia nhiệt TIH 100 Sổ tay công cụ, dụng cụ SKF Máy gia nhiệt TIH 220 Gang tay chống nhiệt Máy gia nhiệt TIH L33 Vi deo hướng dẫn sử dụng máy gia nhiệt Máy gia nhiệt TIH L44 Tài liệu máy gia nhiệt Twim 15","[]","208014000","out_of_stock","vongbicongnghiep.vn-wc-store-api-category-search-skf","2026-04-29T13:56:31.946Z"
"40734","SKF","TIH L44/MV-SKF","TIH L44/MV-SKF","TIHL44MVSKF","Máy gia nhiệt TIH L44/MV","Máy gia nhiệt vòng bi","Máy gia nhiệt vòng bi","101","san-pham-bao-tri","https://vongbicongnghiep.vn/san-pham/may-gia-nhiet-vong-bi-tih-l44-mv/","https://vongbicongnghiep.vn/wp-content/uploads/2021/11/tihl33-1-1.jpg","[""https://vongbicongnghiep.vn/wp-content/uploads/2021/11/tihl33-1-1.jpg""]","","TIH L44 Máy gia nhiệt cỡ cực lớn gia nhiệt vòng bi tới 1200 Kg •Sử dụng công suất điện 20 kVA, TIH L44 có thể làm nóng các ổ trục lớn lên đến 1 200 kg (2 600 lb) •Hai thanh gia nhiệt tùy chọn, dung cho các vòng bi cỡ nhỏ. •Dùng cho điện áp 230 V hoặc 400 V Dòng máy gia nhiệt SKF TIH L Máy gia nhiệt SKF TIH dòng L được đặc trưng bởi công suất gia nhiệt cao và kích thước lớn. Chúng là sự tiếp nối của dòng TIH để làm nóng các vòng bi kích thước lớn.Tất cả các máy gia nhiệt đều được trang bị thanh trượt, thiết kế cuộn dây kép và thiết bị điện tử công suất tiên tiến. Khung của máy gia nhiệt cho phép vận chuyển dễ dàng bằng xe nâng. Sự khác biệt chính giữa các máy gia nhiệt trong phạm vi TIH L là công suất gia nhiệt và khu vực gia nhiệt. – Chốt trượt là một cơ cấu mạnh mẽ để di chuyển thanh gia nhiệt một cách dễ dàng và an toàn. Các ray trượt rất bền và ngăn chặn thanh vô tình rơi xuống. Có thể dễ dàng thay thế bằng một thanh gia nhiệt nhỏ hơn. – Thiết kế cuộn dây kép mang lại hiệu suất cao cho việc gia nhiệt vòng bi theo hướng ngang hoặc dọc và giúp bạn linh hoạt trong việc gia nhiệt vòng bi theo cùng hướng với trục để lắp nhanh chóng và thuận tiện. Dòng máy gia nhiệt cảm ứng TIH L SKF được thiết kế để lắp các ổ trục, vòng bi lớn trong xưởng hoặc hiện trường một cách nhanh chóng và an toàn. Máy gia niheetj mang lại tính linh hoạt cao và phù hợp với nhiều loại và kích cỡ vòng bi. Máy gia nhiệt TIH dòng L có thể được tìm thấy trong hầu hết các ngành công nghiệp với các ổ trục, vòng bi có kích thước lớn. Thông số kỹ thuật Ký hiệu: TIH L44 Khối lượn gia nhiệt lớn nhất; 1 200 kg (2 600 lb) Dải đường kính gia nhiệt: 150–800 mm (5.9–31.5 in.) Vùng gia nhiệt (rộng × cao); 425 × 492 mm (16.7 × 19.4 in.) Đường kính lõi từ; 175 mm (6.9 in.) Thanh gia nhiệt tiêu chuẩn (bao gồm) để phù hợp với ổ trục đường kính lỗ khoan tối thiểu của phôi; 150 mm (5.9 in.) 100 mm (3.9 in.) 60 mm (2.4 in.) Ví dụ về hiệu suất của thiết bị (vòng bi, trọng lượng, nhiệt độ, thời gian) Vòng bi 24188 ECA/W33, nặng 455 kg, gia nhiệt đến 110 °C trong 13 phút Công suất tối đa TIH L44/MV: 20–23 kVA TIH L44/LV: 20–24 kVA Điện áp 100–120 V/50–60 Hz 200–240 V/50–60 Hz TIH L44/LV 400–460 V/50–60 Hz TIH L44/MV Dải nhiệt độ điều khiển 20 to 250 °C (68 to 482 °F) Khử từ theo tiêu chuẩn SKF nhỏ hơn 2 A/cm Kích thước (w × d × h) 1 200 × 600 × 850 mm Tổng khối lượng (bao gồm cả thanh gia nhiệt) 324 kg (714 lb) Hướng dẫn sử dụng máy gia nhiệt TIH Tài liệu sản phẩm Máy gia nhiệt Twim 15 Máy gia nhiệt TIH L77 Máy gia nhiệt TIH 030 Tài liệu máy gia nhiệt SKF Máy gia nhiệt TIH 100 Sổ tay công cụ, dụng cụ SKF Máy gia nhiệt TIH 220 Gang tay chống nhiệt Máy gia nhiệt TIH L33 Vi deo hướng dẫn sử dụng máy gia nhiệt Máy gia nhiệt TIH L44 Tài liệu máy gia nhiệt Twim 15","[]","455039000","out_of_stock","vongbicongnghiep.vn-wc-store-api-category-search-skf","2026-04-29T13:56:31.946Z"
"40699","SKF","729865A-SKF","729865A-SKF","729865ASKF","Thước đo khe hở vòng bi SKF 729865A","Thiết bị kiểm tra máy","Thiết bị kiểm tra máy","101","san-pham-bao-tri","https://vongbicongnghiep.vn/san-pham/thuoc-do-khe-ho-vong-bi-skf-729865-a-2/","https://vongbicongnghiep.vn/wp-content/uploads/2023/02/729865A.png","[""https://vongbicongnghiep.vn/wp-content/uploads/2023/02/729865A.png""]","","Thước đo khe hở vòng bi SKF 729865A Để đo khe hở ổ trục chính xác Thước đo khe hở vòng bi SKF được thiết kế để đo khe hở bên trong khi điều chỉnh vòng bi tang trống tự lựa. Có hai loại, một loại có 13 lưỡi chiều dài 100 mm (4 in) và loại còn lại có 29 lưỡi chiều dài 200 mm (8 in). • Độ chính xác cao của phép đo • 729865 A có 13 lưỡi dài 100 mm (4 in.) Và được cung cấp kèm theo nắp nhựa bảo vệ • 729865 B có 29 lưỡi dài 200 mm (8 in.) Và được cung cấp lồng thép bảo vệ Ký hiệu Chiều dài Chiều dày mm in mm in 729865 A 100 4 0,03 0.0012 0,04 0.0016 0,05 0.002 0,06 0.0024 0,07 0.0028 0,08 0.0031 0,09 0.0035 0,10 0.0039 0,12 0.0047 0,14 0.0055 0,15 0.0059 0,20 0.0079 0,30 0.0118 729865 B mm in mm in 200 8 0,05 0.002 0,09 0.0035 0,10 0.0039 0,11 0.0043 0,12 0.0047 0,13 0.0051 0,14 0.0055 0,15 0.0059 0,16 0.0063 0,17 0.0067 0,18 0.0071 0,19 0.0075 0,20 0.0079 0,25 0.0098 0,30 0.0118 0,35 0.0138 0,40 0.0157 0,45 0.0177 0,50 0.0197 0,55 0.0216 0,60 0.0236 0,65 0.0256 0,70 0.0276 0,75 0.0295 0,80 0.0315 0,85 0.0335 0,90 0.0354 0,95 0.0374 1,00 0.0394","[]","0","out_of_stock","vongbicongnghiep.vn-wc-store-api-category-search-skf","2026-04-29T13:56:31.947Z"
"40707","SKF","729865 B-SKF","729865 B-SKF","729865BSKF","Dụng cụ đo khe hở 729865B","Thiết bị kiểm tra máy","Thiết bị kiểm tra máy","101","san-pham-bao-tri","https://vongbicongnghiep.vn/san-pham/dung-cu-do-khe-ho-729865-b/","https://vongbicongnghiep.vn/wp-content/uploads/2023/02/729865B.png","[""https://vongbicongnghiep.vn/wp-content/uploads/2023/02/729865B.png""]","","Thước đo khe hở vòng bi SKF 729865A – 729865B Để đo khe hở ổ trục chính xác Thước đo khe hở vòng bi SKF được thiết kế để đo khe hở bên trong khi điều chỉnh vòng bi tang trống tự lựa. Có hai loại, một loại có 13 lưỡi chiều dài 100 mm (4 in) và loại còn lại có 29 lưỡi chiều dài 200 mm (8 in). • Độ chính xác cao của phép đo • 729865 A có 13 lưỡi dài 100 mm (4 in.) Và được cung cấp kèm theo nắp nhựa bảo vệ • 729865 B có 29 lưỡi dài 200 mm (8 in.) Và được cung cấp lồng thép bảo vệ Ký hiệu Chiều dài Chiều dày mm in mm in 729865 A 100 4 0,03 0.0012 0,04 0.0016 0,05 0.002 0,06 0.0024 0,07 0.0028 0,08 0.0031 0,09 0.0035 0,10 0.0039 0,12 0.0047 0,14 0.0055 0,15 0.0059 0,20 0.0079 0,30 0.0118 729865 B mm in mm in 200 8 0,05 0.002 0,09 0.0035 0,10 0.0039 0,11 0.0043 0,12 0.0047 0,13 0.0051 0,14 0.0055 0,15 0.0059 0,16 0.0063 0,17 0.0067 0,18 0.0071 0,19 0.0075 0,20 0.0079 0,25 0.0098 0,30 0.0118 0,35 0.0138 0,40 0.0157 0,45 0.0177 0,50 0.0197 0,55 0.0216 0,60 0.0236 0,65 0.0256 0,70 0.0276 0,75 0.0295 0,80 0.0315 0,85 0.0335 0,90 0.0354 0,95 0.0374 1,00 0.0394","[{""name"":""brand"",""terms"":[""SKF""]}]","2077000","in_stock","vongbicongnghiep.vn-wc-store-api-category-search-skf","2026-04-29T13:56:31.948Z"
"40706","SKF","TKED 1-SKF","TKED 1-SKF","TKED1SKF","Máy dò phóng điện TKED 1","Thiết bị kiểm tra máy","Thiết bị kiểm tra máy","101","san-pham-bao-tri","https://vongbicongnghiep.vn/san-pham/may-do-phong-dien-tked-1/","https://vongbicongnghiep.vn/wp-content/uploads/2023/02/TKED.png","[""https://vongbicongnghiep.vn/wp-content/uploads/2023/02/TKED.png""]","","Bút dò phóng điện TKED 1 Phát hiện phóng điện trong vòng bi động cơ điện Bút phát hiện phóng điện SKF (Bút EDD) là một dụng cụ cầm tay dễ sử dụng để phát hiện phóng điện trong vòng bi động cơ điện. Phóng điện là kết quả của điện áp trục động cơ phóng xuống đất qua ổ trục, gây xói mòn điện, giảm chất bôi trơn và cuối cùng là hỏng ổ trục. Động cơ điện dễ bị xói mòn điện trong vòng bi hơn khi được điều khiển bởi Biến tần. Khi được tích hợp vào chương trình bảo trì dự đoán, Bút EDD có thể giúp phát hiện các vòng bi dễ bị hỏng hơn và ngăn chặn đáng kể thời gian ngừng hoạt động của máy ngoài kế hoạch. * Giải pháp điều khiển từ xa độc đáo cho phép vận hành ở khoảng cách xa động cơ. Điều này giúp bảo vệ người dùng không chạm vào máy móc đang chuyển động * Công nghệ SKF * Không cần đào tạo đặc biệt * Có khả năng phát hiện phóng điện trên cơ sở thời gian là 10 giây, 30 giây hoặc vô thời hạn TECHNICAL DATA Designation TKED 1 Description SKF Electrical Discharge Detector Pen Power supply 4,5V – 3 x standard AAA batteries (LR03, AM4) Time control: – pre-sets – default 10 or 30 seconds indefinite Operational and storage temperature 0º to 50 °C (32 to 122 ºF) -20 to 70 °C (-4 to 158 ºF) IP level IP 55 Display LCD counter range: 0 to 99 999 discharges. User selectable backlight and low battery warning Case Dimensions (l x w x h) 260 x 85 x 180 mm (10.3 x 3.4 x 7.0 in.) Total case and contents weight 0,6 kg (1.35 lb) Related documents Product data sheet TKED 1 (147.2 KB) Instructions for use TKED 1 (2.7 MB) SKF Maintenance and Lubrication products catalogue (19.6 MB) SPARE PARTS Designation Description TKED 1-1 Antenna TDTC 1/A Toolcase without inlay","[{""name"":""brand"",""terms"":[""SKF""]}]","19345000","in_stock","vongbicongnghiep.vn-wc-store-api-category-search-skf","2026-04-29T13:56:31.948Z"
"40704","SKF","TKTL 31-SKF","TKTL 31-SKF","TKTL31SKF","Súng đo nhiệt độ TKTL 31","Đèn chớp và Súng bắn nhiệt độ","Đèn chớp và Súng bắn nhiệt độ | Thiết bị kiểm tra máy","101","san-pham-bao-tri","https://vongbicongnghiep.vn/san-pham/dung-cu-cam-tay-tktl-31/","https://vongbicongnghiep.vn/wp-content/uploads/2023/02/TKTL.png","[""https://vongbicongnghiep.vn/wp-content/uploads/2023/02/TKTL.png""]","","Súng bắn nhiệt độ hồng ngoại TKTL 31 Nhiệt kế hồng ngoại tiếp xúc và không tiếp xúc SKF cung cấp nhiều loại nhiệt kế hồng ngoại di động, nhẹ và dễ sử dụng để kiểm tra nhiệt độ. Những công cụ cầm tay này giúp bạn phát hiện sự chênh lệch nhiệt độ trong các ứng dụng kỹ thuật và phi kỹ thuật để nhận biết thông tin về các bất thường trong quá trình vận hành. Ví dụ như giúp ngăn ngừa tổn thất chi phí cao trong thiết bị, ngăn việc dừng máy ngoài kế hoạch và đáp ứng các yêu cầu an toàn thực phẩm. Nhiệt kế hồng ngoại SKF được trang bị nhiều tia laser giúp bạn xác định mục tiêu đối tượng dễ dàng và chính xác hơn. • Màn hình màu LCD • Chùm tia Laser 8 tia • Đầu dò cặp nhiệt điện Type-K TMDT 2-30 • Độ phát xạ có thể điều chỉnh •Độ chính xác cao • Thời gian phản hồi nhanh • Tỷ lệ DS : 1 • Có thể được sử dụng với bất kỳ đầu dò nhiệt độ SKF nào • Người dùng có thể lựa chọn, nhiều chế độ đo nhiệt độ bao gồm: tối đa, tối thiểu, trung bình, chênh lệch và đầu dò / hiển thị kép hồng ngoại • Người dùng có thể lựa chọn mức báo động cao và thấp với tín hiệu cảnh báo âm thanh • Tính năng tự động tắt phụ thuộc vào chế độ tối ưu hóa tuổi thọ pin • Phạm vi nhiệt độ sử dụng tia hồng ngoại:-60 to +1600 ºC (-76 to +2912 ºF) • Phạm vi nhiệt độ sử dụng đầu dò: –64 đến +1 400 ° C (–83 đến +1 999 ° F) • Đặt trước độ sai lệch: 0,1–1,0 • Được cung cấp trong một hộp đựng chắc chắn Súng bán nhiệt độ TKTL 21 có đầu đo tiếp xúc TKTL 31 có hộp đựng chắc chắn Thông số Kỹ thuật Ký hiệu Súng bắn nhiệt độ; TKTL 31 Dải nhiệt độ đo không tiếp xúc; -60 to +1600 ºC (-76 to +2912 ºF) Dải nhiệt độ đo bằng đầu đo tiếp xúc; -64 to +1400 ºC (-83.2 to +2552 ºF) Đầu đo đi kèm thiết bị; TMDT 2-30 included max. 900 °C (1650 °F) Tỷ lệ khoảng cách và vùng đo; :1 Hệ số Emissivity; 0,1-1,0 Độ chính xác của kết quả đo; +/-% hoặc 1°C (1,°F) tùy theo giá trị nào lớn hơn Nhiệt độ vận hành; 0 to +50 ° C (32 to +122 °F) độ ẩm 10% đến 90 % Để trong hộp chứa; -10 to +60° C (14 to +140 °C) độ ẩm 10% đến 95% Thời gian đáp ứng msec; 1000 Độ phân dải hiển thị; 0.1 °C/F (dưới 999.9 độ); 1 °C/F (Trên 1000 độ) Màn hình; Bàn hình màu LCD Phân tích quang phổ; 8-14 µm Chế độ âm báo; Khi cao hơn hay thấp hơn Laser; Chùm laser đỏ, 8 tia, Class 2 Thời gian hoạt động của Thiết bị; Tối thiểu 30 giờ Chế độ tự tắt; 60 s sau khi ở chế độ đo hồng ngoại, 12 phút khi ở chế độ đo tiếp xúc Thiết bị bao gồm; 01 thân máy TKTL 21 01 đầu đo TMDT 2-30 Pin 2x AAA Alkaline 01 hướng dẫn sử dụng Hộp đựng Kích thước sản phẩm; 203 x 197 x 47 mm (8.0 x 7.7 x 1.8 in) Kích thước đóng gói sản phẩm 530 x 85 x 180 mm (20.9 x 3.4 x 7.0 in) Trọng lượng sản phẩm ( Bao gồm Pin) 386.1 g (0.56 lb) Tổng Trọng lượng 1 0 g (2.54 lb)","[{""name"":""brand"",""terms"":[""SKF""]}]","10134000","out_of_stock","vongbicongnghiep.vn-wc-store-api-category-search-skf","2026-04-29T13:56:31.949Z"
"40701","SKF","CMAC 112-K-SKF","CMAC 112-K-SKF","CMAC112KSKF","Dụng cụ cảm biến rung động CMAC 112-K","Thiết bị kiểm tra máy","Thiết bị kiểm tra máy","101","san-pham-bao-tri","https://vongbicongnghiep.vn/san-pham/dung-cu-cam-bien-rung-dong-cmac-112-k/","","[]","","","[{""name"":""brand"",""terms"":[""SKF""]}]","24316000","in_stock","vongbicongnghiep.vn-wc-store-api-category-search-skf","2026-04-29T13:56:31.949Z"
"40700","SKF","CMSS 2200-SKF","CMSS 2200-SKF","CMSS2200SKF","Dụng cụ cảm biến rung động CMSS 2200","Thiết bị kiểm tra máy","Thiết bị kiểm tra máy","101","san-pham-bao-tri","https://vongbicongnghiep.vn/san-pham/dung-cu-cam-bien-rung-dong-cmss-2200/","","[]","","","[{""name"":""brand"",""terms"":[""SKF""]}]","15648000","out_of_stock","vongbicongnghiep.vn-wc-store-api-category-search-skf","2026-04-29T13:56:31.949Z"
"40654","SKF","HN 8-9-SKF","HN 8-9-SKF","HN89SKF","HN 8-9","Chìa vặn đai ốc","Chìa vặn đai ốc","101","san-pham-bao-tri","https://vongbicongnghiep.vn/san-pham/hn-8-9/","https://vongbicongnghiep.vn/wp-content/uploads/2023/02/HN8.png","[""https://vongbicongnghiep.vn/wp-content/uploads/2023/02/HN8.png""]","","Chìa vặn đai ốc HN 8-9","[{""name"":""brand"",""terms"":[""SKF""]}]","748000","in_stock","vongbicongnghiep.vn-wc-store-api-category-search-skf","2026-04-29T13:56:31.949Z"
"40653","SKF","HN 7-SKF","HN 7-SKF","HN7SKF","HN 7","Chìa vặn đai ốc","Chìa vặn đai ốc","101","san-pham-bao-tri","https://vongbicongnghiep.vn/san-pham/hn-7/","https://vongbicongnghiep.vn/wp-content/uploads/2023/02/HN7.png","[""https://vongbicongnghiep.vn/wp-content/uploads/2023/02/HN7.png""]","","","[{""name"":""brand"",""terms"":[""SKF""]}]","653000","in_stock","vongbicongnghiep.vn-wc-store-api-category-search-skf","2026-04-29T13:56:31.949Z"
"40652","SKF","HN 18-20-SKF","HN 18-20-SKF","HN1820SKF","HN 18-20","Chìa vặn đai ốc","Chìa vặn đai ốc","101","san-pham-bao-tri","https://vongbicongnghiep.vn/san-pham/hn-18-20/","https://vongbicongnghiep.vn/wp-content/uploads/2023/02/HN18.png","[""https://vongbicongnghiep.vn/wp-content/uploads/2023/02/HN18.png""]","","","[{""name"":""brand"",""terms"":[""SKF""]}]","1558000","in_stock","vongbicongnghiep.vn-wc-store-api-category-search-skf","2026-04-29T13:56:31.949Z"
"40651","SKF","HN 17-SKF","HN 17-SKF","HN17SKF","HN 17","Chìa vặn đai ốc","Chìa vặn đai ốc","101","san-pham-bao-tri","https://vongbicongnghiep.vn/san-pham/hn-17/","https://vongbicongnghiep.vn/wp-content/uploads/2023/02/HN17.png","[""https://vongbicongnghiep.vn/wp-content/uploads/2023/02/HN17.png""]","","","[{""name"":""brand"",""terms"":[""SKF""]}]","1558000","in_stock","vongbicongnghiep.vn-wc-store-api-category-search-skf","2026-04-29T13:56:31.949Z"
"40650","SKF","HN 12-13-SKF","HN 12-13-SKF","HN1213SKF","HN 12-13","Chìa vặn đai ốc","Chìa vặn đai ốc","101","san-pham-bao-tri","https://vongbicongnghiep.vn/san-pham/hn-12-13/","https://vongbicongnghiep.vn/wp-content/uploads/2023/02/HN12.png","[""https://vongbicongnghiep.vn/wp-content/uploads/2023/02/HN12.png""]","","","[{""name"":""brand"",""terms"":[""SKF""]}]","949000","in_stock","vongbicongnghiep.vn-wc-store-api-category-search-skf","2026-04-29T13:56:31.949Z"
"40649","SKF","HN 10-11-SKF","HN 10-11-SKF","HN1011SKF","HN 10-11","Chìa vặn đai ốc","Chìa vặn đai ốc","101","san-pham-bao-tri","https://vongbicongnghiep.vn/san-pham/hn-10-11/","https://vongbicongnghiep.vn/wp-content/uploads/2023/02/HN10.png","[""https://vongbicongnghiep.vn/wp-content/uploads/2023/02/HN10.png""]","","","[{""name"":""brand"",""terms"":[""SKF""]}]","748000","in_stock","vongbicongnghiep.vn-wc-store-api-category-search-skf","2026-04-29T13:56:31.949Z"
"40618","SKF","CMDT 391-K-SL-SKF","CMDT 391-K-SL-SKF","CMDT391KSLSKF","Dụng cụ cảm biến CMDT 391-K-SL","Thiết bị kiểm tra máy","Thiết bị kiểm tra máy","101","san-pham-bao-tri","https://vongbicongnghiep.vn/san-pham/cmdt-391-k-sl/","https://vongbicongnghiep.vn/wp-content/uploads/2023/02/CM.png","[""https://vongbicongnghiep.vn/wp-content/uploads/2023/02/CM.png""]","","Cảm biến Quickcollect Giám sát tình trạng máy thật dễ dàng Cảm biến SKF QuickCollect là một cảm biến cầm tay hỗ trợ bluetooth dễ sử dụng, kết nối với các ứng dụng hoạt động với cả máy tính bảng và điện thoại thông minh iOS và Android (và đồng hồ thông minh iOS). Kết hợp cảm biến rung và nhiệt độ, dữ liệu tổng thể có thể được xem ngay tại chỗ trong thời gian thực hoặc được đẩy lên đám mây để phân tích trong tương lai. Cảm biến SKF QuickCollect này lý tưởng cho dịch vụ, độ tin cậy cao, nhân viên bảo trì như một phần của chương trình thu thập dữ liệu. Đặc điểm • Các phép đo vận tốc, gia tốc bao hình và nhiệt độ • Giao tiếp Bluetooth với máy tính bảng, điện thoại thông minh, đồng hồ thông minh • Cảm biến và ứng dụng dễ sử dụng • Các chỉ dẫn dễ hiểu về tình trạng máy • Thiết kế công nghiệp chắc chắn – Thử nghiệm thả rơi 1,8 m (6 ft.), Chống nước và bụi (IP65) • Pin lithium có thể sạc lại (sử dụng bình thường 8 giờ) • Tùy chọn kết nối, lưu trữ và chia sẻ dữ liệu trên Đám mây • Tùy chọn kết nối trực tiếp với Dịch vụ Chẩn đoán Từ xa SKF • Kết nối với các ứng dụng hoạt động với cả máy tính bảng và điện thoại thông minh iOS và Android (và đồng hồ thông minh iOS). Những lợi ích • Giúp bạn bắt đầu sử dụng nhanh chóng • Có thể sử dụng được thiết bị với đào tạo và kinh nghiệm tối thiểu • Xác định các vấn đề của máy móc đang tiến triển trước khi chúng trở thành vấn đề lớn • Kết nối trực tiếp với lời khuyên của chuyên gia khi bạn cần • Mở rộng chức năng thông qua các ứng dụng Giám sát tình trạng máy thật dễ dàng Cảm biến SKF QuickCollect là một cảm biến cầm tay hỗ trợ bluetooth dễ sử dụng, kết nối với các ứng dụng hoạt động với cả máy tính bảng và điện thoại thông minh iOS và Android (và đồng hồ thông minh iOS). Kết hợp cảm biến rung và nhiệt độ, dữ liệu tổng thể có thể được xem ngay tại chỗ trong thời gian thực hoặc được đẩy lên đám mây để phân tích trong tương lai. Cảm biến SKF QuickCollect này lý tưởng cho dịch vụ, độ tin cậy cao, nhân viên bảo trì như một phần của chương trình thu thập dữ liệu. Ứng dụng SKF QuickCollect – giám sát các mức tín hiệu đầu vào. Các phép đo do cảm biến thực hiện được hiển thị trên thiết bị di động của bạn, sử dụng ứng dụng SKF QuickCollect hiển thị vận tốc, gia tốc bao hình và nhiệt độ. Mỗi lần đọc hiển thị một phép đo tổng thể hiện tại, bao gồm trạng thái cảnh báo, các giá trị tối thiểu và tối đa cũng như các khu vực cảnh báo và nguy hiểm. SKF Plug and Play Đánh giá tình trạng thiết bị theo yêu cầu và ngăn ngừa sự cố máy móc. Gói SKF Plug and Play mới ở cấp độ đầu vào kết hợp công nghệ cảm biến và một ứng dụng dễ sử dụng, cùng với quyền truy cập trực tiếp vào hệ thống chuyên chẩn đoán SKF bằng cách sử dụng tính năng ‘Pulse checks’ theo yêu cầu để nhận được lời khuyên khi bạn phát hiện ra các vấn đề tiềm ẩn. Cũng như quyền truy cập vào các chuyên gia kỹ thuật ứng dụng SKF và học trực tuyến SKF miễn phí, gói cấp độ đầu vào này có thể giúp bạn bắt đầu bảo trì dựa trên điều kiện ở bất kỳ công ty quy mô nào và tránh thời gian ngừng hoạt động ngoài kế hoạch tốn kém. Bao gồm những gì trong gói cảnh báo Plug and Play • Cảm biến SKF QuickCollect (CMDT 39x-K-SL) –cảm biến nhiệt độ và rung động không dây • Ứng dụng SKF Pulse (có sẵn trên Apple App store và Google Play): dễ dàng kết nối, thu thập, lưu trữ và chia sẻ dữ liệu từ cảm biến • Truy cập từ xa vào chuyên môn và phân tích SKF từ trung tâm REP (Hiệu suất thiết bị quay) bằng cách sử dụng kiểm tra Xung trực tiếp từ ứng dụng • Tiếp cận với các chuyên gia ứng dụng vòng bi • Tiếp cận SKF e-learning Làm thế nào để bắt đầu với gói cảnh báo Plug and Play • Tải xuống ứng dụng SKF Pulse • Bật cảm biến SKF QuickCollect và kết nối với ứng dụng Pulse • Bắt đầu thu thập dữ liệu và kiểm tra tình trạng tài sản của bạn ngay lập tức! • Tìm thấy sự cố máy? Yêu cầu ‘Kiểm tra xung’ trực tiếp từ ứng dụng (áp dụng các điều khoản và hạn chế) Cần hỗ trợ thêm? Liên hệ trực tiếp với SKF từ ứng dụng hoặc liên hệ với đại lý SKF tại khu vực của bạn. Nâng cấp lên SKF Enlight ProCollect – bạn sẽ nhận được thông tin tình trạng máy móc và chẩn đoán của chuyên gia SKF ngay trong tầm tay bạn SKF Enlight ProCollect kết hợp công nghệ cảm biến, một ứng dụng đầy đủ tính năng, lưu trữ dữ liệu dựa trên đám mây và trang tổng quan trực tuyến, với quyền truy cập vào các dịch vụ chuyên môn sâu và chẩn đoán từ xa – tất cả đều thông qua một hợp đồng dựa trên phí cố định linh hoạt có thể được điều chỉnh theo nhu cầu của bạn. Cho phép bạn nhanh chóng và dễ dàng xác định tình trạng máy, sau đó chia sẻ dữ liệu kiểm tra, bôi trơn, quy trình và tình trạng máy bằng cách truy cập trực tiếp vào các trung tâm chẩn đoán từ xa của SKF để được chuyên gia phân tích và tư vấn. Với chi phí thiết lập cấp thấp và công nghệ dễ hiểu, đây là một giải pháp mà bạn có thể mua và mở rộng quy mô trong phạm vi ngân sách của mình. Làm cho SKF Enlight ProCollect trở thành thiết lập bảo trì máy móc hoàn hảo cho nhiều năng lực và ngành công nghiệp khác nhau, đồng thời là một cách tiết kiệm chi phí để số hóa các tuyến bôi trơn, giám sát và bảo trì và tiến một bước vào Công nghiệp 4.0. SKF Enlight ProCollect Animation Video mở hộp và hướng dẫn nhanh dụng cụ đo độ rung và phân tích tình trạng thiết bị tại công ty TST Tài liệu liên quan Bảng dữ liệu cảm biến SKF QuickCollect tuyên bố về sự phù hợp cảm biến SKF QuickCollect CMDT 39x tuyên bố về sự phù hợp cảm biến SKF QuickCollect CMDT 391-Ex Hỗ trợ sản phẩm Cảm biến SKF QuickCollect – Trung tâm hỗ trợ người dùng Ứng dụng SKF QuickCollect Ứng dụng SKF ProCollect Sản phẩm liên quan Hệ thống giám sát tình trạng","[{""name"":""brand"",""terms"":[""SKF""]}]","49328000","out_of_stock","vongbicongnghiep.vn-wc-store-api-category-search-skf","2026-04-29T13:56:31.949Z"
"40615","SKF","TMMR 120F-SKF","TMMR 120F-SKF","TMMR120FSKF","Cảo SKF TMMR 120F","Cảo vòng bi","Cảo vòng bi","101","san-pham-bao-tri","https://vongbicongnghiep.vn/san-pham/tmmr-120f/","https://vongbicongnghiep.vn/wp-content/uploads/2023/02/TMMR.png","[""https://vongbicongnghiep.vn/wp-content/uploads/2023/02/TMMR.png""]","","","[{""name"":""brand"",""terms"":[""SKF""]}]","3222000","in_stock","vongbicongnghiep.vn-wc-store-api-category-search-skf","2026-04-29T13:56:31.949Z"
"40614","SKF","TMMR 60F-SKF","TMMR 60F-SKF","TMMR60FSKF","Cảo SKF TMMR 60F","Cảo vòng bi","Cảo vòng bi","101","san-pham-bao-tri","https://vongbicongnghiep.vn/san-pham/tmmr-60f/","https://vongbicongnghiep.vn/wp-content/uploads/2023/02/TMMR.png","[""https://vongbicongnghiep.vn/wp-content/uploads/2023/02/TMMR.png""]","","","[{""name"":""brand"",""terms"":[""SKF""]}]","1855000","in_stock","vongbicongnghiep.vn-wc-store-api-category-search-skf","2026-04-29T13:56:31.949Z"
"40613","SKF","TMMR 40F-SKF","TMMR 40F-SKF","TMMR40FSKF","Cảo SKF TMMR 40F","Cảo vòng bi","Cảo vòng bi","101","san-pham-bao-tri","https://vongbicongnghiep.vn/san-pham/tmmr-40f/","https://vongbicongnghiep.vn/wp-content/uploads/2023/02/TMMR.png","[""https://vongbicongnghiep.vn/wp-content/uploads/2023/02/TMMR.png""]","","","[{""name"":""brand"",""terms"":[""SKF""]}]","1695000","in_stock","vongbicongnghiep.vn-wc-store-api-category-search-skf","2026-04-29T13:56:31.949Z"
"40607","SKF","TMMA 120-2-SKF","TMMA 120-2-SKF","TMMA1202SKF","Cảo SKF TMMA 120-2 ( Hàng bị Tách)","Cảo vòng bi","Cảo vòng bi","101","san-pham-bao-tri","https://vongbicongnghiep.vn/san-pham/tmma-120-2/","https://vongbicongnghiep.vn/wp-content/uploads/2023/02/TMMA-2.png","[""https://vongbicongnghiep.vn/wp-content/uploads/2023/02/TMMA-2.png""]","","","[{""name"":""brand"",""terms"":[""SKF""]}]","7642000","out_of_stock","vongbicongnghiep.vn-wc-store-api-category-search-skf","2026-04-29T13:56:31.949Z"
"40605","SKF","TMIP 30-60-SKF","TMIP 30-60-SKF","TMIP3060SKF","Cảo SKF TMIP 30-60","Cảo vòng bi","Cảo vòng bi","101","san-pham-bao-tri","https://vongbicongnghiep.vn/san-pham/tmip-30-60/","https://vongbicongnghiep.vn/wp-content/uploads/2023/02/maxresdefault-16.jpg","[""https://vongbicongnghiep.vn/wp-content/uploads/2023/02/maxresdefault-16.jpg""]","","Bộ dụng cụ tháo vòng bi ổ kín TMIP và TMIC Tháo vòng bi nhanh chóng và dễ dàng khỏi ổ kín Bộ dụng cụ tháo vòng bi ổ kín SKF được thiết kế để tháo ổ trục ra khỏi vỏ. Các tay cảo được chế tạo để có độ bền và độ bền tối ưu và phù hợp với nhiều loại đường kính lỗ khoan. Búa trượt cho phép tác dụng lực va đập cao và được thiết kế tiện lợi để nâng cao độ an toàn cho người sử dụng. Dải sản phẩm TMIC • Thiết kế ống kẹp có thể mở rộng được làm bằng vật liệu có độ bền cao • Được thiết kế cho các ứng dụng chỉ có một khoảng không gian hạn chế để kẹp phía sau ổ trục • Bộ đồ có lỗ khoan từ 7-28 mm • Được cung cấp trong một hộp đựng chắc chắn Dải sản phẩm TMIP • Thiết kế đặc biệt có thể giảm thời gian tháo lắp • Không giống như hầu hết các bộ kéo ổ trục bên trong, bộ chiết lò xo có thể được lắp nhanh chóng và dễ dàng vào vòng bên trong chỉ bằng một thao tác nhanh chóng. • Thiết kế dạng kẹp tạo độ bám chắc chắn và an toàn phía sau vòng trong, cho phép tác dụng lực kéo lớn • Ba bộ dụng cụ khác nhau để phù hợp với các lỗ khoan từ 7-28 mm, 30-60 mm và 7-60 mm • Được cung cấp trong một hộp đựng chắc chắn Video sản phẩm tháo vòng bi ổ kín SKF Dòng TMIP và TMIC – Tháo ổ trục nhanh chóng và dễ dàng khỏi vỏ Búa trượt cho phép lực tác động lớn Tài liệu liên quan Catalog sản phẩm TMIP và TMIC (342.4 KB) Hướng dẫn sử dụng TMIC 7-28 (717.6 KB) Hướng dẫn sử dụng TMIP series (1.5 MB)","[{""name"":""brand"",""terms"":[""SKF""]}]","17983000","in_stock","vongbicongnghiep.vn-wc-store-api-category-search-skf","2026-04-29T13:56:31.950Z"
"40601","SKF","TMMR 200F-SKF","TMMR 200F-SKF","TMMR200FSKF","Cảo TMMR 200F","Cảo vòng bi","Cảo vòng bi","101","san-pham-bao-tri","https://vongbicongnghiep.vn/san-pham/tmmr-200f/","https://vongbicongnghiep.vn/wp-content/uploads/2023/02/TMMR.png","[""https://vongbicongnghiep.vn/wp-content/uploads/2023/02/TMMR.png""]","","","[{""name"":""brand"",""terms"":[""SKF""]}]","4690000","out_of_stock","vongbicongnghiep.vn-wc-store-api-category-search-skf","2026-04-29T13:56:31.950Z"
"40597","SKF","TMIC 7-28-SKF","TMIC 7-28-SKF","TMIC728SKF","Cảo SKF TMIC 7-28","Cảo vòng bi","Cảo vòng bi","101","san-pham-bao-tri","https://vongbicongnghiep.vn/san-pham/tmic-7-28/","https://vongbicongnghiep.vn/wp-content/uploads/2023/02/maxresdefault-16.jpg","[""https://vongbicongnghiep.vn/wp-content/uploads/2023/02/maxresdefault-16.jpg""]","","Bộ dụng cụ tháo vòng bi ổ kín TMIP và TMIC Tháo vòng bi nhanh chóng và dễ dàng khỏi ổ kín Bộ dụng cụ tháo vòng bi ổ kín SKF được thiết kế để tháo ổ trục ra khỏi vỏ. Các tay cảo được chế tạo để có độ bền và độ bền tối ưu và phù hợp với nhiều loại đường kính lỗ khoan. Búa trượt cho phép tác dụng lực va đập cao và được thiết kế tiện lợi để nâng cao độ an toàn cho người sử dụng. Dải sản phẩm TMIC • Thiết kế ống kẹp có thể mở rộng được làm bằng vật liệu có độ bền cao • Được thiết kế cho các ứng dụng chỉ có một khoảng không gian hạn chế để kẹp phía sau ổ trục • Bộ đồ có lỗ khoan từ 7-28 mm • Được cung cấp trong một hộp đựng chắc chắn Dải sản phẩm TMIP • Thiết kế đặc biệt có thể giảm thời gian tháo lắp • Không giống như hầu hết các bộ kéo ổ trục bên trong, bộ chiết lò xo có thể được lắp nhanh chóng và dễ dàng vào vòng bên trong chỉ bằng một thao tác nhanh chóng. • Thiết kế dạng kẹp tạo độ bám chắc chắn và an toàn phía sau vòng trong, cho phép tác dụng lực kéo lớn • Ba bộ dụng cụ khác nhau để phù hợp với các lỗ khoan từ 7-28 mm, 30-60 mm và 7-60 mm • Được cung cấp trong một hộp đựng chắc chắn Video sản phẩm tháo vòng bi ổ kín SKF Dòng TMIP và TMIC – Tháo ổ trục nhanh chóng và dễ dàng khỏi vỏ Búa trượt cho phép lực tác động lớn Tài liệu liên quan Catalog sản phẩm TMIP và TMIC (342.4 KB) Hướng dẫn sử dụng TMIC 7-28 (717.6 KB) Hướng dẫn sử dụng TMIP series (1.5 MB)","[{""name"":""brand"",""terms"":[""SKF""]}]","10588000","in_stock","vongbicongnghiep.vn-wc-store-api-category-search-skf","2026-04-29T13:56:31.950Z"
"40596","SKF","TMMR 350F-SKF","TMMR 350F-SKF","TMMR350FSKF","Cảo SKF TMMR 350F","Cảo vòng bi","Cảo vòng bi","101","san-pham-bao-tri","https://vongbicongnghiep.vn/san-pham/tmmr-350f/","https://vongbicongnghiep.vn/wp-content/uploads/2023/02/TMMR.png","[""https://vongbicongnghiep.vn/wp-content/uploads/2023/02/TMMR.png""]","","","[{""name"":""brand"",""terms"":[""SKF""]}]","5900000","in_stock","vongbicongnghiep.vn-wc-store-api-category-search-skf","2026-04-29T13:56:31.950Z"
"40595","SKF","TMMR 250F-SKF","TMMR 250F-SKF","TMMR250FSKF","Cảo SKF TMMR 250F","Cảo vòng bi","Cảo vòng bi","101","san-pham-bao-tri","https://vongbicongnghiep.vn/san-pham/tmmr-250f/","https://vongbicongnghiep.vn/wp-content/uploads/2023/02/TMMR.png","[""https://vongbicongnghiep.vn/wp-content/uploads/2023/02/TMMR.png""]","","","[{""name"":""brand"",""terms"":[""SKF""]}]","5583000","out_of_stock","vongbicongnghiep.vn-wc-store-api-category-search-skf","2026-04-29T13:56:31.950Z"
"40573","SKF","TIH 030M/110V-SKF","TIH 030M/110V-SKF","TIH030M110VSKF","Máy gia nhiệt SKF TIH 030M/110V","Máy gia nhiệt vòng bi","Máy gia nhiệt vòng bi","101","san-pham-bao-tri","https://vongbicongnghiep.vn/san-pham/may-gia-nhiet-vong-bi-skf-tih-030m-110v/","https://vongbicongnghiep.vn/wp-content/uploads/2023/02/maxresdefault-2.jpg","[""https://vongbicongnghiep.vn/wp-content/uploads/2023/02/maxresdefault-2.jpg""]","","Máy gia nhiệt nhỏ với khả năng gia nhiệt vòng bi tới 40 kg •Thiết kế gọn nhẹ; chỉ 21 kg (46 lb), tạo điều kiện thuận lợi cho việc di chuyển •Có khả gia nhiệt khối lượng 28 kg (62 lb) trong 20 phút. •Tiêu chuẩn được cung cấp với ba thanh gia nhiệt, cho phép gia nhiệt các ổ trục có đường kính lỗ từ 20 mm (0,8 in.) Lên đến trọng lượng tối đa 40 kg (90 lb) được đốt nóng. Đặc điểm và Lợi ích Dòng sản phẩm máy gia nhiệt cảm ứng SKF có thể được sử dụng để làm nóng vòng bi và phôi một cách hiệu quả, cả lớn và nhỏ. Thiết kế sáng tạo mang lại những lợi thế đáng kể cho cả chủ sở hữu và người vận hành: • Điện tử công suất tiên tiến, với khả năng kiểm soát dòng điện chính xác, giúp kiểm soát tốc độ tăng nhiệt độ • Tùy chọn cài đặt công suất hai bước (50% / 100%), cho phép các vòng bi nhỏ được làm nóng một cách an toàn và tiêu thụ điện năng thấp hơn • Bảo vệ quá nhiệt giảm nguy cơ hư hỏng cuộn dây cảm ứng và thiết bị điện tử, tăng cường độ tin cậy và an toan. • Khử từ tự động làm giảm nguy cơ ô nhiễm mảnh vụn sắt sau khi gia nhiệt • Có sẵn trong các biến thể điện áp khác nhau, để phù hợp với hầu hết các điện áp hoạt động trên toàn thế giới • Được cung cấp găng tay chống nhiệt để nâng cao độ an toàn cho người vận hành A: Cuộn dây cảm ứng nằm bên ngoài vỏ của máy gia nhiệt cho phép thời gian làm nóng ngắn hơn và tiêu thụ năng lượng thấp hơn. B: Các cánh tay đỡ vòng bi có thể gập lại cho phép làm nóng vòng bi có đường kính lớn hơn và giảm nguy cơ vòng bi bị lật trong quá trình gia nhiệt. C: Đầu dò nhiệt độ từ tính, kết hợp với chế độ nhiệt độ được cài đặt trước ở 110 ° C (230 ° F), giúp ngăn chặn quá nhiệt ổ trục. E: Các thanh gia nhiệt lưu giữ trong hộp, làm giảm nguy cơ mất mát. F: Tay cầm tích hợp cho phép dễ dàng di chuyển lò sưởi trong xưởng. G: Cánh tay trượt hoặc xoay cho phép thay thế ổ trục dễ dàng và nhanh chóng, giảm sự mệt mỏi cho người vận hành (không dành cho TIH 030m) Thông số kỹ thuật Ký hiệu: TIH 030m Khối lượn gia nhiệt lớn nhất: 40 kg (88 lb) Dải đường kính gia nhiệt: 20–300 mm (0.8–11.8 in.) Vùng gia nhiệt (rộng × cao): 100 × 135 mm (3.9 × 5.3 in.) Đường kính lõi từ: 95 mm (3.7 in.) Thanh gia nhiệt tiêu chuẩn (bao gồm) để phù hợp với ổ trục đường kính lỗ khoan tối thiểu của phôi: 65 mm (2,6 in.) 40 mm (1.6 in.) 20 mm (0.8 in.) Ví dụ về hiệu suất của thiết bị (vòng bi, trọng lượng, nhiệt độ, thời gian): 23136 CC/W33, 28 kg, 110 °C, gia nhiệt trong 20 phút Công suất tối đa: 2,0 kVA Điện áp: 100–120 V/50–60 Hz: TIH 030m/110 V 200–240 V/50–60 Hz: TIH 030m/230 V 400–460 V/50–60 Hz: – Dải nhiệt độ điều khiển: 20 đến 250 °C (68 đến 482 °F) Khử từ theo tiêu chuẩn SKF: nhỏ hơn 2 A/cm Kích thước (w × d × h): 460 × 200 × 260 mm Tổng khối lượng (bao gồm cả thanh gia nhiệt): 20,9 kg (46 lb) Hướng dẫn sử dụng máy gia nhiệt SKF Tài liệu sản phẩm Máy gia nhiệt Twim 15 Máy gia nhiệt TIH L77 Máy gia nhiệt TIH 030 Tài liệu máy gia nhiệt SKF Máy gia nhiệt TIH 100 Sổ tay công cụ, dụng cụ SKF Máy gia nhiệt TIH 220 Gang tay chống nhiệt Máy gia nhiệt TIH L33 Vi deo hướng dẫn sử dụng máy gia nhiệt Máy gia nhiệt TIH L44 Tài liệu máy gia nhiệt Twim 15 Gang tay chống nhiệt đến 250 độ C Gang tay chống nhiệt đến 500 độ C","[]","78790000","out_of_stock","vongbicongnghiep.vn-wc-store-api-category-search-skf","2026-04-29T13:56:31.951Z"
"40572","SKF","TIH 100M/MV-SKF","TIH 100M/MV-SKF","TIH100MMVSKF","Máy gia nhiệt SKF TIH 100M/MV","Máy gia nhiệt vòng bi","Máy gia nhiệt vòng bi","101","san-pham-bao-tri","https://vongbicongnghiep.vn/san-pham/may-gia-nhiet-vong-bi-skf-tih-100m-mv/","https://vongbicongnghiep.vn/wp-content/uploads/2023/02/maxresdefault-2.jpg","[""https://vongbicongnghiep.vn/wp-content/uploads/2023/02/maxresdefault-2.jpg""]","","Máy gia nhiệt cảm ứng trung bình với khả năng gia nhiệt tới 120 kg •Có khả năng làm nóng một vòng bi nặng 97 kg (213 lb) trong vòng chưa đầy 20 phút. •Tiêu chuẩn được cung cấp với ba nan hoa, cho phép các vòng bi có đường kính lỗ từ 20 mm (0,8 in.) Lên đến trọng lượng tối đa 120 kg (264 lb) được đốt nóng. •Tay xoay có kích thước lớn Đặc điểm và Lợi ích Dòng sản phẩm máy gia nhiệt cảm ứng SKF có thể được sử dụng để làm nóng vòng bi và phôi một cách hiệu quả, cả lớn và nhỏ. Thiết kế sáng tạo mang lại những lợi thế đáng kể cho cả chủ sở hữu và người vận hành: • Điện tử công suất tiên tiến, với khả năng kiểm soát dòng điện chính xác, giúp kiểm soát tốc độ tăng nhiệt độ • Tùy chọn cài đặt công suất hai bước (50% / 100%), cho phép các vòng bi nhỏ được làm nóng một cách an toàn và tiêu thụ điện năng thấp hơn • Bảo vệ quá nhiệt giảm nguy cơ hư hỏng cuộn dây cảm ứng và thiết bị điện tử, tăng cường độ tin cậy và an toan. • Khử từ tự động làm giảm nguy cơ ô nhiễm mảnh vụn sắt sau khi gia nhiệt • Có sẵn trong các biến thể điện áp khác nhau, để phù hợp với hầu hết các điện áp hoạt động trên toàn thế giới • Được cung cấp găng tay chống nhiệt để nâng cao độ an toàn cho người vận hành A: Cuộn dây cảm ứng nằm bên ngoài vỏ của máy gia nhiệt cho phép thời gian làm nóng ngắn hơn và tiêu thụ năng lượng thấp hơn B: Các cánh tay đỡ vòng bi có thể gập lại cho phép làm nóng vòng bi có đường kính lớn hơn và giảm nguy cơ vòng bi bị lật trong quá trình gia nhiệt C: Đầu dò nhiệt độ từ tính, kết hợp với chế độ nhiệt độ được cài đặt trước ở 110 ° C (230 ° F), giúp ngăn chặn quá nhiệt ổ trục E: Các thanh gia nhiệt lưu giữ trong hộp, làm giảm nguy cơ mất mát. F: Tay cầm tích hợp cho phép dễ dàng di chuyển lò sưởi trong xưởng G: Cánh tay trượt hoặc xoay cho phép thay thế ổ trục dễ dàng và nhanh chóng, giảm sự mệt mỏi cho người vận hành (không dành cho TIH 030m) Các tay đỡ vòng bi có thể gập lại cho phép làm nóng vòng bi có đường kính lớn hơn và giảm nguy cơ vòng bi bị lật trong quá trình gia nhiệt. Có khả năng làm nóng một một vòng bi 97 kg (213 lb) trong vòng chưa đầy 20 phút Thông số kỹ thuật Máy gia nhiệt TIH 100m Ký hiệu: TIH 100m Khối lượn gia nhiệt lớn nhất 120 kg (264 lb) Dải đường kính gia nhiệt: 20–400 mm (0.8–15.7 in.) Vùng gia nhiệt (rộng × cao) 155 × 205 mm (6.1 × 8 in.) Đường kính lõi từ 110 mm (4.3 in.) Thanh gia nhiệt tiêu chuẩn (bao gồm) để phù hợp với ổ trục đường kính lỗ khoan tối thiểu của phôi 80 mm (3.1 in.) 40 mm (1.6 in.) 20 mm (0.8 in.) Ví dụ về hiệu suất của thiết bị (vòng bi, trọng lượng, nhiệt độ, thời gian) 23156 CC/W33, 97 kg, gia nhiệt 110 độ C trong 20 phút Công suất tối đa 3,6 kVA (230 V) Điện áp 4,0–4,6 kVA (400–460 V) 100–120 V/50–60 Hz – 200–240 V/50–60 Hz TIH 100m/230 V 400–460 V/50–60 Hz TIH 100m/MV Dải nhiệt độ điều khiển 20 đến 250 °C (68 đến 482 °F) Khử từ theo tiêu chuẩn SKF nhỏ hơn 2 A/cm Kích thước (w × d × h) 570 × 230 × 350 mm Tổng khối lượng (bao gồm cả thanh gia nhiệt) 42 kg (92 lb) Tài liệu sản phẩm Máy gia nhiệt Twim 15 Máy gia nhiệt TIH L77 Máy gia nhiệt TIH 030 Tài liệu máy gia nhiệt SKF Máy gia nhiệt TIH 100 Sổ tay công cụ, dụng cụ SKF Máy gia nhiệt TIH 220 Gang tay chống nhiệt Máy gia nhiệt TIH L33 Vi deo hướng dẫn sử dụng máy gia nhiệt Máy gia nhiệt TIH L44 Tài liệu máy gia nhiệt Twim 15","[]","109859000","out_of_stock","vongbicongnghiep.vn-wc-store-api-category-search-skf","2026-04-29T13:56:31.951Z"
"35863","SKF","TMMA 120-SKF","TMMA 120-SKF","TMMA120SKF","Cảo SKF TMMA 120","Cảo vòng bi","Cảo vòng bi","101","san-pham-bao-tri","https://vongbicongnghiep.vn/san-pham/cao-vong-bi-skf-tmma-120/","https://vongbicongnghiep.vn/wp-content/uploads/2021/12/dinh-nghia-bo-vam-cao-thao-nac-dan.jpg","[""https://vongbicongnghiep.vn/wp-content/uploads/2021/12/dinh-nghia-bo-vam-cao-thao-nac-dan.jpg""]","Cảo vòng bi SKF TMMA 120","Cảo cơ khí TMMA 120 dùng để tháo vòng bi Tháo vòng bi an toàn và đơn giản Được trang bị cánh tay vận hành bằng lò xo và thiết kế chắc chắn, SKF EasyPull là một trong những công cụ thân thiện và an toàn nhất trên thị trường. Các tay cảo vận hành bằng lò xo cho phép người dùng định vị bộ kéo phía sau bộ phận chỉ bằng một chuyển động. • Thiết kế chắc chắn cho phép tháo gỡ các thành phần ngay cả trong ứng dụng chật hẹp nhất một cách an toàn • Cơ chế mở vòng đỏ độc đáo hoạt động bằng lò xo cho phép EasyPull được đặt phía sau linh kiện chỉ bằng một cử động của bàn tay • Tay kéo tự khóa giúp ngăn ngừa nguy cơ bộ kéo trượt khi chịu tải • Hai đầu lục giác cho phép áp dụng lực rút dễ dàng hơn • Khả năng tự định tâm và mũi khoan giúp tránh hư hỏng trục • Sử dụng hiệu quả thời gian do tháo lắp nhanh chóng • Với kích cỡ với lực rút 120 kN cho phép lựa chọn dễ dàng • Bộ tạo lực thủy lực có sẵn như một phụ kiện cho các phiên bản 120 kN • Được cung cấp với một ống mỡ trục chính của bộ kéo (LGEV 2) Video hướng dẫn sử dụng cảo TMMA EasyPull Cảo cơ TMMA – Tháo vòng bi an toàn và đơn giản Sản phẩm liên quan Catalog sản phẩm TMMA Hướng dẫn sử dụng cảo TMMA 60 Hướng dẫn sử dụng cảo TMMA 80 Hướng dẫn sử dụng cảo TMMA 120 TECHNICAL DATA TMMA 120 Thông tin chung Độ mở của cảo nhỏ nhất 75 mm (3.0 in.) Độ mở rộng của tay cảo tối đa 250 mm (9.8 in.) Độ dài làm việc của tay cảo 250 mm (9.8 in.) Lực cảo lớn nhất 120 kN (13.5 ton US) Khối lượng 10,6 kg (23.4 lb) Kích thước Claw Chiều cao 13,8 mm (0.54 in.) Chiều dài 24 mm (0.9 in.) Chiều rộng 40 mm (1.6 in.) Các bộ phận sinh lực Hình lục giác trên bộ kéo hoặc bộ chuyển đổi 32 mm Lục giác trên trục cơ khí 24 mm Momen cảo lớn nhất 265 Nm (195 lbf ft) Diameter nose piece 28 mm (1.1 in.) Bộ chuyển đổi: có thể nâng cấp lên phiên bản thủy lực Có","[]","18429000","in_stock","vongbicongnghiep.vn-wc-store-api-category-search-skf","2026-04-29T13:56:31.952Z"
"35861","SKF","TMMA 80-SKF","TMMA 80-SKF","TMMA80SKF","Cảo SKF TMMA 80","Cảo vòng bi","Cảo vòng bi","101","san-pham-bao-tri","https://vongbicongnghiep.vn/san-pham/cao-vong-bi-skf-tmma-80/","https://vongbicongnghiep.vn/wp-content/uploads/2022/12/maxresdefault.jpg","[""https://vongbicongnghiep.vn/wp-content/uploads/2022/12/maxresdefault.jpg""]","Cảo vòng bi SKF TMMA 80","Cảo cơ khí TMMA 80 dùng để tháo vòng bi Tháo vòng bi an toàn và đơn giản Được trang bị cánh tay vận hành bằng lò xo và thiết kế chắc chắn, SKF EasyPull là một trong những công cụ thân thiện và an toàn nhất trên thị trường. Các tay cảo vận hành bằng lò xo cho phép người dùng định vị bộ kéo phía sau bộ phận chỉ bằng một chuyển động. • Thiết kế chắc chắn cho phép tháo gỡ các thành phần ngay cả trong ứng dụng chật hẹp nhất một cách an toàn • Cơ chế mở vòng đỏ độc đáo hoạt động bằng lò xo cho phép EasyPull được đặt phía sau linh kiện chỉ bằng một cử động của bàn tay • Tay kéo tự khóa giúp ngăn ngừa nguy cơ bộ kéo trượt khi chịu tải • Hai đầu lục giác cho phép áp dụng lực rút dễ dàng hơn • Khả năng tự định tâm và mũi khoan giúp tránh hư hỏng trục • Sử dụng hiệu quả thời gian do tháo lắp nhanh chóng • Với kích cỡ với lực rút 80 kN , cho phép lựa chọn dễ dàng • Bộ tạo lực thủy lực có sẵn như một phụ kiện cho các phiên bản 80 kN • Được cung cấp với một ống mỡ trục chính của bộ kéo (LGEV 2) Video hướng dẫn sử dụng cảo TMMA EasyPull Cảo cơ TMMA – Tháo vòng bi an toàn và đơn giản Sản phẩm liên quan Catalog sản phẩm TMMA Hướng dẫn sử dụng cảo TMMA 60 Hướng dẫn sử dụng cảo TMMA 80 Hướng dẫn sử dụng cảo TMMA 120 TECHNICAL DATA TMMA 80 Thông tin chung Độ mở của cảo nhỏ nhất 52 mm (2.0 in.) Độ mở rộng của tay cảo tối đa 200 mm (7.8 in.) Độ dài làm việc của tay cảo 200 mm (7.8 in.) Lực cảo lớn nhất 80 kN (9.0 ton US) Khối lượng 5,7 kg (12.6 lb) Kích thước Claw Chiều cao 9,8 mm (0.39 in.) Chiều dài 18 mm (0.7 in.) Chiều rộng 28 mm (1.1 in.) Các bộ phận sinh lực Hình lục giác trên bộ kéo hoặc bộ chuyển đổi 30 mm Lục giác trên trục cơ khí 22 mm Momen cảo lớn nhất 175 Nm (125 lbf ft) Diameter nose piece 26 mm (1.0 in.) Bộ chuyển đổi: có thể nâng cấp lên phiên bản thủy lực Có","[]","13103000","out_of_stock","vongbicongnghiep.vn-wc-store-api-category-search-skf","2026-04-29T13:56:31.952Z"
"35843","SKF","TMBS 100E-SKF","TMBS 100E-SKF","TMBS100ESKF","Cảo SKF TMBS 100E","Cảo vòng bi","Cảo vòng bi","101","san-pham-bao-tri","https://vongbicongnghiep.vn/san-pham/cao-dia-thao-vong-bi-skf-tmbs-100e/","https://vongbicongnghiep.vn/wp-content/uploads/2021/11/tmhc110e-3.jpg","[""https://vongbicongnghiep.vn/wp-content/uploads/2021/11/tmhc110e-3.jpg"",""https://vongbicongnghiep.vn/wp-content/uploads/2022/05/tmbs3.jpg""]","","Bộ cảo đĩa tháo vòng bi cứng vững và lực cảo lớn SKF TMBS 100E Dễ dàng tháo lắp ổ trục ngay cả trong những không gian chật hẹp nhất Các đĩa cảo kéo sau mạnh mẽ của SKF TMBS E tạo điều kiện tháo lắp các ổ trục trong các ứng dụng hạn chế việc sử dụng các bộ kéo hàm truyền thống do thiếu không gian hoặc nơi ứng dụng đòi hỏi một phạm vi tiếp cận xa. • Thiết kế phân tách đặc biệt cho phép bộ kéo có thể dễ dàng chèn vào giữa ổ trục và vai trên trục • Điểm trung tâm được nạp lò xo của trục chính thủy lực cho phép dễ dàng định tâm bộ kéo giảm thiểu nguy cơ hư hỏng trục • Tay cầm chắc chắn phía sau vòng trong của ổ trục giúp giảm lực cần thiết để tháo ổ trục • Trục chính thủy lực được trang bị van an toàn, giúp giảm thiểu nguy cơ quá tải của bộ kéo • Hành trình trục chính thủy lực 80 mm (3,1 in.) Giúp tháo dỡ dễ dàng trong một thao tác • SKF TMBS 100E được trang bị trục chính thủy lực, cho phép dễ dàng tác dụng lực lên đến 100 kN (11,2 tấn Mỹ) • Được cung cấp với các miếng mở rộng trục chính thủy lực để cho phép nhanh chóng thích ứng với chiều dài kéo • SKF TMBS 100E được cung cấp với các thanh kéo dài để cho phép thích ứng nhanh chóng với chiều dài kéo lên đến 816 mm (32,1 in.) Tài liệu liên quan Tài liệu sản phẩm TMBS E series (289.1 KB) Hướng dẫn sử dụng cảo TMBS 50E (877.7 KB) Hướng dẫn sử dụng cảo TMBS 100E và TMBS 150E (2.8 MB) Cảo đĩa tháo vòng bi SKF TMBS 100E TMBS 100E Thông số Kỹ thuật TMBS 100E Ký hiệu TMBS 100E Bao gồm 1 × separator set 2 × main rods 2 × extension rods, 125 mm (4.9 in.) 4 × extension rods, 285 mm (11.2 in.) 1 × beam 1 × hydraulic spindle TMHS 100 2 × extension pieces for hydraulic spindle; 50, 100 mm (2.0, 3.9 in.) 1 × nosepiece with centre point for hydraulic spindle hành trình thuỷ lực max 80 mm (3.1 in.) Lực kéo 100 kN (11.2 US ton) Tầm với lớn nhất 120–816 mm (4.7–31.1 in.) Dải đường kính 20–100 mm (0.8–4 in.) Kích thức hộp đựng 580 × 410 × 70 mm (23 × 16 × 2.8 in.) Khối lượng 13,5 kg (29.8 lb) Phụ tùng thay thế TMBS 100E Mô tả Ký hiệu Trục bơm Thủy lực, 100 kN TMHS 100 Advanced hydraulic spindle, 100 kN, spindle only TMHS 100-1 Set of extension pieces for the hydraulic spindle, nose piece TMHS 8T Dâm ngang TMBS 100E-1 Thanh chính, Đai ốc, đệm (bộ) TMBS 100E-2 Thanh kéo dài 125 mm/4.9 in (2pcs) TMBS 100E-3 Thanh kéo dài 285 mm/11.2 in (4pcs) TMBS 100E-4 Separator (complete) TMBS 100E-5","[]","18720000","in_stock","vongbicongnghiep.vn-wc-store-api-category-search-skf","2026-04-29T13:56:31.953Z"
"35842","SKF","TMBS 50E-SKF","TMBS 50E-SKF","TMBS50ESKF","Cảo SKF TMBS 50E","Cảo vòng bi","Cảo vòng bi","101","san-pham-bao-tri","https://vongbicongnghiep.vn/san-pham/cao-dia-thao-vong-bi-skf-tmbs-50e/","https://vongbicongnghiep.vn/wp-content/uploads/2022/05/tmbs2-1.jpg","[""https://vongbicongnghiep.vn/wp-content/uploads/2022/05/tmbs2-1.jpg""]","","Bộ cảo đĩa tháo vòng bi SKF TMBS 50E Dễ dàng tháo lắp ổ trục ngay cả trong những không gian chật hẹp nhất Các đĩa cảo kéo sau mạnh mẽ của SKF TMBS 50E tạo điều kiện tháo lắp các ổ trục trong các ứng dụng hạn chế việc sử dụng các bộ kéo hàm truyền thống do thiếu không gian hoặc nơi ứng dụng đòi hỏi một phạm vi tiếp cận xa. TMBS 50E được trang bị trục quay cơ học để tạo lực. • Thiết kế phân tách đặc biệt cho phép bộ kéo có thể dễ dàng chèn vào giữa ổ trục và vai trên trục • Tay cầm chắc chắn phía sau vòng trong của ổ trục giúp giảm lực cần thiết để tháo ổ trục • SKF TMBS 50E được trang bị trục quay cơ học để tạo lực Tài liệu liên quan Tài liệu sản phẩm TMBS E series (289.1 KB) Hướng dẫn sử dụng cảo TMBS 50E (877.7 KB) Hướng dẫn sử dụng cảo TMBS 100E và TMBS 150E (2.8 MB) TMBS 50E Thông số Kỹ thuật TMBS 50E Ký hiệu TMBS 50E Bao gồm 1 x separator set 1 x mechanical spindle 1 x beam 2 x main rods Lực kéo 30 kN (3.4 US ton) Tầm với lớn nhất 110 mm (4.3 in.) Dải đường kính 7–50 mm (0.3–2 in.) Kích thức hộp đựng 295 x 190 x 50 mm (11.6 x 7.5 x 2 in.) Khối lượng 1,8 kg (4 lb)","[]","6880000","out_of_stock","vongbicongnghiep.vn-wc-store-api-category-search-skf","2026-04-29T13:56:31.953Z"
"35795","SKF","TMMS 260-SKF","TMMS 260-SKF","TMMS260SKF","Cảo đĩa SKF TMMS 260","Cảo vòng bi","Cảo vòng bi","101","san-pham-bao-tri","https://vongbicongnghiep.vn/san-pham/dia-cao-vong-bi-tmms-260/","https://vongbicongnghiep.vn/wp-content/uploads/2021/11/tmms1.jpg","[""https://vongbicongnghiep.vn/wp-content/uploads/2021/11/tmms1.jpg""]","","Đĩa cảo ba mảnh TMMS 260 Tháo vòng bi hiệu quả, chính xác • Ba mảnh ghép của cảo dòng TMMS, được thiết kế đặc biệt để sử dụng kết hợp với các bộ kéo ba nhánh. Các tấm ba mảnh bám phía sau vòng trong của vòng bi. Điều này ngăn chặn các lực kéo truyền qua vòng ngoài và các phần tử lăn, giảm thiểu nguy cơ hư hỏng vòng bi. • Thiết kế độc đáo của dòng TMMS cho phép tác dụng lực vào điểm hiệu quả nhất; vòng trong và do đó cần ít lực để tháo ra hơn so với khi kéo vòng ngoài • Tay cầm chắc chắn phía sau vòng trong của ổ trục đảm bảo rằng lực kéo chỉ được truyền qua ca trong vòng bi và không truyền qua vòng ngoài hoặc các phần tử lăn, ngăn ngừa hư hỏng ổ trục • Kết cấu ba phần cho phép phân bổ lực đều, ngăn chặn việc khóa vòng bi và / hoặc nghiêng trên trục, đặc biệt là trong trường hợp vòng bi SRB và CARB®, trong quá trình tháo lắp • Thích hợp để sử dụng kết hợp với bất kỳ bộ kéo ba tay cảo nào • Hình dạng đặc biệt cho phép các tấm có thể dễ dàng lắp vào giữa ổ trục và vai trên trục • Có sẵn trong nhiều loại, bao gồm hầu hết các kích thước trục phổ biến Đĩa cảo ba miếng TMMS 100 được sử dụng với bộ kéo ổ trục TMMA H series Tài liệu liên quan Thông số kỹ thuật của cảo và phụ kiện (436.8 KB) Hướng dẫn sử dụng đĩa cảo TMBS (1.1 MB) Kích thước của đĩa cảo TMMS Ký hiệu d min d max A TMMS 260 90 260 70–114 Sản phẩm liên quan Catalog bộ sản phẩm TMMK Hướng dẫn sử dụng TMMK 10-35 (4.4 MB) Hướng dẫn sử dụng TMMK 20-50 (4.4 MB) Catalog sản phẩm bảo dưỡng và mỡ bôi trơn SKF (20.5 MB) Video mô tả việc đóng tháo vòng bi SKF Phần mềm liên quan Bộ công cụ phần mềm hỗ trợ cho việc lựa chọn ống lót vòng bi và phương pháp lắp Công cụ hướng dẫn tháo và lắp vòng bi Sản phẩm liên quan Bộ đóng vòng bi TMFT 36 Cảo cơ TMMP hạng nặng Bộ cảo thủy lực TMHP 10E Bộ cảo cơ TMMA Bộ cảo Thủy lực TMHP Bộ cảo Thủy lực TMHP hạng nặng","[]","32161000","out_of_stock","vongbicongnghiep.vn-wc-store-api-category-search-skf","2026-04-29T13:56:31.955Z"
"35794","SKF","TMMS 160-SKF","TMMS 160-SKF","TMMS160SKF","Cảo đĩa SKF TMMS 160","Cảo vòng bi","Cảo vòng bi","101","san-pham-bao-tri","https://vongbicongnghiep.vn/san-pham/dia-cao-vong-bi-tmms-160/","https://vongbicongnghiep.vn/wp-content/uploads/2021/11/tmms1.jpg","[""https://vongbicongnghiep.vn/wp-content/uploads/2021/11/tmms1.jpg""]","","Đĩa cảo ba mảnh TMMS 160 Tháo vòng bi hiệu quả, chính xác • Ba mảnh ghép của cảo dòng TMMS, được thiết kế đặc biệt để sử dụng kết hợp với các bộ kéo ba nhánh. Các tấm ba mảnh bám phía sau vòng trong của vòng bi. Điều này ngăn chặn các lực kéo truyền qua vòng ngoài và các phần tử lăn, giảm thiểu nguy cơ hư hỏng vòng bi. • Thiết kế độc đáo của dòng TMMS cho phép tác dụng lực vào điểm hiệu quả nhất; vòng trong và do đó cần ít lực để tháo ra hơn so với khi kéo vòng ngoài • Tay cầm chắc chắn phía sau vòng trong của ổ trục đảm bảo rằng lực kéo chỉ được truyền qua ca trong vòng bi và không truyền qua vòng ngoài hoặc các phần tử lăn, ngăn ngừa hư hỏng ổ trục • Kết cấu ba phần cho phép phân bổ lực đều, ngăn chặn việc khóa vòng bi và / hoặc nghiêng trên trục, đặc biệt là trong trường hợp vòng bi SRB và CARB®, trong quá trình tháo lắp • Thích hợp để sử dụng kết hợp với bất kỳ bộ kéo ba tay cảo nào • Hình dạng đặc biệt cho phép các tấm có thể dễ dàng lắp vào giữa ổ trục và vai trên trục • Có sẵn trong nhiều loại, bao gồm hầu hết các kích thước trục phổ biến Đĩa cảo ba miếng TMMS 100 được sử dụng với bộ kéo ổ trục TMMA H series Tài liệu liên quan Thông số kỹ thuật của cảo và phụ kiện (436.8 KB) Hướng dẫn sử dụng đĩa cảo TMBS (1.1 MB) Kích thước của đĩa cảo TMMS Ký hiệu d min d max A TMMS 160 50 160 45–73 Sản phẩm liên quan Catalog bộ sản phẩm TMMK Hướng dẫn sử dụng TMMK 10-35 (4.4 MB) Hướng dẫn sử dụng TMMK 20-50 (4.4 MB) Catalog sản phẩm bảo dưỡng và mỡ bôi trơn SKF (20.5 MB) Video mô tả việc đóng tháo vòng bi SKF Phần mềm liên quan Bộ công cụ phần mềm hỗ trợ cho việc lựa chọn ống lót vòng bi và phương pháp lắp Công cụ hướng dẫn tháo và lắp vòng bi Sản phẩm liên quan Bộ đóng vòng bi TMFT 36 Cảo cơ TMMP hạng nặng Bộ cảo thủy lực TMHP 10E Bộ cảo cơ TMMA Bộ cảo Thủy lực TMHP Bộ cảo Thủy lực TMHP hạng nặng","[]","12921000","out_of_stock","vongbicongnghiep.vn-wc-store-api-category-search-skf","2026-04-29T13:56:31.955Z"
"35793","SKF","TMMS 100-SKF","TMMS 100-SKF","TMMS100SKF","Cảo đĩa SKF TMMS 100","Cảo vòng bi","Cảo vòng bi","101","san-pham-bao-tri","https://vongbicongnghiep.vn/san-pham/dia-cao-vong-bi-tmms-100/","https://vongbicongnghiep.vn/wp-content/uploads/2021/11/tmms1.jpg","[""https://vongbicongnghiep.vn/wp-content/uploads/2021/11/tmms1.jpg""]","","Đĩa cảo ba mảnh TMMS 100 Tháo vòng bi hiệu quả, chính xác • Ba mảnh ghép của cảo dòng TMMS, được thiết kế đặc biệt để sử dụng kết hợp với các bộ kéo ba nhánh. Các tấm ba mảnh bám phía sau vòng trong của vòng bi. Điều này ngăn chặn các lực kéo truyền qua vòng ngoài và các phần tử lăn, giảm thiểu nguy cơ hư hỏng vòng bi. • Thiết kế độc đáo của dòng TMMS cho phép tác dụng lực vào điểm hiệu quả nhất; vòng trong và do đó cần ít lực để tháo ra hơn so với khi kéo vòng ngoài • Tay cầm chắc chắn phía sau vòng trong của ổ trục đảm bảo rằng lực kéo chỉ được truyền qua ca trong vòng bi và không truyền qua vòng ngoài hoặc các phần tử lăn, ngăn ngừa hư hỏng ổ trục • Kết cấu ba phần cho phép phân bổ lực đều, ngăn chặn việc khóa vòng bi và / hoặc nghiêng trên trục, đặc biệt là trong trường hợp vòng bi SRB và CARB®, trong quá trình tháo lắp • Thích hợp để sử dụng kết hợp với bất kỳ bộ kéo ba tay cảo nào • Hình dạng đặc biệt cho phép các tấm có thể dễ dàng lắp vào giữa ổ trục và vai trên trục • Có sẵn trong nhiều loại, bao gồm hầu hết các kích thước trục phổ biến Đĩa cảo ba miếng TMMS 100 được sử dụng với bộ kéo ổ trục TMMA H series Tài liệu liên quan Thông số kỹ thuật của cảo và phụ kiện (436.8 KB) Hướng dẫn sử dụng đĩa cảo TMBS (1.1 MB) Kích thước của đĩa cảo TMMS Ký hiệu d min d max A TMMS 100 26 100 36–55 Sản phẩm liên quan Catalog bộ sản phẩm TMMK Hướng dẫn sử dụng TMMK 10-35 (4.4 MB) Hướng dẫn sử dụng TMMK 20-50 (4.4 MB) Catalog sản phẩm bảo dưỡng và mỡ bôi trơn SKF (20.5 MB) Video mô tả việc đóng tháo vòng bi SKF Phần mềm liên quan Bộ công cụ phần mềm hỗ trợ cho việc lựa chọn ống lót vòng bi và phương pháp lắp Công cụ hướng dẫn tháo và lắp vòng bi Sản phẩm liên quan Bộ đóng vòng bi TMFT 36 Cảo cơ TMMP hạng nặng Bộ cảo thủy lực TMHP 10E Bộ cảo cơ TMMA Bộ cảo Thủy lực TMHP Bộ cảo Thủy lực TMHP hạng nặng","[]","8050000","out_of_stock","vongbicongnghiep.vn-wc-store-api-category-search-skf","2026-04-29T13:56:31.956Z"
"35792","SKF","TMMS 50-SKF","TMMS 50-SKF","TMMS50SKF","Cảo đĩa SKF TMMS 50","Cảo vòng bi","Cảo vòng bi","101","san-pham-bao-tri","https://vongbicongnghiep.vn/san-pham/dia-cao-vong-bi-tmms-50/","https://vongbicongnghiep.vn/wp-content/uploads/2021/11/tmms1.jpg","[""https://vongbicongnghiep.vn/wp-content/uploads/2021/11/tmms1.jpg""]","","Đĩa cảo ba mảnh TMMS 50 Tháo vòng bi hiệu quả, chính xác • Ba mảnh ghép của cảo dòng TMMS, được thiết kế đặc biệt để sử dụng kết hợp với các bộ kéo ba nhánh. Các tấm ba mảnh bám phía sau vòng trong của vòng bi. Điều này ngăn chặn các lực kéo truyền qua vòng ngoài và các phần tử lăn, giảm thiểu nguy cơ hư hỏng vòng bi. • Thiết kế độc đáo của dòng TMMS cho phép tác dụng lực vào điểm hiệu quả nhất; vòng trong và do đó cần ít lực để tháo ra hơn so với khi kéo vòng ngoài • Tay cầm chắc chắn phía sau vòng trong của ổ trục đảm bảo rằng lực kéo chỉ được truyền qua ca trong vòng bi và không truyền qua vòng ngoài hoặc các phần tử lăn, ngăn ngừa hư hỏng ổ trục • Kết cấu ba phần cho phép phân bổ lực đều, ngăn chặn việc khóa vòng bi và / hoặc nghiêng trên trục, đặc biệt là trong trường hợp vòng bi SRB và CARB®, trong quá trình tháo lắp • Thích hợp để sử dụng kết hợp với bất kỳ bộ kéo ba tay cảo nào • Hình dạng đặc biệt cho phép các tấm có thể dễ dàng lắp vào giữa ổ trục và vai trên trục • Có sẵn trong nhiều loại, bao gồm hầu hết các kích thước trục phổ biến Đĩa cảo ba miếng TMMS 100 được sử dụng với bộ kéo ổ trục TMMA H series Tài liệu liên quan Thông số kỹ thuật của cảo và phụ kiện (436.8 KB) Hướng dẫn sử dụng đĩa cảo TMBS (1.1 MB) Kích thước của đĩa cảo TMMS Ký hiệu d min d max A mm mm mm TMMS 50 12 50 20–30 Sản phẩm liên quan Catalog bộ sản phẩm TMMK Hướng dẫn sử dụng TMMK 10-35 (4.4 MB) Hướng dẫn sử dụng TMMK 20-50 (4.4 MB) Catalog sản phẩm bảo dưỡng và mỡ bôi trơn SKF (20.5 MB) Video mô tả việc đóng tháo vòng bi SKF Phần mềm liên quan Bộ công cụ phần mềm hỗ trợ cho việc lựa chọn ống lót vòng bi và phương pháp lắp Công cụ hướng dẫn tháo và lắp vòng bi Sản phẩm liên quan Bộ đóng vòng bi TMFT 36 Cảo cơ TMMP hạng nặng Bộ cảo thủy lực TMHP 10E Bộ cảo cơ TMMA Bộ cảo Thủy lực TMHP Bộ cảo Thủy lực TMHP hạng nặng","[]","3966000","out_of_stock","vongbicongnghiep.vn-wc-store-api-category-search-skf","2026-04-29T13:56:31.957Z"
"35752","SKF","TMMP 15-SKF","TMMP 15-SKF","TMMP15SKF","Cảo SKF TMMP 15","Cảo vòng bi","Cảo vòng bi","101","san-pham-bao-tri","https://vongbicongnghiep.vn/san-pham/cao-co-skf-tmmp-15/","https://vongbicongnghiep.vn/wp-content/uploads/2022/10/tmmp-tmhp.jpg","[""https://vongbicongnghiep.vn/wp-content/uploads/2022/10/tmmp-tmhp.jpg""]","","Cảo cơ TMMP 15 tháo vòng bi hạng nặng Một trong những cách phổ biến nhất để tháo các vòng bi cỡ nhỏ đến trung bình là sử dụng một bộ kéo cơ học cơ bản. Sử dụng bộ kéo SKF giúp bảo vệ chống hư hỏng vòng bi hoặc ổ đỡ vòng bi trong quá trình tháo vòng bi. Bộ SKF Jaw cho phép vận hành bộ kéo dễ dàng và an toàn. Thông số kỹ thuật Ký hiệu loại cảo TMMP 15 Độ mở của cảo 140–326 mm (5.5–12.8 in.) Chiều dài tay cảo 340 mm (13.4 in.) Chiều dài của móc cảo 30 mm (1.18 in.) Lực cảo lớn nhất 150 kN (17 US ton) Trọng lượng 21,5 kg (47.4 lb) Tùy chọn chiều dài cánh tay cảo 260 mm (10.2 in.) TMMP ..-1 TMMP ..-2 đi kèm TMMP ..-3 435 mm (17.1 in.) TMMP ..-4 685 mm (27.0 in.) Video các phương pháp Lắp và tháo vòng bi cầu rãnh sâu SKF","[]","40382000","out_of_stock","vongbicongnghiep.vn-wc-store-api-category-search-skf","2026-04-29T13:56:31.957Z"
"35751","SKF","TMMP 10-SKF","TMMP 10-SKF","TMMP10SKF","Cảo SKF TMMP 10","Cảo vòng bi","Cảo vòng bi","101","san-pham-bao-tri","https://vongbicongnghiep.vn/san-pham/cao-co-skf-tmmp-10/","https://vongbicongnghiep.vn/wp-content/uploads/2022/10/tmmp-tmhp-1.jpg","[""https://vongbicongnghiep.vn/wp-content/uploads/2022/10/tmmp-tmhp-1.jpg""]","","Cảo cơ TMMP 10 tháo vòng bi hạng nặng Một trong những cách phổ biến nhất để tháo các vòng bi cỡ nhỏ đến trung bình là sử dụng một bộ kéo cơ học cơ bản. Sử dụng bộ kéo SKF giúp bảo vệ chống hư hỏng vòng bi hoặc ổ đỡ vòng bi trong quá trình tháo vòng bi. Bộ SKF Jaw cho phép vận hành bộ kéo dễ dàng và an toàn. Thông số kỹ thuật Ký hiệu loại cảo TMMP 10 Độ mở của cảo 100–223 mm (3.9–8.7 in.) Chiều dài tay cảo 207 mm (8.2 in.) Chiều dài của móc cảo 20 mm (0.78 in.) Lực cảo lớn nhất 100 kN (11.2 US ton) Trọng lượng 8,5 kg (19 lb) Tùy chọn chiều dài cánh tay cảo đi kèm TMMP ..-1 TMMP ..-2 350 mm (13.8 in.) TMMP ..-3 460 mm (18.1 in.) TMMP ..-4 710 mm (27.9 in.) Video các phương pháp Lắp và tháo vòng bi cầu rãnh sâu SKF","[]","20847000","out_of_stock","vongbicongnghiep.vn-wc-store-api-category-search-skf","2026-04-29T13:56:31.958Z"
"35706","SKF","TMMP 3X300-SKF","TMMP 3X300-SKF","TMMP3X300SKF","Cảo SKF TMMP 3X300","Cảo vòng bi","Cảo vòng bi","101","san-pham-bao-tri","https://vongbicongnghiep.vn/san-pham/cao-3-chau-skf-tmmp-3x300/","https://vongbicongnghiep.vn/wp-content/uploads/2022/10/0901d19680925e1a-PUL0007V_NG-TMMP-16x9_tcm_12-499757.png","[""https://vongbicongnghiep.vn/wp-content/uploads/2022/10/0901d19680925e1a-PUL0007V_NG-TMMP-16x9_tcm_12-499757.png""]","Cảo 3 chấu SKF TMMP 3X300 là loại cảo tháo vòng bi tốt nhất trên thị trường. giúp tháo vòng bi 1 cách dễ ràng.","Cảo 3 chấu SKF TMMP 3X300 Một trong những cách phổ biến nhất để tháo các vòng bi cỡ nhỏ đến trung bình là sử dụng một bộ cảo 3 chấu cơ học.Cảo 3 chấu SKF TMMP 3X300 là một cảo kéo ba chấu cho các ổ trục cỡ nhỏ và vừa. Nó giúp người sử dụng bảo vệ khỏi bị hư hỏng ổ trục hoặc chỗ ngồi ổ trục trong quá trình tháo dỡ. Dòng Máy kéo hàm tiêu chuẩn SKF TMMP cho phép thực hiện các công việc dễ dàng và nhanh chóng và vận hành máy kéo an toàn. •Hệ thống hình nón để định tâm tự động và định vị an toàn các cánh tay •Lò xo chắc chắn giữ cho cánh tay cách xa nhau để dễ dàng vận hành •Thép cacbon chất lượng cao, cứng Thông số Kỹ thuật sản phẩm Ký hiệu TMMP 3X300 Độ mở vấu cảo 45–300 mm (1,8–11,8 inch) Chiều dài tay cảo 240 mm (9,4 in.) Chiều cao của mỏ vấu cảo 11 mm (0,43 in.) lực cảo 50,0 kN (5,6 tấn Mỹ) khối lượng cảo 8,6 kg (19 lb) Tài liệu liên quan Catalog cảo TMMP Hướng dẫn sử dụng cảo TMMP Công ty TST Việt Nam hiện nhập khẩu và phân phối các dòng sản phẩm chính hãng của SKF như: Vòng bi cầu, Vòng bi đũa, gối đỡ SKF, phớt chặn dầu SKF, dây đai truyền động, xích tải công nghiệp, phớt thủy lực SKF, máy gia nhiệt vòng bi, mỡ bôi trơn SKF, súng bơm mỡ,… với chất lượng tốt cam kết hàng chính hãng mà giá thành lại vô cùng phải chăng. Để mua được Cảo 3 chấu SKF TMMP 3X300 chính hãng SKF: Quý khách hàng liên hệ với đại lý SKF tại Hà Nội Công ty CP Thương mại và Công nghệ TST Việt Nam Số 11/68 đường Trung kính, Cầu Giấy, Hà Nội Email: vantao@tstvietnam.vn Mobile: 0988920565","[]","9080000","in_stock","vongbicongnghiep.vn-wc-store-api-category-search-skf","2026-04-29T13:56:31.958Z"
"35696","SKF","TMMP 3X230-SKF","TMMP 3X230-SKF","TMMP3X230SKF","Cảo SKF TMMP 3X230","Cảo vòng bi","Cảo vòng bi","101","san-pham-bao-tri","https://vongbicongnghiep.vn/san-pham/cao-3-chau-skf-tmmp-3x230/","https://vongbicongnghiep.vn/wp-content/uploads/2022/10/0901d196807ef5bd.png","[""https://vongbicongnghiep.vn/wp-content/uploads/2022/10/0901d196807ef5bd.png""]","Cảo 3 chấu SKF TMMP 3X230 thiết kế chắc chắn dễ ràng sử dụng tháo vòng bi","Cảo 3 chấu SKF TMMP 3X230 Một trong những cách phổ biến nhất để tháo các vòng bi cỡ nhỏ đến trung bình là sử dụng một bộ kéo cơ học. SKF TMMP 3X230 là một tay kéo ba cho các ổ trục cỡ nhỏ và vừa. Nó giúp người sử dụng bảo vệ khỏi bị hư hỏng ổ trục hoặc chỗ ngồi ổ trục trong quá trình tháo dỡ. Dòng Máy kéo hàm tiêu chuẩn SKF TMMP cho phép thực hiện các công việc dễ dàng và nhanh chóng và vận hành máy kéo an toàn. •Hệ thống hình nón để định tâm tự động và định vị an toàn các cánh tay •Lò xo chắc chắn giữ cho cánh tay cách xa nhau để dễ dàng vận hành •Thép cacbon chất lượng cao, cứng Thông số Kỹ thuật sản phẩm Ký hiệu TMMP 3X230 Độ mở vấu cảo 40–230 mm (1.6–9.1 in.) Chiều dài tay cảo 210 mm (8.3 in.) Chiều cao của mỏ vấu cảo 9 mm (0.35 in.) lực cảo 34,0 kN (3.8 US ton) khối lượng cảo 5,8 kg (13 lb) Tài liệu liên quan Catalog cảo TMMP Hướng dẫn sử dụng cảo TMMP","[]","7838000","in_stock","vongbicongnghiep.vn-wc-store-api-category-search-skf","2026-04-29T13:56:31.958Z"
"35185","SKF","TMMP 3X185-SKF","TMMP 3X185-SKF","TMMP3X185SKF","Cảo SKF TMMP 3X185","Cảo vòng bi","Cảo vòng bi","101","san-pham-bao-tri","https://vongbicongnghiep.vn/san-pham/cao-3-chau-skf-tmmp-3x185/","https://vongbicongnghiep.vn/wp-content/uploads/2022/10/0901d19680925e1a-PUL0007V_NG-TMMP-16x9_tcm_12-499757.png","[""https://vongbicongnghiep.vn/wp-content/uploads/2022/10/0901d19680925e1a-PUL0007V_NG-TMMP-16x9_tcm_12-499757.png"",""https://vongbicongnghiep.vn/wp-content/uploads/2022/10/0901d196807ef5bd.png""]","Cảo 3 chấu SKF TMMP 3X185","Cảo 3 chấu SKF TMMP 3X185 Một trong những cách phổ biến nhất để tháo các vòng bi cỡ nhỏ đến trung bình là sử dụng một bộ kéo cơ học. SKF TMMP 3X185 là một tay kéo ba cho các ổ trục cỡ nhỏ và vừa. Nó giúp người sử dụng bảo vệ khỏi bị hư hỏng ổ trục hoặc chỗ ngồi ổ trục trong quá trình tháo dỡ. Dòng Máy kéo hàm tiêu chuẩn SKF TMMP cho phép thực hiện các công việc dễ dàng và nhanh chóng và vận hành máy kéo an toàn. •Hệ thống hình nón để định tâm tự động và định vị an toàn các cánh tay •Lò xo chắc chắn giữ cho cánh tay cách xa nhau để dễ dàng vận hành •Thép cacbon chất lượng cao, cứng Thông số Kỹ thuật sản phẩm Ký hiệu TMMP 3X185 Độ mở vấu cảo 40–185 mm (1.6–7.3 in.) Chiều dài tay cảo 135 mm (5.3 in.) Chiều cao của mỏ vấu cảo 9 mm (0.35 in.) lực cảo 24,0 kN (2.7 US ton) khối lượng cảo 2,9 kg (6.4 lb) Tài liệu liên quan Catalog cảo TMMP Hướng dẫn sử dụng cảo TMMP","[]","5243000","in_stock","vongbicongnghiep.vn-wc-store-api-category-search-skf","2026-04-29T13:56:31.958Z"
"35169","SKF","TMMP 2X170-SKF","TMMP 2X170-SKF","TMMP2X170SKF","Cảo SKF TMMP 2X170","Cảo vòng bi","Cảo vòng bi","101","san-pham-bao-tri","https://vongbicongnghiep.vn/san-pham/cao-2-chau-skf-tmmp-2x170/","https://vongbicongnghiep.vn/wp-content/uploads/2022/10/0901d196807ef5be.png","[""https://vongbicongnghiep.vn/wp-content/uploads/2022/10/0901d196807ef5be.png""]","Cảo 2 chấu SKF TMMP 2X170","Cảo 2 chấu SKF TMMP 2X170 • Dễ dàng tháo vòng bi và an toàn • Sử dụng Cảo 2 chấu SKF giúp đảm bảo không gây ra hư hỏng cho ổ trục hoặc bệ đỡ ổ trục trong quá trình tháo lắp •Thép cacbon chất lượng cao, cứng Tài liệu liên quan Catalog cảo TMMP Hướng dẫn sử dụng cảo TMMP","[]","3759000","in_stock","vongbicongnghiep.vn-wc-store-api-category-search-skf","2026-04-29T13:56:31.959Z"
"35165","SKF","TMMP 2X65-SKF","TMMP 2X65-SKF","TMMP2X65SKF","Cảo SKF TMMP 2X65","Cảo vòng bi","Cảo vòng bi","101","san-pham-bao-tri","https://vongbicongnghiep.vn/san-pham/cao-2-chau-skf-tmmp-2x65/","https://vongbicongnghiep.vn/wp-content/uploads/2022/10/0901d196807ef5be.png","[""https://vongbicongnghiep.vn/wp-content/uploads/2022/10/0901d196807ef5be.png""]","Cảo 2 chấu SKF TMMP 2X65","• Dễ dàng tháo vòng bi và an toàn • Sử dụng Cảo 2 chấu SKF giúp đảm bảo không gây ra hư hỏng cho ổ trục hoặc bệ đỡ ổ trục trong quá trình tháo lắp •Thép cacbon chất lượng cao, cứng Tài liệu liên quan Catalog cảo TMMP Hướng dẫn sử dụng cảo TMMP","[]","2022000","out_of_stock","vongbicongnghiep.vn-wc-store-api-category-search-skf","2026-04-29T13:56:31.959Z"
"34637","SKF","PHL FM10/400-SKF","PHL FM10/400-SKF","PHLFM10400SKF","Máy đo tần số dây curoa SKF PHL FM10/400","Thiết bị kiểm tra máy","Thiết bị kiểm tra máy","101","san-pham-bao-tri","https://vongbicongnghiep.vn/san-pham/may-do-tan-so-day-curoa-skf-phl-fm10-400/","https://vongbicongnghiep.vn/wp-content/uploads/2022/08/0901d19680cc6bf2-BFM_Meter-and-Sensor_tcm_12-584310.png","[""https://vongbicongnghiep.vn/wp-content/uploads/2022/08/0901d19680cc6bf2-BFM_Meter-and-Sensor_tcm_12-584310.png"",""https://vongbicongnghiep.vn/wp-content/uploads/2022/08/q1-1.webp"",""https://vongbicongnghiep.vn/wp-content/uploads/2022/08/q2-1.webp"",""https://vongbicongnghiep.vn/wp-content/uploads/2022/08/q3-1.webp"",""https://vongbicongnghiep.vn/wp-content/uploads/2022/08/q4-1.webp"",""https://vongbicongnghiep.vn/wp-content/uploads/2022/08/q5-1.webp""]","","Máy đo tần số dây đai PHL FM10/400 Phát hiện độ rung và độ căng của dây đai nhanh chóng và dễ dàng Máy đo tần số vành đai SKF PHL FM10/400 là một hệ thống hai thành phần bao gồm một máy đo cầm tay được gắn với một cảm biến quang học thông qua một calbe điện tử. Cảm biến sử dụng chùm tia hồng ngoại để phát hiện sự rung động của sợi dây đai và gửi tín hiệu đến đồng hồ. (Cảm biến bao gồm một đèn LED tạo ra chùm ánh sáng màu cam để giúp hướng tia hồng ngoại không nhìn thấy được.) So sánh đầu vào này với độ rung của tinh thể thạch anh, máy đo sẽ tính toán tần số tự nhiên của vành đai. Kết quả được hiển thị trong cửa sổ hiển thị dưới dạng hertz (dao động mỗi giây). Lập trình bên trong của đồng hồ cũng có thể báo cáo sức căng của dây đai theo đơn vị lực (hoặc newton hoặc pound-lực) miễn là người vận hành đã nhập khối lượng và chiều dài dây đai bằng bàn phím vận hành bằng tay. • Dễ sử dụng; không cần đào tạo • Phát hiện độ rung / tần số và độ căng của dây đai thông qua cảm biến quang học (hồng ngoại) • Chùm tia được tạo ra từ đèn LED màu cam hỗ trợ nhắm mục tiêu của cảm biến • Hệ thống đo lường dựa trên tinh thể thạch anh rất ổn định • Dải tần số khả dụng: 10 Hz đến 400 Hz • Bộ cộng hưởng cơ học chính xác (âm thoa) được bao gồm để kiểm tra hiệu chuẩn ở tần số điểm • Giao tiếp bằng âm thanh và rõ ràng với nhà điều hành • Trọng lượng nhẹ, thiết bị cầm tay Hình ảnh san phẩm PHL FM10/400 Đầu đo sản phẩm Đo tần số rung dây đai Thông số Kỹ thuật sản phẩm Ký hiệu PHL FM10/400 Dải đo Dải tần số đo 10 to 400 Hz Độ chính xác của phép đo Below 100 Hz ± 1 significant digit Above 100 Hz ± 1% Đầu vào khối lượng dây đai 0,001 to 9,990 kg/m Chiều dài dây đai được đo 0,001 to 9,99 m Hiển thị độ căn lớn nhất 9 990 N / 2 200 lb Môi trường vận hành Nhiệt độ làm việc +10 to +50 °C Nhiệt độ cất giữ −50 to +70 °C Cấp kháng nước IP54 Sensor Kiểu Infrared optical IR wavelength 970 nm Visible aiming beam Narrow angle orange LED Housing Machined aluminium Độ dài cable 1 m Nguồn điện cấp Kiểu pin AA (MN1500) Alkaline only Số lượng 4 Thời gian Pin 20 hrs Vị trí Pin Back of meter Pin có thể sạc lại( tùy chọn) Kiểu Pin AA (1 300 mAh minimum) Nguồn sạc 12 to 15 V DC output Socket/polarity 3,5 mm positive centre Tài liệu liên quan Hướng dẫn sử dụng PHL FM10/400 (218.1 KB) Catalog sản phẩm dây đai SKF (3.3 MB) Hướng dẫn sử dụng TKBA 60 Catalogue sản phẩm Bảo trì và Bôi trơn (20.5 MB) Hướng dẫn sử dụng TKBA 20 Căn chỉnh Pulley dây đai TKBA 10 & TKBA 20 Catalog dải sản phẩm TKBA Căn chỉnh Pulley dây đai TKBA 40 Máy Đo Tần Số Dây Đai PHL FM10/400","[]","62995000","in_stock","vongbicongnghiep.vn-wc-store-api-category-search-skf","2026-04-29T13:56:31.960Z"
"33697","SKF","","th","TH","Hệ thống thiết bị Phân tích rung động SKF CMXA","Thiết bị phân tích","Thiết bị phân tích","101","san-pham-bao-tri","https://vongbicongnghiep.vn/san-pham/he-thong-thiet-bi-phan-tich-rung-dong-skf-cmxa/","https://vongbicongnghiep.vn/wp-content/uploads/2022/06/cmxa-1.jpg","[""https://vongbicongnghiep.vn/wp-content/uploads/2022/06/cmxa-1.jpg""]","SKF Microlog Analyzer AX là máy phân tích dựa trên tuyến màn hình lớn tiên tiến nhất do SKF cung cấp hiện nay. Các tính năng của SKF Microlog AX cho phép bạn thu thập nhiều loại dữ liệu rung động một cách nhanh chóng.","Hệ thống thiết bị Phân tích rung động SKF CMXA Tính năng mới, hiệu suất cao! SKF @ptitude Analyst Phần mềm thông minh và có thể mở rộng cho giao tiếp toàn doanh nghiệp Nền tảng cốt lõi từ Bộ ứng dụng phần mềm độ tin cậy SKF @ptitude Giám sátSKF @ptitude Analyst là một giải pháp phần mềm toàn diện với khả năng chẩn đoán và phân tích mạnh mẽ. SKF @ptitude Analyst cung cấp khả năng lưu trữ, phân tích và truy xuất thông tin tài sản phức tạp, nhanh chóng, hiệu quả và đáng tin cậy, đồng thời giúp thông tin này có thể truy cập được trong toàn bộ tổ chức của bạn. SKF @ptitude Analyst dễ dàng mở rộng quy mô theo nhu cầu cụ thể của bạn, cho dù đó là các vòng kiểm tra của người vận hành, thu thập dữ liệu giám sát tình trạng hay phân tích rung động chuyên sâu và lời khuyên của chuyên gia. Các tính năng chính • Một chương trình phần mềm để quản lý dữ liệu tình trạng tài sản từ các thiết bị di động và trực tuyến • Khả năng kết nối với nhiều chương trình và hệ thống phần mềm toàn doanh nghiệp • Có thể mở rộng và linh hoạt để đáp ứng các nhu cầu riêng của bạn; bắt đầu với một trong hai mô hình cơ sở và mở rộng chức năng theo nhu cầu của bạn • Cá nhân hóa dễ dàng cho người dùng cá nhân • Tiện ích bổ sung ứng dụng mở rộng chức năng cốt lõi mà không cần di chuyển sang các mô hình cơ sở khác • Các chức năng có thể lập trình của người dùng tính KPI của công ty bạn (Các chỉ số hiệu suất chính) • Hỗ trợ trình quản lý cơ sở dữ liệu Oracle và Microsoft SQL Server • Báo cáo tuân thủ và lên lịch cho các nhiệm vụ trực tiếp và lực lượng lao động • Giao diện máy người (HMI) tích hợp [chỉ dành cho kiểu máy CMSW 7400] • Trình quản lý báo cáo và phân tích tích hợp cho các mô-đun SKF Microlog Analyzer Máy Phân tích Rung động CMXA 80 Bộ thu thập dữ liệu nâng cao / máy phân tích FFT SKF Microlog Analyzer AX là máy phân tích dựa trên tuyến màn hình lớn tiên tiến nhất do SKF cung cấp hiện nay. Các tính năng của SKF Microlog AX cho phép bạn thu thập nhiều loại dữ liệu rung động một cách nhanh chóng. Bộ phân tích cung cấp tính linh hoạt để hỗ trợ các ứng dụng quan trọng nhất đối với chương trình bảo trì dự đoán cụ thể của công ty bạn. Được phát triển để sử dụng trong nhiều ngành công nghiệp, dòng SKF Microlog AX được phê duyệt để sử dụng trong các môi trường nguy hiểm yêu cầu chứng chỉ ATEX, IECEx Zone 2 hoặc Class I Division 2. Các tính năng chính • Đo đồng thời ba trục hoặc bốn kênh để thu thập dữ liệu nhanh chóng • Hỗ trợ đa ngôn ngữ – 15 tùy chọn ngôn ngữ, bao gồm cả cập nhật hiển thị và tốc độ thời gian thực • Thiết kế IP 65 chắc chắn, chống bụi / chống thấm nước cho độ tin cậy trong môi trường công nghiệp • Pin lithium có thể sạc lại hỗ trợ tám giờ thu thập dữ liệu liên tục • Màn hình màu VGA 6.4 inch lớn để dễ dàng xem và phân tích trong mọi ánh sáng • Chứng chỉ ATEX, IECEx Zone 2 hoặc Class I Division 2 với các bộ dụng cụ cụ thể Máy Phân tích Rung động CMXA 75 Bộ thu thập dữ liệu di động / Máy phân tích FFT Dòng SKF Microlog GX có hiệu suất cao, một đến bốn kênh, bộ thu thập dữ liệu di động dựa trên định tuyến / bộ phân tích FFT cung cấp tính linh hoạt và chức năng chưa từng có trong một thiết kế công nghiệp, chắc chắn. Được phát triển để sử dụng trong nhiều ngành công nghiệp, dòng SKF Microlog GX được phê duyệt để sử dụng trong các môi trường nguy hiểm yêu cầu chứng chỉ ATEX, IECEx Zone 2 hoặc Class I Division 2. Các tính năng chính • Màn hình màu 1/4 VGA tươi sáng giúp tăng cường khả năng hiển thị trong mọi môi trường – tối hoặc sáng • Hai mét rơi nhiều lần • Xếp hạng IP 65 • Hỗ trợ đa ngôn ngữ – 15 tùy chọn ngôn ngữ, bao gồm cả tiếng Trung Quốc • Chọn giữa các thiết bị có đầu vào đơn kênh hoặc bốn kênh hoặc đầu vào ba trục ba kênh đồng thời • Ứng dụng cân bằng đa mặt phẳng với chế độ xem biểu đồ cực • Có thể nâng cấp hiện trường từ một thiết bị cấp đầu vào thành một máy phân tích nâng cao • Chứng chỉ ATEX, IECEx Zone 2 hoặc Class I Division 2 với các bộ dụng cụ cụ thể Máy Phân tích rung động CMXA 51-IS ATEX và IECEx được chứng nhận – về bản chất bộ thu thập dữ liệu di động an toàn / máy phân tích FFT SKF Microlog Analyzer CMXA 51-IS cho phép thu thập dữ liệu ở những vị trí nguy hiểm Nhân viên vận hành và bảo trì phải đối mặt với môi trường nguy hiểm tại địa điểm nhà máy của họ phải sử dụng các công cụ thu thập dữ liệu cụ thể với một “bản chất an toàn” (IS) chỉ định. Máy phân tích vi mô SKF CMXA 51-IS, một thiết bị cầm tay an toàn về bản chất, chắc chắn và có thể di động, cho phép thu thập dữ liệu rung động, quá trình và động lực học trong các môi trường nguy hiểm. Những ngành như vậy bao gồm hóa dầu, xử lý nước và dược phẩm, cũng như các lĩnh vực khác khi các quy định của IS áp dụng. Máy phân tích vi mô SKF CMXA 51-IS đã đạt được xếp hạng An toàn nội tại từ cơ quan quản lý Châu Âu, SIRA và được xếp hạng Nhóm I (Khai thác) và Nhóm II (Hóa dầu). Các tính năng chính • Các phê duyệt ATEX và IECEx Ga Ex ia IIC T4 (Ta –20 đến +50 ° C) và Ma Ex ia I (Ta 0 đến +50 ° C) • Hệ thống hoàn chỉnh bao gồm cảm biến ATEX đã được phê duyệt • Bốn phím con trỏ, bàn phím số và màn hình cảm ứng để dễ dàng điều hướng màn hình và nhập liệu của người dùng • Giao diện người dùng trực quan với thao tác tay trái hoặc tay phải và chức năng “Trợ giúp” nhạy cảm theo ngữ cảnh • Một thu thập dữ liệu và một kênh pha để tương thích với các cảm biến và bộ thu quang ảnh","[]","0","in_stock","vongbicongnghiep.vn-wc-store-api-category-search-skf","2026-04-29T13:56:31.960Z"
"33691","SKF","TKST 11-SKF","TKST 11-SKF","TKST11SKF","Tai nghe điện tử SKF TKST 11","SẢN PHẨM BẢO TRÌ","SẢN PHẨM BẢO TRÌ | Thiết bị kiểm tra máy","101","san-pham-bao-tri","https://vongbicongnghiep.vn/san-pham/tai-nghe-dien-tu-skf-tkst-11/","https://vongbicongnghiep.vn/wp-content/uploads/2022/06/094fd788cc3f7433-INS0690_NG-TKRT11-1x1_tcm_12-594950.png","[""https://vongbicongnghiep.vn/wp-content/uploads/2022/06/094fd788cc3f7433-INS0690_NG-TKRT11-1x1_tcm_12-594950.png""]","","Tai nghe điện tử SKF TKST 11 Dễ dàng xác định ổ trục và tiếng ồn của máy Ống nghe SKF TKST 11 là một công cụ chất lượng cao được sử dụng để thực hiện công việc bảo trì và sửa chữa. Việc sử dụng ống nghe này tạo điều kiện ngăn chặn các hiện tượng âm thanh trên ổ trục, máy móc và các bộ phận quay khác để tránh hỏng hóc. TKST 11 bao gồm một tai nghe, hai đầu dò có độ dài khác nhau (70 và 300 mm), tất cả đều được cung cấp hoàn chỉnh trong một hộp đựng chắc chắn. Các mẫu âm thanh được ghi trước trực tuyến có sẵn cho TKST 11 thể hiện các tiếng ồn máy gây rắc rối thường gặp nhất. TKST 11 thay thế Tai nghe TMST 3 bắt đầu từ tháng 6 năm 2022. • Người dùng thân thiện và dễ vận hành, không cần đào tạo đặc biệt. • Thiết kế công thái học nhẹ giúp bạn dễ dàng thao tác bằng một tay. • Chất lượng âm thanh tuyệt vời giúp xác định một cách đáng tin cậy nguyên nhân có thể gây ra tiếng ồn. • Tai nghe chất lượng tuyệt vời cho chất lượng âm thanh tối ưu ngay cả trong môi trường có độ ồn rất cao. • Được cung cấp với hai đầu dò, dài 70 và 300 mm (2,8 và 11,8 in.). • Điều chỉnh âm lượng có thể điều chỉnh để đạt được âm lượng mong muốn. • Các mẫu trình diễn được ghi sẵn và xuất ra để ghi lại để tiện cho việc phân tích và so sánh. Thông số Kỹ thuật Chỉ định TKST 11 Dải tần số 30 Hz– 15 kHz Nhiệt độ hoạt động –10 đến +45 ° C (14 đến 113 ° F) Âm lượng đầu ra Có thể điều chỉnh trong 15 cấp độ LCD Màn hình đen trắng Âm lượng Lên xuống Báo hiệu pin yếu Đúng Đầu ra máy ghi âm tối đa 250 mV Tai nghe 32 ohm (với bộ bảo vệ tai) Tự động tắt Có, sau 5 phút. Ắc quy 2 × AA Alkaline (bao gồm) Tuổi thọ pin Tối thiểu 30 giờ Kích thước điện thoại 230 x 70 x 38 mm (9 x 2,8 x 1,5 inch) Chiều dài đầu dò 70 và 300 mm (2,8 và 11,8 in.) Kích thước trường hợp 360 × 110 × 260 mm (14,2 × 4,3 × 10,2 inch) Trọng lượng Tổng cộng 1670 g (3,68 lb) Dụng cụ 290 g (0,64 lb) Tai nghe 290 g (0,64 lb) Nội dung trường hợp 1 × Dụng cụ 1 × Tai nghe 1 × Đầu dò 70 mm (2,8 inch) 1 × Đầu dò 300 mm (11,8 inch) 2 × Pin AA Alkaline 1 × Hướng dẫn sử dụng SPATE PARTS Designation Description TKST-PROBES 2 probes set TKST-HEADS Headset TKST 11-CB Tool case with inlay for TKST 11 TDTC 1/B General tool case without inlay, size B Tài liệu liên quan Tài liệu sản phẩm TKST 11 Hướng dẫn sử dụng TKST 11 TKST 11","[]","17395000","in_stock","vongbicongnghiep.vn-wc-store-api-category-search-skf","2026-04-29T13:56:31.961Z"
"33466","SKF","TKBA 20-SKF","TKBA 20-SKF","TKBA20SKF","Dụng cụ căn chỉnh Pully dây đai SKF TKBA 20","Thiết bị kiểm tra máy","Thiết bị kiểm tra máy","101","san-pham-bao-tri","https://vongbicongnghiep.vn/san-pham/dung-cu-can-chinh-pully-day-dai-tkba-10-va-tkba-20/","https://vongbicongnghiep.vn/wp-content/uploads/2022/06/tkba1.jpg","[""https://vongbicongnghiep.vn/wp-content/uploads/2022/06/tkba1.jpg""]","SKF TKBA 10 và TKBA 20 cho phép các căn chỉnh puli và đĩa xích trên mặt bên. Bộ phận này được gắn từ tính vào mặt trong hoặc mặt ngoài của hầu hết mọi puli dây đai hoặc đĩa xích và không có bộ phận hoặc mục tiêu nhỏ nào có thể bị thất lạc.","Dụng cụ căn chỉnh Pully TKBA 10 và TKBA 20 Dụng cụ đa năng để căn chỉnh Pully và đĩa xích SKF TKBA 10 và TKBA 20 cho phép các căn chỉnh puli và đĩa xích trên mặt bên. Bộ phận này được gắn từ tính vào mặt trong hoặc mặt ngoài của hầu hết mọi puli dây đai hoặc đĩa xích và không có bộ phận hoặc mục tiêu nhỏ nào có thể bị thất lạc. Một dòng laze được chiếu từ bộ phận phát đến bộ phận phản xạ gắn trên Pully đối diện. Một đường tham chiếu trên bộ phản xạ trực tiếp chỉ ra độ lệch và lệch góc theo phương thẳng đứng. Đường tia laser phản xạ hiển thị trên thiết bị phát cho thấy sự lệch góc theo phương ngang của cả ba. • Nam châm mạnh mẽ cho phép gắn nhanh và dễ dàng • Tạo điều kiện thuận lợi cho việc điều chỉnh đồng thời độ căng và căn chỉnh • Sử dụng được trên hầu hết các loại máy sử dụng đai V, đai quấn, đai gân và hầu hết các loại đai khác cũng như nhông xích • SKF TKBA 10 sử dụng tia laser màu đỏ và có thể được sử dụng cho khoảng cách lên đến 3 m (10 ft) • SKF TKBA 20 sử dụng tia laser xanh lục có khả năng nhìn thấy cao và có thể được sử dụng cho khoảng cách lên đến 6 m (20 ft). Nó thậm chí có thể được sử dụng ngoài trời trong điều kiện nắng • Vỏ nhôm chắc chắn giúp đảm bảo độ ổn định và độ chính xác của việc lắp ráp trong quá trình căn chỉnh Hộp đựng TKBA 10 Hộp đựng TKBA 20 Tài liệu liên quan Brochure Dụng cụ căn chỉnh Pulley TKBA (346.2 KB) Hướng dẫn sử dụng TKBA 10 và TKBA 20 (2.8 MB) Thông số Kỹ thuật TKBA 10 Ký hiệu TKBA 10 Kiểu Laser Laser đỏ Laser 1x Built-in class 2 laser, Chiều dài đường Laser 2 m at 2 m (6.6 ft at 6.6 ft) Độ chính xác đo lường góc Tốt hơn 0,02° at 2 m (6.6 ft) Độ chính xác của phép đo Tốt hơn 0,5 mm (0.02 in.) Khoảng cách đo 50 mm to 3 000 mm (2 in. to 10 ft) Điều khiển Laser on/off rocker switch Vật liệu vỏ thiết bị Aluminum, powder coat finish Kích thước Bộ phát tín hiệu 169 x 51 x 37 mm (6.65 x 2.0 x 1.5 in.) Bộ nhận tín hiệu 169 x 51 x 37 mm (6.5 x 2.0 x 1.5 in.) Kích thước phản xạ 22 x 32 mm (0.9 x 1.3 in.) Trọng lượng Bộ phát 365 g (0.8 lbs) Bộ nhận tín hiệu 340 g (0.7 lbs) Bộ gá Magnetic, side mounted Bộ gá V N/A Pin 2x AAA Alkaline type IEC LR03 Thời gian hoạt động 25 hours continuous operation Kích thước hộp đựng 260 x 85 x 180 mm (10.3 x 3.4 x 7.0 in.) Tổng Trọng lượng (bao gồm cả hộp đựng) 1,3 kg (2.9 lbs) Nhiệt độ vận hành 0 to 40 °C (32 to 104 °F) Nhiệt độ cất giữ –20 to +60 °C (–4 to +140 °F) Độ ẩm 10 to 90% RH non-condensing Khả năng chống nước IP 40 Giấy chứng nhận hiệu chuẩn Valid for two years Hộp chứa bao gồm 1x TKBA 10 transmitter unit 1x TKBA 10 receiver unit 2x AAA batteries 1x Printed instructions for use 1x Calibration certificate Pin 2x AAA Alkaline type IEC LR03 Thời gian hoạt động 25 hours continuous operation Kích thước hộp đựng 260 x 85 x 180 mm (10.3 x 3.4 x 7.0 in.) Tổng Trọng lượng (bao gồm cả hộp đựng) 1,3 kg (2.9 lbs) Nhiệt độ vận hành 0 to 40 °C (32 to 104 °F) Nhiệt độ cất giữ –20 to +60 °C (–4 to +140 °F) Độ ẩm 10 to 90% RH non-condensing Khả năng chống nước IP 40 Giấy chứng nhận hiệu chuẩn Valid for two years Hộp chứa bao gồm 1x TKBA 10 transmitter unit 1x TKBA 10 receiver unit 2x AAA batteries 1x Printed instructions for use 1x Calibration certificate Thông số Kỹ thuật TKBA 20 Ký hiệu TKBA 20 Kiểu Laser Laser xanh Laser 1x Built-in class 2 laser, Chiều dài đường Laser 2 m at 2 m (6.6 ft at 6.6 ft) Độ chính xác đo lường góc Better than 0,02° at 2 m (6.6 ft) Độ chính xác của phép đo Better than 0,5 mm (0.02 in.) Khoảng cách đo 50 mm to 6 000 mm (2 in. to 20 ft) Điều khiển Laser on/off rocker switch Vật liệu vỏ thiết bị Aluminum, powder coat finish Kích thước Bộ phát tín hiệu 169 x 51 x 37 mm (6.65 x 2.0 x 1.5 in.) Bộ nhận tín hiệu 169 x 51 x 37 mm (6.5 x 2.0 x 1.5 in.) Kích thước phản xạ 22 x 32 mm (0.9 x 1.3 in.) Trọng lượng Bộ phát 365 g (0.8 lbs) Bộ thu 340 g (0.7 lbs) Bộ đồ gá Magnetic, side mounted Bộ gá – V N/A Pin 2x AAA Alkaline type IEC LR03 Thời gian hoạt động 8 hours continuous operation Kích thước hộp đựng 260 x 180 x 85 mm (10.2 x 7.1 x 3.3 in.) Tổng trọng lượng (bao gồm hộp đựng) 1,3 kg (2.9 lbs) Nhiệt độ làm việc 0 to 40 °C (32 to 104 °F) Nhiệt độ cất giữ –20 to +60 °C (–4 to +140 °F) Độ ẩm 10 to 90% RH non-condensing Khả năng chống nước IP 40 Giấy phép hiệu chuẩn Valid for two years Hộp đựng gồm có 1x TKBA 20 transmitter unit 1x TKBA 20 receiver unit 2x AAA batteries 1x Printed instructions for use 1x Calibration certificate Tài liệu liên quan Hướng dẫn sử dụng PHL FM10/400 (218.1 KB) Catalog sản phẩm dây đai SKF (3.3 MB) Hướng dẫn sử dụng TKBA 60 Catalogue sản phẩm Bảo trì và Bôi trơn (20.5 MB) Hướng dẫn sử dụng TKBA 20 Căn chỉnh Pulley dây đai TKBA 10 & TKBA 20 Catalog dải sản phẩm TKBA Căn chỉnh Pulley dây đai TKBA 40 Máy Đo Tần Số Dây Đai PHL FM10/400","[]","22545000","out_of_stock","vongbicongnghiep.vn-wc-store-api-category-search-skf","2026-04-29T13:56:31.962Z"
"33462","SKF","TKBA 40-SKF","TKBA 40-SKF","TKBA40SKF","Thiết bị căn chỉnh dây đai TKBA 40","Thiết bị kiểm tra máy","Thiết bị kiểm tra máy","101","san-pham-bao-tri","https://vongbicongnghiep.vn/san-pham/thiet-bi-can-chinh-day-dai-tkba-40/","https://vongbicongnghiep.vn/wp-content/uploads/2022/06/tkba40-1.jpg","[""https://vongbicongnghiep.vn/wp-content/uploads/2022/06/tkba40-1.jpg""]","SKF TKBA 40 được gắn định vị vào rãnh của Pulley. Các thanh dẫn thàng V và nam châm mạnh cho phép TKBA 40 được lắp vào các rãnh của Pulley. Chỉ với hai bộ phận, bộ phận phát tia laze và bộ phận nhận tín hiệu, công cụ căn chỉnh dây đai rất dễ dàng và nhanh chóng được gắn vào. Vùng mục tiêu ba chiều trên thiết bị thu cho phép dễ dàng phát hiện sai lệch cũng như bản chất của nó. Ngang, dọc, song song hoặc kết hợp cả ba.","Thiết bị căn chỉnh dây đai TKBA 40 Công cụ chính xác cao để pulley dây đai SKF TKBA 40 được gắn định vị vào rãnh của Pulley. Các thanh dẫn thàng V và nam châm mạnh cho phép TKBA 40 được lắp vào các rãnh của Pulley. Chỉ với hai bộ phận, bộ phận phát tia laze và bộ phận nhận tín hiệu, công cụ căn chỉnh dây đai rất dễ dàng và nhanh chóng được gắn vào. Vùng mục tiêu ba chiều trên thiết bị thu cho phép dễ dàng phát hiện sai lệch cũng như bản chất của nó. Ngang, dọc, song song hoặc kết hợp cả ba. • Nam châm mạnh mẽ cho phép gắn nhanh và dễ dàng • Khu vực mục tiêu ba chiều đơn giản hóa quá trình căn chỉnh • Tạo điều kiện thuận lợi cho việc điều chỉnh đồng thời độ căng và căn chỉnh • Thanh dẫn chữ V tạo điều kiện thuận lợi cho việc căn chỉnh nhiều loại puli đai V • Căn chỉnh các rãnh của ròng rọc đai chữ V thay vì mặt của nó, cho phép căn chỉnh tối ưu các ròng rọc có chiều rộng không bằng nhau hoặc với các mặt không giống nhau • Khoảng cách hoạt động tối đa 6 m (20 ft) có thể đáp ứng nhiều ứng dụng • Bộ chuyển đổi bên đặc biệt cho phép căn chỉnh các puli đai nhiều gân và định thời cũng như đĩa xích có sẵn dưới dạng phụ kiện CHÚ Ý: TMEB 2 = TKBA 40 Video minh họa Một trong những lý do phổ biến dẫn đến thời gian ngừng hoạt động không dự kiến của máy móc truyền động bằng dây đai là do Pulley bị lệch. Pulley sai lệch … Ứng dụng của TKBA 40 Hộp đựng TKBA 40 Tài liệu liên quan Catalog dải sản phẩm căn chỉnh dây đai TKBA (346.2 KB) Hướng dẫn sử dụng TKBA 40 (2.5 MB) Tài liệu liên quan Hướng dẫn sử dụng PHL FM10/400 (218.1 KB) Catalog sản phẩm dây đai SKF (3.3 MB) Hướng dẫn sử dụng TKBA 60 Catalogue sản phẩm Bảo trì và Bôi trơn (20.5 MB) Hướng dẫn sử dụng TKBA 20 Căn chỉnh Pulley dây đai TKBA 10 & TKBA 20 Catalog dải sản phẩm TKBA Căn chỉnh Pulley dây đai TKBA 40 Máy Đo Tần Số Dây Đai PHL FM10/400","[]","46207000","in_stock","vongbicongnghiep.vn-wc-store-api-category-search-skf","2026-04-29T13:56:31.962Z"
"33457","SKF","TKRT 21-SKF","TKRT 21-SKF","TKRT21SKF","Máy đo tốc độ TKRT 21","Thiết bị kiểm tra máy","Thiết bị kiểm tra máy","101","san-pham-bao-tri","https://vongbicongnghiep.vn/san-pham/may-do-toc-do-tkrt-21/","https://vongbicongnghiep.vn/wp-content/uploads/2022/06/tkrt21-1.jpg","[""https://vongbicongnghiep.vn/wp-content/uploads/2022/06/tkrt21-1.jpg""]","TKRT 21 là một máy đo tốc độ kỹ thuật số đa chức năng sử dụng tia laser hoặc phép đo tiếp xúc để xác định tốc độ quay và tốc độ tuyến tính. Thiết bị cho phép đo nhanh chóng, dễ dàng ở khoảng cách an toàn so với máy móc đang quay. Nó cung cấp tính linh hoạt về khoảng cách và tốc độ cao trong một số chế độ đo.","Máy đo tốc độ TKRT 21 / Máy đo tốc độ kỹ thuật số đa chức năng Giúp phát hiện tốc độ quay và tốc độ tuyến tính bất thường TKRT 21 là một máy đo tốc độ kỹ thuật số đa chức năng sử dụng tia laser hoặc phép đo tiếp xúc để xác định tốc độ quay và tốc độ tuyến tính. Thiết bị cho phép đo nhanh chóng, dễ dàng ở khoảng cách an toàn so với máy móc đang quay. Nó cung cấp tính linh hoạt về khoảng cách và tốc độ cao trong một số chế độ đo. Ngoài ra, nó tạo điều kiện thuận lợi cho việc đo lường dễ dàng khi việc tiếp cận đường thẳng gặp khó khăn. TKRT 21 được cung cấp với một bộ tiếp điểm cơ bản và có thể được sử dụng với pin tiêu chuẩn hoặc pin sạc lại được. • Người dùng có thể chọn đo một loạt các thuộc tính, bao gồm: vòng / phút, Hz, m, ft hoặc tính bằng phút hoặc giây và độ dài • Nhỏ gọn với màn hình LCD lớn. Được vận hành bằng một tay, nó bao gồm một bộ tiếp điểm cơ bản. Chạy bằng pin tiêu chuẩn hoặc pin có thể sạc lại. • Nhằm vào nhân viên bảo trì, nó rất thích hợp để kiểm tra thiết bị và máy móc đang quay – sử dụng bảo trì phòng ngừa để tối ưu hóa hoạt động • Cảm biến laser cho phép đo nhanh chóng và dễ dàng ở khoảng cách an toàn so với máy móc đang quay. Có thể sử dụng trong nhiều ứng dụng, vì nó có một số chế độ đo và phạm vi tốc độ rộng • Cho phép đo lường dễ dàng ở những khu vực khó tiếp cận đường thẳng Tài liệu liên quan Tài liệu sản phẩm TKRT 25M (104.8 KB) Catalog sản phẩm Bảo trì và Bôi trơn SKF (20.5 MB) Hướng dẫn sử dụng TKRT 25M (2.1 MB) Hướng dẫn sử dụng TKRT 21 (2.9 MB) Tài liệu sản phẩm TKRT series (332.8 KB) Hướng dẫn sử dụng TKRT 31 (3.8 MB)","[]","12764000","in_stock","vongbicongnghiep.vn-wc-store-api-category-search-skf","2026-04-29T13:56:31.963Z"
"33452","SKF","TKRT 31-SKF","TKRT 31-SKF","TKRT31SKF","Thiết bị đo tốc độ TKRT 31","Thiết bị kiểm tra máy","Thiết bị kiểm tra máy","101","san-pham-bao-tri","https://vongbicongnghiep.vn/san-pham/thiet-bi-do-toc-do-tkrt-31/","https://vongbicongnghiep.vn/wp-content/uploads/2022/06/tkrt31-1.jpg","[""https://vongbicongnghiep.vn/wp-content/uploads/2022/06/tkrt31-1.jpg""]","TKRT 31 là một máy đo tốc độ kỹ thuật số đa chức năng tiên tiến. Màn hình màu lớn giúp bạn dễ dàng đọc. Thông qua nút điều khiển dễ dàng, người dùng có thể nhanh chóng cuộn qua menu và bắt đầu hoạt động. TKRT sử dụng tia laser hoặc phép đo tiếp xúc để xác định tốc độ quay, tốc độ tuyến tính và khoảng cách.","Thiết bị đo tốc độ TKRT 31 Máy đo tốc độ kỹ thuật số nâng cao Máy đo tốc độ tiếp xúc và laser với khả năng đo rộng TKRT 31 là một máy đo tốc độ kỹ thuật số đa chức năng tiên tiến. Màn hình màu lớn giúp bạn dễ dàng đọc. Thông qua nút điều khiển dễ dàng, người dùng có thể nhanh chóng cuộn qua menu và bắt đầu hoạt động. TKRT sử dụng tia laser hoặc phép đo tiếp xúc để xác định tốc độ quay, tốc độ tuyến tính và khoảng cách. Thiết bị cho phép đo dễ dàng, nhanh chóng ở khoảng cách an toàn so với máy quay. Nó có một dải tốc độ rộng và một số chế độ đo. TKRT 31 được cung cấp với một bộ đầy đủ các bộ điều hợp tiếp điểm. • Người dùng có thể đo nhiều chức năng, bao gồm vòng / phút, Hz, m, feet / inch trên phút hoặc giây và chiều dài – tất cả đều trên một khoảng thời gian • Thiết bị nhỏ gọn có màn hình TFT có đèn nền màu lớn để đọc rõ ràng nhất. Một bộ đầy đủ các bộ điều hợp tiếp xúc được bao gồm • Thuận tiện khi sử dụng: sử dụng bằng một tay và hoạt động với pin sạc hoặc pin tiêu chuẩn. • Nhằm vào người dùng trong các công việc bảo trì, thiết bị mang đến bảo trì phòng ngừa để kiểm tra thiết bị hoặc máy quay • Phạm vi góc lớn cho phép đo lường dễ dàng ở những khu vực khó tiếp cận đường thẳng • Cảm biến laser cho phép đo nhanh chóng và dễ dàng ở khoảng cách an toàn so với máy móc đang quay. Nó có một số chế độ đo và dải tốc độ rộng, phù hợp với nhiều ứng dụng Tài liệu liên quan Tài liệu sản phẩm TKRT 25M (104.8 KB) Catalog sản phẩm Bảo trì và Bôi trơn SKF (20.5 MB) Hướng dẫn sử dụng TKRT 25M (2.1 MB) Hướng dẫn sử dụng TKRT 21 (2.9 MB) Tài liệu sản phẩm TKRT series (332.8 KB) Hướng dẫn sử dụng TKRT 31 (3.8 MB)","[]","16310000","out_of_stock","vongbicongnghiep.vn-wc-store-api-category-search-skf","2026-04-29T13:56:31.963Z"
"33438","SKF","TKRS 31-SKF","TKRS 31-SKF","TKRS31SKF","Đèn Chớp Quan Sát Vật Quay TKRS 31","Đèn chớp và Súng bắn nhiệt độ","Đèn chớp và Súng bắn nhiệt độ","101","san-pham-bao-tri","https://vongbicongnghiep.vn/san-pham/den-chop-quan-sat-vat-quay-tkrs-31/","https://vongbicongnghiep.vn/wp-content/uploads/2022/06/tkrs31.jpg","[""https://vongbicongnghiep.vn/wp-content/uploads/2022/06/tkrs31.jpg""]","Đèn LED / đèn chiếu tia laser tiên tiến Kính nhấp nháy tiên tiến nhỏ gọn với 6 đèn LED siêu sáng và máy đo tốc độ laser Để kiểm tra trực quan các máy đang chạy","Đèn Chớp Quan Sát Vật Quay TKRS 31 – Đèn LED / đèn chiếu tia laser tiên tiến Kính nhấp nháy tiên tiến nhỏ gọn với 6 đèn LED siêu sáng và máy đo tốc độ laser Để kiểm tra trực quan các máy đang chạy SKF cung cấp nhiều loại máy đo TKRS di động để kiểm tra trực quan các máy đang chạy trong môi trường công nghiệp đầy thử thách. Các công cụ cầm tay này cung cấp khả năng phát hiện sớm các bất thường để giúp lập lịch trình các nhiệm vụ bảo trì và giảm tải bổ sung trên thiết bị quay để đạt được mức hiệu suất theo kế hoạch. Được thiết kế để dễ sử dụng, đèn nhấp nháy có màn hình lớn và công tắc chọn đa chức năng để giúp bạn nhanh chóng điều hướng đến menu chính xác. Mức độ sáng và hiệu suất có thể điều chỉnh được. • Chọn tốc độ nhanh với nút xoay • Phát quang cao với bảy đèn LED siêu sáng • Hoạt động trực quan cho các công việc kiểm tra nhanh chóng và dễ dàng • Thiết kế tiện dụng và mạnh mẽ để sử dụng di động trong môi trường công nghiệp • Đèn LED sáng với tuổi thọ cao và hoạt động liên tục • Giá ba chân để kiểm tra tĩnh • TFT có đèn nền nhiều dòng • Máy đo tốc độ laser tích hợp với đồng bộ hóa đèn flash • Chế độ chuyên nghiệp với các tính năng bổ sung như chuyển pha chuyển động chậm • Kích hoạt đầu vào và đầu ra với sửa đổi tín hiệu • Được cung cấp trong một hộp đựng chắc chắn với 3 x pin AA, phích cắm kích hoạt và băng phản quang Thông số Kỹ thuật Ký hiệu TKRS 31 Công suất sáng; Độ chớp sáng lớn hơn 5 600 Lux ở khoảng cách 0,3 m (12 in.) Độ sáng; Có thể điều chỉnh, 0,2°–5,0° Độ chính xác; ±0,02% (±1 digit / ±0,025 µs) Đo tốc độ Laser; Có Chuyển pha; Có với chức năng chuyển động chậm Run time ca; ca. 3:45 h @ 1° (100% display brightness) ca. 8:15 h @ 0,2° (20% display brightness) Màn hình; Đa dòng, đèn nền TFT Nguồn điện; Pin 3 x AA (đi cùng máy) Bộ đổi nguồn và sạc pin; Không External trigger range; 30 to 300 000 f/min Kết nối mở rộng; Phích cắm: phích cắm TRS 3,5 mm (bao gồm) Đầu vào: 3 – 30 V / max. 5 mA (NPN) Đầu ra: tới to 30V / max 50 mA (NPN) Hiệu chỉnh tín hiệu; Edge selection, Multiplier, Divider, Delay Kích thước thiết bị; 225 × 78 × 50 mm (8.9 x 3 x 2 in.) Trọng lượng thiết bị ( bao gồm Pin); 0,3 kg (0.65 lb) Kích thước hộp đựng; 260 x 180 x 85 mm (10.2 x 7.1 x 3.3 in.) Tổng trọng lượng ( Thiết bị + hộp); 0,79 kg (1.7 lb)","[]","24710000","out_of_stock","vongbicongnghiep.vn-wc-store-api-category-search-skf","2026-04-29T13:56:31.963Z"
"33323","SKF","","y ph","YPH","Máy phân tích rung động SKF CMXA 51","Thiết bị phân tích","Thiết bị phân tích","101","san-pham-bao-tri","https://vongbicongnghiep.vn/san-pham/may-phan-tich-rung-dong-skf-cmxa-51/","https://vongbicongnghiep.vn/wp-content/uploads/2022/05/cmxa51.jpg","[""https://vongbicongnghiep.vn/wp-content/uploads/2022/05/cmxa51.jpg""]","Máy phân tích rung động SKF CMXA 51 Chủ động bảo trì và thu thập dữ liệu trong các khu vực nguy hiểm SKF Microlog Analyzer CMXA 51-IS có chức năng thu thập và phân tích dữ liệu di động vào môi trường thù địch nhất","Máy phân tích rung động SKF CMXA 51 Chủ động bảo trì và thu thập dữ liệu trong các khu vực nguy hiểm SKF Microlog Analyzer CMXA 51-IS có chức năng thu thập và phân tích dữ liệu di động vào môi trường thù địch nhất. Với chứng nhận ATEX Zone 0, SKF Microlog Analyzer CMXA 51-IS lý tưởng cho các chương trình bảo dưỡng chủ động trong các cơ sở hóa dầu, dầu khí, xử lý nước,hoặc các nhà máy dược phẩm, hoặc bất kỳ nhà máy nào có môi trường dễ cháy nổ ngăn cản việc sử dụng tất cả trừ các thiết bị điện tử được chứng nhận cao nhất. 51-IS là một công cụ dựa trên tuyến đường duy nhất, giao diện giống như tất cả các sản phẩm SKF Microlog Analyzer dựa trên tuyến đường với SKF @ptitude Analyst để xử lý và phân tích bài đăng chi tiết. Các tính năng chính của máy phân tích rung động CMXA 51 • Chứng nhận ATEX: II 1G EEx ia IIC T4 (Ta –20 ° C đến + 50 ° C) • Hệ thống hoàn chỉnh bao gồm một cảm biến ATEX đã được phê duyệt • Màn hình LCD cảm ứng đơn sắc có đèn nền 1/4 VGA (240 x 320) • Giao diện người dùng trực quan với thao tác tay trái hoặc tay phải và chức năng “Trợ giúp” nhạy cảm theo ngữ cảnh • Bốn phím con trỏ và bàn phím số để điều hướng màn hình và người dùng nhập liệu dễ dàng hơn • Công nghệ SKF được cấp bằng sáng chế: Công nghệ Acceleration Enveloping (gE) để đánh giá vòng bi • Đèn báo LED màu đỏ, hổ phách, xanh lục • Một thu thập dữ liệu và một kênh pha để tương thích với gia tốc kế ICP ™, đầu dò vận tốc, đầu dò dịch chuyển, cảm biến nhiệt độ hồng ngoại, thu quang quang, đầu vào DC và nhập thủ công • Hệ điều hành Windows CE","[]","0","in_stock","vongbicongnghiep.vn-wc-store-api-category-search-skf","2026-04-29T13:56:31.964Z"
"33312","SKF","TMHN 7-SKF","TMHN 7-SKF","TMHN7SKF","Khóa cờ lê đai ốc TMHN 7","Chìa vặn đai ốc","Chìa vặn đai ốc","101","san-pham-bao-tri","https://vongbicongnghiep.vn/san-pham/khoa-co-le-dai-oc-tmhn-7/","https://vongbicongnghiep.vn/wp-content/uploads/2022/05/tmhn7.jpg","[""https://vongbicongnghiep.vn/wp-content/uploads/2022/05/tmhn7.jpg""]","Khóa cờ lê đai ốc TMHN 7 Để đạt được khe hở vòng bi hướng kính tốt nhất Bộ cờ lê đai ốc có khóa TMHN 7 được thiết kế đặc biệt để lắp các ổ bi tự căn chỉnh cũng như các ổ lăn hình cầu nhỏ và ổ trục CARB trên các trục côn. Sử dụng TMHN 7 giảm thiểu nguy cơ đai ốc khóa bị siết quá mức, điều này có thể dẫn đến việc loại bỏ khe hở xuyên tâm của ổ trục và làm hỏng ổ trục. • 7 cờ lê có kích thước khác nhau để phù hợp với các cỡ đai ốc từ 5 đến 11","Khóa cờ lê đai ốc TMHN 7 Để đạt được khe hở vòng bi hướng kính tốt nhất Bộ cờ lê đai ốc có khóa TMHN 7 được thiết kế đặc biệt để lắp các ổ bi tự căn chỉnh cũng như các ổ lăn hình cầu nhỏ và ổ trục CARB trên các trục côn. Sử dụng TMHN 7 giảm thiểu nguy cơ đai ốc khóa bị siết quá mức, điều này có thể dẫn đến việc loại bỏ khe hở xuyên tâm của ổ trục và làm hỏng ổ trục. • 7 cờ lê có kích thước khác nhau để phù hợp với các cỡ đai ốc từ 5 đến 11 • Mỗi cờ lê được trang bị thước đo góc và được đánh dấu rõ ràng với góc siết chính xác để lắp các ổ bi SKF Tự căn chỉnh • 4 điểm kẹp trên mỗi cờ lê giúp bám chặt đai ốc tốt hơn và an toàn hơn • Giảm nguy cơ làm hỏng ổ trục do siết quá chặt • Thích hợp để sử dụng với đai ốc khóa của dòng KM trên trục hoặc trong vỏ SNL • Được cung cấp trong hộp đựng Video minh họa Trong video này, cờ lê đai ốc TMHN 7 được sử dụng để lắp ổ bi tự căn chỉnh Bảng lựa chọn Spanner Spanner Ký hiệu vòng bi d max A HNM 5 1205 EK 2205 EK 1305 EK HNM 6 1206 EK 2206 EK 1306 EK 2306 K HNM 7 1207 EK 2207 EK 1307 EK 2307 EK HNM 8 1208 EK 2208 EK 1308 EK 2308 EK HNM 9 1209 EK 2209 EK 1309 EK 2309 EK HNM 10 1210 EK 2210 EK 1310 EK 2310 K HNM 11 1211 EK 2211 EK 1311 EK 2311 K Thông số Kỹ thuật Ký hiệu TMHN 7 Kích thước hộp đựng (w x d x h) 345 x 255 x 85 mm (13.6 x 10.0 x 3.3 in.) Trọng lượng 2,2 kg (4.7 lb)","[]","12679000","out_of_stock","vongbicongnghiep.vn-wc-store-api-category-search-skf","2026-04-29T13:56:31.964Z"
"33301","SKF","TMBS 150E-SKF","TMBS 150E-SKF","TMBS150ESKF","Cảo SKF TMBS 150E","Cảo vòng bi","Cảo vòng bi","101","san-pham-bao-tri","https://vongbicongnghiep.vn/san-pham/cao-vong-bi-tmbs-50e-tmbs-100e-tmbs-150e/","https://vongbicongnghiep.vn/wp-content/uploads/2022/05/tmbs4.jpg","[""https://vongbicongnghiep.vn/wp-content/uploads/2022/05/tmbs4.jpg""]","Bộ cảo tháo vòng bi cứng vững và lực cảo lớn Dễ dàng tháo lắp ổ trục ngay cả trong những không gian chật hẹp nhất Các đĩa cảo kéo sau mạnh mẽ của SKF TMBS E tạo điều kiện tháo lắp các ổ trục trong các ứng dụng hạn chế việc sử dụng các bộ kéo hàm truyền thống do thiếu không gian hoặc nơi ứng dụng đòi hỏi một phạm vi tiếp cận xa. TMBS 100E và đĩa cảo TMBS 150E được trang bị trục chính thủy lực, cho phép dễ dàng tác dụng lực lên đến 100 kN (11,2 tấn Mỹ). TMBS 50E được trang bị trục quay cơ học để tạo lực.","Bộ cảo tháo vòng bi cứng vững và lực cảo lớn Dễ dàng tháo lắp ổ trục ngay cả trong những không gian chật hẹp nhất Các đĩa cảo kéo sau mạnh mẽ của SKF TMBS E tạo điều kiện tháo lắp các ổ trục trong các ứng dụng hạn chế việc sử dụng các bộ kéo hàm truyền thống do thiếu không gian hoặc nơi ứng dụng đòi hỏi một phạm vi tiếp cận xa. Đĩa cảo TMBS 150E được trang bị trục chính thủy lực, cho phép dễ dàng tác dụng lực lên đến 100 kN (11,2 tấn Mỹ). • Thiết kế phân tách đặc biệt cho phép bộ kéo có thể dễ dàng chèn vào giữa ổ trục và vai trên trục • Điểm trung tâm được nạp lò xo của trục chính thủy lực cho phép dễ dàng định tâm bộ kéo giảm thiểu nguy cơ hư hỏng trục • Tay cầm chắc chắn phía sau vòng trong của ổ trục giúp giảm lực cần thiết để tháo ổ trục • Trục chính thủy lực được trang bị van an toàn, giúp giảm thiểu nguy cơ quá tải của bộ kéo • Hành trình trục chính thủy lực 80 mm (3,1 in.) Giúp tháo dỡ dễ dàng trong một thao tác • SKF TMBS 150E được trang bị trục chính thủy lực, cho phép dễ dàng tác dụng lực lên đến 100 kN (11,2 tấn Mỹ) • Được cung cấp với các miếng mở rộng trục chính thủy lực để cho phép nhanh chóng thích ứng với chiều dài kéo • SKF TMBS 150E được cung cấp với các thanh kéo dài để cho phép thích ứng nhanh chóng với chiều dài kéo lên đến 816 mm (32,1 in.) Tài liệu liên quan Tài liệu sản phẩm TMBS E series (289.1 KB) Hướng dẫn sử dụng cảo TMBS 50E (877.7 KB) Hướng dẫn sử dụng cảo TMBS 100E và TMBS 150E (2.8 MB) TMBS 150E Thông số Kỹ thuật TMBS 150E Ký hiệu TMBS 150E Bao gồm 1 × separator set 2 × main rods 2 × extension rods, 125 mm (4.9 in.) 4 × extension rods, 285 mm (11.2 in.) 1 × beam 1 × hydraulic spindle TMHS 100 2 × extension pieces for hydraulic spindle; 50, 100 mm (2.0, 3.9 in.) 1 × nosepiece with centre point for hydraulic spindle hành trình thuỷ lực max 80 mm (3.1 in.) Lực kéo 100 kN (11.2 US ton) Tầm với lớn nhất 120–816 mm (4.7–31.1 in.) Dải đường kính 35–150 mm (1.4–6 in.) Kích thức hộp đựng 580 × 410 × 70 mm (23 × 16 × 2.8 in.) Khối lượng 17 kg (37.5 lb) Phụ tùng thay thế TMBS 150E Mô tả Ký hiệu Trục bơm Thủy lực, 100 kN TMHS 100 Advanced hydraulic spindle, 100 kN, spindle only TMHS 100-1 Set of extension pieces for the hydraulic spindle, nose piece TMHS 8T Dâm ngang TMBS 100E-1 Thanh chính, Đai ốc, đệm (bộ) TMBS 100E-2 Thanh kéo dài 125 mm/4.9 in (2pcs) TMBS 100E-3 Thanh kéo dài 285 mm/11.2 in (4pcs) TMBS 100E-4 Separator (complete) TMBS 100E-5","[]","23825000","in_stock","vongbicongnghiep.vn-wc-store-api-category-search-skf","2026-04-29T13:56:31.965Z"
"33297","SKF","TMBP 20E-SKF","TMBP 20E-SKF","TMBP20ESKF","Cảo SKF TMBP 20E","Cảo vòng bi","Cảo vòng bi","101","san-pham-bao-tri","https://vongbicongnghiep.vn/san-pham/bo-cao-kin-vong-bi-skf-tmbp-20e/","https://vongbicongnghiep.vn/wp-content/uploads/2022/05/0901d1968092626d-MEC0059V_NG-TMBP-1x1-BgWhite_tcm_12-499854.png","[""https://vongbicongnghiep.vn/wp-content/uploads/2022/05/0901d1968092626d-MEC0059V_NG-TMBP-1x1-BgWhite_tcm_12-499854.png""]","Bộ cảo kín vòng bi SKF TMBP 20E Tháo ổ trục mà không cần tháo dỡ máy móc TMBP 20E là một bộ kéo loại bộ chuyển đổi để tháo ổ bi rãnh sâu trong vỏ mù (nghĩa là khi không thể tiếp cận ổ bi qua vòng ngoài hoặc qua lỗ) với kích thước trục từ 30 mm đến 160 mm (1,18 in và 6,3 trong). Việc sử dụng các thanh mở rộng cho phép tầm với dài lên đến 583 mm (23 in).","Bộ cảo kín vòng bi SKF TMBP 20E Tháo ổ trục mà không cần tháo dỡ máy móc TMBP 20E là một bộ kéo loại bộ chuyển đổi để tháo ổ bi rãnh sâu trong vỏ mù (nghĩa là khi không thể tiếp cận ổ bi qua vòng ngoài hoặc qua lỗ) với kích thước trục từ 30 mm đến 160 mm (1,18 in và 6,3 trong). Việc sử dụng các thanh mở rộng cho phép tầm với dài lên đến 583 mm (23 in). • Cho phép cảo nhiều loại vòng bi cầu rãnh sâu • Bộ điều hợp bóng được thiết kế để có tuổi thọ lâu dài • Các thanh mở rộng cho phép tầm với lên đến 583 mm (23 in.) • Chức năng dừng spanner trên trục xoay để xử lý dễ dàng và an toàn • Phần mũi tự khóa giúp giảm thiểu hư hỏng cho trục và cải thiện độ ổn định của bộ kéo • Được cung cấp trong một hộp đựng chắc chắn Cảo vòng bi khỏi ổ kín Cảo TMBP 20E để trong hộp đựng Tài liệu liên quan Thông số kỹ thuật của cảo vòng bi TMBP 20E (355.7 KB) Hướng dẫn sử dụng cảo vòng bi TMBP 20E (899.2 KB)","[]","20082000","out_of_stock","vongbicongnghiep.vn-wc-store-api-category-search-skf","2026-04-29T13:56:31.965Z"
"33243","SKF","","ai","AI","Đai Ốc Thủy Lực SKF HMV","Chìa vặn đai ốc","Chìa vặn đai ốc","101","san-pham-bao-tri","https://vongbicongnghiep.vn/san-pham/dai-oc-thuy-luc-skf-hmv/","https://vongbicongnghiep.vn/wp-content/uploads/2022/05/hmv-1.jpg","[""https://vongbicongnghiep.vn/wp-content/uploads/2022/05/hmv-1.jpg""]","Đai ốc thủy lực SKF HMV Dễ dàng áp dụng các lực đẩy cao Gắn vòng bi vào trục côn có thể là một công việc khó khăn và tốn nhiều thời gian. Sử dụng Đai ốc thủy lực SKF tạo điều kiện dễ dàng và nhanh chóng áp dụng các lực truyền động cao cần thiết để lắp các ổ trục lỗ côn. Tháo các ổ trục gắn trên bộ chuyển đổi hoặc ống rút cũng thường là một công việc khó khăn và tốn thời gian. Những vấn đề này có thể được giảm thiểu với việc sử dụng Đai ốc thủy lực SKF. Dầu được bơm vào đai ốc và piston được đẩy ra ngoài với một lực đủ để giải phóng ống bọc. Tất cả đai ốc SKF HMV ..E đều được cung cấp cùng với khớp nối nhanh để lắp máy bơm thủy lực SKF.","Đai ốc thủy lực SKF HMV Dễ dàng áp dụng các lực đẩy cao Gắn vòng bi vào trục côn có thể là một công việc khó khăn và tốn nhiều thời gian. Sử dụng Đai ốc thủy lực SKF tạo điều kiện dễ dàng và nhanh chóng áp dụng các lực truyền động cao cần thiết để lắp các ổ trục lỗ côn. Tháo các ổ trục gắn trên bộ chuyển đổi hoặc ống rút cũng thường là một công việc khó khăn và tốn thời gian. Những vấn đề này có thể được giảm thiểu với việc sử dụng Đai ốc thủy lực SKF. Dầu được bơm vào đai ốc và piston được đẩy ra ngoài với một lực đủ để giải phóng ống bọc. Tất cả đai ốc SKF HMV ..E đều được cung cấp cùng với khớp nối nhanh để lắp máy bơm thủy lực SKF. • Phạm vi kích thước rộng, bao gồm đường kính trục từ 50 đến 1000 mm theo tiêu chuẩn • Có đầy đủ các chủ đề inch, sê-ri HMVC ..E từ 1.967 đến 37.410 in. • Khớp nối kết nối nhanh có thể được lắp trên mặt hoặc mặt bên của đai ốc, cho phép đai ốc được sử dụng ở những nơi hạn chế về không gian • Một bộ đệm pít-tông dự phòng và bộ bảo dưỡng được cung cấp theo tiêu chuẩn • Để hỗ trợ ren đai ốc, một ống chất bôi trơn được cung cấp với tất cả các đai ốc có kích thước HMV (C) 54E và lớn hơn • Để tạo điều kiện thuận lợi cho việc ren đai ốc dễ dàng, tất cả đai ốc từ kích thước HMV (C) 54E đều được trang bị hai thanh tommy và bốn lỗ ghép trên mặt trước của chúng • Các loại hạt từ kích thước HMV (C) 94E được trang bị mắt kính, cho phép dễ dàng cầm nắm • Các đai ốc từ kích thước HMV (C) 94E có chỉ định vị trí bắt đầu của ren, tạo điều kiện dễ dàng khớp các vị trí ren trên cả đai ốc và ren giao phối • Chủ đề và kích thước đặc biệt có sẵn theo yêu cầu Đai ốc thủy lực với bơm thủy lực, đồng hồ đo áp suất kỹ thuật số và chỉ báo quay số cho phép sử dụng Phương pháp truyền động SKF Đai ốc thủy lực gắn ổ trục Kỹ thuật tháo lắp bằng đai ốc thủy lực SKF Oil Injection Method SKF Drive-up Method Lắp vòng bi bằng Đai ốc thủy lực Đai ốc HMV ..E để dẫn động ổ trục lên trục côn Đai HMV ..E được vặn vào trục để dẫn động trong ống đẩy Đai ốc HMV ..E để dẫn động ổ trục vào ống lót côn rút Đai ốc HMV ..E và đai ốc thủy lực đặc biệt lắp vòng bi với ống lót côn đẩy Tháo vòng bi bằng Đai ốc Thủy lực SKF Đai ốc HMV ..E và vòng dừng để tháo vòng bi ra khỏi ống côn rút Hạt HMV ..E được sử dụng tháo vòng bi ra khỏi ống côn đẩy Áp suất dầu hoạt động tối đa với sự dịch chuyển piston được phép của HMV (c) … E Nuts: HMV (C) 60E và nhỏ hơn: 80 MPA (11 600 PSI) HMV (C) 62-100E: 40 MPA (5 800 PSI) HMV (c) 102e và lớn hơn: 25 MPa (3 600 PSI) Kích thước Đai ốc thủy lực SKF HMV Ký hiệu G d1 d2 B Khoảng dịch chuyển – Hệ ren mm mm mm mm HMV 10E M 50×1.5 50.5 104 38 5 HMV 11E M 55×2 55.5 109 38 5 HMV 12E M 60×2 60.5 115 38 5 HMV 13E M 65×2 65.5 121 38 5 HMV 14E M 70×2 70.5 127 38 5 HMV 15E M 75×2 75.5 132 38 5 HMV 16E M 80×2 80.5 137 38 5 HMV 17E M 85×2 85.5 142 38 5 HMV 18E M 90×2 90.5 147 38 5 HMV 19E M 95×2 95.5 153 38 5 HMV 20E M 100×2 100.5 158 38 5 HMV 21E M 105×2 105.5 163 38 5 HMV 22E M 110×2 110.5 169 38 5 HMV 23E M 115×2 115.5 174 38 5 HMV 24E M 120×2 120.5 179 38 5 HMV 25E M 125×2 125.5 184 38 5 HMV 26E M 130×2 130.5 190 38 5 HMV 27E M 135×2 135.5 195 38 5 HMV 28E M 140×2 140.5 200 38 5 HMV 29E M 145×2 145.5 206 39 5 HMV 30E M 150×2 150.5 211 39 5 HMV 31E M 155×3 155.5 218 39 5 HMV 32E M 160×3 160.5 224 40 6 HMV 33E M 165×3 165.5 229 40 6 HMV 34E M 170×3 170.5 235 41 6 HMV 36E M 180×3 180.5 247 41 6 HMV 38E M 190×3 191 259 42 7 HMV 40E M 200×3 201 271 43 8 HMV 41E Tr 205×4 207 276 43 8 HMV 42E Tr 210×4 212 282 44 9 HMV 43E Tr 215×4 217 287 44 9 HMV 44E Tr 220×4 222 293 44 9 HMV 45E Tr 225×4 227 300 45 9 HMV 46E Tr 230×4 232 305 45 9 HMV 47E Tr 235×4 237 311 46 10 HMV 48E Tr 240×4 242 316 46 10 HMV 50E Tr 250×4 252 329 46 10 HMV 52E Tr 260×4 262 341 47 11 HMV 54E Tr 270×4 272 352 48 12 HMV 56E Tr 280×4 282 363 49 12 HMV 58E Tr 290×4 292 375 49 13 HMV 60E Tr 300×4 302 386 51 14 HMV 62E Tr 310×5 312 397 52 14 HMV 64E Tr 320×5 322 409 53 14 HMV 66E Tr 330×5 332 419 53 14 HMV 68E Tr 340×5 342 430 54 14 HMV 69E Tr 345×5 347 436 54 14 HMV 70E Tr 350×5 352 442 56 14 HMV 72E Tr 360×5 362 455 56 15 HMV 73E Tr 365×5 367 460 57 15 HMV 74E Tr 370×5 372 466 57 16 HMV 76E Tr 380×5 382 476 58 16 HMV 77E Tr 385×5 387 483 58 16 HMV 80E Tr 400×5 402 499 60 17 HMV 82E Tr 410×5 412 510 61 17 HMV 84E Tr 420×5 422 522 61 17 HMV 86E Tr 430×5 432 532 62 17 HMV 88E Tr 440×5 442 543 62 17 HMV 90E Tr 450×5 452 554 64 17 HMV 92E Tr 460×5 462 565 64 17 HMV 94E Tr 470×5 472 576 65 18 HMV 96E Tr 480×5 482 587 65 19 HMV 98E Tr 490×5 492 597 66 19 HMV 100E Tr 500×5 502 609 67 19 HMV 102E Tr 510×6 512 624 68 20 HMV 104E Tr 520×6 522 634 68 20 HMV 106E Tr 530×6 532 645 69 21 HMV 108E Tr 540×6 542 657 69 21 HMV 110E Tr 550×6 552 667 70 21 HMV 112E Tr 560×6 562 678 71 22 HMV 114E Tr 570×6 572 689 72 23 HMV 116E Tr 580×6 582 699 72 23 HMV 120E Tr 600×6 602 721 73 23 HMV 126E Tr 630×6 632 754 74 23 HMV 130E Tr 650×6 652 775 75 23 HMV 134E Tr 670×6 672 796 76 24 HMV 138E Tr 690×6 692 819 77 25 HMV 142E Tr 710×7 712 840 78 25 HMV 150E Tr 750×7 752 883 79 25 HMV 160E Tr 800×7 802 936 80 25 HMV 170E Tr 850×7 852 990 83 26 HMV 180E Tr 900×7 902 1 043 86 30 HMV 190E Tr 950×8 952 1 097 86 30 HMV 200E Tr 1000×8 1 002 1 150 88 34 HMV 112E Tr 560×6 562 678 71 22 HMV 114E Tr 570×6 572 689 72 23 HMV 116E Tr 580×6 582 699 72 23 HMV 120E Tr 600×6 602 721 73 23 HMV 126E Tr 630×6 632 754 74 23 HMV 130E Tr 650×6 652 775 75 23 HMV 134E Tr 670×6 672 796 76 24 HMV 138E Tr 690×6 692 819 77 25 HMV 142E Tr 710×7 712 840 78 25 HMV 150E Tr 750×7 752 883 79 25 HMV 160E Tr 800×7 802 936 80 25 HMV 170E Tr 850×7 852 990 83 26 HMV 180E Tr 900×7 902 1 043 86 30 HMV 190E Tr 950×8 952 1 097 86 30 HMV 200E Tr 1000×8 1 002 1 150 88 34 Thông số Kỹ thuật của Đai ốc Thủy lực HMVC E series có ren hệ Inch Designation Pitch diameter Threads per in G d1 d2 – in in – in in HMVC 10E 1.967 1.9309 18 2 4.1 HMVC 11E 2.157 2.1209 18 2.2 4.3 HMVC 12E 2.36 2.3239 18 2.4 4.5 HMVC 13E 2.548 2.5119 18 2.6 4.8 HMVC 14E 2.751 2.7149 18 2.8 5 HMVC 15E 2.933 2.8789 12 3 5.2 HMVC 16E 3.137 3.0829 12 3.2 5.4 HMVC 17E 3.34 3.2859 12 3.4 5.6 HMVC 18E 3.527 3.4729 12 3.6 5.8 HMVC 19E 3.73 3.6759 12 3.8 6 HMVC 20E 3.918 3.8639 12 4 6.2 HMVC 21E 4.122 4.0679 12 4.2 6.4 HMVC 22E 4.325 4.2709 12 4.4 6.7 HMVC 24E 4.716 4.6619 12 4.7 7 HMVC 26E 5.106 5.0519 12 5.1 7.5 HMVC 28E 5.497 5.4429 12 5.5 7.9 HMVC 30E 5.888 5.8339 12 5.9 8.3 HMVC 32E 6.284 6.2028 8 6.3 8.8 HMVC 34E 6.659 6.5778 8 6.7 9.3 HMVC 36E 7.066 6.9848 8 7.1 9.7 HMVC 38E 7.472 7.3908 8 7.5 10.2 HMVC 40E 7.847 7.7658 8 7.9 10.7 HMVC 44E 8.628 8.5468 8 8.7 11.5 HMVC 48E 9.442 9.3337 6 9.5 12.4 HMVC 52E 10.192 10.0837 6 10.3 13.4 HMVC 54E 10.604 10.496 6 10.7 13.9 HMVC 56E 11.004 10.8957 6 11.1 14.3 HMVC 60E 11.785 11.6767 6 11.9 15.2 HMVC 64E 12.562 12.4537 6 12.7 16.1 HMVC 68E 13.339 13.219 5 13.5 16.9 HMVC 72E 14.17 14.05 5 14.3 17.9 HMVC 76E 14.957 14.837 5 15 18.7 HMVC 80E 15.745 15.625 5 15.8 19.6 HMVC 84E 16.532 16.412 5 16.6 20.6 HMVC 88E 17.319 17.199 5 17.4 21.4 HMVC 92E 18.107 17.987 5 18.2 22.2 HMVC 96E 18.894 18.774 5 19 23.1 HMVC 100E 19.682 19.562 5 19.8 24 HMVC 106E 20.867 20.722 4 20.9 25.4 HMVC 112E 22.048 21.903 4 22.1 26.7 HMVC 120E 23.623 23.478 4 23.7 28.4 HMVC 126E 24.804 24.659 4 24.9 29.7 HMVC 134E 26.379 26.234 4 26.5 31.3 HMVC 142E 27.961 27.774 3 28 33.1 HMVC 150E 29.536 29.349 3 29.6 34.8 HMVC 160E 31.504 31.317 3 31.6 36.9 HMVC 170E 33.473 33.286 3 33.5 39 HMVC 180E 35.441 35.254 3 35.5 41.1 HMVC 190E 37.41 37.223 3 37.5 43.2 Tài liệu liên quan Hướng dẫn sử dụng đai ốc Thủy lực HMV(C) E series (7.2 MB) Hướng dẫn sử dụng đai ốc thủy lực HMVA 42/200 (48.7 KB) Catalog dụng cụ bảo trì và bôi trơn SKF (19.6 MB) Video các phương pháp tháo lắp vòng bi SKF Công cụ liên quan Các phương pháp tháo lắp Oil Injection Method Program Phần mềm dùng cho việc chọn trục và ống lót côn Công cụ hướng dẫn tháo lắp vòng bi Sản phẩm liên quan Bơm Thủy lực 50 MPa Bơm Thủy lực 100 MPa Bơm Thủy lực 100 Mpa với hộp đựng dầu cỡ lớn Bơm Thủy lực 150 MPa Dial indicators Dầu thủy lực dùng cho lắp vòng bi Dầu Thủy lực dùng cho tháo vòng bi","[]","0","in_stock","vongbicongnghiep.vn-wc-store-api-category-search-skf","2026-04-29T13:56:31.971Z"
"33237","SKF","TMHS 75-SKF","TMHS 75-SKF","TMHS75SKF","Cảo SKF TMHS 75","Cảo vòng bi","Cảo vòng bi","101","san-pham-bao-tri","https://vongbicongnghiep.vn/san-pham/bom-thuy-luc-cho-cao-vong-bi-tmhs-75-va-tmhs-100/","https://vongbicongnghiep.vn/wp-content/uploads/2022/05/tmhs1.jpg","[""https://vongbicongnghiep.vn/wp-content/uploads/2022/05/tmhs1.jpg""]","Bơm Thủy lực cho cảo vòng bi TMHS 75 và TMHS 100 Tạo lực rút dễ dàng Trục trục thủy lực nâng cao của SKF TMHS 75 và TMHS 100 tạo ra lực kéo cao với rất ít nỗ lực so với trục cơ khí tiêu chuẩn. Chúng làm giảm đáng kể thời gian cần thiết để tháo một ổ trục hoặc các bộ phận khác. Các trục chính được trang bị bơm thủy lực tích hợp để tạo lực. Lực kéo tối đa được giới hạn bởi các van an toàn đặc biệt và dầu thủy lực sẽ vẫn còn bên trong máy bơm.","Bơm Thủy lực cho cảo vòng bi TMHS 75 và TMHS 100 Tạo lực rút dễ dàng Trục trục thủy lực nâng cao của SKF TMHS 75 và TMHS 100 tạo ra lực kéo cao với rất ít nỗ lực so với trục cơ khí tiêu chuẩn. Chúng làm giảm đáng kể thời gian cần thiết để tháo một ổ trục hoặc các bộ phận khác. Các trục chính được trang bị bơm thủy lực tích hợp để tạo lực. Lực kéo tối đa được giới hạn bởi các van an toàn đặc biệt và dầu thủy lực sẽ vẫn còn bên trong máy bơm. Xi lanh thủy lực tích hợp, bơm và trục chính – không cần bơm riêng Van an toàn giúp ngăn quá tải trục chính và bộ kéo trong trường hợp tác dụng lực quá mức Điểm trung tâm được nạp lò xo trong mũi khoan cho phép dễ dàng định tâm bộ kéo trên trục mà không làm hỏng điểm tâm trục Cần tay với tay nắm công thái học có thể xoay 360 ° Pít-tông được làm cứng và mạ crom với chức năng hồi vị lò xo Các miếng mở rộng bao gồm cho phép dễ dàng điều chỉnh cho chiều dài kéo cần thiết TMHS 75 • TMHS 75 có lực rút tối đa 75 kN (8,4 tấn (Mỹ)) và chiều dài hành trình dài 75 mm (3,0 in), cho phép tháo lắp trong một thao tác • Thích hợp để sử dụng với bất kỳ bộ kéo nào được trang bị ren UN 1¼ “× 12 tpi có thể được sử dụng với lực tối đa 75 kN (8,4 tấn (Mỹ)) • Được cung cấp với miếng mở rộng 50 (2,0 in) và 100 mm (3,9 in) TMHS 100 • TMHS 100 có lực rút tối đa 100 kN (11,2 tấn (Mỹ)) và hành trình dài 80 mm (3,1 in), cho phép tháo lắp trong một thao tác • Thích hợp để sử dụng với bất kỳ bộ kéo nào được trang bị ren UN 1½ “× 16 tpi có thể được sử dụng với lực tối đa 100 kN (11,2 tấn (Mỹ)) • Được cung cấp với miếng mở rộng 50 (2,0 in), 100 mm (3,9 in) và 150 mm (5,9 in) TMHS 75 TMHS 75 Tài liệu liên quan Thông số Kỹ thuật sản phẩm TMHS 75, TMHS 100 (436.8 KB) Hướng dẫn sử dụng TMHS 75 (1.1 MB) Hướng dẫn sử dụng TMHS 100 (3.0 MB) Thông số Kỹ thuật Designation TMHS 75 TMHS 100 Contents 1 × hydraulic spindle 1 × hydraulic spindle 2 × extension pieces; 50 and 100 mm (2.0 and 3.9 in.) 3 × extension pieces; 50, 100 and 150 mm (2.0, 3.9 and 5.9 in.) 1 × nosepiece 1 × nosepiece Maximum withdrawal force 75 kN (8,4 ton US) 100 kN (11.2 ton US) Piston stroke 75 mm (3.0 in.) 80 mm (3.1 in.) Body thread UN 11/4 × 12 UN 11/2 × 16 Nose piece diameter 35 mm (1.4 in.) 30 mm (1.2 in.) Maximum reach 229 mm (9.0 in.) 390 mm (15.4 in.) Weight 2,7 kg (6.0 lb) 4,5 kg (10.0 lb)","[]","13103000","out_of_stock","vongbicongnghiep.vn-wc-store-api-category-search-skf","2026-04-29T13:56:31.972Z"
"33224","SKF","TKSA 41-SKF","TKSA 41-SKF","TKSA41SKF","Dụng cụ căn chỉnh đồng tâm trục SKF TKSA 41","Thiết bị phân tích","Thiết bị phân tích","101","san-pham-bao-tri","https://vongbicongnghiep.vn/san-pham/dung-cu-can-chinh-dong-tam-truc-skf-tksa-41/","https://vongbicongnghiep.vn/wp-content/uploads/2022/05/tksa41-1.jpg","[""https://vongbicongnghiep.vn/wp-content/uploads/2022/05/tksa41-1.jpg""]","Dụng cụ căn chỉnh đồng tâm trục SKF TKSA 41 Hệ thống căn chỉnh đồng tâm trục laze với tính năng đo lường và báo cáo nâng cao TKSA 41 là một giải pháp căn chỉnh laser tiên tiến để đạt được sự căn chỉnh trục chính xác. Với hai đơn vị đo lường không dây, bộ dò kích thước lớn và tia laser mạnh mẽ, thiết bị thực hiện các phép đo chính xác ngay cả trong những điều kiện khó khăn nhất.","Dụng cụ căn chỉnh đồng tâm trục SKF TKSA 41 Hệ thống căn chỉnh đồng tâm trục laze với tính năng đo lường và báo cáo nâng cao TKSA 41 là một giải pháp căn chỉnh laser tiên tiến để đạt được sự căn chỉnh trục chính xác. Với hai đơn vị đo lường không dây, bộ dò kích thước lớn và tia laser mạnh mẽ, thiết bị thực hiện các phép đo chính xác ngay cả trong những điều kiện khó khăn nhất. Bộ phận hiển thị công thái học với điều hướng màn hình cảm ứng trực quan giúp căn chỉnh của bạn nhanh chóng và dễ dàng, trong khi các tính năng cải tiến, chẳng hạn như “đo lường miễn phí”, giúp tăng hiệu suất căn chỉnh. Với trọng tâm là cải thiện các phương pháp căn chỉnh, Công cụ căn chỉnh trục SKF, TKSA 41, là một trong những giải pháp căn chỉnh đồng tâm trục có giá trị tốt nhất trong ngành. • Giao tiếp không dây cải thiện việc xử lý thiết bị và cho phép căn chỉnh các ứng dụng khó tiếp cận từ một vị trí an toàn. • Phép đo miễn phí cho phép các phép đo căn chỉnh bắt đầu ở bất kỳ góc nào và kết thúc với góc quét chỉ 90 °. • Tính năng đo tự động cho phép thực hiện các phép đo rảnh tay bằng cách phát hiện vị trí đầu và thực hiện phép đo khi xoay đầu vào đúng vị trí. • Các báo cáo tự động được tạo sau mỗi lần căn chỉnh. Các báo cáo có thể được tùy chỉnh bằng ghi chú và hình ảnh từ camera tích hợp để có cái nhìn tổng quan nhất. Tất cả các báo cáo có thể được xuất dưới dạng tệp pdf. • Chế độ xem trực tiếp hỗ trợ các phép đo trực quan và tạo điều kiện thuận lợi cho việc căn chỉnh theo chiều ngang và chiều dọc. • Thư viện máy cung cấp một cái nhìn tổng quan về tất cả các máy và báo cáo căn chỉnh. • Mã QR có thể được sử dụng để đơn giản hóa hơn nữa việc nhận dạng máy và cải thiện quy trình căn chỉnh. • TKSA 41 được cung cấp trong một hộp đựng SKF chắc chắn • Có sẵn nhiều loại phụ kiện. TKSA 41 – Trải nghiệm khách hàng Căn chỉnh đồng tâm trục được khuyến nghị cho hầu hết mọi ngành, vì nó cho phép cải thiện đáng kể thời gian hoạt động của máy … Ứng dụng của TKSA 41 Thiết bị TKSA 41 trong hộp đựng Tài liệu liên quan Catalog sản phẩm TKSA 41 (235.5 KB) Hướng dẫn Sử dụng nhanh TKSA 41 (242.2 KB) Hướng dẫn sử dụng chi tiết TKSA 41 (3.5 MB) Catalog dụng cụ căn chỉnh đồng tâm trục dòng TKSA (1.9 MB) Phụ kiện cho dụng cụ căn chỉnh đồng tâm trục – TKSA Bảng so sánh Thông số của TKSA Thông số Kỹ thuật Mô tả TKSA 41 Cảm biến và hệ thống giao tiếp 29 mm (1.1 in.) CCD with line laser Class 2 Inclinometer ±0.5°; Bluetooth 4.0 LE and wired, USB cables Khoảng cách đo của thiết bị 0,07 to 4 m (0.23 to 13.1 ft) Sai số < 0,5% ±5 µm Vật liệu của vỏ thiết bị 20% Glass filled Polycarbonate Thời gian hoạt động của thiết bị Lên tới 16 giờ Rechargeable LiPo battery Kích thước 120 × 90 × 36 mm (4.7 × 3.5 × 1.4 in.) Trọng lượng 220 g (0.5 lb) Màn hình hiển thị 5.6″ colour resistive touchscreen LCD display. High Impact PC/ABS with over mould Update phần mềm Qua cổng USB Kích thước 205 × 140 × 60 mm (8.1 × 5.5 × 2.4 in.) Trọng lượng toàn bộ 640 g (1.4 lb) Phương pháp đo Alignment of horizontal shafts, 3 position measurement 9 -12 -3, automatic measurement, measurement (with min. 90° rotation), soft foot Giá trị đo được hiển thị trực tiếp Theo phương đứng và ngang Các đặc điểm khác Machine library, QR code reading, screen orientation flip, automatic .pdf report Dụng cụ gá 2 × V-brackets with chains, width 21 mm (0.8 in.) Kích thước trục căn chỉnh 20 to 150 mm (0.8 to 5.9 in.) 300 mm (11.8 in.) with optional extension chains (not included) Chiều cao lớn nhất có thể đo 105 mm (4.2 in.) with standard rods 195 mm (7.7 in.) with extension rods (included) Nguồn điện Input: 100V-240V 50/60Hz AC power supplier Output: DC 12V 3A with EU, US, UK, AUS adapters Nhiệt độ vận hành 0 to 45 °C (32 to 113 °F) Tiêu chuẩn kháng nước IP 54 Kích thước hộp đựng 530 × 110 × 360 mm (20.9 × 4.3 × 14.2 in.) Tổng trọng lượng 4.75 kg (10.5 lb) Chứng chỉ Chứng chỉ có hiệu lực 2 năm Tài liệu liên quan Tài liệu sản phẩm TKSA 41 (235.5 KB) Hướng dẫn sử dụng nhanh TKSA 41 (242.2 KB) Hướng dẫn sử dụng TKSA 41 (3.5 MB) Catalog dải sản phẩm căn chỉnh đồng tâm trục TKSA (1.9 MB) Catalog sản phẩm Bảo trì và Bôi trơn SKF (19.6 MB) Thông tin liên quan Bảng so sánh dải sản phẩm TKSA Giới thiệu máy căn chỉnh đồng tâm trục TKSA của SKF Downloads Sản phẩm liên quan Phụ kiện cho Thiết bị căn chỉnh đồng tâm trục SKF Miếng chèn, chêm chân đế động cơ Bộ căn căn chỉnh chân máy động cơ","[]","135150000","in_stock","vongbicongnghiep.vn-wc-store-api-category-search-skf","2026-04-29T13:56:31.974Z"
"32872","SKF","TMAS 100/KIT-SKF","TMAS 100/KIT-SKF","TMAS100KITSKF","Bộ miếng chêm máy móc TMAS 100/KIT","Miếng chêm máy móc SKF","Miếng chêm máy móc SKF","101","san-pham-bao-tri","https://vongbicongnghiep.vn/san-pham/dung-cu-can-chinh-may-tmas-75-040/","https://vongbicongnghiep.vn/wp-content/uploads/2022/04/TMAS100.png","[""https://vongbicongnghiep.vn/wp-content/uploads/2022/04/TMAS100.png"",""https://vongbicongnghiep.vn/wp-content/uploads/2022/04/tmas510.jpg"",""https://vongbicongnghiep.vn/wp-content/uploads/2022/04/tmas380.jpg"",""https://vongbicongnghiep.vn/wp-content/uploads/2022/04/tmas360.jpg"",""https://vongbicongnghiep.vn/wp-content/uploads/2022/04/tmas340.jpg"",""https://vongbicongnghiep.vn/wp-content/uploads/2022/04/tmas100.jpg"",""https://vongbicongnghiep.vn/wp-content/uploads/2022/04/tmas75.jpg"",""https://vongbicongnghiep.vn/wp-content/uploads/2022/04/tmas50.jpg""]","Để căn chỉnh máy móc theo phương thẳng đứng chính xác Điều chỉnh máy chính xác là một yếu tố cần thiết của bất kỳ quá trình căn chỉnh nào. Mỗi bộ miếng chêm cắt sẵn một rãnh của SKF cung cấp sự kết hợp của các kích thước và / hoặc độ dày miếng chêm phổ biến.","Bộ miếng chêm máy móc TMAS 100/KIT Để căn chỉnh máy móc theo phương thẳng đứng chính xác Điều chỉnh máy chính xác là một yếu tố cần thiết của bất kỳ quá trình căn chỉnh nào. Mỗi bộ miếng chêm cắt sẵn một rãnh của SKF cung cấp sự kết hợp của các kích thước và / hoặc độ dày miếng chêm phổ biến. Làm bằng thép không gỉ chất lượng cao, cho phép tái sử dụng Dễ dàng lắp vào và tháo ra Dung sai nhỏ cho phép căn chỉnh chính xác Độ dày được đánh dấu rõ ràng trên mỗi miếng đệm Bộ căn chỉnh TMAS 100/KIT Ký hiệu TMAS 100/KIT Kích cỡ Shim (mm) 100×100 mm Số lượng Shim trên chiều dày 20 20 10 Chiều dày (mm) 0,05 0,40 2,00 0,10 0,50 0,20 0,70 0,25 1,00","[]","20382000","in_stock","vongbicongnghiep.vn-wc-store-api-category-search-skf","2026-04-29T13:56:33.930Z"
"32869","SKF","TMSP 1-SKF","TMSP 1-SKF","TMSP1SKF","Máy đo tiếng ồn của máy: TMSP 1","Thiết bị kiểm tra máy","Thiết bị kiểm tra máy","101","san-pham-bao-tri","https://vongbicongnghiep.vn/san-pham/may-do-tieng-on-cua-may-tmsp-1/","https://vongbicongnghiep.vn/wp-content/uploads/2022/04/tmsp3-1.jpg","[""https://vongbicongnghiep.vn/wp-content/uploads/2022/04/tmsp3-1.jpg"",""https://vongbicongnghiep.vn/wp-content/uploads/2022/04/tmsp2-1.jpg"",""https://vongbicongnghiep.vn/wp-content/uploads/2022/04/tmsp3-1.jpg"",""https://vongbicongnghiep.vn/wp-content/uploads/2022/04/tmst3-1.jpg""]","Dễ dàng đo tiếng ồn của máy móc SKF TMSP 1 là một thiết bị cầm tay chất lượng cao để đo mức âm thanh tính bằng decibel. Tiếng ồn môi trường được thu nhận bởi micrô và sau đó được xử lý bởi thiết bị cầm tay. Tiếng ồn có thể được theo dõi cả định lượng và chất lượng. Máy đo áp suất âm thanh SKF được cung cấp trong hộp đựng hoàn chỉnh với kính chắn gió, tuốc nơ vít hiệu chuẩn, giắc cắm cho đầu ra bên ngoài và pin kiềm.","Máy đo tiếng ồn âm thanh TMSP 1 Dễ dàng đo tiếng ồn của máy móc SKF TMSP 1 là một thiết bị cầm tay chất lượng cao để đo mức âm thanh tính bằng decibel. Tiếng ồn môi trường được thu nhận bởi micrô và sau đó được xử lý bởi thiết bị cầm tay. Tiếng ồn có thể được theo dõi cả định lượng và chất lượng. Máy đo áp suất âm thanh SKF được cung cấp trong hộp đựng hoàn chỉnh với kính chắn gió, tuốc nơ vít hiệu chuẩn, giắc cắm cho đầu ra bên ngoài và pin kiềm. • Thân thiện người dùng và dễ vận hành, không cần đào tạo đặc biệt. • Các trọng số theo thang đo dBA và dBC cho cả phép đo mức âm thanh chung và tiếng ồn tần số thấp. • Trọng số nhanh hay chậm cho phép các phép đo bình thường hoặc mức độ nhiễu dao động trung bình. • Bốn thang đo khác nhau để phù hợp với hầu hết mọi tình huống. • Người dùng có thể lựa chọn đèn nền để sử dụng trong môi trường có ánh sáng kém. • Bảng điều khiển LCD bốn chữ số với cả màn hình kỹ thuật số và biểu đồ thanh. • Chức năng tối đa và tối thiểu cho các phép đo cao điểm và chức năng cảnh báo để chỉ ra khi mức độ ồn quá thấp hoặc quá cao. Thông số kỹ thuật Ký hiệu; TMSP 1 Miêu tả; Thiết bị đo tiếng ồn SKF Dải tần số làm việc; 31,5 Hz đến 8 KHz Dải đo tiếng ồn; 30 đến 130 dB Màn hình; LCD Màn hình Kỹ thuật số 4 chữ số Độ phân dải: 0,1 dB Tốc độ làm tươi: 0,5 s Mà hình Analog 50 segments bar-graph Độ phân dải: 1 dB Tốc độ làm tươi: 100 ms Thiết lập thời gian đo Nhanh (125 ms), Chậm (1 s) Dải mức độ đo Thấp = 30 ~ 80 dB Trung bình = 50 ~ 100 dB Cao = 80 ~ 130 dB Tự động = 30~130 dB Độ chính xác ±1,5 dB (ref 94 dB @1 KHz) Dải động 50 dB Nguồn cấp 9V Alkaline, IEC 6LR61 Thời gian Pin 50 hours Nhiệt độ cho phép vận hành của Thiết bị 0 to 40 ºC (32 to 104 º F) Độ ẩm cho phép vận hành của Thiết bị 10 to 90 % RH Độ cao cho phép vận hành của Thiết bị Tới 2 000 m (6 560 ft) so với mực nước biển Kích thước thiết bị; 275 x 64 x 30 mm (10.8 x 2.5 x 1.2 in.) Kích thước hộp đựng; 530 x 85 x 180 mm (20.9 x 3.4 x 7.0 in.) Trọng lượng 285 g ( 0.76 lb) bao gồm Pin Tổng trọng lượng ( cả hộp đựng) 1,1 kg (2.4 lb)","[]","13484000","in_stock","vongbicongnghiep.vn-wc-store-api-category-search-skf","2026-04-29T13:56:33.930Z"
"32864","SKF","TMST 3-SKF","TMST 3-SKF","TMST3SKF","Dụng cụ đo độ ồn SKF: TMST 3","Thiết bị kiểm tra máy","Thiết bị kiểm tra máy","101","san-pham-bao-tri","https://vongbicongnghiep.vn/san-pham/dung-cu-do-do-on-skf-tmst-3/","https://vongbicongnghiep.vn/wp-content/uploads/2022/04/TMST3_1.png","[""https://vongbicongnghiep.vn/wp-content/uploads/2022/04/TMST3_1.png"",""https://vongbicongnghiep.vn/wp-content/uploads/2022/04/tmst3-1.jpg"",""https://vongbicongnghiep.vn/wp-content/uploads/2022/04/tmst3-2.jpg"",""https://vongbicongnghiep.vn/wp-content/uploads/2022/04/tmst3-3.jpg""]","Dễ dàng xác định tiếng ồn của vòng bi và của máy SKF TMST 3 là một thiết bị chất lượng cao cho phép xác định các bộ phận máy gặp sự cố bằng cách phát hiện tiếng ồn của máy. TMST 3 bao gồm một tai nghe, hai đầu dò có độ dài khác nhau (70 và 300 mm) và một CD âm thanh ghi sẵn thể hiện những tiếng ồn máy gây rắc rối thường gặp nhất, tất cả đều được cung cấp đầy đủ trong một hộp đựng chắc chắn.","Ống nghe điện tử SKF TMST 3 Dễ dàng xác định tiếng ồn của vòng bi và của máy SKF TMST 3 là một thiết bị chất lượng cao cho phép xác định các bộ phận máy gặp sự cố bằng cách phát hiện tiếng ồn của máy. TMST 3 bao gồm một tai nghe, hai đầu dò có độ dài khác nhau (70 và 300 mm) và một CD âm thanh ghi sẵn thể hiện những tiếng ồn máy gây rắc rối thường gặp nhất, tất cả đều được cung cấp đầy đủ trong một hộp đựng chắc chắn. • Thân thiện với người dùng và dễ vận hành, không cần đào tạo đặc biệt. • Thiết kế thông minh nhẹ giúp bạn dễ dàng thao tác bằng một tay. • Chất lượng âm thanh tuyệt vời giúp xác định một cách đáng tin cậy nguyên nhân có thể gây ra tiếng ồn. • Tai nghe chất lượng tuyệt vời cho chất lượng âm thanh tối ưu ngay cả trong môi trường có tiếng ồn rất cao. • CD được ghi sẵn các tiếng ồn mẫu và đầu ra để ghi âm tương tự giúp phân tích và so sánh thuận lợi. • Được cung cấp với hai đầu dò, dài 70 và 300 mm (2,8 và 11,8 in.). • Điều khiển âm lượng kỹ thuật số có thể điều chỉnh lên đến 32 mức để đạt được âm lượng mong muốn. Thông số Kỹ thuật Ký hiệu; TMST 3 Dải tần số hoạt động; 30 Hz-15kHz Nhiệt độ vận hành của thiết bị; – 10 đến + 45 °C (14-113 °F) Mức ra của âm lượng Có 32 mức âm lượng Đèn LED chỉ báo Bật nguồn Âm lượng Pin yếu Đầu ra máy ghi âm tối đa 250 mV Tai nghe 48 Ohm Tự động tắt nguồn Sau 2 phút Pin 4 x AAA/R03 (đi cùng thiết bị) Thời gian Pin 30 tiếng sử dụng liên tục Kích thước thiết bị đo 220 x 40 x 40 mm (8.6 x 1.6 x 1.6 in.) Chiều dài đầu dò 70 and 300 mm (2.8 and 11.8 in.) Trọng lượng -Tổng 1,6 kg (3.5 lb) -Thiết bị đo 162 g (0.35 lb) -Tai nghe 250 g (0.55 lb) Trên tay máy nghe độ ồn, phân tích tiếng ồn của thiết bị trong nhà máy: TMST 3","[]","17917000","out_of_stock","vongbicongnghiep.vn-wc-store-api-category-search-skf","2026-04-29T13:56:33.931Z"
"32860","SKF","TMFT 36-SKF","TMFT 36-SKF","TMFT36SKF","Bộ đóng vòng bi SKF TMFT 36","Cảo vòng bi","Cảo vòng bi","101","san-pham-bao-tri","https://vongbicongnghiep.vn/san-pham/dung-cu-dong-vong-bi-tmft-36/","https://vongbicongnghiep.vn/wp-content/uploads/2022/04/tmft36.jpg","[""https://vongbicongnghiep.vn/wp-content/uploads/2022/04/tmft36.jpg""]","Bộ đóng vòng bi SKF TMFT 36 Giúp ngăn ngừa hỏng vòng bi sớm Sự ăn khớp kém, thường sử dụng lực thô bạo, chiếm 16% các trường hợp hỏng vòng bi sớm. Bộ công cụ lắp vòng bi SKF được thiết kế để lắp vòng bi nhanh chóng và chính xác, đồng thời giảm thiểu nguy cơ hư hỏng vòng bi.","Bộ đóng vòng bi SKF TMFT 36 Giúp ngăn ngừa hỏng vòng bi sớm Sự ăn khớp kém, thường sử dụng lực thô bạo, chiếm 16% các trường hợp hỏng vòng bi sớm. Bộ công cụ lắp vòng bi SKF được thiết kế để lắp vòng bi nhanh chóng và chính xác, đồng thời giảm thiểu nguy cơ hư hỏng vòng bi. Sự kết hợp phù hợp giữa vòng va chạm và ống bọc cho phép truyền lực hiệu quả đến vòng chịu lực với sự phù hợp giao thoa, giảm thiểu nguy cơ làm hỏng rãnh hoặc các phần tử lăn của vòng bi. Ngoài việc gắn các ổ trục, TMFT 36 cũng thích hợp để gắn các thành phần khác như ống lót, phớt và puly. Bộ sản phẩm có 36 vòng va đập, 3 tay áo va đập và một chiếc búa chết được đóng gói trong một hộp đựng nhẹ. • TMFT 36 tạo điều kiện thuận lợi cho việc lắp các vòng bi khác nhau có đường kính lỗ từ 10–55 mm • Tạo điều kiện cho việc lắp chính xác trên trục, vỏ và các ứng dụng kín. • Đường kính của vòng tác động phù hợp chính xác với đường kính bên trong và bên ngoài của ổ trục. • Đường kính nhỏ của vùng va đập trên đầu ống bọc cho phép truyền và phân phối lực gắn một cách hiệu quả • Vòng chống va đập và tay áo được làm bằng vật liệu chống va đập cao để kéo dài tuổi thọ • Các vòng tác động được đánh dấu để nhận dạng rõ ràng về kích thước của vòng và dễ dàng lựa chọn phù hợp với vòng bi. • Hai đầu bua bằng nhựa giúp tránh làm hỏng các bộ phận khi đóng. • Tay cầm bằng cao su của búa cung cấp độ bám tuyệt vời. Thông số Kỹ thuật Ký hiệu; TMFT 36 Các vòng đóng vòng bi; Đường kính trong; 10–55 mm (0.39–2.17 in.) Đường kính ngoài; 26–120 mm (1.02–4.72 in.) Ống lót; Chiều dài trục lớn nhất; Ống lót loại A: 220 mm (8.7 in.) Ống lót loại B: 220 mm (8.7 in.) Ống lót loại C: 225 mm (8.9 in.) Búa; TMFT 36-H, trọng lượng 0,9 kg (2.0 lb) Kích thước hộp đựng; 530 × 110 × 360 mm (20.9 × 4.3 × 14.2 in.) Số lượng các vòng; 36 Số lượng ống lót; 3 Trọng lượng (bao gồm cả hộp đựng); 4,4 kg (9.7 lb) Video các phương pháp Lắp và tháo vòng bi cầu rãnh sâu SKF Video mở hộp sản phẩm Bộ dụng cụ đóng vòng bi TMFT 36","[]","15543000","out_of_stock","vongbicongnghiep.vn-wc-store-api-category-search-skf","2026-04-29T13:56:33.931Z"
"32856","SKF","TKSA 11-SKF","TKSA 11-SKF","TKSA11SKF","Dụng cụ chỉnh đồng tâm trục SKF TKSA 11","Thiết bị phân tích","Thiết bị phân tích","101","san-pham-bao-tri","https://vongbicongnghiep.vn/san-pham/dung-cu-chinh-dong-tam-truc-skf-tksa-11/","https://vongbicongnghiep.vn/wp-content/uploads/2022/04/tksa11-3.jpg","[""https://vongbicongnghiep.vn/wp-content/uploads/2022/04/tksa11-3.jpg""]","Công cụ căn chỉnh trục SKF TKSA 11 Công nghệ mới giúp căn chỉnh trục dễ dàng hơn và giá cả phải chăng hơn","Công cụ căn chỉnh trục SKF TKSA 11 Công nghệ mới giúp căn chỉnh trục dễ dàng hơn và giá cả phải chăng hơn SKF TKSA 11 là một công cụ căn chỉnh trục cải tiến sử dụng điện thoại thông minh và máy tính bảng và hướng dẫn người dùng một cách trực quan quy trình căn chỉnh trục. Tập trung vào các nhiệm vụ căn chỉnh cốt lõi, TKSA 11 được thiết kế để trở thành một công cụ rất dễ sử dụng, đặc biệt phù hợp cho những người học căn chỉnh và các ứng dụng nhỏ gọn. SKF TKSA 11 là thiết bị đầu tiên trên thị trường sử dụng cảm biến tiệm cận cảm ứng, cho phép căn chỉnh trục chính xác và đáng tin cậy với giá cả phải chăng cho mọi ngân sách. •Chế độ xem trực tiếp vị trí dụng cụ và động cơ giúp việc đo lường và căn chỉnh ngang trở nên trực quan và dễ dàng. •Ứng dụng TKSA 11 cung cấp chế độ trình diễn đầy đủ chức năng cho phép trải nghiệm quá trình căn chỉnh hoàn chỉnh mà không cần mua TKSA 11. •TKSA 11 được thiết kế để hoàn tiền đầu tư ban đầu nhanh chóng và cũng có giá cả phải chăng cho hầu hết mọi ngân sách. •Bằng cách sử dụng cảm biến tiệm cận cảm ứng, phép đo không còn bị ảnh hưởng bởi ánh sáng mặt trời chói chang, thiết bị trở nên mạnh mẽ hơn. Tất cả cho phép TKSA 11 mang lại sự liên kết trục chính xác và đáng tin cậy. •Báo cáo căn chỉnh tự động cung cấp tổng quan đầy đủ về quá trình căn chỉnh và kết quả. Các báo cáo có thể dễ dàng được chia sẻ qua email hoặc các dịch vụ đám mây. Thông số Kỹ thuật Ký hiệu; TKSA 11 Cảm biến và kết nối; 2× Cảm biến tiệm cận cảm ứng Độ nghiêng cho phép ±0.5° Bluetooth 4.0 LE Hệ thống đo khoảng cách; 0 đến 185 mm (0 to 7.3 in.) giữa hai cảm biến 3 × có tham chiếu lên tới 200 mm (7.9 in.) Đo lỗi; <2% Vật liệu vỏ; Nhựa PC/ABS Thời gian hoạt động của thiết bị; Tới 18 tiếng Kích thước; 105 × 55 × 55 mm (4.1 × 2.2 × 2.2 in.) Trọng lượng; 155 g (0.34 lb) Thiết bị điều khiển; Máy tính bảng: Samsung Galaxy Tab Active 2 và iPad Mini iPad, iPod Touch iPhone SE, Galaxy S6 hoặc đời mới hơn (không đi kèm thiết bị) Phần mềm; AppStore, Google Play Yêu cầu hệ điều hành; Tối thiểu Apple iOS 9 hoặc Android OS 4.4.2 Phương pháp căn chỉnh; Căn chỉnh trục theo phương ngang 3 vị trí đo 9–12–3 Giá trị hiển thị trực tiếp; Chỉ cho phương ngang Các tính năng mở rộng; Tự động báo cáo file pdf Vật cố định thiêt bị; 2× Tấm V và xích, rộng 15 mm (0.6 in.) Đường kính trục được căn chỉnh; 20 đến 160 mm (0.8 đến 6.3 in.) Thiết bị sạc; Cổng USB 5V Dây cáp nối từ công USB sang Micro USB Không bao gồm của sạc 5V Nhiệt độ vận hành của thiết bị; 0 đến 45 °C (32 đến 113 °F) Tiêu chuẩn kháng nước; IP 54 Kích thước hộp đựng; 355 × 250 × 110 mm (14 × 9.8 × 4.3 in.) Tổng trọng lượng ( bao gồm cả hộp đựng) 2,1 kg (4.6 lb) Giấy chứng nhận hiệu chuẩn; Có giá trị 2 năm Tài liệu sản phẩm Sản phẩm 1 5656 8 Sản phẩm 1 Sản phẩm 2 Sản phẩm 2 Sản phẩm 3 Sản phẩm 3 Sản phẩm 4 Sản phẩm 4 Sản phẩm 5 Sản phẩm 5","[]","51138000","out_of_stock","vongbicongnghiep.vn-wc-store-api-category-search-skf","2026-04-29T13:56:33.931Z"
"32854","SKF","TKSA 51-SKF","TKSA 51-SKF","TKSA51SKF","Thiết bị căn chỉnh đồng trục SKF TKSA 51","Thiết bị phân tích","Thiết bị phân tích","101","san-pham-bao-tri","https://vongbicongnghiep.vn/san-pham/thiet-bi-can-chinh-dong-truc-skf-tksa-51/","https://vongbicongnghiep.vn/wp-content/uploads/2022/04/tksa51-1.jpg","[""https://vongbicongnghiep.vn/wp-content/uploads/2022/04/tksa51-1.jpg"",""https://vongbicongnghiep.vn/wp-content/uploads/2022/04/tksa-51-rrr.jpg"",""https://vongbicongnghiep.vn/wp-content/uploads/2022/04/zfsdfsdfs-scaled.jpg""]","Thiết bị căn chỉnh đồng trục TKSA 51 Căn chỉnh trục toàn diện và trực quan bằng cách sử dụng máy tính bảng và điện thoại thông minh Công cụ căn chỉnh trục TKSA 51 cung cấp tính linh hoạt và hiệu suất đo lường cao, phù hợp cho các công việc căn chỉnh từ cấp độ sơ cấp đến chuyên gia. Được thiết kế để hoạt động với các ứng dụng căn chỉnh trục trên máy tính bảng hoặc điện thoại thông minh, công cụ trực quan này rất dễ sử dụng và không cần đào tạo đặc biệt.","Thiết bị căn chỉnh đồng trục TKSA 51 Căn chỉnh trục toàn diện và trực quan bằng cách sử dụng máy tính bảng và điện thoại thông minh Công cụ căn chỉnh trục TKSA 51 cung cấp tính linh hoạt và hiệu suất đo lường cao, phù hợp cho các công việc căn chỉnh từ cấp độ sơ cấp đến chuyên gia. Được thiết kế để hoạt động với các ứng dụng căn chỉnh trục trên máy tính bảng hoặc điện thoại thông minh, công cụ trực quan này rất dễ sử dụng và không cần đào tạo đặc biệt. Các phụ kiện đi kèm cho phép sử dụng TKSA 51 cho nhiều ứng dụng căn chỉnh, chẳng hạn như động cơ, ổ đĩa, quạt, máy bơm, hộp số và hơn thế nữa. Các ứng dụng dành cho thiết bị di động của công cụ này bao gồm các video hướng dẫn để chỉ cho người vận hành cách thực hiện các phép đo chính xác. • Tính linh hoạt của phép đo – Phép đo ba vị trí nổi tiếng có thêm tính linh hoạt vì phép đo có thể bắt đầu ở bất kỳ góc độ nào và chỉ cần tổng góc quay tối thiểu là 40 độ. Điều này cho phép người vận hành thực hiện việc căn chỉnh các ứng dụng có không gian hạn chế. • Báo cáo tự động – Báo cáo căn chỉnh được tạo tự động và có thể được tùy chỉnh bằng ghi chú, ảnh máy và chữ ký qua màn hình cảm ứng. Các báo cáo này có thể được xuất dưới dạng tệp PDF và chia sẻ với các ứng dụng di động khác. • Toàn diện và nhỏ gọn – Một loạt các thành phần đi kèm, chẳng hạn như giá đỡ từ tính, thanh nối dài và dây xích, làm tăng tính linh hoạt của TKSA 51, nhưng nó vẫn nhỏ gọn, nhẹ và dễ mang theo. • Chế độ xem trực tiếp 3-D – Tính năng này cho phép định vị trực quan các đầu để thực hiện các phép đo căn chỉnh nhanh chóng và hiển thị trực tiếp khi đạt được hiệu chỉnh căn chỉnh ngang / dọc. Ứng dụng cho phép quay 3-D của động cơ ảo để tương ứng với vị trí máy thực tế. • Bù nhiễu – Các giá trị đo được tính trung bình theo thời gian để cung cấp độ chính xác khi có rung hoặc các nhiễu bên ngoài khác. • TKSA 51 được cung cấp trong một hộp đựng SKF chắc chắn • Có sẵn nhiều loại phụ kiện. Video minh họa cách sử dụng TKSA 51 Công cụ căn chỉnh trục TKSA 51 phù hợp với nhiều ứng dụng. Thiết kế nhỏ gọn, nhẹ, … Thống số kỹ thuật sản phẩm Ký hiệu TKSA 51 Cảm biến và kết nối thông tin PSD 20 mm (0,8 in.) Với tia laser Class 2 Máy đo độ nghiêng ± 0,1 °; Bluetooth 4.0 LE Hệ thống đo khoảng cách 0,07 đến 5 m (0.23 đến 16.4 ft) Dung sai phép đo Vật liệu vỏ bọc Mặt trước bằng nhôm Anodized và mặt sau bằng nhựa PC / ABS Thời gian hoạt động Lên tới 8 giờ, sạc nhanh pin Li-ion : trong 10 phút. Sử dụng được 1 tiếng Kích thước 52 × 64 × 50 mm (2.1 × 2.5 × 2 in.) Trọng lượng 190 g (0.4 lb) Thiết bị vận hành Samsung Galaxy và Active 2 và iPad Mini iPad, iPod Touch iPhone SE, Galaxy S6 hoặc cao hơn ( không đi kèm) Phần mềm và App Apple AppStore hoặc Google Play Store Yêu cầu hệ điều hành Apple iOS 9 hoặc Android OS 4.4.2 (cao hơn) Phương pháp căn chỉnh Căn chỉnh trục ngang và trục dọc, đo 3 vị trí 9 -12 -3, đo tự động, đo lường (với vòng quay tối thiểu 40 °), chân mềm Giá trị đo hiển thị trực tiếp Dọc và ngang Các tính năng bổ xung Thư viện máy Đọc mã QR Các giá trị mục tiêu Bù nhiễu Quan sát 3D Xoay góc nhìn trên máy tính bảng Tự động xuất báo cáo file PDF Cố định 2 × tấm V cùng với xích, rộng 15 mm (0.6 in.) Đường kính trục 20 đến 150 mm (0.8 đến 5.9 in.) 450 mm (17.7 in.) with extension chains (included) Chiều cao lớn nhất của khớp nối 45 mm (1.8 in.) với thanh tiêu chuẩn 120 mm (4.7 in.) Nguồn sạc Nguồn sạc công Micro USB (5V) Cáp sạc Micro USB – USB được cấp cùng Tương thích với bộ sạc USB 5V (không bao gồm) Nhiệt độ hoạt động của thiết bị 0 đến 45 °C (32 đến 113 °F) Tiêu chuẩn kháng nước IP 54 Kích thước hộp đựng 355 × 250 × 110 mm (14 × 9.8 × 4.3 in.) Tổng trọng lượng (Bao gồm cả vỏ hộp) 2,9 kg (6.4 lb) Giấy chứng nhận hiệu chuẩn Supplied with 2 years validity Bao gồm 2 bộ cảm biến đo (M&S) 2 tấm V cùng với xích dài 480 mm (18.9 in.), thanh ren 80 mm (3.2 in.) và nam châm 4 thanh ren mở rộng 120 mm (4.7 in.) 2 xích kéo dài 980 mm (38.6 in.) Dây cáp sạc USB – Micro USB Dây cuốn Giấy chứng nhận hiệu chuẩn Hướng dẫn nhanh (EN) Hộp đựng SKF Vật tư thay thế Ký hiệu Mô tả TKSA 51-M 1 x TKSA 51-M Bộ đo bao gồm chứng chỉ hiệu chuẩn TKSA 51-S 1x TKSA 51 S Bộ đo bao gồm chứng chỉ hiệu chuẩn TKSA 51-VBK 1 bộ tấm V, xích và thanh ren 80 mm 1x xích tiêu chuẩn 480 mm, bao gồm 4 nam châm","[]","135150000","in_stock","vongbicongnghiep.vn-wc-store-api-category-search-skf","2026-04-29T13:56:33.931Z"
"32839","SKF","TKSA 71-SKF","TKSA 71-SKF","TKSA71SKF","Máy căn chỉnh đồng trục SKF TKSA 71","Thiết bị phân tích","Thiết bị phân tích","101","san-pham-bao-tri","https://vongbicongnghiep.vn/san-pham/may-can-chinh-dong-truc-skf-tksa-71/","https://vongbicongnghiep.vn/wp-content/uploads/2022/03/tksa71-1.jpg","[""https://vongbicongnghiep.vn/wp-content/uploads/2022/03/tksa71-1.jpg"",""https://vongbicongnghiep.vn/wp-content/uploads/2022/03/tksa71-3.jpg"",""https://vongbicongnghiep.vn/wp-content/uploads/2022/03/tksa71-2.jpg"",""https://vongbicongnghiep.vn/wp-content/uploads/2022/03/tksa71-1.jpg""]","Máy căn chỉnh đồng trục TKSA 71 Tính linh hoạt và hiệu suất cao để căn chỉnh chuyên nghiệp TKSA 71 Được thiết kế để căn chỉnh chuyên nghiệp trong môi trường công nghiệp khắc nghiệt, TKSA 71 bổ sung cho sản phẩm của SKF một công cụ căn chỉnh đồng tâm trục cao cấp. Thiết bị này rất linh hoạt với các đơn vị đo siêu nhỏ gọn để sử dụng trong không gian cực kỳ hẹp. Các ứng dụng phần mềm chuyên dụng của nó cho phép các kiểu căn chỉnh khác nhau, bao gồm trục ngang và trục dọc, trục đệm và tàu máy","Máy căn chỉnh đồng trục TKSA 71 Tính linh hoạt và hiệu suất cao để căn chỉnh chuyên nghiệp TKSA 71 Được thiết kế để căn chỉnh chuyên nghiệp trong môi trường công nghiệp khắc nghiệt, TKSA 71 bổ sung cho sản phẩm của SKF một công cụ căn chỉnh đồng tâm trục cao cấp. Thiết bị này rất linh hoạt với các đơn vị đo siêu nhỏ gọn để sử dụng trong không gian cực kỳ hẹp. Các ứng dụng phần mềm chuyên dụng của nó cho phép các kiểu căn chỉnh khác nhau, bao gồm trục ngang và trục dọc, trục đệm và tàu máy. Hiệu suất căn chỉnh vượt trội và độ bền công nghiệp lâu dài đạt được nhờ một thiết kế thiết bị tiên tiến mang lại độ chính xác đo lường cao và khả năng bảo vệ tuyệt vời khỏi bụi và nước trong môi trường khắc nghiệt. • Dễ sử dụng – Các ứng dụng phần mềm trực quan, quy trình căn chỉnh có hướng dẫn và video giải thích • Nhiều ứng dụng – Phụ kiện toàn diện và các ứng dụng phần mềm chuyên dụng • Hiệu suất căn chỉnh vượt trội – Khoảng cách đo lên đến 10 m, bù nhiễu, đo lường linh hoạt, chỉ xoay tổng cộng 40 °, đo tự động và căn chỉnh tùy chỉnh với các giá trị mục tiêu • Bảo vệ chống lại môi trường khắc nghiệt – Đơn vị đo hoàn toàn kín (IP67) để chống bụi và nước • Bộ đầu đo siêu nhỏ gọn – Sử dụng trong không gian cực kỳ hẹp • Hộp đựng chắc chắn – Bảo vệ tuyệt vời, vận chuyển thuận tiện và sạc trong hộp không dây • Phụ kiện – Có sẵn nhiều loại phụ kiện. Video hướng dẫn sử dụng TKSA 71 Công cụ căn chỉnh trục TKSA 71 – Tính linh hoạt cao và hiệu suất cao để căn chỉnh chuyên nghiệp TKSA 51: Một Hệ thống hoàn chỉnh cho nhu cầu căn chỉnh của bạn Mẫu cơ sở TKSA 71 bao gồm các phụ kiện tiêu chuẩn cho hầu hết các nhiệm vụ căn chỉnh. Nó được cung cấp trong một hộp đựng chắc chắn đáp ứng hầu hết các yêu cầu của hãng hàng không đối với hành lý xách tay. Mô hình TKSA 71 / PRO bao gồm các phụ kiện bổ sung như giá đỡ trượt, đế từ tính và giá đỡ bù trừ rất hữu ích cho các công việc căn chỉnh đòi hỏi nhiều hơn. Mô hình này được cung cấp trong một hộp xe đẩy lớn hơn, chắc chắn. Thiết bị đo: Đơn vị đo (M & S) với giá đỡ chữ V tiêu chuẩn (1), Chân sạc không dây với cáp USB (2), Thước cuộn (3) Phụ kiện tiêu chuẩn: Xích kéo dài (4), Thanh kéo dài (5), Nam châm gắn (6) Phụ kiện nâng cao: Giá đỡ trượt (7), Giá đỡ bù trừ (8), Thanh nối dài bổ sung (9), Đế từ tính (10) Ký hiệu đặt hàng Ký hiệu Mô tả TKSA 71 Bộ đo có chân sạc không dây Hộp đựng đáp ứng yêu cầu hành lý xách tay của hầu hết các hãng hàng không Trang bị tiêu chuẩn TKSA 71/PRO Bộ đơn vị đo có chân sạc không dây Hộp đựng xe đẩy có thêm không gian lưu trữ Phụ kiện tiêu chuẩn và cao cấp Hộp đựng TKSA 71 và TKSA 71 PRO Hộp đựng TKSA 71 PRO có bánh xe và kéo Thông số Kỹ thuật sản phẩm Ký hiệu TKSA 71 TKSA 71/PRO Sensor cảm biến và thông tin 20 mm (0.8 in) 2nd gen. PSD with line laser Class 2 inclinometer ±0.1°; Bluetooth 4.0 LE Khoảng cách đo 0,04 đến 10 m (0.13 đến 32.8 ft) Dung sai phép đo Nhỏ hơn 1% ±10 µm Vật liệu vỏ thiết bị Mặt trước bằng nhôm Anodized và mặt sau bằng nhựa PC / ABS Thời gian hoạt động Lên tới 8h, Pin sạc Li-ion, Sạc nhanh không dây, sạc 10 phút sử dụng được 1 giờ Kích thước 52 × 64 × 33 mm (2.1 × 2.5 × 1.3 in.) Trọng lượng 130 g (0.3 lbs) Thiết bị vận hành Samsung Galaxy Tab Active 2 and iPad Mini recommended iPad, iPod Touch iPhone SE, Galaxy S6 or above (all not included) Ứng dụng và phần mềm Apple AppStore or on Google Play store Yêu cầu hệ điều hành Apple iOS 9 or Android 9 (and above) Phương pháp đo Căn chỉnh trục ngang và trục dọc, đo 3 vị trí 9 -12 -3, đo tự động, đo (với vòng quay tối thiểu 40 °) Giá trị được cập nhật trực tiếp Phương đứng và ngang Đặc điểm mở rộng của thiết bị Thư viện máy, đọc mã QR, giá trị đích, bù nhiễu, chế độ xem máy 3D miễn phí, xoay màn hình trên máy tính bảng, báo cáo .pdf tự động Bộ phận định vì đầu đo 2 miếng V có xích, dày 15 mm (0.6 in.) Đường kính trục Đường kính từ 20 đến 150 mm (0.8 to 5.9 in.), Đường kính trục lên tới 400 mm nếu có bộ phận định vị mở rộng ( đi kèm thiết bị) Chiều cao lớn nhất của khớp nối 45 mm với thanh chống tiêu chuẩn, và 120 mm với thanh chống mở rộng Nguồn sạc Sạc không dây qua các chân sạc đi kèm Cáp chuyển đổi từ USB sang Micro USB đi kèm Giới hạn nhiệt độ cho thiết bị vận hành 0 đến 45 °C (32 đến 113 °F) Kháng nước IP67 for measuring units and carrying case Kích thước hộp đựng TKSA 71 có kích thước hộp: 365 × 295 × 170 mm (14.4 × 11.6 × 6.7 in.) TKSA 71/PRO kích thước hộp kéo được: 610 × 430 × 265 mm (24 × 16.9 × 10.4 in.) Tổng trọng lượng (bao gồm hộp đựng) TKSA 71: 3,9 kg (8.6 lb) TKSA 71/PRO: 12,5 kg (27.6 lb) Giấy kiểm nghiệm Giấy hiệu chuẩn có giá trị 2 năm Case content 2 bộ đo laser 2 giá đỡ trục với xích 480 mm (18,9 in.), Thanh ren 80 mm (3,1 in.) Và nam châm; 4 thanh nối dài có ren 120 mm (4,7 in.) 2 xích kéo dài 980 mm (38.6 in.) Cáp chuyển đổi USB và Micro USB Giấy chứng nhận hiệu chuẩn Hướng dẫn sử dụng nhanh (Tiếng Anh) Vỏ chắn tiêu chuẩn kháng nước công nghiệp IP 67 Ngoài ra với TKSA 71 / PRO: 4 thanh nối dài có ren 120 mm (4,7 in.) 2 giá đỡ trượt 2 Giá đỡ nam châm Phụ kiện cho TKSA 71 Ký hiệu Mô tả TKSA 71-M 1x Đơn vị đo cho mặt di chuyển “M” (bao gồm chứng chỉ hiệu chuẩn) TKAS 71-S 1x Đơn vị đo cho mặt tĩnh “S” (bao gồm chứng chỉ hiệu chuẩn) TKSA 71-WPODS 2x vỏ sạc không dây bao gồm. chia cáp USB cho TKSA 71 và 71 / PRO TKSA 51-VBK 1 × Giá đỡ chữ V tiêu chuẩn, được cung cấp với 2x thanh ren 80 mm (3,2 inch), 1x xích tiêu chuẩn 480 mm (18,9 inch) và 4 × nam châm TKSA 51-EXTCH 2 × Dây xích mở rộng 1 m (3,3 ft.) Cho đường kính trục lên đến 450 mm (17,7 in.) TKSA 51-ROD80 4 × thanh ren 80 mm (3,1 in.) TKSA 51-ROD120 4 × thanh ren 120 mm (4,7 in.)","[]","201630000","out_of_stock","vongbicongnghiep.vn-wc-store-api-category-search-skf","2026-04-29T13:56:33.932Z"
"32833","SKF","TKSA 31-SKF","TKSA 31-SKF","TKSA31SKF","Máy căn chỉnh đồng trục SKF TKSA 31","Thiết bị phân tích","Thiết bị phân tích","101","san-pham-bao-tri","https://vongbicongnghiep.vn/san-pham/may-can-chinh-dong-truc-skf-tksa-31/","https://vongbicongnghiep.vn/wp-content/uploads/2022/03/tksa31-1.jpg","[""https://vongbicongnghiep.vn/wp-content/uploads/2022/03/tksa31-1.jpg"",""https://vongbicongnghiep.vn/wp-content/uploads/2022/03/tksa31-4.jpg"",""https://vongbicongnghiep.vn/wp-content/uploads/2022/03/tksa31-3.jpg"",""https://vongbicongnghiep.vn/wp-content/uploads/2022/03/tksa31-2.jpg"",""https://vongbicongnghiep.vn/wp-content/uploads/2022/03/tksa31-1.jpg""]","Công cụ căn chỉnh đồng trục TKSA 31 Hệ thống căn chỉnh đồng trục laser trực quan và giá cả phù hợp TKSA 31 là giải pháp hợp lý nhất của SKF để dễ dàng căn chỉnh trục laser. Bộ phận hiển thị công thái học với màn hình cảm ứng giúp thiết bị rất dễ sử dụng và thư viện máy tích hợp giúp lưu trữ các báo cáo căn chỉnh cho nhiều máy.","Công cụ căn chỉnh đồng trục TKSA 31 Hệ thống căn chỉnh đồng trục laser trực quan và giá cả phù hợp TKSA 31 là giải pháp hợp lý nhất của SKF để dễ dàng căn chỉnh trục laser. Bộ phận hiển thị công thái học với màn hình cảm ứng giúp thiết bị rất dễ sử dụng và thư viện máy tích hợp giúp lưu trữ các báo cáo căn chỉnh cho nhiều máy. Các đầu dò laser có kích thước lớn trong đầu đo giúp giảm nhu cầu căn chỉnh trước và công cụ chân mềm nhúng giúp thiết lập nền tảng cho việc căn chỉnh thành công. Các chức năng bổ sung là xem trực tiếp và đo tự động. Chúng hỗ trợ các tác vụ căn chỉnh nhanh chóng và hiệu quả và làm cho TKSA 31 trở thành một công cụ căn chỉnh trục laser sáng tạo có giá cả phải chăng cho hầu hết mọi ngân sách. • Có thể thực hiện các phép đo dễ dàng bằng cách sử dụng phép đo ba vị trí nổi tiếng (9-12-3 o’clock) với khả năng định vị linh hoạt bổ sung 40 ° xung quanh mỗi vị trí đo. • Khả năng chi trả cao đạt được nhờ tập trung vào quy trình căn chỉnh trục tiêu chuẩn và các chức năng thiết yếu để cho phép căn chỉnh trục nhanh chóng và hiệu quả. • “Đo tự động” cho phép đo rảnh tay bằng cách phát hiện vị trí của các đầu và chỉ thực hiện phép đo khi các đầu ở đúng vị trí. • Báo cáo tự động được tạo sau mỗi lần căn chỉnh và có thể được tùy chỉnh với các ghi chú về ứng dụng. Tất cả các báo cáo có thể được xuất dưới dạng tệp pdf. • Chế độ xem trực tiếp hỗ trợ các phép đo trực quan và tạo điều kiện thuận lợi cho việc hiệu chỉnh vị trí máy ngang và dọc. • Thư viện máy cung cấp một cái nhìn tổng quan về tất cả các máy và các báo cáo về căn chỉnh. Nó đơn giản hóa việc nhận dạng máy và cải thiện quy trình căn chỉnh. • TKSA 31 được cung cấp trong một hộp đựng SKF chắc chắn • Có sẵn nhiều loại phụ kiện. Thiết bị căn chỉnh đồng trục TKSA 31 Căn chỉnh trục được khuyến nghị cho hầu hết mọi ngành, vì nó giúp tăng thời gian hoạt động của máy, tăng hiệu quả làm việc của thiết dây truyền sản xuất Ứng dụng căn chỉnh đồng trục của TKSA 31 Hộp đựng TKSA 31 Tài liệu liên quan Catalog sản phẩm TKSA 31 (119.2 KB) Hướng dẫn sử dụng nhanh TKSA 31 (242.2 KB) Hướng dẫn sử dụng TKSA 31 (3.5 MB) Catalog dòng sản phẩm căn chỉnh đồng trục TKSA (1.9 MB) Phụ kiện xích cho căn chỉnh đồng trục Bảng so sánh giữa các loại máy căn chỉnh đồng trục TKSA Thông số Kỹ thuật TKSA 31 Ký hiệu TKSA 31 Cảm biến và kết nối thông tin PSD 20 mm (0,8 in.) Với tia laser Class 2 Máy đo độ nghiêng ± 0,1 °; cáp USB Hệ thống đo khoảng cách 0,07 to 5 m Dung sai phép đo Vật liệu vỏ bọc 20% Polycarbonate thủy tinh Thời gian hoạt động Kích thước 120 × 90 × 36 mm (4.7 × 3.5 × 1.4 in.) Trọng lượng 180 g (0.4 lb) Thiết bị vận hành Màn hình LCD cảm ứng 5,6 inch Cổng kết nối via USB stick Thời gian hoạt động Lên tới 7 giờ (100% backlight) Kích thước 205 × 140 × 60 mm (8.1 × 5.5 × 2.4 in.) Trọng lượng 420 g (0.9 lb) Phương pháp căn chỉnh Căn chỉnh trục ngang và trục dọc, đo 3 vị trí 9 -12 -3, đo tự động, đo lường (với vòng quay tối thiểu 140 °), chân mềm Giá trị đo hiển thị trực tiếp Vertical and horizontal Các tính năng bổ xung Thư viện máy, Hướng xoay, tự động xuất file báo cáo pdf Thiết bị định vị 2 tấm V định vị có xích, rộng 21 mm (0.8 in.) Đường kính trục 20 đến 150 mm (0.8 to 5.9 in.) 300 mm (11.8 in.) với lựa chọn mở rộng (không bao gồm) Chiều cao khớp nối lớn nhất 105 mm (4.2 in.) với thanh định vị tiêu chuẩn 195 mm (7.7 in.) với thanh mở rộng ( không bao gồm) Bộ chuyển đổi nguồn điện Điện xoay chiều vào: 100V-240V 50/60Hz Đầu ra điện một chiều: DC 12V 3A Nhiệt độ làm việc 0 đến 45 °C (32 đến 113 °F) Độ kháng nước IP 54 Kích thước hộp đựng 530 × 110 × 360 mm (20.9 × 4.3 × 14.2 in.) Tổng khối lượng ( bao gồm hộp) 4,75 kg (10.5 lb) Giấy phép hiệu chỉnh Giấy phép có hiệu lực 2 năm Hộp đựng bao gồm 2 bộ thiết bị đo (M&S); Màn hình 2 thiết bị định vị với trục có xích dài 400 mm (15.8 in.) và thanh ren 150 mm (5.9 in.) Thanh siết xích 2 cáp chuyển đổi USB – micro USB Thước dây cuốn Giấy chứng nhận hợp chuẩn và hợp quy Bản hướng dẫn sử dụng nhanh (EN) Hộp đựng SKF","[]","98623000","out_of_stock","vongbicongnghiep.vn-wc-store-api-category-search-skf","2026-04-29T13:56:33.932Z"
"32542","SKF","TKRS 41-SKF","TKRS 41-SKF","TKRS41SKF","Đèn chớp quan sát vật quay TKRS 41","Đèn chớp và Súng bắn nhiệt độ","Đèn chớp và Súng bắn nhiệt độ","101","san-pham-bao-tri","https://vongbicongnghiep.vn/san-pham/den-chop-quan-sat-vat-quay-tkrs-41/","https://vongbicongnghiep.vn/wp-content/uploads/2022/01/tkrs41.jpg","[""https://vongbicongnghiep.vn/wp-content/uploads/2022/01/tkrs41.jpg""]","Đèn chớp hiệu suất cao: TKRS 41 Đèn chớp với 118 đèn LED siêu sáng Để kiểm tra trực quan các thiết bị đang chạy TKRS 41 là một thiết bị đèn chớp hiệu suất cao để kiểm tra trực quan các máy đang chạy và để xác định tốc độ máy. Đèn chớp nhấp nháy mạnh mẽ và được đặc trưng bởi độ sáng tuyệt vời, cho phép sử dụng trong các môi trường công nghiệp đầy khắc nghiệt. Tính năng đo tốc độ laser tích hợp và các điều khiển đơn giản giúp người dùng nhanh chóng đặt tốc độ chớp chính xác và có được hình ảnh rõ ràng để kiểm tra thiết bị quay.","Đèn chớp hiệu suất cao: TKRS 41 Đèn chớp với 118 đèn LED siêu sáng Để kiểm tra trực quan các thiết bị đang chạy TKRS 41 là một thiết bị đèn chớp hiệu suất cao để kiểm tra trực quan các máy đang chạy và để xác định tốc độ máy. Đèn chớp nhấp nháy mạnh mẽ và được đặc trưng bởi độ sáng tuyệt vời, cho phép sử dụng trong các môi trường công nghiệp đầy khắc nghiệt. Tính năng đo tốc độ laser tích hợp và các điều khiển đơn giản giúp người dùng nhanh chóng đặt tốc độ chớp chính xác và có được hình ảnh rõ ràng để kiểm tra thiết bị quay. Đèn chớp được thiết kế cho các nhiệm vụ bảo trì chung và với chế độ hoạt động tiêu chuẩn của nó được sắp xếp hợp lý để sử dụng nhanh chóng và đơn giản. Chế độ chuyên nghiệp có thể được kích hoạt cho các ứng dụng đòi hỏi khắt khe hơn, ví dụ khi cần sửa đổi tín hiệu đầu vào nâng cao để kích hoạt đèn chớp với tín hiệu máy. Để thuận tiện, chức năng “SLOW” có thể được sử dụng để kiểm tra tất cả các bộ phận của máy quay trong chuyển động chậm. • Hoạt động trực quan cho các công việc kiểm tra nhanh chóng và dễ dàng • Thiết kế tiện dụng và mạnh mẽ để sử dụng di động trong môi trường công nghiệp • Đèn LED sáng với tuổi thọ cao và hoạt động liên tục • Giá ba chân để kiểm tra tĩnh • Phát quang cực mạnh với 118 đèn LED siêu sáng • Hoạt động di động với pin sạc tích hợp • Hoạt động liên tục để kiểm tra lâu dài với bộ đổi nguồn • Đồng bộ hóa flash từ máy đo tốc độ laser hoặc đầu vào kích hoạt • Được cung cấp trong một hộp đựng chắc chắn với bộ sạc, bộ đầu nối, phích cắm kích hoạt và các băng phản quang Ứng dụng • Bảo dưỡng chung – Kiểm tra các hư hỏng có thể nhìn thấy của máy đang chạy, chẳng hạn như cánh quạt, trục, khớp nối, dây đai, xích, bánh răng, v.v. • Sản xuất giấy – Thiết lập và kiểm soát chất lượng sản xuất giấy trong quá trình vận hành • Ngành dệt may – Lắp đặt và kiểm tra các quy trình sản xuất như cọc sợi hoặc các mẫu dệt • Ngành in – Kiểm tra chất lượng in trong quá trình sản xuất • Thiết bị kiểm tra – Phân tích vật liệu và thành phần trong quá trình chuyển động nhanh như phân tích hành vi cộng hưởng Bảng điều khiển TKRS 41 nằm trong hộp Thông số Kỹ thuật Ký hiệu đèn chớp; TKRS 41 Công suất đèn chớp; 8000 lux ở góc chớp 1 độ và khoảng cách 0,3 m (12 in.) Độ sáng; Góc điều chỉnh, 0,025° – 3,0° Độ chính xác; ±0,02% (±1 digit / ±0,025 µs) Đo tốc độ laser; Có Chuyển pha; Có chức năng chuyển động chậm Run time ca; ca. 2:30 h @ 0,50° (~4000 lux) ca. 5:00 h @ 0,25° (~2000 lux) Màn hình; Đa dòng, đèn nền LCD Nguồn điện; Pin Li-ion(có thể sạc) Cáp nguồn và cục sạc; 110-230 V, 50/60 Hz, EU/US/UK/AUS plugs Phạm vi kích hoạt bên ngoài; 0 to 300 000 f/min Kết nối với bên ngoài; Plug: 5-pin plug DIN 41524 (included) Điền vào: 3 – 30 V / max. 5 mA Kích thước thiết bị; Không lớp cao su bảo vệ: 150 × 130 × 112 mm (6.0 × 5.1 × 4.4 in.) Trọng lượng thiết bị (Bao gồm Pin); 1,15 kg (2.53 lb) Kích thước vỏ hộp; 345 x 165 x 270 mm (13.6 x 6.5 x 10.6 in.) Tổng trọng lượng (Hộp + Thiết bị); 2,4 kg (5.3 lb) Vật tư thay thế Ký hiệu Mô tả TKRT–RTAPE Băng phản quang cho máy đo tốc độ (TKRT) và kính cho (TKRS) TKRS 41–CHARG Bộ sạc và cáp nguồn TKRS 41 (100-240V, 50-60Hz, EU/US/UK/AUS) TKRS 41–PROT Bộ bảo vệ cao su cho TKRS 41, 2 cái.","[]","69115000","out_of_stock","vongbicongnghiep.vn-wc-store-api-category-search-skf","2026-04-29T13:56:33.933Z"
"32459","SKF","","o SKF TMIP","OSKFTMIP","Cảo SKF TMIP và TMIC","Cảo vòng bi","Cảo vòng bi","101","san-pham-bao-tri","https://vongbicongnghiep.vn/san-pham/bo-cao-trong-vong-bi-skf-tmip-va-tmic/","https://vongbicongnghiep.vn/wp-content/uploads/2021/12/caotrong1.jpg","[""https://vongbicongnghiep.vn/wp-content/uploads/2021/12/caotrong1.jpg""]","Tháo vòng bi nhanh chóng và dễ dàng khỏi ổ kín Bộ dụng cụ tháo vòng bi ổ kín SKF được thiết kế để tháo ổ trục ra khỏi vỏ. Các tay cảo được chế tạo để có độ bền và độ bền tối ưu và phù hợp với nhiều loại đường kính lỗ khoan. Búa trượt cho phép tác dụng lực va đập cao và được thiết kế tiện lợi để nâng cao độ an toàn cho người sử dụng.","Bộ dụng cụ tháo vòng bi ổ kín TMIP và TMIC Tháo vòng bi nhanh chóng và dễ dàng khỏi ổ kín Bộ dụng cụ tháo vòng bi ổ kín SKF được thiết kế để tháo ổ trục ra khỏi vỏ. Các tay cảo được chế tạo để có độ bền và độ bền tối ưu và phù hợp với nhiều loại đường kính lỗ khoan. Búa trượt cho phép tác dụng lực va đập cao và được thiết kế tiện lợi để nâng cao độ an toàn cho người sử dụng. Dải sản phẩm TMIC • Thiết kế ống kẹp có thể mở rộng được làm bằng vật liệu có độ bền cao • Được thiết kế cho các ứng dụng chỉ có một khoảng không gian hạn chế để kẹp phía sau ổ trục • Bộ đồ có lỗ khoan từ 7-28 mm • Được cung cấp trong một hộp đựng chắc chắn Dải sản phẩm TMIP • Thiết kế đặc biệt có thể giảm thời gian tháo lắp • Không giống như hầu hết các bộ kéo ổ trục bên trong, bộ chiết lò xo có thể được lắp nhanh chóng và dễ dàng vào vòng bên trong chỉ bằng một thao tác nhanh chóng. • Thiết kế dạng kẹp tạo độ bám chắc chắn và an toàn phía sau vòng trong, cho phép tác dụng lực kéo lớn • Ba bộ dụng cụ khác nhau để phù hợp với các lỗ khoan từ 7-28 mm, 30-60 mm và 7-60 mm • Được cung cấp trong một hộp đựng chắc chắn Video sản phẩm tháo vòng bi ổ kín SKF Dòng TMIP và TMIC – Tháo ổ trục nhanh chóng và dễ dàng khỏi vỏ Búa trượt cho phép lực tác động lớn Tài liệu liên quan Catalog sản phẩm TMIP và TMIC (342.4 KB) Hướng dẫn sử dụng TMIC 7-28 (717.6 KB) Hướng dẫn sử dụng TMIP series (1.5 MB)","[]","0","in_stock","vongbicongnghiep.vn-wc-store-api-category-search-skf","2026-04-29T13:56:33.933Z"
"32454","SKF","TKTL 21-SKF","TKTL 21-SKF","TKTL21SKF","Súng bắn nhiệt độ SKF TKTL 21","Đèn chớp và Súng bắn nhiệt độ","Đèn chớp và Súng bắn nhiệt độ","101","san-pham-bao-tri","https://vongbicongnghiep.vn/san-pham/sung-ban-nhiet-do-skf-tktl-21/","https://vongbicongnghiep.vn/wp-content/uploads/2021/12/tktl21-4.jpg","[""https://vongbicongnghiep.vn/wp-content/uploads/2021/12/tktl21-4.jpg""]","SKF cung cấp nhiều loại nhiệt kế hồng ngoại di động, nhẹ và dễ sử dụng để kiểm tra nhiệt độ. Những công cụ cầm tay này giúp bạn phát hiện sự chênh lệch nhiệt độ trong các ứng dụng kỹ thuật và phi kỹ thuật để nhận biết thông tin về các bất thường trong quá trình vận hành.","Súng bắn nhiệt độ hồng ngoại TKTL 21 Nhiệt kế hồng ngoại tiếp xúc và không tiếp xúc SKF cung cấp nhiều loại nhiệt kế hồng ngoại di động, nhẹ và dễ sử dụng để kiểm tra nhiệt độ. Những công cụ cầm tay này giúp bạn phát hiện sự chênh lệch nhiệt độ trong các ứng dụng kỹ thuật và phi kỹ thuật để nhận biết thông tin về các bất thường trong quá trình vận hành. Ví dụ như giúp ngăn ngừa tổn thất chi phí cao trong thiết bị, ngăn việc dừng máy ngoài kế hoạch và đáp ứng các yêu cầu an toàn thực phẩm. Nhiệt kế hồng ngoại SKF được trang bị nhiều tia laser giúp bạn xác định mục tiêu đối tượng dễ dàng và chính xác hơn. • Màn hình màu LCD • Chùm tia Laser 8 tia • Đầu dò cặp nhiệt điện Type-K TMDT 2-30 • Độ phát xạ có thể điều chỉnh •Độ chính xác cao • Thời gian phản hồi nhanh • Tỷ lệ DS 30: 1 • Có thể được sử dụng với bất kỳ đầu dò nhiệt độ SKF nào • Người dùng có thể lựa chọn, nhiều chế độ đo nhiệt độ bao gồm: tối đa, tối thiểu, trung bình, chênh lệch và đầu dò / hiển thị kép hồng ngoại • Người dùng có thể lựa chọn mức báo động cao và thấp với tín hiệu cảnh báo âm thanh • Tính năng tự động tắt phụ thuộc vào chế độ tối ưu hóa tuổi thọ pin • Phạm vi nhiệt độ sử dụng tia hồng ngoại: -60 đến +760 ºC (-76 đến +1 400 ºF) • Phạm vi nhiệt độ sử dụng đầu dò: –64 đến +1 400 ° C (–83 đến +1 999 ° F) • Đặt trước độ sai lệch: 0,1–1,0 • Được cung cấp trong một hộp đựng chắc chắn Súng bán nhiệt độ TKTL 21 có đầu đo tiếp xúc TKTL 21 có hộp đựng chắc chắn Thông số Kỹ thuật Ký hiệu Súng bắn nhiệt độ; TKTL 21 Dải nhiệt độ đo không tiếp xúc; -60 to +760 ºC (-76 to +1 400 ºF) Dải nhiệt độ đo bằng đầu đo tiếp xúc; -64 to +1 400 ºC (-83 to +2 552 ºF) Đầu đo đi kèm thiết bị; TMDT 2-30 included max. 900 °C (1650 °F) Tỷ lệ khoảng cách và vùng đo; 30:1 Hệ số Emissivity; 0,1-1,0 Độ chính xác của kết quả đo; +/-2% hoặc 2°C (4°F) tùy theo giá trị nào lớn hơn Nhiệt độ vận hành; 0 to +50 ° C (32 to +122 °F) độ ẩm 10% đến 90 % Để trong hộp chứa; -10 to +60° C (14 to +140 °C) độ ẩm 10% đến 95% Thời gian đáp ứng msec; 1000 Độ phân dải hiển thị; 0.1 °C/F (dưới 999.9 độ); 1 °C/F (Trên 1000 độ) Màn hình; Bàn hình màu LCD Phân tích quang phổ; 8-14 µm Chế độ âm báo; Khi cao hơn hay thấp hơn Laser; Chùm laser đỏ, 8 tia, Class 2 Thời gian hoạt động của Thiết bị; Tối thiểu 30 giờ Chế độ tự tắt; 60 s sau khi ở chế độ đo hồng ngoại, 12 phút khi ở chế độ đo tiếp xúc Thiết bị bao gồm; 01 thân máy TKTL 21 01 đầu đo TMDT 2-30 Pin 2x AAA Alkaline 01 hướng dẫn sử dụng Hộp đựng Kích thước sản phẩm; 119.2 x 171.8 x 47.5 mm (4.7 x 6.8 x 1.9 in) Kích thước đóng gói sản phẩm 530 x 85 x 180 mm (20.9 x 3.4 x 7.0 in) Trọng lượng sản phẩm ( Bao gồm Pin) 255.7 g (0.56 lb) Tổng Trọng lượng 1 150 g (2.54 lb)","[]","6911000","in_stock","vongbicongnghiep.vn-wc-store-api-category-search-skf","2026-04-29T13:56:33.933Z"
"32452","SKF","TKTL 11-SKF","TKTL 11-SKF","TKTL11SKF","Súng bắn nhiệt độ SKF TKTL 11","Đèn chớp và Súng bắn nhiệt độ","Đèn chớp và Súng bắn nhiệt độ","101","san-pham-bao-tri","https://vongbicongnghiep.vn/san-pham/sung-ban-nhiet-do-skf-tktl-11/","https://vongbicongnghiep.vn/wp-content/uploads/2021/12/tktl31-1.jpg","[""https://vongbicongnghiep.vn/wp-content/uploads/2021/12/tktl31-1.jpg""]","SKF cung cấp nhiều loại nhiệt kế hồng ngoại di động, nhẹ và dễ sử dụng để kiểm tra nhiệt. Những công cụ cầm tay này giúp bạn phát hiện sự chênh lệch nhiệt độ trong các ứng dụng kỹ thuật và phi kỹ thuật để nhận biết thông tin về các bất thường trong quá trình vận hành.","Súng đo nhiệt độ cơ bản: TKTL 11 Nhiệt kế hồng ngoại SKF cung cấp nhiều loại nhiệt kế hồng ngoại di động, nhẹ và dễ sử dụng để kiểm tra nhiệt. Những công cụ cầm tay này giúp bạn phát hiện sự chênh lệch nhiệt độ trong các ứng dụng kỹ thuật và phi kỹ thuật để nhận biết thông tin về các bất thường trong quá trình vận hành. Ví dụ như giúp ngăn ngừa tổn thất chi phí cao trong thiết bị, ngăn chặn các điểm dừng ngoài kế hoạch và đáp ứng các yêu cầu an toàn thực phẩm. Nhiệt kế hồng ngoại SKF được trang bị nhiều tia laser giúp bạn xác định mục tiêu đối tượng dễ dàng và chính xác hơn. • Màn hình màu LCD • 8 mục tiêu laser • Độ phát xạ cố định •Độ chính xác cao • Thời gian phản hồi nhanh • Tỷ lệ DS 16: 1 • Nhiệt độ tối đa luôn hiển thị; giúp xác định các điểm nóng thực sự • Phạm vi nhiệt độ sử dụng tia hồng ngoại: –60 đến +625 ° C (–76 đến +1 157 ° F) • Đặt trước độ sai lệch: 0,95 Ký hiệu súng bắn nhiệt độ Phạm vi đo nhiệt độ bằng tia hồng ngoại; -60 to +625 ºC (-76 to +1 157 ºF) Tỷ lể khoảng cách – và điểm đo; 16:1 Hệ số Emissivity; 0.95 Độ chính xác của phép đo; +/-2% hoặc r 2°C (4°F) Tùy theo cái nào lớn hơn Nhiệt độ vận hành của thiết bị; 0 to +50 °C (32 to +122 °F) độ ẩm 10% đến 95% Lưu trữ; – 10 to +60 °C (14 to +140 °F) độ ẩm 10% đến 95% Thời gian phản hồi ms; 1000 Độ phân giải được hiển thị; 0.1 °C/F (Dưới 999.9); 1 °C/F (Trên 1000) Màn hình; Màn hình màu LCD Phản ứng quang phổ; 8-14 µm Chế độ đo; Nhiệt độ dây đai Laser; Laser màu đỏ, loại 2 Thời gian vận hành; Tối thiểu 9 tiếng sử dụng liên tục Tự động tắt; Tự động tắt sau 15 s Bao gồm; Thân nhiệt kế TKTL 11 Pin: 2x AAA Alkaline Hướng dẫn sử dụng Kích thước sản phẩm; 119.2 x 171.8 x 47.5 mm (4.7 x 6.8 x 1.9 in) Kích thước đóng gói; 253 x 67 x 136 mm (9.96 x 2.64 x 5.35 in) Trọng lượng, bao gồm Pin; 255.7 g (0.56 lb) Tổng Trọng lượng; 400 g (0.88 lb)","[]","3151000","in_stock","vongbicongnghiep.vn-wc-store-api-category-search-skf","2026-04-29T13:56:33.933Z"
"30176","SKF","TKTL 40-SKF","TKTL 40-SKF","TKTL40SKF","Súng bắn nhiệt độ và chụp Ảnh SKF TKTL 40","Đèn chớp và Súng bắn nhiệt độ","Đèn chớp và Súng bắn nhiệt độ","101","san-pham-bao-tri","https://vongbicongnghiep.vn/san-pham/sung-ban-va-chup-anh-nhiet-skf-tktl-40/","https://vongbicongnghiep.vn/wp-content/uploads/2021/11/tktl40-1.jpg","[""https://vongbicongnghiep.vn/wp-content/uploads/2021/11/tktl40-1.jpg"",""https://vongbicongnghiep.vn/wp-content/uploads/2021/11/tktl40-3.jpg"",""https://vongbicongnghiep.vn/wp-content/uploads/2021/11/tktl40-5.jpg""]","Nhiệt kế hồng ngoại hiệu suất cao tích hợp chụp ảnh và quay video hồng ngoại: TKTL 40 Nhiệt kế hồng ngoại đo tiếp xúc và không tiếp xúc, tích hợp quay video nhiệt","Nhiệt kế hồng ngoại hiệu suất cao tích hợp chụp ảnh và quay video hồng ngoại: TKTL 40 Nhiệt kế hồng ngoại đo tiếp xúc và không tiếp xúc, tích hợp quay video nhiệt SKF cung cấp nhiều loại nhiệt kế hồng ngoại di động, nhẹ và dễ sử dụng để kiểm tra nhiệt. Những công cụ cầm tay này giúp bạn phát hiện sự chênh lệch nhiệt độ trong các ứng dụng kỹ thuật và phi kỹ thuật để nhận biết thông tin về các bất thường trong vận hành. Ví dụ như giúp ngăn ngừa tổn thất chi phí cao trong thiết bị, ngăn chặn việc dừng máy ngoài kế hoạch và đáp ứng các yêu cầu an toàn thực phẩm. Nhiệt kế hồng ngoại SKF được trang bị nhiều tia laser giúp bạn xác định mục tiêu đối tượng dễ dàng và chính xác hơn. • Màn hình màu LCD • Máy ảnh kỹ thuật số 640 x 480 pixel • Bộ nhớ trong có thể mở rộng lên 8GB (thẻ Micro SD) • Hình ảnh (JPEG) và video (MP4) • Độ ẩm và nhiệt độ không khí • Nhắm mục tiêu bằng laser kép • Đầu dò cặp nhiệt điện Type-K TMDT 2-30 • Độ phát xạ có thể điều chỉnh •Độ chính xác cao • Thời gian phản hồi nhanh • Có thể được sử dụng với bất kỳ đầu dò nhiệt độ SKF nào khác • Người dùng có thể lựa chọn, nhiều chế độ đo nhiệt độ bao gồm: tối đa, tối thiểu, trung bình, chênh lệch và đầu dò / hiển thị kép hồng ngoại • Người dùng có thể lựa chọn mức báo động cao và thấp với tín hiệu cảnh báo âm thanh • Tính năng tự động tắt có thể lựa chọn của người dùng tối ưu hóa tuổi thọ pin có thể sạc lại • Phạm vi nhiệt độ sử dụng tia hồng ngoại: –50 đến +1 000 ° C (–58 đến +1 832 ° F) • Phạm vi nhiệt độ sử dụng đầu dò: –50 đến +1 370 ° C (–58 đến +2 498 ° F) • Khoảng cách đến kích thước điểm: 50: 1 • Đặt trước độ sai lệch: 0,1–1,0 • Được cung cấp trong một hộp đựng chắc chắn Đo nhiệt độ Thiết bị để trong hộp chắc chắn Thông số Kỹ thuật Ký hiệu Súng bắn nhiệt độ; TKTL 40 Dải nhiệt độ đo không tiếp xúc; –50 đến +1 000 °C (–58 đến +1 832 °F) Dải nhiệt độ đo bằng đầu đo tiếp xúc; –50 đến +1 370 °C (–58 đến +2 498 °F) Đầu đo đi kèm thiết bị; Bao gồm đầu đo tiếp xúc TMDT 2-30 nhiệt độ đo lớn nhất max. 900 °C (1650 °F) Tỷ lệ khoảng cách và vùng đo; 50:1 Hệ số Emissivity; 0,1-1,0 Độ chính xác của kết quả đo; ±1% giá trị đo được hoặc 1 °C (1.8 °F) tùy theo giá trị nào lớn hơn Nhiệt độ vận hành; 0 đến +50 °C (32 đến +122 °F), độ ẩm 10% đến 95% R.H. Nhiệt độ để trong hộp chứa; –10 đến +60 °C (14 đến +150 °F), độ ẩm 10% đến 95%. Thời gian đáp ứng msec; nhỏ hơn 300 ms Độ phân dải hiển thị; 0.1 °C/F (dưới 999.9); 1 °C/F (trên 1000) Màn hình; Màn hình màu LCD Phân tích quang phổ; 8–14 µm Chế độ âm báo; Có cảnh báo báo động ở mức thấp và cao Laser; Hai chùm tia laser đỏ, Class 2 Thời gian hoạt động của Thiết bị; Thời gian sử dụng 4 giờ liên tục Chế độ tự tắt; Tự động, người dùn có thể tự chọn Chức năng; Bầu ướt; Điểm sương; Độ ẩm; Nhiệt độ không khí Máy ảnh 640×480 px, hình ảnh (JPEG) và video (3GP) Bộ nhớ trong 310 MB; có thể mở rộng bằng thẻ micro SD (tối đa 8 GB) Cổng USB mini, bao gồm cáp USB mini sang USB Thiết bị bao gồm; Thân máy TKTL 40 01 đầu đo nhiệt đi cùng TMDT 2-30 01 bộ sạc nguồn AC 01 cáp kết nối mini USB – USB 01 chân máy 01 hướng dẫn sử dụng 01 hộp đựng Kích thước sản phẩm; 205 x 155 x 62 mm (8.1 x 6.1 x 2.4 in) Kích thước đóng gói sản phẩm 530 x 85 x 180 mm (20.9 x 3.4 x 7.0 in) Trọng lượng sản phẩm ( Bao gồm Pin) 600 g (1.3 lb) Tổng Trọng lượng 1 700 g (3.8 lb)","[]","17533000","out_of_stock","vongbicongnghiep.vn-wc-store-api-category-search-skf","2026-04-29T13:56:33.934Z"
"30172","SKF","TMMP 6-SKF","TMMP 6-SKF","TMMP6SKF","Cảo SKF TMMP 6","Cảo vòng bi","Cảo vòng bi","101","san-pham-bao-tri","https://vongbicongnghiep.vn/san-pham/cao-co-skf-tmmp-6-tmmp-10-tmmp-15/","https://vongbicongnghiep.vn/wp-content/uploads/2021/11/cao-tmmp.jpg","[""https://vongbicongnghiep.vn/wp-content/uploads/2021/11/cao-tmmp.jpg""]","Cảo cơ TMMP 6, tháo vòng bi hạng nặng Một trong những cách phổ biến nhất để tháo các vòng bi cỡ nhỏ đến trung bình là sử dụng một bộ kéo cơ học cơ bản. Sử dụng bộ kéo SKF giúp bảo vệ chống hư hỏng vòng bi hoặc ổ đỡ vòng bi trong quá trình tháo vòng bi. Bộ SKF Jaw cho phép vận hành bộ kéo dễ dàng và an toàn.","Cảo cơ TMMP 6 tháo vòng bi hạng nặng Một trong những cách phổ biến nhất để tháo các vòng bi cỡ nhỏ đến trung bình là sử dụng một bộ kéo cơ học cơ bản. Sử dụng bộ kéo SKF giúp bảo vệ chống hư hỏng vòng bi hoặc ổ đỡ vòng bi trong quá trình tháo vòng bi. Bộ SKF Jaw cho phép vận hành bộ kéo dễ dàng và an toàn. Thông số kỹ thuật Ký hiệu loại cảo TMMP 6 Độ mở của cảo 50–127 mm (2.0–5.0 in.) Chiều dài tay cảo 120 mm (4.7 in.) Chiều dài của móc cảo 15 mm (0.59 in.) Lực cảo lớn nhất 60 kN (6.7 US ton) Trọng lượng 4,0 kg (8.8 lb) Tùy chọn chiều dài cánh tay cảo đi kèm TMMP ..-1 TMMP ..-2 220 mm (8.6 in.) TMMP ..-3 370 mm (14.5 in.) TMMP ..-4 470 mm (18.5 in.) Video các phương pháp Lắp và tháo vòng bi cầu rãnh sâu SKF","[]","18775000","out_of_stock","vongbicongnghiep.vn-wc-store-api-category-search-skf","2026-04-29T13:56:33.934Z"
"30170","SKF","TMHP 50/570-SKF","TMHP 50/570-SKF","TMHP50570SKF","Cảo SKF TMHP 50/570","Cảo vòng bi","Cảo vòng bi","101","san-pham-bao-tri","https://vongbicongnghiep.vn/san-pham/cao-vong-bi-thuy-luc-skf-tmhp/","https://vongbicongnghiep.vn/wp-content/uploads/2021/11/tmhp-2.jpg","[""https://vongbicongnghiep.vn/wp-content/uploads/2021/11/tmhp-2.jpg"",""https://vongbicongnghiep.vn/wp-content/uploads/2021/11/tmhp-2.jpg""]","Cảo vòng bi thủy lực hạng nặng TMHP Hệ thống cảo thủy lực tự định tâm • Các tay cảo được hỗ trợ bởi hệ thống thủy lực gồm SKF TMHP 15, TMHP 30 và TMHP 50 cung cấp lực kéo mạnh mẽ và sự an toàn của bộ kéo. Hệ thống cảo thủy lực tự định tâm.","Cảo vòng bi thủy lực hạng nặng TMHP Hệ thống cảo thủy lực tự định tâm • Các tay cảo được hỗ trợ bởi hệ thống thủy lực gồm SKF TMHP 15, TMHP 30 và TMHP 50 cung cấp lực kéo mạnh mẽ và sự an toàn của bộ kéo. Hệ thống cảo thủy lực tự định tâm. • Hệ thống tay cảo được hỗ trợ bởi hệ thống kéo thủy lực với lực kéo tối đa là 15, 30, 50 tấn. • Hệ thống Pantograph để căn chỉnh tối ưu các lực rút và giảm thiểu nguy cơ làm hỏng trục hoặc vòng bi. • Lực kéo của cảo rất lớn được triển khai một cách dễ dàng (tự định tâm, tay cầm nâng, chốt mắt, v.v.) • Có thể được cung cấp cùng với hoặc không có bơm thủy lực SKF TMJL 100 Thông số kỹ thuật Ký hiệu Số tay cảo Độ mở của cảo Chiều dài tay cảo sử dụng Stroke Áp suất làm việc lớn nhất Lực kéo lớn nhất Khối lượng Số lượng mm mm mm MPa KN kg TMHP 15/260 3 195-386 264 100 80 150 34 TMHP 30/170 3 290-500 170 50 80 300 45 TMHP 30/350 3 290-500 350 50 80 300 47 TMHP 30/600 3 290-500 600 50 80 300 56 TMHP 50/140 3 310-506 140 40 80 500 47 TMHP 50/320 3 310-506 320 40 80 500 54 TMHP 50/570 3 310-506 570 40 80 500 56 Nếu khách hàng đặt bộ cảo mà không cần bơm thủy lực TMJL 100. Vui lòng thêm hậu tố “X” vào ký hiệu khi đặt hàng (ví dụ: TMHP 30/170X).","[]","280942000","out_of_stock","vongbicongnghiep.vn-wc-store-api-category-search-skf","2026-04-29T13:56:33.934Z"
"30167","SKF","TMMA 60-SKF","TMMA 60-SKF","TMMA60SKF","Cảo SKF TMMA 60","Cảo vòng bi","Cảo vòng bi","101","san-pham-bao-tri","https://vongbicongnghiep.vn/san-pham/cao-vong-bi-skf-tmma-60-tmma-80-tmma-120/","https://vongbicongnghiep.vn/wp-content/uploads/2021/11/tmma1.jpg","[""https://vongbicongnghiep.vn/wp-content/uploads/2021/11/tmma1.jpg"",""https://vongbicongnghiep.vn/wp-content/uploads/2021/11/tmma3.jpg""]","Cảo cơ khí TMMA dùng để tháo vòng bi Tháo vòng bi an toàn và đơn giản Được trang bị cánh tay vận hành bằng lò xo và thiết kế chắc chắn, SKF EasyPull là một trong những công cụ thân thiện và an toàn nhất trên thị trường. Các tay cảo vận hành bằng lò xo cho phép người dùng định vị bộ kéo phía sau bộ phận chỉ bằng một chuyển động.","Cảo cơ khí TMMA 60 dùng để tháo vòng bi Tháo vòng bi an toàn và đơn giản Được trang bị cánh tay vận hành bằng lò xo và thiết kế chắc chắn, SKF EasyPull là một trong những công cụ thân thiện và an toàn nhất trên thị trường. Các tay cảo vận hành bằng lò xo cho phép người dùng định vị bộ kéo phía sau bộ phận chỉ bằng một chuyển động. • Thiết kế chắc chắn cho phép tháo gỡ các thành phần ngay cả trong ứng dụng chật hẹp nhất một cách an toàn • Cơ chế mở vòng đỏ độc đáo hoạt động bằng lò xo cho phép EasyPull được đặt phía sau linh kiện chỉ bằng một cử động của bàn tay • Tay kéo tự khóa giúp ngăn ngừa nguy cơ bộ kéo trượt khi chịu tải • Hai đầu lục giác cho phép áp dụng lực rút dễ dàng hơn • Khả năng tự định tâm và mũi khoan giúp tránh hư hỏng trục • Sử dụng hiệu quả thời gian do tháo lắp nhanh chóng • Với kích cỡ với lực rút 60 kN, cho phép lựa chọn dễ dàng • Được cung cấp với một ống mỡ trục chính của bộ kéo (LGEV 2) Video hướng dẫn sử dụng cảo TMMA EasyPull Cảo cơ TMMA – Tháo vòng bi an toàn và đơn giản Sản phẩm liên quan Catalog sản phẩm TMMA Hướng dẫn sử dụng cảo TMMA 60 Hướng dẫn sử dụng cảo TMMA 80 Hướng dẫn sử dụng cảo TMMA 120 Thông số Kỹ thuật cảo TMMA 60 Thông tin chung Độ mở của cảo nhỏ nhất 36 mm (1.4 in.) Độ mở rộng của tay cảo tối đa 150 mm (5.9 in.) Độ dài làm việc của tay cảo 150 mm (5.9 in.) Lực cảo lớn nhất 60 kN (6.7 ton US) Khối lượng 4,0 kg (8.8 lb) Kích thước Claw Chiều cao 7,5 mm (0.30 in.) Chiều dài 15 mm (0.6 in.) Chiều rộng 20 mm (0.8 in.) Các bộ phận sinh lực Hình lục giác trên bộ kéo hoặc bộ chuyển đổi 27 mm Lục giác trên trục cơ khí 17 mm Momen cảo lớn nhất 105 Nm (75 lbf ft) Diameter nose piece 24 mm (0.9 in.) Bộ chuyển đổi: có thể nâng cấp lên phiên bản thủy lực Không","[]","10440000","out_of_stock","vongbicongnghiep.vn-wc-store-api-category-search-skf","2026-04-29T13:56:33.934Z"
"30163","SKF","TMMA 75H/SET-SKF","TMMA 75H/SET-SKF","TMMA75HSETSKF","Cảo SKF TMMA 75H/SET","Cảo vòng bi","Cảo vòng bi","101","san-pham-bao-tri","https://vongbicongnghiep.vn/san-pham/cao-vong-bi-skf-tmma-75h-set-tmma-100h-set/","https://vongbicongnghiep.vn/wp-content/uploads/2021/11/tmmah1.jpg","[""https://vongbicongnghiep.vn/wp-content/uploads/2021/11/tmmah1.jpg"",""https://vongbicongnghiep.vn/wp-content/uploads/2021/11/tmmah2.jpg"",""https://vongbicongnghiep.vn/wp-content/uploads/2021/11/tmmah3.jpg""]","Bộ cảo Thủy lực EasyPull Một giải pháp tháo vòng bi hoàn chỉnh Được trang bị cánh tay vận hành bằng lò xo và thiết kế chắc chắn, SKF EasyPull là một trong những công cụ thân thiện và an toàn nhất trên thị trường. Được thiết kế công thái học, các cánh tay vận hành bằng lò xo cho phép người dùng định vị bộ kéo phía sau bộ phận chỉ bằng một chuyển động.","Bộ cảo Thủy lực EasyPull Một giải pháp tháo vòng bi hoàn chỉnh Được trang bị cánh tay vận hành bằng lò xo và thiết kế chắc chắn, SKF EasyPull là một trong những công cụ thân thiện và an toàn nhất trên thị trường. Được thiết kế công thái học, các cánh tay vận hành bằng lò xo cho phép người dùng định vị bộ kéo phía sau bộ phận chỉ bằng một chuyển động. • Mỗi bộ bao gồm một SKF EasyPull được hỗ trợ thủy lực cùng với tấm kéo ba phần, dòng TMMS và một tấm bảo vệ bộ kéo tạo điều kiện tháo dỡ dễ dàng, an toàn và hầu như không bị hư hỏng • Đặc biệt thích hợp để tháo vòng bi cầu và vòng bi CARB, và các thành phần khác như ròng rọc và bánh đà • Một tấm chăn bảo vệ bộ kéo, dòng TMMX, được làm bằng vật liệu trong suốt chắc chắn cho phép người dùng theo dõi trực quan quy trình tháo dỡ. Trong khi tháo dỡ, tấm chăn giúp bảo vệ khỏi các mảnh vỡ của vòng bi hoặc các bộ phận khác bay ra, do đó nâng cao sự an toàn cho người sử dụng • Một hộp lưu trữ được làm theo yêu cầu chắc chắn có chỗ cho tất cả các bộ phận Video minh họa sử dụng cảo thủy lực TMMA Cảo thủy lực dòng TMMA – Giải pháp tháo vòng bi hoàn hảo Bộ cảo TMMA 75H SET Bộ cảo TMMA 100H SET Tài liệu liên quan Catalog sản phẩm cảo dải TMMA Hướng dẫn sử dụng cảo TMMA 75H SET Hướng dẫn sử dụng cảo TMMA 100H SET Thông số Kỹ thuật Ký hiệu TMMA 75H/SET TMMA 100H/SET Cảo thủy lực TMMA 75H TMMA 100H Đĩa cảo TMMS 100 TMMS 160 Chiều rộng mở cảo nhỏ nhất 26 mm (1.0 in.) 50 mm (2.0 in.) Chiều rộng mở cảo lớn nhất 100 mm (3.9 in.) 160 mm (6.3 in.) Trọng lượng 2,6 kg (5.7 lb) 5,9 kg (13.0 lb) Túi bảo vệ cảo TMMX 280 TMMX 350 Đường kính đĩa lớn nhất 280 mm (11 in.) 350 mm (14 in.) Chiều dài 970 mm (38 in.) 1200 mm (47 in.) Chiều rộng 480 mm (19 in.) 580 mm (23 in.) Trọng lượng 0,5 kg (1.2 lb) 0,6 kg (1.4 lb) Hộp đựng TMMA 75H/SET-1 TMMA 8E-1 Chiều dài 610 mm (24 in.) 680 mm (27 in.) Chiều rộng 260 mm (10 in.) 320 mm (13 in.) Cao 260 mm (10 in.) 270 mm (11 in.) Trọng lượng 5,0 kg (11.0 lb) 12,0 kg (26.5 lb) Tổng trọng lượng ( gồm vỏ hộp) 15,0 kg (33.1 lb) 31,6 kg (70 lb) Danh sách Cảo Ký hiệu Mô tả TMMA 75H/SET TMMA 75H Cảo thủy lực 7,5 tấn TMMS 100 Đĩa cảo 3 mảnh TMMX 280 Túi bảo vệ cảo Hộp đựng TMMA 100H/SET TMMA 100H Cảo thủy lực 10 tấn TMMS 160 Đĩa cảo 3 miếng TMMX 350 Túi bảo vệ cảo Hộp đựng Phụ kiện cảo TMMA 75H/SET và TMMA 100H/SET Cảo Ký hiệu Mô tả TMMA 75H/SET TMMS 50 Đĩa cảo ba miếng TMMA 100H/SET TMMS 50 / TMMS 100 Đĩa cảo ba miếng Phụ kiện cho cảo TMMA 75H/SET và TMMA 100H/SET Tên cảo Ký hiệu Mô tả TMMA 75H/SET TMMA 75H-1 Tay cảo TMMA 75H/80-3 Cơ cấu mở cảo TMHS 5T Bộ phận mở rộng thủy lực TMHS 75 Trục thủy lực TMMA 100H/SET TMMA 100H-1 Tay cảo TMMA 100H/12-3 Cơ cấu mở cảo TMHS 8T Bộ phận mở rộng thủy lực TMHS 100 Trục thủy lực TMHS 100-1 Hydraulic spindle, 100 kN, spindle only","[]","28103000","out_of_stock","vongbicongnghiep.vn-wc-store-api-category-search-skf","2026-04-29T13:56:33.935Z"
"30159","SKF","TMMK 10-35-SKF","TMMK 10-35-SKF","TMMK1035SKF","Cảo SKF TMMK 10-35","Cảo vòng bi","Cảo vòng bi","101","san-pham-bao-tri","https://vongbicongnghiep.vn/san-pham/bo-cao-thao-lap-vong-bi-combo-kits-tmmk/","https://vongbicongnghiep.vn/wp-content/uploads/2021/11/combokit1.jpg","[""https://vongbicongnghiep.vn/wp-content/uploads/2021/11/combokit1.jpg"",""https://vongbicongnghiep.vn/wp-content/uploads/2021/11/combokit5.jpg"",""https://vongbicongnghiep.vn/wp-content/uploads/2021/11/combokit4.jpg""]","TMMK Bộ dụng cụ đa năng để lắp và tháo vòng bi nhanh chóng và dễ dàng Bộ dụng cụ SKF TMMK được thiết kế để lắp và tháo vòng bi nhanh chóng và chính xác các vòng bi rãnh sâu từ trục, và năm trong gối kín","TMMK Bộ dụng cụ đa năng để lắp và tháo vòng bi nhanh chóng và dễ dàng Bộ dụng cụ SKF TMMK được thiết kế để lắp và tháo vòng bi nhanh chóng và chính xác các vòng bi rãnh sâu từ trục, và năm trong gối kín . TMMK 10-35 phù hợp với vòng bi có đường kính lỗ từ 10 đến 35 mm, trong khi TMMK 20-50 phù hợp với vòng bi có đường kính lỗ từ 20 đến 50 mm. Để lắp, một công cụ lắp đa năng được bao gồm, thích hợp để lắp các vòng bi cũng như ống lót, vòng đệm, puli đai và các sản phẩm tương tự khác. Các công cụ lắp đa năng cho phép lắp nhiều loại vòng bi và các vật dụng liên quan. Vòng bi rãnh sâu SKF có thể dễ dàng tháo rời khỏi vỏ và gối trục kín, bằng cách sử dụng một bộ kéo ba cánh độc đáo với một búa trượt. • Tất cả các bộ phận được sắp xếp rõ ràng trong hộp để dễ dàng lựa chọn và xác định • Sự kết hợp chính xác giữa vòng va chạm và ống bọc giúp đảm bảo rằng lực lắp không được truyền qua các phần tử lăn của vòng bi, giảm thiểu thiệt hại cho vòng bi do lắp sai • Các vòng va chạm được làm bằng polyamide biến tính có tác động cao. Các ống chống va đập được làm bằng polyamide được gia cố bằng sợi thủy tinh, chịu va đập cao, siêu bền, mạnh và nhẹ • Búa có các mặt bằng nylon và được làm bằng thép chịu lực để có tác động tối đa. Tay cầm, với tay cầm cao su thoải mái để xử lý tốt, hấp thụ sốc và rung động • Các móng cảo được thiết kế đặc biệt để tạo điều kiện khớp chính xác trong rãnh của ổ trục, mang lại độ bám tốt và cho phép áp dụng lực tháo cao hơn • Ký hiệu được khắc laser trên cánh tay cho phép dễ dàng xác định và lựa chọn • Các lò xo được mã hóa theo màu sắc cho phép dễ dàng lựa chọn và kết hợp • Vòng khóa đàn hồi giúp dễ dàng kết nối các tay kéo với trục chính • Trọng lượng trượt nặng của búa trượt tạo ra lực tháo dỡ cao Combi kit – Bộ tháo vòng bi Combi kit – Bộ đóng vòng bi Tài liệu liên quan Catalog bộ tháo lắp vòng bi TMMK Hướng dẫn sử dụng TMMK 10-35 Hướng dẫn sử dụng TMMK 20-50 Thông số Kỹ thuật cảo TMMK 10-35 Ký hiệu TMMK 10–35 Số vòng đệm đóng vòng bi 24 Số lượng ống 2 Đường kính trong của vòng đệm 10–35 mm (0.39–1.38 in.) Đường kính ngoài của vòng đệm 26–80 mm (1.02–3.15 in.) Búa đóng TMFT 36-H Kích thước của hộp đựng 530 × 110 × 360 mm (20.9 × 4.3 × 14.2 in.) Khối lượng 7,6 kg (16.8 lb) Thông số Kỹ thuật cảo TMMK 20-50 Ký hiệu TMMK 20-50 Số vòng đệm đóng vòng bi 21 Số lượng ống 2 Đường kính trong của vòng đệm 20–50 mm (0.79–1.97 in.) Đường kính ngoài của vòng đệm 42–110 mm (1.65–4.33 in.) Búa đóng TMFT 36-H Kích thước của hộp đựng 530 × 110 × 360 mm (20.9 × 4.3 × 14.2 in.) Khối lượng 8,5 kg (18.6 lb) Phụ kiện thay thế Ký hiệu Mô tả TMMD 100-A1 Tay cảo TMMD 100-A2 Tay cảo TMMD 100-A3 Tay cảo TMMD 100-A4 Tay cảo TMMD 100-A5 Tay cảo TMMD 100-A6 Tay cảo TMFT 36 A Ống đóng loại A TMFT 36 B Ống đóng loại B TMFT 36 C Ống đóng loại C TMFT 36 A10-26 Vòng đệm cỡ A10-26 TMFT 36 A10-30 Vòng đệm cỡ A10-30 TMFT 36 A10-35 Vòng đệm cỡ A10-35 TMFT 36 A12-28 Vòng đệm cỡ A12-28 TMFT 36 A12-32 Vòng đệm cỡ A12-32 TMFT 36 A12-37 Vòng đệm cỡ A12-37 TMFT 36 A15-32 Vòng đệm cỡ A15-32 TMFT 36 A15-35 Vòng đệm cỡ A15-35 TMFT 36 A15-42 Vòng đệm cỡ A15-42 TMFT 36 A17-35 Vòng đệm cỡ A17-35 TMFT 36 A17-40 Vòng đệm cỡ A17-40 TMFT 36 A17-47 Vòng đệm cỡ A17-47 TMFT 36 B20-42 Vòng đệm cỡ B20-42 TMFT 36 B20-47 Vòng đệm cỡ B20-47 TMFT 36 B20-52 Vòng đệm cỡ B20-52 TMFT 36 B25-47 Vòng đệm cỡ B25-47 TMFT 36 B25-52 Vòng đệm cỡ B25-52 TMFT 36 B25-62 Vòng đệm cỡ B25-62 TMFT 36 B30-55 Vòng đệm cỡ B30-55 TMFT 36 B30-62 Vòng đệm cỡ B30-62 TMFT 36 B30-72 Vòng đệm cỡ B30-72 TMFT 36 B35-62 Vòng đệm cỡ B35-62 TMFT 36 B35-72 Vòng đệm cỡ B35-72 TMFT 36 B35-80 Vòng đệm cỡ B35-80 TMFT 36 C40-68 Vòng đệm cỡ C40-68 TMFT 36 C40-80 Vòng đệm cỡ C40-80 TMFT 36 C40-90 Vòng đệm cỡ C40-90 TMFT 36 C45-10 Vòng đệm cỡ C40-100 TMFT 36 C45-75 Vòng đệm cỡ C45-75 TMFT 36 C45-85 Vòng đệm cỡ C45-85 TMFT 36 C50-11 Vòng đệm cỡ C50-110 TMFT 36 C50-80 Vòng đệm cỡ C50-80 TMFT 36 C50-90 Vòng đệm cỡ C50-90 TMFT 36-H Búa đóng vòng bi TMMK 10-35-CC Hộp đựng cho TMMK 10-35 TDTC 1/C Hộp đựng không có lớp phủ Sản phẩm liên quan Catalog bộ sản phẩm TMMK Hướng dẫn sử dụng TMMK 10-35 (4.4 MB) Hướng dẫn sử dụng TMMK 20-50 (4.4 MB) Catalog sản phẩm bảo dưỡng và mỡ bôi trơn SKF (20.5 MB) Video mô tả việc đóng tháo vòng bi SKF Phần mềm liên quan Bộ công cụ phần mềm hỗ trợ cho việc lựa chọn ống lót vòng bi và phương pháp lắp Công cụ hướng dẫn tháo và lắp vòng bi Sản phẩm liên quan Bộ đóng vòng bi TMFT 36","[]","34022000","out_of_stock","vongbicongnghiep.vn-wc-store-api-category-search-skf","2026-04-29T13:56:33.935Z"
"30153","SKF","TMMS 380-SKF","TMMS 380-SKF","TMMS380SKF","Cảo đĩa SKF TMMS 380","Cảo vòng bi","Cảo vòng bi","101","san-pham-bao-tri","https://vongbicongnghiep.vn/san-pham/dia-cao-vong-bi-tmms/","https://vongbicongnghiep.vn/wp-content/uploads/2021/11/tmms1.jpg","[""https://vongbicongnghiep.vn/wp-content/uploads/2021/11/tmms1.jpg"",""https://vongbicongnghiep.vn/wp-content/uploads/2021/11/tmms2.jpg""]","Đĩa cảo ba mảnh Tháo vòng bi hiệu quả, chính xác • Ba mảnh ghép của cảo dòng TMMS, được thiết kế đặc biệt để sử dụng kết hợp với các bộ kéo ba nhánh. Các tấm ba mảnh bám phía sau vòng trong của vòng bi. Điều này ngăn chặn các lực kéo truyền qua vòng ngoài và các phần tử lăn, giảm thiểu nguy cơ hư hỏng vòng bi. Dòng TMMS bao gồm 5 kích thước khác nhau của tấm kéo ba mặt cắt phù hợp với trục có đường kính tối đa từ 50 đến 380 mm (2 đến 15 in).","Đĩa cảo ba mảnh TMMS 380 Tháo vòng bi hiệu quả, chính xác • Ba mảnh ghép của cảo dòng TMMS, được thiết kế đặc biệt để sử dụng kết hợp với các bộ kéo ba nhánh. Các tấm ba mảnh bám phía sau vòng trong của vòng bi. Điều này ngăn chặn các lực kéo truyền qua vòng ngoài và các phần tử lăn, giảm thiểu nguy cơ hư hỏng vòng bi. Dòng TMMS bao gồm 5 kích thước khác nhau của tấm kéo ba mặt cắt phù hợp với trục có đường kính tối đa từ 50 đến 380 mm (2 đến 15 in). • Thiết kế độc đáo của dòng TMMS cho phép tác dụng lực vào điểm hiệu quả nhất; vòng trong và do đó cần ít lực để tháo ra hơn so với khi kéo vòng ngoài • Tay cầm chắc chắn phía sau vòng trong của ổ trục đảm bảo rằng lực kéo chỉ được truyền qua ca trong vòng bi và không truyền qua vòng ngoài hoặc các phần tử lăn, ngăn ngừa hư hỏng ổ trục • Kết cấu ba phần cho phép phân bổ lực đều, ngăn chặn việc khóa vòng bi và / hoặc nghiêng trên trục, đặc biệt là trong trường hợp vòng bi SRB và CARB®, trong quá trình tháo lắp • Thích hợp để sử dụng kết hợp với bất kỳ bộ kéo ba tay cảo nào • Hình dạng đặc biệt cho phép các tấm có thể dễ dàng lắp vào giữa ổ trục và vai trên trục • Có sẵn trong nhiều loại, bao gồm hầu hết các kích thước trục phổ biến Đĩa cảo ba miếng TMMS 100 được sử dụng với bộ kéo ổ trục TMMA H series Tài liệu liên quan Thông số kỹ thuật của cảo và phụ kiện (436.8 KB) Hướng dẫn sử dụng đĩa cảo TMBS (1.1 MB) Kích thước của đĩa cảo TMMS Ký hiệu d min d max A mm mm mm TMMS 380 140 380 81–142 Sản phẩm liên quan Catalog bộ sản phẩm TMMK Hướng dẫn sử dụng TMMK 10-35 (4.4 MB) Hướng dẫn sử dụng TMMK 20-50 (4.4 MB) Catalog sản phẩm bảo dưỡng và mỡ bôi trơn SKF (20.5 MB) Video mô tả việc đóng tháo vòng bi SKF Phần mềm liên quan Bộ công cụ phần mềm hỗ trợ cho việc lựa chọn ống lót vòng bi và phương pháp lắp Công cụ hướng dẫn tháo và lắp vòng bi Sản phẩm liên quan Bộ đóng vòng bi TMFT 36 Cảo cơ TMMP hạng nặng Bộ cảo thủy lực TMHP 10E Bộ cảo cơ TMMA Bộ cảo Thủy lực TMHP Bộ cảo Thủy lực TMHP hạng nặng","[]","96575000","out_of_stock","vongbicongnghiep.vn-wc-store-api-category-search-skf","2026-04-29T13:56:33.936Z"
"30148","SKF","TMMD 100-SKF","TMMD 100-SKF","TMMD100SKF","Cảo SKF TMMD 100","Cảo vòng bi","Cảo vòng bi","101","san-pham-bao-tri","https://vongbicongnghiep.vn/san-pham/bo-cao-trong-skf-tmmd-100/","https://vongbicongnghiep.vn/wp-content/uploads/2021/11/tmmd1.jpg","[""https://vongbicongnghiep.vn/wp-content/uploads/2021/11/tmmd1.jpg"",""https://vongbicongnghiep.vn/wp-content/uploads/2021/11/tmmd3.jpg"",""https://vongbicongnghiep.vn/wp-content/uploads/2021/11/tmmd4.jpg"",""https://vongbicongnghiep.vn/wp-content/uploads/2021/11/tmmd2.jpg""]","Dễ dàng tháo vòng bi nằm trong ổ kín TMMD 100 là bộ cảo kéo phù hợp để sử dụng cho cả vỏ kín và các ứng dụng trục. SKF TMMD 100 phù hợp để tháo lên đến 71 loại vòng bi rãnh sâu SKF khác nhau, với đường kính trục nằm trong khoảng từ 10 đến 100 mm (0,4–3,9 in.). • Các móng cảo được thiết kế để phù hợp chính xác với rãnh của vòng bi, mang lại độ bám tốt, do đó cho phép lực cảo tác động lớn.","Dễ dàng tháo vòng bi nằm trong ổ kín TMMD 100 là bộ cảo kéo phù hợp để sử dụng cho cả vỏ kín và các ứng dụng trục. SKF TMMD 100 phù hợp để tháo lên đến 71 loại vòng bi rãnh sâu SKF khác nhau, với đường kính trục nằm trong khoảng từ 10 đến 100 mm (0,4–3,9 in.). • Các móng cảo được thiết kế để phù hợp chính xác với rãnh của vòng bi, mang lại độ bám tốt, do đó cho phép lực cảo tác động lớn. • Mỗi tay kéo được gắn một lò xo để dễ dàng lắp đặt • Móng vuốt được thiết kế để cho phép dễ dàng đưa vào • Đầu hình lục giác của trục xoay được thiết kế để ngăn cờ lê trượt xuống trục chính trong quá trình tháo lắp • Bộ kéo cũng có thể được sử dụng để tháo các vòng bi bịt kín khỏi vỏ bọc sau khi đã tháo niêm phong • Được cung cấp trong một hộp đựng chắc chắn Thiết kế móng kéo tối ưu hóa Bám chặt rãnh ngoài của vòng bi SKF mà không cần tháo vòng cách vòng bi. Nắp cao su Cho phép gắn các cánh tay vào trục quay một cách dễ dàng và nhanh chóng. Nó cũng ngăn không cho các tay kéo tách ra khỏi trục quay trong quá trình hoạt động. Hộp đồ Được cung cấp trong một hộp đựng chắc chắn","[]","24643000","in_stock","vongbicongnghiep.vn-wc-store-api-category-search-skf","2026-04-29T13:56:33.936Z"
"30145","SKF","TMHP 10E-SKF","TMHP 10E-SKF","TMHP10ESKF","Cảo SKF TMHP 10E","Cảo vòng bi","Cảo vòng bi","101","san-pham-bao-tri","https://vongbicongnghiep.vn/san-pham/cao-vong-bi-skf-tmhp-10e/","https://vongbicongnghiep.vn/wp-content/uploads/2021/11/tmhp10e1.jpg","[""https://vongbicongnghiep.vn/wp-content/uploads/2021/11/tmhp10e1.jpg"",""https://vongbicongnghiep.vn/wp-content/uploads/2021/11/tmhp10e2.jpg""]","TMHP 10E: Bộ cảo kéo Thủy lực Dễ dàng tháo vòng bi với lực cảo lên tới 100 KN • Bộ dụng cụ cảo kéo thủy lực SKF TMHP 10E được trang bị trục chính thủy lực, giúp dễ dàng tháo lắp vòng bi lên đến 100 kN (11,2 tấn). Bộ tay kéo đa năng bao gồm ba kích thước tay kéo khác nhau và có thể được lắp ráp thành một tay kéo hai tay hoặc một tay kéo ba tay tùy thuộc vào không gian và nhu cầu của ứng dụng.","TMHP 10E: Bộ cảo kéo Thủy lực Dễ dàng tháo vòng bi với lực cảo lên tới 100 KN • Bộ dụng cụ cảo kéo thủy lực SKF TMHP 10E được trang bị trục chính thủy lực, giúp dễ dàng tháo lắp vòng bi lên đến 100 kN (11,2 tấn). Bộ tay kéo đa năng bao gồm ba kích thước tay kéo khác nhau và có thể được lắp ráp thành một tay kéo hai tay hoặc một tay kéo ba tay tùy thuộc vào không gian và nhu cầu của ứng dụng. • Xếp hạng tải trọng cao 100 kN (11,2 tấn Hoa Kỳ) làm cho cảo phù hợp với nhiều công việc tháo lắp khác nhau • 3 kích cỡ cánh tay khác nhau, với chiều dài cánh tay hiệu dụng tối đa là 200 mm (7,9 in), làm cho TMHP 10E phù hợp để sử dụng trong nhiều ứng dụng • Các cánh tay tự khóa giảm thiểu nguy cơ bộ kéo trượt khỏi ứng dụng khi chịu tải. • Trục chính thủy lực được trang bị van an toàn, giúp giảm thiểu nguy cơ quá tải của bộ kéo bằng cách giới hạn lực tác dụng xuống 100 kN (11,2 tấn Mỹ) • Hành trình dài của trục chính thủy lực, 80 mm (3,1 in), tạo điều kiện tháo lắp trong một thao tác • Các miếng mở rộng của trục chính thủy lực cho phép nhanh chóng thích ứng với chiều dài kéo • Điểm trung tâm được nạp lò xo của trục chính thủy lực cho phép dễ dàng định tâm bộ kéo giảm thiểu nguy cơ hư hỏng trục Ấn phẩm Data sheet sản phẩm TMHP 10E (289.1 KB) Hướng dẫn sử dụng sản phẩm TMHP 10E (3.4 MB) Thông số Kỹ thuật Ký hiệu TMHP 10E Mô tả Bộ cảo kéo cảo thủy lực tiên tiến Danh sách list hàng Bộ bộ gá lắp tay cảo 3 tay cảo dài 115 mm (4.5 in.) 3 tay cảo dài 160 mm (6.3 in.) 3 tay cảo dài 200 mm (7.8 in.) 1 trục bơm thủy lực 3 bộ phận mở rộng cho trục bơm thủy lực; 50, 100, 150 mm (2, 4, 6 in.) Hành trình tối đa 80 mm (3.1 in.) Khối lượng 14,5 kg (32 lb) Vòng đời tối thiểu của xylanh Thủy lực Tối thiểu 5000 lần, lực cảo lên tới 100 kN (11.2 US ton force) Van an toàn cho xylanh Thủy lực 105 kN (11.8 US ton force) Kích thước hộp đựng 578 x 410 x 70 mm (23 x 16 x 2.8 in.) Lực cảo làm việc danh nghĩa 100 kN (11.2 US ton force) Bộ tay cảo 1 (3 x TMHP 10E-10) Chiều dài tay cảo hiệu dụng 115 mm (4.5 in.) Độ mở rộng của tay cảo 75-170 mm (2.9-6.7 in.) Claw height 8 mm (0.3 in.) Bộ tay cảo 2 (3 x TMHP 10E-11) Chiều dài tay cảo hiệu dụng 160 mm (6.3 in.) Độ mở rộng của tay cảo 80-250 mm (3.1-9.8 in.) Claw height 8 mm (0.3 in.) Bộ tay cảo 3 (3 x TMHP 10E-12) Chiều dài tay cảo hiệu dụng 200 mm (7.9 in.) Độ mở rộng của tay cảo 110-280 mm (4.3-11 in.) Claw height 8 mm (0.3 in.) Phụ tùng thay thế Ký hiệu Mô tả TMHS 100 Bơm thủy lực tiên tiến, 100 kN TMHS 100-1 Trục thủy lực tiên tiến, 100 kN, chỉ trục chính TMHS 8T Bộ miếng mở rộng và miếng mũi cho TMHS 100 và 8E TMHP 10E-5 Bốn tay đế có bu lông và đai ốc cho TMHP 10E và TMHC 110E TMHP 10E-10 Cánh tay cho TMHP 10E và TMHC 110E, dài 190 mm TMHP 10E-11 Cánh tay cho TMHP 10E, dài 240 mm TMHP 10E-12 Cánh tay cho TMHP 10E, dài 285 mm","[]","21865000","in_stock","vongbicongnghiep.vn-wc-store-api-category-search-skf","2026-04-29T13:56:33.936Z"
"30141","SKF","TMHC 110E-SKF","TMHC 110E-SKF","TMHC110ESKF","Cảo SKF TMHC 110E","Cảo vòng bi","Cảo vòng bi","101","san-pham-bao-tri","https://vongbicongnghiep.vn/san-pham/cao-vong-bi-skf-tmhc-110e/","https://vongbicongnghiep.vn/wp-content/uploads/2021/11/tmhc110e-3.jpg","[""https://vongbicongnghiep.vn/wp-content/uploads/2021/11/tmhc110e-3.jpg"",""https://vongbicongnghiep.vn/wp-content/uploads/2021/11/tmhc110e-1.jpg""]","TMHC 110E : Sự kết hợp mạnh mẽ của cảo thủy lực và bộ đĩa cảo SKF TMHC 110E là một bộ kéo thủy lực, kết hợp giữa bộ cảo kéo và đĩa cảo với sức kéo lên đến 100 kN (11,2 tấn Mỹ). Bộ kéo đa năng tạo điều kiện tháo vòng bi an toàn và dễ dàng trong nhiều ứng dụng khác nhau. • Một bộ cảo kéo đa năng tạo điều kiện tháo vòng bi an toàn và dễ dàng trong nhiều ứng dụng khác nhau • Trục thủy lực tạo điều kiện tháo lắp dễ dàng và nhanh chóng • Tải trọng cảo cao 100 kN (11,2 tấn Mỹ)","TMHC 110E : Sự kết hợp mạnh mẽ của cảo thủy lực và bộ đĩa cảo SKF TMHC 110E là một bộ kéo thủy lực, kết hợp giữa bộ cảo kéo và đĩa cảo với sức kéo lên đến 100 kN (11,2 tấn Mỹ). Bộ kéo đa năng tạo điều kiện tháo vòng bi an toàn và dễ dàng trong nhiều ứng dụng khác nhau. • Một bộ cảo kéo đa năng tạo điều kiện tháo vòng bi an toàn và dễ dàng trong nhiều ứng dụng khác nhau • Trục thủy lực tạo điều kiện tháo lắp dễ dàng và nhanh chóng • Tải trọng cảo cao 100 kN (11,2 tấn Mỹ) • Bộ kéo lưng mạnh mẽ bao gồm hai chiều dài cánh tay khác nhau để đạt được tối đa 120 mm (4,7 in.) • Bộ kéo hàm có thể được lắp ráp thành bộ kéo ba tay hoặc hai tay tùy thuộc vào không gian và nhu cầu của ứng dụng • Tay nắm chắc chắn của bộ đĩa cảo đằng sau vòng trong của ổ trục giúp giảm lực cần thiết để tháo ổ trục • Được cung cấp với các thanh kéo mở rộng để cho phép thích ứng nhanh chóng với độ dài kéo lên đến 245 mm (9,6 in.) • Điểm trung tâm của cảo có lò xo của trục chính thủy lực cho phép dễ dàng định tâm bộ kéo giảm thiểu nguy cơ hư hỏng trục Thông số kỹ thuật Ký hiệu TMHC 110E Mô tả Bộ cảo thủy lực tiên tiến Thông tin chung Bao gồm Một giá đỡ lắp tay cảo 3 tay cảo, set 1 (TMHP10E-9) 3 tay cảo, set 2 (TMHP10E-10) 1 bộ phân tách 1 bộ thanh ngang 2 trục chính chống tâm 2 x thanh mở rộng, 125 mm (4.9 in) 1 bơm thủy lực TMHS 100 2 x mảnh mở rộng cho trục chính thủy lực; 50, 100 mm (2,0, 3,9 in) Hành trình bơm lớn nhất 80 mm (3.1 in) Lực cảo làm việc 100 kN (11.2 US ton force) Trọng lượng 13,5 kg (29.8 lb) Vòng đời của bơm Thủy lực Sử dụng tối thiểu 5000 chu trình bơm với lực cảo 110 KN Trục ren xy lanh thủy lực UN 1½” x 16 tpi Van an toàn cho Xylanh Thủy lực 105 kN (11.8 US ton force) Kích thước hộp 580 x 410 x 70 mm (23 x 16 x 2.8 in) Jaw puller Chiều dài hiệu dụng của tay cảo, bộ tay cảo 1 (TMHP10E-9) 65 mm (2.5 in) Độ mở rộng, Bộ tay cảo 1 50-110 mm (2-4.3 in) Claw height 8 mm (0.3 in) Chiều dài hiệu dụng, Bộ tay cảo 2 (TMHP10E-10) 115 mm (4.5 in) Độ mở của bộ tay cảo 2 75-170 mm (2.9-6.7 in) Claw height 8 mm (0.3 in) Bộ đĩa cảo sau Chiều dài với lớn nhất của tay cảo 250 mm (9.8 in) Dải đường kính cảo đĩa 20 – 100 mm (0.8 – 4 in) Khi lắp bộ cảo 3 chấu Một bộ cảo TMHC 110E đầy đủ","[]","28736000","in_stock","vongbicongnghiep.vn-wc-store-api-category-search-skf","2026-04-29T13:56:33.937Z"
"30138","SKF","TMBA G11-SKF","TMBA G11-SKF","TMBAG11SKF","Găng tay chống nhiệt SKF TMBA G11","Máy gia nhiệt vòng bi","Máy gia nhiệt vòng bi","101","san-pham-bao-tri","https://vongbicongnghiep.vn/san-pham/gang-tay-chong-nhiet-skf-tmba-g11/","https://vongbicongnghiep.vn/wp-content/uploads/2021/11/TMBAG11ET-1.jpg","[""https://vongbicongnghiep.vn/wp-content/uploads/2021/11/TMBAG11ET-1.jpg""]","TMBA G11ET: Găng tay chịu nhiệt độ cực cao An toàn khi làm việc với vật có nhiệt độ đến 500 ° C (932 ° F) Găng tay TMBA G11ET được thiết kế đặc biệt để cho phép xử lý an toàn các ổ trục, vòng bi nung nóng hoặc các bộ phận khác trong thời gian dài. Chúng có thể chịu được nhiệt độ khắc nghiệt lên đến 500 ° C (932 ° F), không có chất lỏng hoặc hơi nước nóng, với mức độ không bắt lửa cao.","TMBA G11ET: Găng tay chịu nhiệt độ cực cao An toàn khi làm việc với vật có nhiệt độ đến 500 ° C (932 ° F) Găng tay TMBA G11ET được thiết kế đặc biệt để cho phép xử lý an toàn các ổ trục, vòng bi nung nóng hoặc các bộ phận khác trong thời gian dài. Chúng có thể chịu được nhiệt độ khắc nghiệt lên đến 500 ° C (932 ° F), không có chất lỏng hoặc hơi nước nóng, với mức độ không bắt lửa cao. • Khả năng chịu nhiệt đối với nhiệt độ khắc nghiệt cho phép xử lý các bộ phận được nung nóng an toàn và kéo dài • Mức độ không bắt lửa cao làm giảm nguy cơ cháy • Găng tay KEVLAR® cực kỳ cứng chắc với khả năng chống cắt, mài mòn, đâm thủng và rách cao để tăng độ an toàn • Thiết kế không có xơ vải bảo vệ chống nhiễm bẩn ổ trục • Thoải mái khi mặc, vì chúng được dệt kim từ các vật liệu hiệu suất cao linh hoạt trong một mảnh không có đường nối • Đã được kiểm tra và chứng nhận về rủi ro cơ học (EN 388) và rủi ro nhiệt (EN 407) Thông số Kỹ thuật Ký hiệu TMBA G11ET Vật liệu Sợi KEVLAR® Lớp nót bên trong cotton Cỡ 10 (EN 420 size) Màu Vàng Nhiệt độ lớn nhất 500 °C (932 °F) Đóng gói 1 đôi Tài liệu sản phẩm Máy gia nhiệt Twim 15 Máy gia nhiệt TIH L77 Máy gia nhiệt TIH 030 Tài liệu máy gia nhiệt SKF Máy gia nhiệt TIH 100 Sổ tay công cụ, dụng cụ SKF Máy gia nhiệt TIH 220 Gang tay chống nhiệt Máy gia nhiệt TIH L33 Vi deo hướng dẫn sử dụng máy gia nhiệt Máy gia nhiệt TIH L44 Tài liệu máy gia nhiệt Twim 15 Gang tay chống nhiệt đến 250 độ C Gang tay chống nhiệt đến 500 độ C","[]","480000","out_of_stock","vongbicongnghiep.vn-wc-store-api-category-search-skf","2026-04-29T13:56:33.937Z"
"30134","SKF","TMBA G11ET-SKF","TMBA G11ET-SKF","TMBAG11ETSKF","Gang tay chống nhiệt SKF TMBA G11ET","Máy gia nhiệt vòng bi","Máy gia nhiệt vòng bi","101","san-pham-bao-tri","https://vongbicongnghiep.vn/san-pham/gang-tay-chong-nhiet-skf-tmbag11-et/","https://vongbicongnghiep.vn/wp-content/uploads/2021/11/TMBAG11ET.jpg","[""https://vongbicongnghiep.vn/wp-content/uploads/2021/11/TMBAG11ET.jpg""]","TMBA G11ET: Găng tay chịu nhiệt độ cực cao An toàn khi làm việc với vật có nhiệt độ đến 500 ° C (932 ° F) Găng tay TMBA G11ET được thiết kế đặc biệt để cho phép xử lý an toàn các ổ trục, vòng bi nung nóng hoặc các bộ phận khác trong thời gian dài. Chúng có thể chịu được nhiệt độ khắc nghiệt lên đến 500 ° C (932 ° F), không có chất lỏng hoặc hơi nước nóng, với mức độ không bắt lửa cao.","TMBA G11ET: Găng tay chịu nhiệt độ cực cao An toàn khi làm việc với vật có nhiệt độ đến 500 ° C (932 ° F) Găng tay TMBA G11ET được thiết kế đặc biệt để cho phép xử lý an toàn các ổ trục, vòng bi nung nóng hoặc các bộ phận khác trong thời gian dài. Chúng có thể chịu được nhiệt độ khắc nghiệt lên đến 500 ° C (932 ° F), không có chất lỏng hoặc hơi nước nóng, với mức độ không bắt lửa cao. • Khả năng chịu nhiệt đối với nhiệt độ khắc nghiệt cho phép xử lý các bộ phận được nung nóng an toàn và kéo dài • Mức độ không bắt lửa cao làm giảm nguy cơ cháy • Găng tay KEVLAR® cực kỳ cứng chắc với khả năng chống cắt, mài mòn, đâm thủng và rách cao để tăng độ an toàn • Thiết kế không có xơ vải bảo vệ chống nhiễm bẩn ổ trục • Thoải mái khi mặc, vì chúng được dệt kim từ các vật liệu hiệu suất cao linh hoạt trong một mảnh không có đường nối • Đã được kiểm tra và chứng nhận về rủi ro cơ học (EN 388) và rủi ro nhiệt (EN 407) Thông số Kỹ thuật Ký hiệu TMBA G11ET Vật liệu Sợi KEVLAR® Lớp nót bên trong cotton Cỡ 10 (EN 420 size) Màu Vàng Nhiệt độ lớn nhất 500 °C (932 °F) Đóng gói 1 đôi Tài liệu sản phẩm Máy gia nhiệt Twim 15 Máy gia nhiệt TIH L77 Máy gia nhiệt TIH 030 Tài liệu máy gia nhiệt SKF Máy gia nhiệt TIH 100 Sổ tay công cụ, dụng cụ SKF Máy gia nhiệt TIH 220 Gang tay chống nhiệt Máy gia nhiệt TIH L33 Vi deo hướng dẫn sử dụng máy gia nhiệt Máy gia nhiệt TIH L44 Tài liệu máy gia nhiệt Twim 15 Gang tay chống nhiệt đến 250 độ C Gang tay chống nhiệt đến 500 độ C","[]","5661000","out_of_stock","vongbicongnghiep.vn-wc-store-api-category-search-skf","2026-04-29T13:56:33.937Z"
"30130","SKF","TMBA G11H-SKF","TMBA G11H-SKF","TMBAG11HSKF","Găng tay chống nhiệt SKF TMBA G11H","Máy gia nhiệt vòng bi","Máy gia nhiệt vòng bi","101","san-pham-bao-tri","https://vongbicongnghiep.vn/san-pham/gang-tay-chong-nhiet-skf-tmba-g11h/","https://vongbicongnghiep.vn/wp-content/uploads/2021/11/TMBAG11H.jpg","[""https://vongbicongnghiep.vn/wp-content/uploads/2021/11/TMBAG11H.jpg""]","TMBA G11H: Găng tay chống nóng và dầu Các thành phần có dầu và vật nóng lên đến 250 ° C (482 ° F) Găng tay chịu nhiệt và dầu SKF TMBA G11H được thiết kế đặc biệt để xử lý các ổ trục, vòng bi nóng và nhiều dầu. • Sự kết hợp độc đáo giữa khả năng chịu nhiệt, cắt, dầu và nước • Găng tay KEVLAR® • Nhiệt độ tối đa: 250 ° C / 482 ° F • Thích hợp để ngâm trong chất lỏng có nhiệt độ lên đến 120 ° C (248 ° F) (ví dụ: bể dầu nóng)","TMBA G11H: Găng tay chống nóng và dầu Các thành phần có dầu và vật nóng lên đến 250 ° C (482 ° F) Găng tay chịu nhiệt và dầu SKF TMBA G11H được thiết kế đặc biệt để xử lý các ổ trục, vòng bi nóng và nhiều dầu. • Sự kết hợp độc đáo giữa khả năng chịu nhiệt, cắt, dầu và nước • Găng tay KEVLAR® • Nhiệt độ tối đa: 250 ° C / 482 ° F • Thích hợp để ngâm trong chất lỏng có nhiệt độ lên đến 120 ° C (248 ° F) (ví dụ: bể dầu nóng) Thông số Kỹ thuật Ký hiệu TMBA G11H Đóng gói 1 đôi Cỡ 10 Màu yellow Tài liệu sản phẩm Máy gia nhiệt Twim 15 Máy gia nhiệt TIH L77 Máy gia nhiệt TIH 030 Tài liệu máy gia nhiệt SKF Máy gia nhiệt TIH 100 Sổ tay công cụ, dụng cụ SKF Máy gia nhiệt TIH 220 Gang tay chống nhiệt Máy gia nhiệt TIH L33 Vi deo hướng dẫn sử dụng máy gia nhiệt Máy gia nhiệt TIH L44 Tài liệu máy gia nhiệt Twim 15 Gang tay chống nhiệt đến 250 độ C Gang tay chống nhiệt đến 500 độ C","[]","3902000","in_stock","vongbicongnghiep.vn-wc-store-api-category-search-skf","2026-04-29T13:56:33.937Z"
"30031","SKF","TIH L33MB/LV-SKF","TIH L33MB/LV-SKF","TIHL33MBLVSKF","Máy gia nhiệt SKF TIH L33MB/LV","Máy gia nhiệt vòng bi","Máy gia nhiệt vòng bi","101","san-pham-bao-tri","https://vongbicongnghiep.vn/san-pham/may-gia-nhiet-vong-bi-skf-tih-l33-mb-tih-l44-mb-tih-l77-mb/","https://vongbicongnghiep.vn/wp-content/uploads/2021/11/tihl33mb.jpg","[""https://vongbicongnghiep.vn/wp-content/uploads/2021/11/tihl33mb.jpg"",""https://vongbicongnghiep.vn/wp-content/uploads/2021/11/tihl33mb-2.jpg"",""https://vongbicongnghiep.vn/wp-content/uploads/2021/11/tihl33mb.jpg""]","Máy gia nhiệt cảm ứng TIH L MB được thiết kế đặc biệt để làm nóng các bộ phận đặc. Chúng bao gồm vòng, ống bọc, bánh răng, khớp nối, ống lót và ròng rọc, cũng như bánh xe lửa, lốp xe hoặc các thành phần tương tự. Với một cuộn dây từ tính ở trung tâm, những máy gia nhiệt mạnh mẽ và bền bỉ này khoanh vùng sự gia nhiệt trong lỗ khoan phôi để mang lại hiệu suất vượt trội trên các vật thể đặc. – Hoạt động đơn giản và an toàn với điều khiển từ xa và lựa chọn mức công suất phù hợp – Hiệu suất gia nhiệt vượt trội cho phôi đặc với mức tiêu thụ năng lượng thấp","Máy Gia nhiệt cảm ứng cho các vật không phải vòng bi Máy gia nhiệt cảm ứng TIH L MB được thiết kế đặc biệt để làm nóng các bộ phận đặc. Chúng bao gồm vòng, ống bọc, bánh răng, khớp nối, ống lót và ròng rọc, cũng như bánh xe lửa, lốp xe hoặc các thành phần tương tự. Với một cuộn dây từ tính ở trung tâm, những máy gia nhiệt mạnh mẽ và bền bỉ này khoanh vùng sự gia nhiệt trong lỗ khoan phôi để mang lại hiệu suất vượt trội trên các vật thể đặc. – Hoạt động đơn giản và an toàn với điều khiển từ xa và lựa chọn mức công suất phù hợp – Hiệu suất gia nhiệt vượt trội cho phôi đặc với mức tiêu thụ năng lượng thấp – Định vị nhanh chóng và dễ dàng cho các phôi được gia nhiệt – Khử từ tự động giúp giảm nguy cơ ô nhiễm mảnh vụn sắt – Dễ dàng xử lý và vận chuyển với xe nâng tiêu chuẩn – Có sẵn trong ba biến thể điện áp để phù hợp với hầu hết các điện áp hoạt động trên toàn thế giới Lời khuyên: Dòng máy sưởi TIH L MB được thiết kế để gia nhiệt cảm ứng cho các vật thể rắn, đặc không chịu lực. Đối với các ứng dụng sưởi ấm bằng ổ trục, vòng bi chúng tôi khuyên bạn nên sử dụng máy sưởi dòng TIH L tương đương. • TIH L33 MB làm nóng các phôi không chịu lực lên đến 350 kg (772 lb) • Các vật không phải vòng bi, TIH L44 MB và TIH L77 MB gia nhiệt lên đến 600 Kg Thông số TIH L33MB Ký hiệu; TIH L33MB Khối lượng gia nhiệt lớn nhất; 350 kg (772 lb) Dải đường kính trục được gia nhiệt; 115–700 mm (4.5–27.6 in.) Khu vực gia nhiệt; 330 × 320 mm (13.0 × 12.6 in.) Đường kính lõi từ; 150 mm (5.9 in.) Các thanh gia nhiệt( đi kèm) có các kích cỡ khác nhau phù hợp với đường kính vật gia nhiệt; 115 mm (4.5 in.) Công suất máy gia nhiệt; TIH L33MB/LV 15 kVA TIH L33MB/MV 15 kVA Điện áp; TIH L33MB/LV 200–240 V/50–60 Hz TIH L33MB/MV 400–460 V/50–60 Hz Nhiệt độ gia nhiệt; 0–250 °C (32–482 °F); bước nhiệt 1° Thời gian điều khiển; 0–120 phút; bước thời gian 0,1 minute Khử từ theo tiếu chuẩn SKF; nhỏ hơn 2A/cm Nhiệt độ gia nhiệt lớn nhất; 250 °C (482 °F) Kích thước (w × d × h); 400 × 743 × 550 mm (15.8 × 29.3 × 21.7 in.) Trọng lượng; 140 kg (309 lb) Thông số TIH L44MB Ký hiệu; TIH L44MB Khối lượng gia nhiệt lớn nhất; 600 kg (1 323 lb) Dải đường kính trục được gia nhiệt; 150–800 mm (5.9–31.5 in.) Khu vực gia nhiệt; 465 × 492 mm (18.3 × 19.4 in.) Đường kính lõi từ; 175 mm (6.9 in.) Các thanh gia nhiệt( đi kèm) có các kích cỡ khác nhau phù hợp với đường kính vật gia nhiệt; 150 mm (5.9 in.) Công suất máy gia nhiệt; TIH L44MB/LV 20–24 kVA TIH L44MB/MV 20–23 kVA Điện áp; TIH L44MB/LV 200–240 V/50–60 Hz TIH L44MB/MV 400–460 V/50–60 Hz Nhiệt độ gia nhiệt; 0–250 °C (32–482 °F); bước nhiệt 1° Thời gian điều khiển; 0–120 phút; bước thời gian 0,1 phút Khử từ theo tiếu chuẩn SKF; <2A/cm Nhiệt độ gia nhiệt lớn nhất; 250 °C (482 °F) Kích thước (w × d × h); 1 200 × 600 × 850 mm (47.3 × 23.6 × 33.5 in.) Trọng lượng; 324 kg (714 lb) Thông số TIH L77MB Ký hiệu Máy gia nhiệt; TIH L77MB Khối lượng gia nhiệt lớn nhất; 600 kg (1 323 lb) Dải đường kính trục được gia nhiệt; 150–800 mm (5.9–31.5 in.) Khu vực gia nhiệt; 765 × 792 mm (30.1 × 31.2 in.) Đường kính lõi từ máy gia nhiệt; 175 mm (6.9 in.) Các thanh gia nhiệt( đi kèm) có các kích cỡ khác nhau phù hợp với đường kính vật gia nhiệt; 150 mm (5.9 in.) Công suất máy gia nhiệt; TIH L77MB/LV 20–24 kVA TIH L77MB/MV 20–23 kVA Điện áp Máy gia nhiệt; TIH L77MB/LV 200–240 V/50–60 Hz TIH L77MB/MV 400–460 V/50–60 Hz Nhiệt độ gia nhiệt; 0–250 °C (32–482 °F); bước nhiệt 1° Thời gian điều khiển; 0–120 phút; bước thời gian 0,1 minute Khử từ theo tiếu chuẩn SKF; nhỏ hơn 2A/cm Nhiệt độ gia nhiệt lớn nhất; 250 °C (482 °F) Kích thước (w × d × h); 1 320 × 600 × 1 150 mm (52 × 23.6 × 45.3 in.) Trọng lượng; 415 kg (915 lb) Phụ kiện Máy gia nhiệt Ký hiệu phụ kiện Mô tả TIH L33-Y8 Thanh gia nhiệt tiết diện ngang 55 x 55 mm (2.17 x 2.17 in) dùng cho Máy gia nhiệt TIH L33MB TIH L33-Y6 Thanh gia nhiệt tiết diện ngang 40 x 40 mm (1.57 x 1.57 in) dùng cho máy gia nhiệt TIH L33MB TIH L44-Y10 Thanh gia nhiệt tiết diện ngang 70×70 mm cross section (2.7×2.7 in) dùng cho máy gia nhiệt TIH L44MB Vật tư thay thế Ký hiệu Vật tư Mô tả TIH L33-PMV Power print cho máy TIH L33 điện áp 400-460V, 50-60 Hz TIH L-PMV Power print 400-460V, 50-60 Hz TIH L33-PLV Power print cho Máy gia nhiệt TIH L33 kiểu 200-240V, 50-60 Hz TIH L-PLV Power print 200-240V, 50-60 Hz TIH L33-Y12 Thanh gia nhiệt tiết diện 80 x 80 mm (3.15 x 3.15 in), tương thích hoàn toàn với thanh trượt TIH L33MB TIH L44-Y15 Thanh gia nhiệt tiết diện 100×100 mm (3.9 x 3.9 in), tương thích hoàn toàn với thanh trượt TIH L44MB TIH L77-Y15 Thanh gia nhiệt tiết diện 100x100mm (3.9 x 3.9 in), tương thích hoàn toàn với thanh trượt TIH L77MB heater. TIH CP Control print TIH RC3 Bộ điều khiển cho Máy gia nhiệt TIH L33 TIH RC2 Bộ điều khiên TIH L TIH CB32A Ngắt mạch 32A cho TIH L33MB/MV TIH CB63A Ngắt mạch 63A cho TIH L33MB/LV TIH CB50A Ngắt mạch 50A cho TIH L44MB/MV và TIH L77MB/MV TIH CB100A Ngắt mạch 100A cho TIH L44MB/LV và TIH L77MB/LV TIH P20 Đầu đo nhiệt kiểu K bao gồm cáp và giắc cắm LGAF 3E/0.035 Tuýp mỡ bảo dưỡng Máy gia nhiệt Tài liệu sản phẩm Máy gia nhiệt Twim 15 Máy gia nhiệt TIH L77 Máy gia nhiệt TIH 030 Tài liệu máy gia nhiệt SKF Máy gia nhiệt TIH 100 Sổ tay công cụ, dụng cụ SKF Máy gia nhiệt TIH 220 Gang tay chống nhiệt Máy gia nhiệt TIH L33 Vi deo hướng dẫn sử dụng máy gia nhiệt Máy gia nhiệt TIH L44 Tài liệu máy gia nhiệt Twim 15 Gang tay chống nhiệt đến 250 độ C Gang tay chống nhiệt đến 500 độ C","[]","396803000","out_of_stock","vongbicongnghiep.vn-wc-store-api-category-search-skf","2026-04-29T13:56:33.938Z"
"30022","SKF","TIH L44/LV-SKF","TIH L44/LV-SKF","TIHL44LVSKF","Máy gia nhiệt TIH L44/LV","Máy gia nhiệt vòng bi","Máy gia nhiệt vòng bi","101","san-pham-bao-tri","https://vongbicongnghiep.vn/san-pham/30022/","https://vongbicongnghiep.vn/wp-content/uploads/2021/11/tihl33-1-1.jpg","[""https://vongbicongnghiep.vn/wp-content/uploads/2021/11/tihl33-1-1.jpg"",""https://vongbicongnghiep.vn/wp-content/uploads/2021/11/tihl-3.jpg""]","TIH L44 Máy gia nhiệt cỡ cực lớn gia nhiệt vòng bi tới 1200 Kg •Sử dụng công suất điện 20 kVA, TIH L44 có thể làm nóng các ổ trục lớn lên đến 1 200 kg (2 600 lb) •Hai thanh gia nhiệt tùy chọn, dung cho các vòng bi cỡ nhỏ. •Dùng cho điện áp 230 V hoặc 400 V","TIH L44 Máy gia nhiệt cỡ cực lớn gia nhiệt vòng bi tới 1200 Kg •Sử dụng công suất điện 20 kVA, TIH L44 có thể làm nóng các ổ trục lớn lên đến 1 200 kg (2 600 lb) •Hai thanh gia nhiệt tùy chọn, dung cho các vòng bi cỡ nhỏ. •Dùng cho điện áp 230 V hoặc 400 V Dòng máy gia nhiệt SKF TIH L Máy gia nhiệt SKF TIH dòng L được đặc trưng bởi công suất gia nhiệt cao và kích thước lớn. Chúng là sự tiếp nối của dòng TIH để làm nóng các vòng bi kích thước lớn.Tất cả các máy gia nhiệt đều được trang bị thanh trượt, thiết kế cuộn dây kép và thiết bị điện tử công suất tiên tiến. Khung của máy gia nhiệt cho phép vận chuyển dễ dàng bằng xe nâng. Sự khác biệt chính giữa các máy gia nhiệt trong phạm vi TIH L là công suất gia nhiệt và khu vực gia nhiệt. – Chốt trượt là một cơ cấu mạnh mẽ để di chuyển thanh gia nhiệt một cách dễ dàng và an toàn. Các ray trượt rất bền và ngăn chặn thanh vô tình rơi xuống. Có thể dễ dàng thay thế bằng một thanh gia nhiệt nhỏ hơn. – Thiết kế cuộn dây kép mang lại hiệu suất cao cho việc gia nhiệt vòng bi theo hướng ngang hoặc dọc và giúp bạn linh hoạt trong việc gia nhiệt vòng bi theo cùng hướng với trục để lắp nhanh chóng và thuận tiện. Dòng máy gia nhiệt cảm ứng TIH L SKF được thiết kế để lắp các ổ trục, vòng bi lớn trong xưởng hoặc hiện trường một cách nhanh chóng và an toàn. Máy gia niheetj mang lại tính linh hoạt cao và phù hợp với nhiều loại và kích cỡ vòng bi. Máy gia nhiệt TIH dòng L có thể được tìm thấy trong hầu hết các ngành công nghiệp với các ổ trục, vòng bi có kích thước lớn. Thông số kỹ thuật Ký hiệu: TIH L44 Khối lượn gia nhiệt lớn nhất; 1 200 kg (2 600 lb) Dải đường kính gia nhiệt: 150–800 mm (5.9–31.5 in.) Vùng gia nhiệt (rộng × cao); 425 × 492 mm (16.7 × 19.4 in.) Đường kính lõi từ; 175 mm (6.9 in.) Thanh gia nhiệt tiêu chuẩn (bao gồm) để phù hợp với ổ trục đường kính lỗ khoan tối thiểu của phôi; 150 mm (5.9 in.) 100 mm (3.9 in.) 60 mm (2.4 in.) Ví dụ về hiệu suất của thiết bị (vòng bi, trọng lượng, nhiệt độ, thời gian) Vòng bi 24188 ECA/W33, nặng 455 kg, gia nhiệt đến 110 °C trong 13 phút Công suất tối đa TIH L44/MV: 20–23 kVA TIH L44/LV: 20–24 kVA Điện áp 100–120 V/50–60 Hz 200–240 V/50–60 Hz TIH L44/LV 400–460 V/50–60 Hz TIH L44/MV Dải nhiệt độ điều khiển 20 to 250 °C (68 to 482 °F) Khử từ theo tiêu chuẩn SKF nhỏ hơn 2 A/cm Kích thước (w × d × h) 1 200 × 600 × 850 mm Tổng khối lượng (bao gồm cả thanh gia nhiệt) 324 kg (714 lb) Hướng dẫn sử dụng máy gia nhiệt TIH Tài liệu sản phẩm Máy gia nhiệt Twim 15 Máy gia nhiệt TIH L77 Máy gia nhiệt TIH 030 Tài liệu máy gia nhiệt SKF Máy gia nhiệt TIH 100 Sổ tay công cụ, dụng cụ SKF Máy gia nhiệt TIH 220 Gang tay chống nhiệt Máy gia nhiệt TIH L33 Vi deo hướng dẫn sử dụng máy gia nhiệt Máy gia nhiệt TIH L44 Tài liệu máy gia nhiệt Twim 15","[]","971091000","out_of_stock","vongbicongnghiep.vn-wc-store-api-category-search-skf","2026-04-29T13:56:33.938Z"
"30015","SKF","TIH 220M/LV-SKF","TIH 220M/LV-SKF","TIH220MLVSKF","Máy gia nhiệt SKF TIH 220M/LV","Máy gia nhiệt vòng bi","Máy gia nhiệt vòng bi","101","san-pham-bao-tri","https://vongbicongnghiep.vn/san-pham/may-gia-nhiet-vong-bi-skf-tih-220m/","https://vongbicongnghiep.vn/wp-content/uploads/2021/11/tih220.jpg","[""https://vongbicongnghiep.vn/wp-content/uploads/2021/11/tih220.jpg"",""https://vongbicongnghiep.vn/wp-content/uploads/2021/11/tih220.webp"",""https://vongbicongnghiep.vn/wp-content/uploads/2021/11/tih220-8.jpg"",""https://vongbicongnghiep.vn/wp-content/uploads/2021/11/tih220-7.jpg""]","","Máy gia nhiệt loại lớn, có khả năng gia nhiệt vòng bi tới 300 kg • Có khả năng làm nóng ổ trục 220 kg (480 lb) chỉ trong 20 phút • Tiêu chuẩn được cung cấp với hai thanh gia nhiệt, cho phép gia nhiệt các ổ trục có đường kính lỗ từ 60 mm (2,3 in.) lên tới trọng lượng tối đa 300 kg (660 lb). • Cánh tay trượt cho các kích thước gia nhiệt lớn Đặc điểm và Lợi ích Dòng sản phẩm máy gia nhiệt cảm ứng SKF có thể được sử dụng để làm nóng vòng bi và phôi một cách hiệu quả, cả lớn và nhỏ. Thiết kế sáng tạo mang lại những lợi thế đáng kể cho cả chủ sở hữu và người vận hành: • Điện tử công suất tiên tiến, với khả năng kiểm soát dòng điện chính xác, giúp kiểm soát tốc độ tăng nhiệt độ • Tùy chọn cài đặt công suất hai bước (50% / 100%), cho phép các vòng bi nhỏ được làm nóng một cách an toàn và tiêu thụ điện năng thấp hơn • Bảo vệ quá nhiệt giảm nguy cơ hư hỏng cuộn dây cảm ứng và thiết bị điện tử, tăng cường độ tin cậy và an toan. • Khử từ tự động làm giảm nguy cơ ô nhiễm mảnh vụn sắt sau khi gia nhiệt • Có sẵn trong các biến thể điện áp khác nhau, để phù hợp với hầu hết các điện áp hoạt động trên toàn thế giới • Được cung cấp găng tay chống nhiệt để nâng cao độ an toàn cho người vận hành A: Cuộn dây cảm ứng nằm bên ngoài vỏ của máy gia nhiệt cho phép thời gian làm nóng ngắn hơn và tiêu thụ năng lượng thấp hơn B: Các cánh tay đỡ vòng bi có thể gập lại cho phép làm nóng vòng bi có đường kính lớn hơn và giảm nguy cơ vòng bi bị lật trong quá trình gia nhiệt C: Đầu dò nhiệt độ từ tính, kết hợp với chế độ nhiệt độ được cài đặt trước ở 110 ° C (230 ° F), giúp ngăn chặn quá nhiệt ổ trục E: Các thanh gia nhiệt lưu giữ trong hộp, làm giảm nguy cơ mất mát. F: Tay cầm tích hợp cho phép dễ dàng di chuyển lò sưởi trong xưởng G: Cánh tay trượt hoặc xoay cho phép thay thế ổ trục dễ dàng và nhanh chóng, giảm sự mệt mỏi cho người vận hành (không dành cho TIH 030m) Các tay đỡ vòng bi có thể gập lại cho phép làm nóng vòng bi có đường kính lớn hơn và giảm nguy cơ vòng bi bị lật trong quá trình gia nhiệt. Có khả năng làm nóng một một vòng bi 220 kg (480 lbs) trong vòng chưa đầy 20 phút Thông số kỹ thuật Ký hiệu: TIH 220m Khối lượn gia nhiệt lớn nhất; 300 kg (662 lb) Dải đường kính gia nhiệt: 60–600 mm (2.3–23.6 in.) Vùng gia nhiệt (rộng × cao) 250 × 255 mm (9.8 × 10 in.) Đường kính lõi từ; 140 mm (5.5 in.) Thanh gia nhiệt tiêu chuẩn (bao gồm) để phù hợp với ổ trục đường kính lỗ khoan tối thiểu của phôi; 100 mm (3.9 in.) 60 mm (2.3 in.) Ví dụ về hiệu suất của thiết bị (vòng bi, trọng lượng, nhiệt độ, thời gian); Gia nhiệt vòng bi 23172 CC/W33 khối lượng 220 kg, đến 110 °C trong 20 phút Công suất tối đa; 10,0–11,5 kVA (400–460 V) Điện áp; 100–120 V/50–60 Hz; TIH 220m/LV 200–240 V/50–60 Hz; TIH 220m/MV 400–460 V/50–60 Hz; 20 đến 250 °C (68 đến 482 °F) Dải nhiệt độ điều khiển; nhỏ hơn 2 A/cm Khử từ theo tiêu chuẩn SKF; 750 × 290 × 440 mm Kích thước (w × d × h); (29.5 × 11.4 × 17.3 in.) Tổng khối lượng (bao gồm cả thanh gia nhiệt); 86 kg (189 lb) Hướng dẫn sử dụng máy gia nhiệt TIH 220 Tài liệu sản phẩm Máy gia nhiệt Twim 15 Máy gia nhiệt TIH L77 Máy gia nhiệt TIH 030 Tài liệu máy gia nhiệt SKF Máy gia nhiệt TIH 100 Sổ tay công cụ, dụng cụ SKF Máy gia nhiệt TIH 220 Gang tay chống nhiệt Máy gia nhiệt TIH L33 Vi deo hướng dẫn sử dụng máy gia nhiệt Máy gia nhiệt TIH L44 Tài liệu máy gia nhiệt Twim 15","[]","240856000","in_stock","vongbicongnghiep.vn-wc-store-api-category-search-skf","2026-04-29T13:56:33.939Z"
"30010","SKF","TIH L77/LV-SKF","TIH L77/LV-SKF","TIHL77LVSKF","Máy gia nhiệt SKF TIH L77/LV","Máy gia nhiệt vòng bi","Máy gia nhiệt vòng bi","101","san-pham-bao-tri","https://vongbicongnghiep.vn/san-pham/may-gia-nhiet-vong-bi-skf-l77/","https://vongbicongnghiep.vn/wp-content/uploads/2021/11/tihl33-1.jpg","[""https://vongbicongnghiep.vn/wp-content/uploads/2021/11/tihl33-1.jpg"",""https://vongbicongnghiep.vn/wp-content/uploads/2021/11/tihl33-1.webp""]","Máy gia nhiêt SKF TIH L77 TIH L77 là Máy gia nhiệt loại cực lớn có thể mở rộng vùng làm việc •Máy gia nhiệt có thể mở rộng được khu vực gia nhiệt. •Sử dụng công suất điện 20 kVA, TIH L44 có thể làm nóng các ổ trục lớn lên đến 1 200 kg (2 600 lb) •Khu vực hoạt động cực lớn cho các vòng bi có đặc biệt có kích thước lớn.","Máy gia nhiêt SKF TIH L77 TIH L77 là Máy gia nhiệt loại cực lớn có thể mở rộng vùng làm việc •Máy gia nhiệt có thể mở rộng được khu vực gia nhiệt. •Sử dụng công suất điện 20 kVA, TIH L44 có thể làm nóng các ổ trục lớn lên đến 1 200 kg (2 600 lb) •Khu vực hoạt động cực lớn cho các vòng bi có đặc biệt có kích thước lớn. Dòng máy gia nhiệt SKF TIH L Máy gia nhiệt SKF TIH dòng L được đặc trưng bởi công suất gia nhiệt cao và kích thước lớn. Chúng là sự tiếp nối của dòng TIH để làm nóng các vòng bi kích thước lớn.Tất cả các máy gia nhiệt đều được trang bị thanh trượt, thiết kế cuộn dây kép và thiết bị điện tử công suất tiên tiến. Khung của máy gia nhiệt cho phép vận chuyển dễ dàng bằng xe nâng. Sự khác biệt chính giữa các máy gia nhiệt trong phạm vi TIH L là công suất gia nhiệt và khu vực gia nhiệt. – Chốt trượt là một cơ cấu mạnh mẽ để di chuyển thanh gia nhiệt một cách dễ dàng và an toàn. Các ray trượt rất bền và ngăn chặn thanh vô tình rơi xuống. Có thể dễ dàng thay thế bằng một thanh gia nhiệt nhỏ hơn. – Thiết kế cuộn dây kép mang lại hiệu suất cao cho việc gia nhiệt vòng bi theo hướng ngang hoặc dọc và giúp bạn linh hoạt trong việc gia nhiệt vòng bi theo cùng hướng với trục để lắp nhanh chóng và thuận tiện. Dòng máy gia nhiệt cảm ứng TIH L SKF được thiết kế để lắp các ổ trục lớn trong xưởng hoặc hiện trường một cách nhanh chóng và an toàn. Máy sưởi mang lại tính linh hoạt cao và phù hợp với nhiều loại và kích cỡ vòng bi. Máy sưởi TIH dòng L có thể được tìm thấy trong hầu hết các ngành công nghiệp với các ổ trục có kích thước lớn. Thông số kỹ thuật Ký hiệu: TIH L77 Khối lượn gia nhiệt lớn nhất; 1 200 kg (2 600 lb) Dải đường kính gia nhiệt: 150–800 mm (5.9–31.5 in.) Vùng gia nhiệt (rộng × cao); 425 × 492 mm (16.7 × 19.4 in.) Đường kính lõi từ; 175 mm (6.9 in.) Thanh gia nhiệt tiêu chuẩn (bao gồm) để phù hợp với ổ trục đường kính lỗ khoan tối thiểu của phôi; 150 mm (5.9 in.) Ví dụ về hiệu suất của thiết bị (vòng bi, trọng lượng, nhiệt độ, thời gian) Công suất tối đa TIH L77/MV: 20–23 kVA TIH L77/LV: 20–24 kVA Điện áp 100–120 V/50–60 Hz 200–240 V/50–60 Hz TIH L77/LV 400–460 V/50–60 Hz TIH L77/MV Dải nhiệt độ điều khiển 20 to 250 °C (68 to 482 °F) Khử từ theo tiêu chuẩn SKF nhỏ hơn 2 A/cm Kích thước (w × d × h) 1 320 × 600 × 1 150 mm Tổng khối lượng (bao gồm cả thanh gia nhiệt) 415 kg (915 lb) Hướng dẫn sử dụng máy gia nhiệt TIH Tài liệu sản phẩm Máy gia nhiệt Twim 15 Máy gia nhiệt TIH L77 Máy gia nhiệt TIH 030 Tài liệu máy gia nhiệt SKF Máy gia nhiệt TIH 100 Sổ tay công cụ, dụng cụ SKF Máy gia nhiệt TIH 220 Gang tay chống nhiệt Máy gia nhiệt TIH L33 Vi deo hướng dẫn sử dụng máy gia nhiệt Máy gia nhiệt TIH L44 Tài liệu máy gia nhiệt Twim 15","[]","1223909000","out_of_stock","vongbicongnghiep.vn-wc-store-api-category-search-skf","2026-04-29T13:56:33.939Z"
"29961","SKF","TWIM 15/230V-SKF","TWIM 15/230V-SKF","TWIM15230VSKF","Máy gia nhiệt SKF TWIM 15/230V","Máy gia nhiệt vòng bi","Máy gia nhiệt vòng bi","101","san-pham-bao-tri","https://vongbicongnghiep.vn/san-pham/may-gia-nhiet-vong-bi-skf-twim-15/","https://vongbicongnghiep.vn/wp-content/uploads/2021/11/twim15.jpg","[""https://vongbicongnghiep.vn/wp-content/uploads/2021/11/twim15.jpg""]","Máy gia nhiệt cảm ứng di động Twim 15 Máy gia nhiệt cảm ứng di động SKF TWIM 15 được thiết kế cho các ứng dụng trong công việc bảo trì để làm nóng vòng bi. Làm nóng k trong của vòng bi làm cho nó nở ra, giúp loại bỏ nhu cầu sử dụng lực trong quá trình lắp đặt. Nói chung, sử dụng TWIM 15 để tạo ra chênh lệch nhiệt độ 90 ° C (162 ° F) giữa k trong vòng bi và trục là đủ để cho phép lắp đặt. Ngoài ra, TWIM 15 có thể được sử dụng để gia nhiệt các thành phần kim loại, hình nhẫn khác, mang lại sự linh hoạt khi sử dụng.","Máy gia nhiệt cảm ứng di động Twim 15 Máy gia nhiệt cảm ứng di động SKF TWIM 15 được thiết kế cho các ứng dụng trong công việc bảo trì để làm nóng vòng bi. Làm nóng k trong của vòng bi làm cho nó nở ra, giúp loại bỏ nhu cầu sử dụng lực trong quá trình lắp đặt. Nói chung, sử dụng TWIM 15 để tạo ra chênh lệch nhiệt độ 90 ° C (162 ° F) giữa k trong vòng bi và trục là đủ để cho phép lắp đặt. Ngoài ra, TWIM 15 có thể được sử dụng để gia nhiệt các thành phần kim loại, hình nhẫn khác, mang lại sự linh hoạt khi sử dụng. Sử dụng năng lượng điện, TWIM 15 có cấu trúc bằng sợi thủy tinh, nhựa chịu nhiệt độ cao cho phép chênh lệch nhiệt độ thấp giữa vòng trong và vòng ngoài của vòng bi. Điều này giúp giảm căng thẳng bên trong sinh ra do sự giãn nở nhiệt quá mức của vòng trong so với vòng ngoài. Thiết bị có bảng điều khiển LED thân thiện với người dùng, không yêu cầu đào tạo đặc biệt và dễ hiểu. Bảng điều khiển được sử dụng để điều chỉnh nhiệt độ và cũng cho biết rằng TWIM 15 đang hoạt động. TWIM 15 ưu điểm: Hệ thống gia nhiệt sáng tạo cho vòng bi Di động, nhỏ gọn và nhẹ Không cần hỗ trợ Giám sát nhiệt độ tự động Phát hiện kích thước ổ trục và gia nhiệt thích hợp Các mức công suất khác nhau Bảng điều khiển LED thân thiện với người dùng Hoạt động yên tĩnh Thông số kỹ thuật: Thông số Khối lượng vòng bi gia nhiệt: 0.5 Kg – 20 Kg Đường kính gia nhiệt nhỏ nhất: 30 mm Đường kính gia nhiệt lớn nhất: 320 mm Chiều dày vòng bi lớn nhất: 85 mm Công suất máy gia nhiệt: TWIM 15/230 V: 2.3 kVA TWIM 15/110 V: 1.8 kVA Dòng điện lớn nhất: TWIM 15/230 V: 10 A TWIM 15/230 V: 16 A Dải nhiệt độ điều khiển: 20-200 độ C Kích thước (w x d x h): 450 x 500 x 100 mm Tổng khối lượng: 6.6 Kg Mang theo máy gia nhiệt cảm ứng TWIM 15 của bạn một cách thuận tiện TWIM 15-BAG SKF TWIM 15-BAG là tùy chọn cho TWIM 15. Túi cung cấp thêm tính di động cho máy sưởi cảm ứng TWIM 15. Nó có hai túi để cung cấp không gian cho găng tay chịu nhiệt của bạn, đầu dò nhiệt độ và hướng dẫn sử dụng – có lò sưởi và tất cả các phụ kiện của nó cùng với nhau. Giống như máy sưởi cảm ứng, TWIM 15-BAG có thiết kế nhỏ gọn. Túi giúp bạn bảo quản máy sưởi của mình sạch sẽ và được bảo vệ. Ví dụ, túi cung cấp nơi trú ẩn cho lò sưởi, giữ cho nó không bị bụi và ô nhiễm công nghiệp trong khi lưu trữ. Túi được làm bằng chất liệu chắc chắn, giúp bảo vệ túi khỏi trầy xước từ các dụng cụ khác và việc cầm nắm sai cách. Dễ dàng và an toàn để mang nó trong cốp xe hơi. Đặc điểm: Phù hợp tuyệt vời cho TWIM 15 Làm bằng vật liệu chắc chắn Túi bên trong để đựng phụ kiện Dây đeo vai để dễ dàng mang theo Thiết kế nhỏ gọn Catalog sản phẩm TWIM 15 – bản tiếng Anh","[]","46089000","in_stock","vongbicongnghiep.vn-wc-store-api-category-search-skf","2026-04-29T13:56:33.939Z"
"25794","SKF","TIH 100M/230V-SKF","TIH 100M/230V-SKF","TIH100M230VSKF","Máy gia nhiệt SKF TIH 100M/230V","Máy gia nhiệt vòng bi","Máy gia nhiệt vòng bi","101","san-pham-bao-tri","https://vongbicongnghiep.vn/san-pham/may-gia-nhiet-vong-bi-skf-tih-100/","https://vongbicongnghiep.vn/wp-content/uploads/2021/10/tih100-7.jpg","[""https://vongbicongnghiep.vn/wp-content/uploads/2021/10/tih100-7.jpg""]","","Máy gia nhiệt cảm ứng trung bình với khả năng gia nhiệt tới 120 kg •Có khả năng làm nóng một vòng bi nặng 97 kg (213 lb) trong vòng chưa đầy 20 phút. •Tiêu chuẩn được cung cấp với ba nan hoa, cho phép các vòng bi có đường kính lỗ từ 20 mm (0,8 in.) Lên đến trọng lượng tối đa 120 kg (264 lb) được đốt nóng. •Tay xoay có kích thước lớn Đặc điểm và Lợi ích Dòng sản phẩm máy gia nhiệt cảm ứng SKF có thể được sử dụng để làm nóng vòng bi và phôi một cách hiệu quả, cả lớn và nhỏ. Thiết kế sáng tạo mang lại những lợi thế đáng kể cho cả chủ sở hữu và người vận hành: • Điện tử công suất tiên tiến, với khả năng kiểm soát dòng điện chính xác, giúp kiểm soát tốc độ tăng nhiệt độ • Tùy chọn cài đặt công suất hai bước (50% / 100%), cho phép các vòng bi nhỏ được làm nóng một cách an toàn và tiêu thụ điện năng thấp hơn • Bảo vệ quá nhiệt giảm nguy cơ hư hỏng cuộn dây cảm ứng và thiết bị điện tử, tăng cường độ tin cậy và an toan. • Khử từ tự động làm giảm nguy cơ ô nhiễm mảnh vụn sắt sau khi gia nhiệt • Có sẵn trong các biến thể điện áp khác nhau, để phù hợp với hầu hết các điện áp hoạt động trên toàn thế giới • Được cung cấp găng tay chống nhiệt để nâng cao độ an toàn cho người vận hành A: Cuộn dây cảm ứng nằm bên ngoài vỏ của máy gia nhiệt cho phép thời gian làm nóng ngắn hơn và tiêu thụ năng lượng thấp hơn B: Các cánh tay đỡ vòng bi có thể gập lại cho phép làm nóng vòng bi có đường kính lớn hơn và giảm nguy cơ vòng bi bị lật trong quá trình gia nhiệt C: Đầu dò nhiệt độ từ tính, kết hợp với chế độ nhiệt độ được cài đặt trước ở 110 ° C (230 ° F), giúp ngăn chặn quá nhiệt ổ trục E: Các thanh gia nhiệt lưu giữ trong hộp, làm giảm nguy cơ mất mát. F: Tay cầm tích hợp cho phép dễ dàng di chuyển lò sưởi trong xưởng G: Cánh tay trượt hoặc xoay cho phép thay thế ổ trục dễ dàng và nhanh chóng, giảm sự mệt mỏi cho người vận hành (không dành cho TIH 030m) Các tay đỡ vòng bi có thể gập lại cho phép làm nóng vòng bi có đường kính lớn hơn và giảm nguy cơ vòng bi bị lật trong quá trình gia nhiệt. Có khả năng làm nóng một một vòng bi 97 kg (213 lb) trong vòng chưa đầy 20 phút Thông số kỹ thuật Máy gia nhiệt TIH 100m Ký hiệu: TIH 100m Khối lượn gia nhiệt lớn nhất 120 kg (264 lb) Dải đường kính gia nhiệt: 20–400 mm (0.8–15.7 in.) Vùng gia nhiệt (rộng × cao) 155 × 205 mm (6.1 × 8 in.) Đường kính lõi từ 110 mm (4.3 in.) Thanh gia nhiệt tiêu chuẩn (bao gồm) để phù hợp với ổ trục đường kính lỗ khoan tối thiểu của phôi 80 mm (3.1 in.) 40 mm (1.6 in.) 20 mm (0.8 in.) Ví dụ về hiệu suất của thiết bị (vòng bi, trọng lượng, nhiệt độ, thời gian) 23156 CC/W33, 97 kg, gia nhiệt 110 độ C trong 20 phút Công suất tối đa 3,6 kVA (230 V) Điện áp 4,0–4,6 kVA (400–460 V) 100–120 V/50–60 Hz – 200–240 V/50–60 Hz TIH 100m/230 V 400–460 V/50–60 Hz TIH 100m/MV Dải nhiệt độ điều khiển 20 đến 250 °C (68 đến 482 °F) Khử từ theo tiêu chuẩn SKF nhỏ hơn 2 A/cm Kích thước (w × d × h) 570 × 230 × 350 mm Tổng khối lượng (bao gồm cả thanh gia nhiệt) 42 kg (92 lb) Tài liệu sản phẩm Máy gia nhiệt Twim 15 Máy gia nhiệt TIH L77 Máy gia nhiệt TIH 030 Tài liệu máy gia nhiệt SKF Máy gia nhiệt TIH 100 Sổ tay công cụ, dụng cụ SKF Máy gia nhiệt TIH 220 Gang tay chống nhiệt Máy gia nhiệt TIH L33 Vi deo hướng dẫn sử dụng máy gia nhiệt Máy gia nhiệt TIH L44 Tài liệu máy gia nhiệt Twim 15","[]","109859000","out_of_stock","vongbicongnghiep.vn-wc-store-api-category-search-skf","2026-04-29T13:56:33.940Z"
"25561","SKF","TIH 030M/230V-SKF","TIH 030M/230V-SKF","TIH030M230VSKF","Máy gia nhiệt SKF TIH 030M/230V","Máy gia nhiệt vòng bi","Máy gia nhiệt vòng bi","101","san-pham-bao-tri","https://vongbicongnghiep.vn/san-pham/may-gia-nhiet-vong-bi-skf-tih-030/","https://vongbicongnghiep.vn/wp-content/uploads/2021/10/tih-1.jpg","[""https://vongbicongnghiep.vn/wp-content/uploads/2021/10/tih-1.jpg""]","Máy gia nhiệt nhỏ với khả năng gia nhiệt vòng bi tới 40 kg •Thiết kế gọn nhẹ; chỉ 21 kg (46 lb), tạo điều kiện thuận lợi cho việc di chuyển •Có khả gia nhiệt khối lượng 28 kg (62 lb) trong 20 phút. •Tiêu chuẩn được cung cấp với ba thanh gia nhiệt, cho phép gia nhiệt các ổ trục có đường kính lỗ từ 20 mm (0,8 in.) Lên đến trọng lượng tối đa 40 kg (90 lb) được đốt nóng","Máy gia nhiệt nhỏ với khả năng gia nhiệt vòng bi tới 40 kg •Thiết kế gọn nhẹ; chỉ 21 kg (46 lb), tạo điều kiện thuận lợi cho việc di chuyển •Có khả gia nhiệt khối lượng 28 kg (62 lb) trong 20 phút. •Tiêu chuẩn được cung cấp với ba thanh gia nhiệt, cho phép gia nhiệt các ổ trục có đường kính lỗ từ 20 mm (0,8 in.) Lên đến trọng lượng tối đa 40 kg (90 lb) được đốt nóng. Đặc điểm và Lợi ích Dòng sản phẩm máy gia nhiệt cảm ứng SKF có thể được sử dụng để làm nóng vòng bi và phôi một cách hiệu quả, cả lớn và nhỏ. Thiết kế sáng tạo mang lại những lợi thế đáng kể cho cả chủ sở hữu và người vận hành: • Điện tử công suất tiên tiến, với khả năng kiểm soát dòng điện chính xác, giúp kiểm soát tốc độ tăng nhiệt độ • Tùy chọn cài đặt công suất hai bước (50% / 100%), cho phép các vòng bi nhỏ được làm nóng một cách an toàn và tiêu thụ điện năng thấp hơn • Bảo vệ quá nhiệt giảm nguy cơ hư hỏng cuộn dây cảm ứng và thiết bị điện tử, tăng cường độ tin cậy và an toan. • Khử từ tự động làm giảm nguy cơ ô nhiễm mảnh vụn sắt sau khi gia nhiệt • Có sẵn trong các biến thể điện áp khác nhau, để phù hợp với hầu hết các điện áp hoạt động trên toàn thế giới • Được cung cấp găng tay chống nhiệt để nâng cao độ an toàn cho người vận hành A: Cuộn dây cảm ứng nằm bên ngoài vỏ của máy gia nhiệt cho phép thời gian làm nóng ngắn hơn và tiêu thụ năng lượng thấp hơn. B: Các cánh tay đỡ vòng bi có thể gập lại cho phép làm nóng vòng bi có đường kính lớn hơn và giảm nguy cơ vòng bi bị lật trong quá trình gia nhiệt. C: Đầu dò nhiệt độ từ tính, kết hợp với chế độ nhiệt độ được cài đặt trước ở 110 ° C (230 ° F), giúp ngăn chặn quá nhiệt ổ trục. E: Các thanh gia nhiệt lưu giữ trong hộp, làm giảm nguy cơ mất mát. F: Tay cầm tích hợp cho phép dễ dàng di chuyển lò sưởi trong xưởng. G: Cánh tay trượt hoặc xoay cho phép thay thế ổ trục dễ dàng và nhanh chóng, giảm sự mệt mỏi cho người vận hành (không dành cho TIH 030m) Thông số kỹ thuật Ký hiệu: TIH 030m Khối lượn gia nhiệt lớn nhất: 40 kg (88 lb) Dải đường kính gia nhiệt: 20–300 mm (0.8–11.8 in.) Vùng gia nhiệt (rộng × cao): 100 × 135 mm (3.9 × 5.3 in.) Đường kính lõi từ: 95 mm (3.7 in.) Thanh gia nhiệt tiêu chuẩn (bao gồm) để phù hợp với ổ trục đường kính lỗ khoan tối thiểu của phôi: 65 mm (2,6 in.) 40 mm (1.6 in.) 20 mm (0.8 in.) Ví dụ về hiệu suất của thiết bị (vòng bi, trọng lượng, nhiệt độ, thời gian): 23136 CC/W33, 28 kg, 110 °C, gia nhiệt trong 20 phút Công suất tối đa: 2,0 kVA Điện áp: 100–120 V/50–60 Hz: TIH 030m/110 V 200–240 V/50–60 Hz: TIH 030m/230 V 400–460 V/50–60 Hz: – Dải nhiệt độ điều khiển: 20 đến 250 °C (68 đến 482 °F) Khử từ theo tiêu chuẩn SKF: nhỏ hơn 2 A/cm Kích thước (w × d × h): 460 × 200 × 260 mm Tổng khối lượng (bao gồm cả thanh gia nhiệt): 20,9 kg (46 lb) Hướng dẫn sử dụng máy gia nhiệt SKF Tài liệu sản phẩm Máy gia nhiệt Twim 15 Máy gia nhiệt TIH L77 Máy gia nhiệt TIH 030 Tài liệu máy gia nhiệt SKF Máy gia nhiệt TIH 100 Sổ tay công cụ, dụng cụ SKF Máy gia nhiệt TIH 220 Gang tay chống nhiệt Máy gia nhiệt TIH L33 Vi deo hướng dẫn sử dụng máy gia nhiệt Máy gia nhiệt TIH L44 Tài liệu máy gia nhiệt Twim 15 Gang tay chống nhiệt đến 250 độ C Gang tay chống nhiệt đến 500 độ C","[]","78790000","in_stock","vongbicongnghiep.vn-wc-store-api-category-search-skf","2026-04-29T13:56:33.940Z"